[2m2026-09-06T14:38:24.725063Z[0m [32m INFO[0m [2mmoq_relay::cluster[0m[2m:[0m cluster initialized [3mhop_id[0m[2m=[0m2692107519780142 [3mconfigured[0m[2m=[0mfalse
[2m2026-09-06T14:38:24.726263Z[0m [32m INFO[0m [2mmoq_relay::stats[0m[2m:[0m stats publishing enabled [3mprefix[0m[2m=[0m".stats" [3minterval_secs[0m[2m=[0m1 [3mnode[0m[2m=[0mSome(Path("local/host")) [3mdepth[0m[2m=[0m0
[2m2026-09-06T14:38:24.727655Z[0m [32m INFO[0m [2mmoq_relay::relay[0m[2m:[0m listening [3maddr[0m[2m=[0m[::]:4443
[2m2026-09-06T14:38:24.727976Z[0m [32m INFO[0m [2mmoq_relay::cluster[0m[2m:[0m no cluster peers configured; running standalone
[2m2026-09-06T14:38:24.871543Z[0m [32m INFO[0m [1mconn[0m[1m{[0m[3mid[0m[2m=[0m0[1m}[0m[2m:[0m [2mmoq_relay::connection[0m[2m:[0m session accepted [3mtransport[0m[2m=[0mquic [3mrole[0m[2m=[0mNone [3mtier[0m[2m=[0m [3mroot[0m[2m=[0m [3mpublish[0m[2m=[0m [3msubscribe[0m[2m=[0m
[2m2026-09-06T14:38:24.874523Z[0m [32m INFO[0m [1mconn[0m[1m{[0m[3mid[0m[2m=[0m0[1m}[0m[2m:[0m [2mmoq_relay::connection[0m[2m:[0m negotiated [3mversion[0m[2m=[0mmoq-lite-05 [3mtransport[0m[2m=[0mquic
[2m2026-09-06T14:38:24.876329Z[0m [34mDEBUG[0m [1mconn[0m[1m{[0m[3mid[0m[2m=[0m0[1m}[0m[2m:[0m [2mmoq_net::lite::publisher[0m[2m:[0m announce [3mroute[0m[2m=[0m.stats/node/local/host
[2m2026-09-06T14:38:24.876552Z[0m [34mDEBUG[0m [1mconn[0m[1m{[0m[3mid[0m[2m=[0m0[1m}[0m[2m:[0m [2mmoq_net::lite::subscriber[0m[2m:[0m peer does not support probing; skipping probe stream
[2m2026-09-06T14:38:24.889326Z[0m [34mDEBUG[0m [1mconn[0m[1m{[0m[3mid[0m[2m=[0m0[1m}[0m[2m:[0m [2mmoq_net::lite::publisher[0m[2m:[0m track info requested [3mbroadcast[0m[2m=[0m.stats/node/local/host [3mtrack[0m[2m=[0msessions.json
[2m2026-09-06T14:38:24.889518Z[0m [34mDEBUG[0m [1mconn[0m[1m{[0m[3mid[0m[2m=[0m0[1m}[0m[2m:[0m [2mmoq_net::lite::publisher[0m[2m:[0m track info requested [3mbroadcast[0m[2m=[0m.stats/node/local/host [3mtrack[0m[2m=[0msubscriber.json
[2m2026-09-06T14:38:24.889714Z[0m [34mDEBUG[0m [1mconn[0m[1m{[0m[3mid[0m[2m=[0m0[1m}[0m[2m:[0m [2mmoq_net::lite::publisher[0m[2m:[0m track info requested [3mbroadcast[0m[2m=[0m.stats/node/local/host [3mtrack[0m[2m=[0mpublisher.json
[2m2026-09-06T14:38:24.891712Z[0m [32m INFO[0m [1mconn[0m[1m{[0m[3mid[0m[2m=[0m0[1m}[0m[2m:[0m [2mmoq_net::lite::publisher[0m[2m:[0m subscribed started [3mid[0m[2m=[0m1 [3mbroadcast[0m[2m=[0m.stats/node/local/host [3mtrack[0m[2m=[0msubscriber.json
[2m2026-09-06T14:38:24.892015Z[0m [34mDEBUG[0m [1mconn[0m[1m{[0m[3mid[0m[2m=[0m0[1m}[0m[2m:[0m [2mmoq_net::lite::publisher[0m[2m:[0m serving group [3msubscribe[0m[2m=[0m1 [3mtrack[0m[2m=[0msubscriber.json [3msequence[0m[2m=[0m0
[2m2026-09-06T14:38:24.892324Z[0m [32m INFO[0m [1mconn[0m[1m{[0m[3mid[0m[2m=[0m0[1m}[0m[2m:[0m [2mmoq_net::lite::publisher[0m[2m:[0m subscribed started [3mid[0m[2m=[0m2 [3mbroadcast[0m[2m=[0m.stats/node/local/host [3mtrack[0m[2m=[0mpublisher.json
[2m2026-09-06T14:38:24.892361Z[0m [34mDEBUG[0m [1mconn[0m[1m{[0m[3mid[0m[2m=[0m0[1m}[0m[2m:[0m [2mmoq_net::lite::publisher[0m[2m:[0m serving group [3msubscribe[0m[2m=[0m2 [3mtrack[0m[2m=[0mpublisher.json [3msequence[0m[2m=[0m0
[2m2026-09-06T14:38:24.892420Z[0m [32m INFO[0m [1mconn[0m[1m{[0m[3mid[0m[2m=[0m0[1m}[0m[2m:[0m [2mmoq_net::lite::publisher[0m[2m:[0m subscribed started [3mid[0m[2m=[0m0 [3mbroadcast[0m[2m=[0m.stats/node/local/host [3mtrack[0m[2m=[0msessions.json
[2m2026-09-06T14:38:24.892493Z[0m [34mDEBUG[0m [1mconn[0m[1m{[0m[3mid[0m[2m=[0m0[1m}[0m[2m:[0m [2mmoq_net::lite::publisher[0m[2m:[0m serving group [3msubscribe[0m[2m=[0m0 [3mtrack[0m[2m=[0msessions.json [3msequence[0m[2m=[0m0
[2m2026-09-06T14:38:24.892581Z[0m [34mDEBUG[0m [1mconn[0m[1m{[0m[3mid[0m[2m=[0m0[1m}[0m[2m:[0m [2mmoq_net::lite::publisher[0m[2m:[0m finished group [3msequence[0m[2m=[0m0
[2m2026-09-06T14:38:24.892632Z[0m [34mDEBUG[0m [1mconn[0m[1m{[0m[3mid[0m[2m=[0m0[1m}[0m[2m:[0m [2mmoq_net::lite::publisher[0m[2m:[0m finished group [3msequence[0m[2m=[0m0
[2m2026-09-06T14:38:24.892690Z[0m [34mDEBUG[0m [1mconn[0m[1m{[0m[3mid[0m[2m=[0m0[1m}[0m[2m:[0m [2mmoq_net::lite::publisher[0m[2m:[0m finished group [3msequence[0m[2m=[0m0
[2m2026-09-06T14:38:25.732028Z[0m [34mDEBUG[0m [1mconn[0m[1m{[0m[3mid[0m[2m=[0m0[1m}[0m[2m:[0m [2mmoq_net::lite::publisher[0m[2m:[0m serving group [3msubscribe[0m[2m=[0m0 [3mtrack[0m[2m=[0msessions.json [3msequence[0m[2m=[0m1
[2m2026-09-06T14:38:25.764882Z[0m [34mDEBUG[0m [1mconn[0m[1m{[0m[3mid[0m[2m=[0m0[1m}[0m[2m:[0m [2mmoq_net::lite::publisher[0m[2m:[0m finished group [3msequence[0m[2m=[0m1
[2m2026-09-06T14:41:13.136212Z[0m [32m INFO[0m [1mconn[0m[1m{[0m[3mid[0m[2m=[0m1[1m}[0m[2m:[0m [2mmoq_relay::connection[0m[2m:[0m session accepted [3mtransport[0m[2m=[0mquic [3mrole[0m[2m=[0mNone [3mtier[0m[2m=[0m [3mroot[0m[2m=[0m [3mpublish[0m[2m=[0m [3msubscribe[0m[2m=[0m
[2m2026-09-06T14:41:13.136357Z[0m [32m INFO[0m [1mconn[0m[1m{[0m[3mid[0m[2m=[0m1[1m}[0m[2m:[0m [2mmoq_relay::connection[0m[2m:[0m negotiated [3mversion[0m[2m=[0mmoq-lite-05 [3mtransport[0m[2m=[0mquic
[2m2026-09-06T14:41:13.136506Z[0m [34mDEBUG[0m [1mconn[0m[1m{[0m[3mid[0m[2m=[0m1[1m}[0m[2m:[0m [2mmoq_net::lite::publisher[0m[2m:[0m announce [3mroute[0m[2m=[0m.stats/node/local/host
[2m2026-09-06T14:41:13.136565Z[0m [34mDEBUG[0m [1mconn[0m[1m{[0m[3mid[0m[2m=[0m1[1m}[0m[2m:[0m [2mmoq_net::lite::subscriber[0m[2m:[0m peer does not support probing; skipping probe stream
[2m2026-09-06T14:41:13.218329Z[0m [34mDEBUG[0m [1mconn[0m[1m{[0m[3mid[0m[2m=[0m1[1m}[0m[2m:[0m [2mmoq_net::lite::subscriber[0m[2m:[0m announce [3mroute[0m[2m=[0mrt/smoke.hang [3mhops[0m[2m=[0m1
[2m2026-09-06T14:41:13.218868Z[0m [34mDEBUG[0m [1mconn[0m[1m{[0m[3mid[0m[2m=[0m0[1m}[0m[2m:[0m [2mmoq_net::lite::publisher[0m[2m:[0m announce [3mroute[0m[2m=[0mrt/smoke.hang
[2m2026-09-06T14:41:13.729185Z[0m [34mDEBUG[0m [1mconn[0m[1m{[0m[3mid[0m[2m=[0m0[1m}[0m[2m:[0m [2mmoq_net::lite::publisher[0m[2m:[0m serving group [3msubscribe[0m[2m=[0m2 [3mtrack[0m[2m=[0mpublisher.json [3msequence[0m[2m=[0m1
[2m2026-09-06T14:41:13.729825Z[0m [34mDEBUG[0m [1mconn[0m[1m{[0m[3mid[0m[2m=[0m0[1m}[0m[2m:[0m [2mmoq_net::lite::publisher[0m[2m:[0m serving group [3msubscribe[0m[2m=[0m1 [3mtrack[0m[2m=[0msubscriber.json [3msequence[0m[2m=[0m1
[2m2026-09-06T14:41:13.730376Z[0m [34mDEBUG[0m [1mconn[0m[1m{[0m[3mid[0m[2m=[0m0[1m}[0m[2m:[0m [2mmoq_net::lite::publisher[0m[2m:[0m serving group [3msubscribe[0m[2m=[0m0 [3mtrack[0m[2m=[0msessions.json [3msequence[0m[2m=[0m2
[2m2026-09-06T14:41:13.762808Z[0m [34mDEBUG[0m [1mconn[0m[1m{[0m[3mid[0m[2m=[0m0[1m}[0m[2m:[0m [2mmoq_net::lite::publisher[0m[2m:[0m finished group [3msequence[0m[2m=[0m1
[2m2026-09-06T14:41:13.763116Z[0m [34mDEBUG[0m [1mconn[0m[1m{[0m[3mid[0m[2m=[0m0[1m}[0m[2m:[0m [2mmoq_net::lite::publisher[0m[2m:[0m finished group [3msequence[0m[2m=[0m1
[2m2026-09-06T14:41:13.763278Z[0m [34mDEBUG[0m [1mconn[0m[1m{[0m[3mid[0m[2m=[0m0[1m}[0m[2m:[0m [2mmoq_net::lite::publisher[0m[2m:[0m finished group [3msequence[0m[2m=[0m2
[2m2026-09-06T14:42:38.125736Z[0m [34mDEBUG[0m [1mconn[0m[1m{[0m[3mid[0m[2m=[0m1[1m}[0m[2m:[0m [2mmoq_net::lite::publisher[0m[2m:[0m announcing cancelled [3mprefix[0m[2m=[0m
[2m2026-09-06T14:42:38.125740Z[0m [33m WARN[0m [2mmoq_relay::relay[0m[2m:[0m connection closed [3merr[0m[2m=[0mcancelled
[2m2026-09-06T14:42:38.125936Z[0m [33m WARN[0m [1mconn[0m[1m{[0m[3mid[0m[2m=[0m1[1m}[0m[2m:[0m [2mmoq_net::lite::publisher[0m[2m:[0m probe stream error [3merr[0m[2m=[0mcancelled
[2m2026-09-06T14:42:38.125987Z[0m [33m WARN[0m [1mconn[0m[1m{[0m[3mid[0m[2m=[0m1[1m}[0m[2m:[0m [2mmoq_net::lite::session[0m[2m:[0m session error [3merr[0m[2m=[0mcancelled
[2m2026-09-06T14:42:38.126063Z[0m [34mDEBUG[0m [1mconn[0m[1m{[0m[3mid[0m[2m=[0m0[1m}[0m[2m:[0m [2mmoq_net::lite::publisher[0m[2m:[0m unannounce [3mroute[0m[2m=[0mrt/smoke.hang
[2m2026-09-06T14:42:38.771961Z[0m [34mDEBUG[0m [1mconn[0m[1m{[0m[3mid[0m[2m=[0m0[1m}[0m[2m:[0m [2mmoq_net::lite::publisher[0m[2m:[0m serving group [3msubscribe[0m[2m=[0m2 [3mtrack[0m[2m=[0mpublisher.json [3msequence[0m[2m=[0m2
[2m2026-09-06T14:42:38.773291Z[0m [34mDEBUG[0m [1mconn[0m[1m{[0m[3mid[0m[2m=[0m0[1m}[0m[2m:[0m [2mmoq_net::lite::publisher[0m[2m:[0m serving group [3msubscribe[0m[2m=[0m1 [3mtrack[0m[2m=[0msubscriber.json [3msequence[0m[2m=[0m2
[2m2026-09-06T14:42:38.774292Z[0m [34mDEBUG[0m [1mconn[0m[1m{[0m[3mid[0m[2m=[0m0[1m}[0m[2m:[0m [2mmoq_net::lite::publisher[0m[2m:[0m serving group [3msubscribe[0m[2m=[0m0 [3mtrack[0m[2m=[0msessions.json [3msequence[0m[2m=[0m3
[2m2026-09-06T14:42:38.779846Z[0m [34mDEBUG[0m [1mconn[0m[1m{[0m[3mid[0m[2m=[0m0[1m}[0m[2m:[0m [2mmoq_net::lite::publisher[0m[2m:[0m finished group [3msequence[0m[2m=[0m2
[2m2026-09-06T14:42:38.780098Z[0m [34mDEBUG[0m [1mconn[0m[1m{[0m[3mid[0m[2m=[0m0[1m}[0m[2m:[0m [2mmoq_net::lite::publisher[0m[2m:[0m finished group [3msequence[0m[2m=[0m2
[2m2026-09-06T14:42:38.780154Z[0m [34mDEBUG[0m [1mconn[0m[1m{[0m[3mid[0m[2m=[0m0[1m}[0m[2m:[0m [2mmoq_net::lite::publisher[0m[2m:[0m finished group [3msequence[0m[2m=[0m3
[2m2026-09-06T14:42:38.835524Z[0m [32m INFO[0m [1mconn[0m[1m{[0m[3mid[0m[2m=[0m2[1m}[0m[2m:[0m [2mmoq_relay::connection[0m[2m:[0m session accepted [3mtransport[0m[2m=[0mquic [3mrole[0m[2m=[0mNone [3mtier[0m[2m=[0m [3mroot[0m[2m=[0m [3mpublish[0m[2m=[0m [3msubscribe[0m[2m=[0m
[2m2026-09-06T14:42:38.835651Z[0m [32m INFO[0m [1mconn[0m[1m{[0m[3mid[0m[2m=[0m2[1m}[0m[2m:[0m [2mmoq_relay::connection[0m[2m:[0m negotiated [3mversion[0m[2m=[0mmoq-lite-05 [3mtransport[0m[2m=[0mquic
[2m2026-09-06T14:42:38.835784Z[0m [34mDEBUG[0m [1mconn[0m[1m{[0m[3mid[0m[2m=[0m2[1m}[0m[2m:[0m [2mmoq_net::lite::publisher[0m[2m:[0m announce [3mroute[0m[2m=[0m.stats/node/local/host
[2m2026-09-06T14:42:38.835838Z[0m [34mDEBUG[0m [1mconn[0m[1m{[0m[3mid[0m[2m=[0m2[1m}[0m[2m:[0m [2mmoq_net::lite::subscriber[0m[2m:[0m peer does not support probing; skipping probe stream
[2m2026-09-06T14:42:38.836944Z[0m [34mDEBUG[0m [1mconn[0m[1m{[0m[3mid[0m[2m=[0m2[1m}[0m[2m:[0m [2mmoq_net::lite::subscriber[0m[2m:[0m announce [3mroute[0m[2m=[0mrt/smoke.hang [3mhops[0m[2m=[0m1
[2m2026-09-06T14:42:38.837013Z[0m [34mDEBUG[0m [1mconn[0m[1m{[0m[3mid[0m[2m=[0m0[1m}[0m[2m:[0m [2mmoq_net::lite::publisher[0m[2m:[0m announce [3mroute[0m[2m=[0mrt/smoke.hang
[2m2026-09-06T14:42:39.768655Z[0m [34mDEBUG[0m [1mconn[0m[1m{[0m[3mid[0m[2m=[0m0[1m}[0m[2m:[0m [2mmoq_net::lite::publisher[0m[2m:[0m serving group [3msubscribe[0m[2m=[0m2 [3mtrack[0m[2m=[0mpublisher.json [3msequence[0m[2m=[0m3
[2m2026-09-06T14:42:39.768850Z[0m [34mDEBUG[0m [1mconn[0m[1m{[0m[3mid[0m[2m=[0m0[1m}[0m[2m:[0m [2mmoq_net::lite::publisher[0m[2m:[0m serving group [3msubscribe[0m[2m=[0m1 [3mtrack[0m[2m=[0msubscriber.json [3msequence[0m[2m=[0m3
[2m2026-09-06T14:42:39.768930Z[0m [34mDEBUG[0m [1mconn[0m[1m{[0m[3mid[0m[2m=[0m0[1m}[0m[2m:[0m [2mmoq_net::lite::publisher[0m[2m:[0m serving group [3msubscribe[0m[2m=[0m0 [3mtrack[0m[2m=[0msessions.json [3msequence[0m[2m=[0m4
[2m2026-09-06T14:42:39.770871Z[0m [34mDEBUG[0m [1mconn[0m[1m{[0m[3mid[0m[2m=[0m0[1m}[0m[2m:[0m [2mmoq_net::lite::publisher[0m[2m:[0m finished group [3msequence[0m[2m=[0m3
[2m2026-09-06T14:42:39.770932Z[0m [34mDEBUG[0m [1mconn[0m[1m{[0m[3mid[0m[2m=[0m0[1m}[0m[2m:[0m [2mmoq_net::lite::publisher[0m[2m:[0m finished group [3msequence[0m[2m=[0m3
[2m2026-09-06T14:42:39.770963Z[0m [34mDEBUG[0m [1mconn[0m[1m{[0m[3mid[0m[2m=[0m0[1m}[0m[2m:[0m [2mmoq_net::lite::publisher[0m[2m:[0m finished group [3msequence[0m[2m=[0m4
[2m2026-09-06T14:43:57.257779Z[0m [32m INFO[0m [1mconn[0m[1m{[0m[3mid[0m[2m=[0m3[1m}[0m[2m:[0m [2mmoq_relay::connection[0m[2m:[0m session accepted [3mtransport[0m[2m=[0mquic [3mrole[0m[2m=[0mNone [3mtier[0m[2m=[0m [3mroot[0m[2m=[0m [3mpublish[0m[2m=[0m [3msubscribe[0m[2m=[0m
[2m2026-09-06T14:43:57.257919Z[0m [32m INFO[0m [1mconn[0m[1m{[0m[3mid[0m[2m=[0m3[1m}[0m[2m:[0m [2mmoq_relay::connection[0m[2m:[0m negotiated [3mversion[0m[2m=[0mmoq-lite-05 [3mtransport[0m[2m=[0mquic
[2m2026-09-06T14:43:57.258082Z[0m [34mDEBUG[0m [1mconn[0m[1m{[0m[3mid[0m[2m=[0m3[1m}[0m[2m:[0m [2mmoq_net::lite::publisher[0m[2m:[0m announce [3mroute[0m[2m=[0m.stats/node/local/host
[2m2026-09-06T14:43:57.258101Z[0m [34mDEBUG[0m [1mconn[0m[1m{[0m[3mid[0m[2m=[0m3[1m}[0m[2m:[0m [2mmoq_net::lite::publisher[0m[2m:[0m announce [3mroute[0m[2m=[0mrt/smoke.hang
[2m2026-09-06T14:43:57.258168Z[0m [34mDEBUG[0m [1mconn[0m[1m{[0m[3mid[0m[2m=[0m3[1m}[0m[2m:[0m [2mmoq_net::lite::subscriber[0m[2m:[0m peer does not support probing; skipping probe stream
[2m2026-09-06T14:43:57.259536Z[0m [34mDEBUG[0m [1mconn[0m[1m{[0m[3mid[0m[2m=[0m3[1m}[0m[2m:[0m [2mmoq_net::lite::subscriber[0m[2m:[0m announce [3mroute[0m[2m=[0mrt/probe.hang [3mhops[0m[2m=[0m1
[2m2026-09-06T14:43:57.259689Z[0m [34mDEBUG[0m [1mconn[0m[1m{[0m[3mid[0m[2m=[0m2[1m}[0m[2m:[0m [2mmoq_net::lite::publisher[0m[2m:[0m announce [3mroute[0m[2m=[0mrt/probe.hang
[2m2026-09-06T14:43:57.259749Z[0m [34mDEBUG[0m [1mconn[0m[1m{[0m[3mid[0m[2m=[0m0[1m}[0m[2m:[0m [2mmoq_net::lite::publisher[0m[2m:[0m announce [3mroute[0m[2m=[0mrt/probe.hang
[2m2026-09-06T14:43:57.786640Z[0m [34mDEBUG[0m [1mconn[0m[1m{[0m[3mid[0m[2m=[0m0[1m}[0m[2m:[0m [2mmoq_net::lite::publisher[0m[2m:[0m serving group [3msubscribe[0m[2m=[0m2 [3mtrack[0m[2m=[0mpublisher.json [3msequence[0m[2m=[0m4
[2m2026-09-06T14:43:57.786792Z[0m [34mDEBUG[0m [1mconn[0m[1m{[0m[3mid[0m[2m=[0m0[1m}[0m[2m:[0m [2mmoq_net::lite::publisher[0m[2m:[0m serving group [3msubscribe[0m[2m=[0m1 [3mtrack[0m[2m=[0msubscriber.json [3msequence[0m[2m=[0m4
[2m2026-09-06T14:43:57.786861Z[0m [34mDEBUG[0m [1mconn[0m[1m{[0m[3mid[0m[2m=[0m0[1m}[0m[2m:[0m [2mmoq_net::lite::publisher[0m[2m:[0m serving group [3msubscribe[0m[2m=[0m0 [3mtrack[0m[2m=[0msessions.json [3msequence[0m[2m=[0m5
[2m2026-09-06T14:43:57.788744Z[0m [34mDEBUG[0m [1mconn[0m[1m{[0m[3mid[0m[2m=[0m0[1m}[0m[2m:[0m [2mmoq_net::lite::publisher[0m[2m:[0m finished group [3msequence[0m[2m=[0m4
[2m2026-09-06T14:43:57.788791Z[0m [34mDEBUG[0m [1mconn[0m[1m{[0m[3mid[0m[2m=[0m0[1m}[0m[2m:[0m [2mmoq_net::lite::publisher[0m[2m:[0m finished group [3msequence[0m[2m=[0m4
[2m2026-09-06T14:43:57.788820Z[0m [34mDEBUG[0m [1mconn[0m[1m{[0m[3mid[0m[2m=[0m0[1m}[0m[2m:[0m [2mmoq_net::lite::publisher[0m[2m:[0m finished group [3msequence[0m[2m=[0m5
[2m2026-09-06T14:44:03.142429Z[0m [34mDEBUG[0m [1mconn[0m[1m{[0m[3mid[0m[2m=[0m3[1m}[0m[2m:[0m [2mmoq_net::lite::publisher[0m[2m:[0m announcing cancelled [3mprefix[0m[2m=[0m
[2m2026-09-06T14:44:03.142634Z[0m [33m WARN[0m [2mmoq_relay::relay[0m[2m:[0m connection closed [3merr[0m[2m=[0mcancelled
[2m2026-09-06T14:44:03.142756Z[0m [33m WARN[0m [1mconn[0m[1m{[0m[3mid[0m[2m=[0m3[1m}[0m[2m:[0m [2mmoq_net::lite::publisher[0m[2m:[0m probe stream error [3merr[0m[2m=[0mcancelled
[2m2026-09-06T14:44:03.143033Z[0m [33m WARN[0m [1mconn[0m[1m{[0m[3mid[0m[2m=[0m3[1m}[0m[2m:[0m [2mmoq_net::lite::session[0m[2m:[0m session error [3merr[0m[2m=[0mcancelled
[2m2026-09-06T14:44:03.143409Z[0m [34mDEBUG[0m [1mconn[0m[1m{[0m[3mid[0m[2m=[0m2[1m}[0m[2m:[0m [2mmoq_net::lite::publisher[0m[2m:[0m unannounce [3mroute[0m[2m=[0mrt/probe.hang
[2m2026-09-06T14:44:03.143416Z[0m [34mDEBUG[0m [1mconn[0m[1m{[0m[3mid[0m[2m=[0m0[1m}[0m[2m:[0m [2mmoq_net::lite::publisher[0m[2m:[0m unannounce [3mroute[0m[2m=[0mrt/probe.hang
[2m2026-09-06T14:44:03.785272Z[0m [34mDEBUG[0m [1mconn[0m[1m{[0m[3mid[0m[2m=[0m0[1m}[0m[2m:[0m [2mmoq_net::lite::publisher[0m[2m:[0m serving group [3msubscribe[0m[2m=[0m2 [3mtrack[0m[2m=[0mpublisher.json [3msequence[0m[2m=[0m5
[2m2026-09-06T14:44:03.786137Z[0m [34mDEBUG[0m [1mconn[0m[1m{[0m[3mid[0m[2m=[0m0[1m}[0m[2m:[0m [2mmoq_net::lite::publisher[0m[2m:[0m serving group [3msubscribe[0m[2m=[0m1 [3mtrack[0m[2m=[0msubscriber.json [3msequence[0m[2m=[0m5
[2m2026-09-06T14:44:03.786753Z[0m [34mDEBUG[0m [1mconn[0m[1m{[0m[3mid[0m[2m=[0m0[1m}[0m[2m:[0m [2mmoq_net::lite::publisher[0m[2m:[0m serving group [3msubscribe[0m[2m=[0m0 [3mtrack[0m[2m=[0msessions.json [3msequence[0m[2m=[0m6
[2m2026-09-06T14:44:03.789634Z[0m [34mDEBUG[0m [1mconn[0m[1m{[0m[3mid[0m[2m=[0m0[1m}[0m[2m:[0m [2mmoq_net::lite::publisher[0m[2m:[0m finished group [3msequence[0m[2m=[0m5
[2m2026-09-06T14:44:03.789861Z[0m [34mDEBUG[0m [1mconn[0m[1m{[0m[3mid[0m[2m=[0m0[1m}[0m[2m:[0m [2mmoq_net::lite::publisher[0m[2m:[0m finished group [3msequence[0m[2m=[0m5
[2m2026-09-06T14:44:03.790303Z[0m [34mDEBUG[0m [1mconn[0m[1m{[0m[3mid[0m[2m=[0m0[1m}[0m[2m:[0m [2mmoq_net::lite::publisher[0m[2m:[0m finished group [3msequence[0m[2m=[0m6
[2m2026-09-06T14:44:04.786761Z[0m [34mDEBUG[0m [1mconn[0m[1m{[0m[3mid[0m[2m=[0m0[1m}[0m[2m:[0m [2mmoq_net::lite::publisher[0m[2m:[0m serving group [3msubscribe[0m[2m=[0m2 [3mtrack[0m[2m=[0mpublisher.json [3msequence[0m[2m=[0m6
[2m2026-09-06T14:44:04.787048Z[0m [34mDEBUG[0m [1mconn[0m[1m{[0m[3mid[0m[2m=[0m0[1m}[0m[2m:[0m [2mmoq_net::lite::publisher[0m[2m:[0m serving group [3msubscribe[0m[2m=[0m1 [3mtrack[0m[2m=[0msubscriber.json [3msequence[0m[2m=[0m6
[2m2026-09-06T14:44:04.789509Z[0m [34mDEBUG[0m [1mconn[0m[1m{[0m[3mid[0m[2m=[0m0[1m}[0m[2m:[0m [2mmoq_net::lite::publisher[0m[2m:[0m finished group [3msequence[0m[2m=[0m6
[2m2026-09-06T14:44:04.789691Z[0m [34mDEBUG[0m [1mconn[0m[1m{[0m[3mid[0m[2m=[0m0[1m}[0m[2m:[0m [2mmoq_net::lite::publisher[0m[2m:[0m finished group [3msequence[0m[2m=[0m6
[2m2026-09-06T14:44:17.159971Z[0m [33m WARN[0m [2mmoq_relay::relay[0m[2m:[0m connection closed [3merr[0m[2m=[0mcancelled
[2m2026-09-06T14:44:17.159962Z[0m [34mDEBUG[0m [1mconn[0m[1m{[0m[3mid[0m[2m=[0m2[1m}[0m[2m:[0m [2mmoq_net::lite::publisher[0m[2m:[0m announcing cancelled [3mprefix[0m[2m=[0m
[2m2026-09-06T14:44:17.160163Z[0m [33m WARN[0m [1mconn[0m[1m{[0m[3mid[0m[2m=[0m2[1m}[0m[2m:[0m [2mmoq_net::lite::publisher[0m[2m:[0m probe stream error [3merr[0m[2m=[0mcancelled
[2m2026-09-06T14:44:17.160259Z[0m [33m WARN[0m [1mconn[0m[1m{[0m[3mid[0m[2m=[0m2[1m}[0m[2m:[0m [2mmoq_net::lite::session[0m[2m:[0m session error [3merr[0m[2m=[0mcancelled
[2m2026-09-06T14:44:17.160431Z[0m [34mDEBUG[0m [1mconn[0m[1m{[0m[3mid[0m[2m=[0m0[1m}[0m[2m:[0m [2mmoq_net::lite::publisher[0m[2m:[0m unannounce [3mroute[0m[2m=[0mrt/smoke.hang
[2m2026-09-06T14:44:17.784673Z[0m [34mDEBUG[0m [1mconn[0m[1m{[0m[3mid[0m[2m=[0m0[1m}[0m[2m:[0m [2mmoq_net::lite::publisher[0m[2m:[0m serving group [3msubscribe[0m[2m=[0m2 [3mtrack[0m[2m=[0mpublisher.json [3msequence[0m[2m=[0m7
[2m2026-09-06T14:44:17.784868Z[0m [34mDEBUG[0m [1mconn[0m[1m{[0m[3mid[0m[2m=[0m0[1m}[0m[2m:[0m [2mmoq_net::lite::publisher[0m[2m:[0m serving group [3msubscribe[0m[2m=[0m1 [3mtrack[0m[2m=[0msubscriber.json [3msequence[0m[2m=[0m7
[2m2026-09-06T14:44:17.784993Z[0m [34mDEBUG[0m [1mconn[0m[1m{[0m[3mid[0m[2m=[0m0[1m}[0m[2m:[0m [2mmoq_net::lite::publisher[0m[2m:[0m serving group [3msubscribe[0m[2m=[0m0 [3mtrack[0m[2m=[0msessions.json [3msequence[0m[2m=[0m7
[2m2026-09-06T14:44:17.787128Z[0m [34mDEBUG[0m [1mconn[0m[1m{[0m[3mid[0m[2m=[0m0[1m}[0m[2m:[0m [2mmoq_net::lite::publisher[0m[2m:[0m finished group [3msequence[0m[2m=[0m7
[2m2026-09-06T14:44:17.787294Z[0m [34mDEBUG[0m [1mconn[0m[1m{[0m[3mid[0m[2m=[0m0[1m}[0m[2m:[0m [2mmoq_net::lite::publisher[0m[2m:[0m finished group [3msequence[0m[2m=[0m7
[2m2026-09-06T14:44:17.787328Z[0m [34mDEBUG[0m [1mconn[0m[1m{[0m[3mid[0m[2m=[0m0[1m}[0m[2m:[0m [2mmoq_net::lite::publisher[0m[2m:[0m finished group [3msequence[0m[2m=[0m7
[2m2026-09-06T14:44:17.798437Z[0m [32m INFO[0m [1mconn[0m[1m{[0m[3mid[0m[2m=[0m4[1m}[0m[2m:[0m [2mmoq_relay::connection[0m[2m:[0m session accepted [3mtransport[0m[2m=[0mquic [3mrole[0m[2m=[0mNone [3mtier[0m[2m=[0m [3mroot[0m[2m=[0m [3mpublish[0m[2m=[0m [3msubscribe[0m[2m=[0m
[2m2026-09-06T14:44:17.798625Z[0m [32m INFO[0m [1mconn[0m[1m{[0m[3mid[0m[2m=[0m4[1m}[0m[2m:[0m [2mmoq_relay::connection[0m[2m:[0m negotiated [3mversion[0m[2m=[0mmoq-lite-05 [3mtransport[0m[2m=[0mquic
[2m2026-09-06T14:44:17.798818Z[0m [34mDEBUG[0m [1mconn[0m[1m{[0m[3mid[0m[2m=[0m4[1m}[0m[2m:[0m [2mmoq_net::lite::publisher[0m[2m:[0m announce [3mroute[0m[2m=[0m.stats/node/local/host
[2m2026-09-06T14:44:17.798880Z[0m [34mDEBUG[0m [1mconn[0m[1m{[0m[3mid[0m[2m=[0m4[1m}[0m[2m:[0m [2mmoq_net::lite::subscriber[0m[2m:[0m peer does not support probing; skipping probe stream
[2m2026-09-06T14:44:17.800106Z[0m [34mDEBUG[0m [1mconn[0m[1m{[0m[3mid[0m[2m=[0m4[1m}[0m[2m:[0m [2mmoq_net::lite::subscriber[0m[2m:[0m announce [3mroute[0m[2m=[0mrt/smoke.hang [3mhops[0m[2m=[0m1
[2m2026-09-06T14:44:17.800184Z[0m [34mDEBUG[0m [1mconn[0m[1m{[0m[3mid[0m[2m=[0m0[1m}[0m[2m:[0m [2mmoq_net::lite::publisher[0m[2m:[0m announce [3mroute[0m[2m=[0mrt/smoke.hang
[2m2026-09-06T14:44:18.787432Z[0m [34mDEBUG[0m [1mconn[0m[1m{[0m[3mid[0m[2m=[0m0[1m}[0m[2m:[0m [2mmoq_net::lite::publisher[0m[2m:[0m serving group [3msubscribe[0m[2m=[0m2 [3mtrack[0m[2m=[0mpublisher.json [3msequence[0m[2m=[0m8
[2m2026-09-06T14:44:18.788219Z[0m [34mDEBUG[0m [1mconn[0m[1m{[0m[3mid[0m[2m=[0m0[1m}[0m[2m:[0m [2mmoq_net::lite::publisher[0m[2m:[0m serving group [3msubscribe[0m[2m=[0m1 [3mtrack[0m[2m=[0msubscriber.json [3msequence[0m[2m=[0m8
[2m2026-09-06T14:44:18.789624Z[0m [34mDEBUG[0m [1mconn[0m[1m{[0m[3mid[0m[2m=[0m0[1m}[0m[2m:[0m [2mmoq_net::lite::publisher[0m[2m:[0m serving group [3msubscribe[0m[2m=[0m0 [3mtrack[0m[2m=[0msessions.json [3msequence[0m[2m=[0m8
[2m2026-09-06T14:44:18.793565Z[0m [34mDEBUG[0m [1mconn[0m[1m{[0m[3mid[0m[2m=[0m0[1m}[0m[2m:[0m [2mmoq_net::lite::publisher[0m[2m:[0m finished group [3msequence[0m[2m=[0m8
[2m2026-09-06T14:44:18.793712Z[0m [34mDEBUG[0m [1mconn[0m[1m{[0m[3mid[0m[2m=[0m0[1m}[0m[2m:[0m [2mmoq_net::lite::publisher[0m[2m:[0m finished group [3msequence[0m[2m=[0m8
[2m2026-09-06T14:44:18.793793Z[0m [34mDEBUG[0m [1mconn[0m[1m{[0m[3mid[0m[2m=[0m0[1m}[0m[2m:[0m [2mmoq_net::lite::publisher[0m[2m:[0m finished group [3msequence[0m[2m=[0m8
[2m2026-09-06T14:44:19.131962Z[0m [32m INFO[0m [1mconn[0m[1m{[0m[3mid[0m[2m=[0m5[1m}[0m[2m:[0m [2mmoq_relay::connection[0m[2m:[0m session accepted [3mtransport[0m[2m=[0mquic [3mrole[0m[2m=[0mNone [3mtier[0m[2m=[0m [3mroot[0m[2m=[0m [3mpublish[0m[2m=[0m [3msubscribe[0m[2m=[0m
[2m2026-09-06T14:44:19.132082Z[0m [32m INFO[0m [1mconn[0m[1m{[0m[3mid[0m[2m=[0m5[1m}[0m[2m:[0m [2mmoq_relay::connection[0m[2m:[0m negotiated [3mversion[0m[2m=[0mmoq-lite-05 [3mtransport[0m[2m=[0mquic
[2m2026-09-06T14:44:19.132222Z[0m [34mDEBUG[0m [1mconn[0m[1m{[0m[3mid[0m[2m=[0m5[1m}[0m[2m:[0m [2mmoq_net::lite::publisher[0m[2m:[0m announce [3mroute[0m[2m=[0m.stats/node/local/host
[2m2026-09-06T14:44:19.132237Z[0m [34mDEBUG[0m [1mconn[0m[1m{[0m[3mid[0m[2m=[0m5[1m}[0m[2m:[0m [2mmoq_net::lite::publisher[0m[2m:[0m announce [3mroute[0m[2m=[0mrt/smoke.hang
[2m2026-09-06T14:44:19.132280Z[0m [34mDEBUG[0m [1mconn[0m[1m{[0m[3mid[0m[2m=[0m5[1m}[0m[2m:[0m [2mmoq_net::lite::subscriber[0m[2m:[0m peer does not support probing; skipping probe stream
[2m2026-09-06T14:44:19.134271Z[0m [34mDEBUG[0m [1mconn[0m[1m{[0m[3mid[0m[2m=[0m5[1m}[0m[2m:[0m [2mmoq_net::lite::publisher[0m[2m:[0m track info requested [3mbroadcast[0m[2m=[0mrt/smoke.hang [3mtrack[0m[2m=[0mcatalog.json
[2m2026-09-06T14:44:19.138259Z[0m [32m INFO[0m [1mconn[0m[1m{[0m[3mid[0m[2m=[0m5[1m}[0m[2m:[0m [2mmoq_net::lite::publisher[0m[2m:[0m subscribed started [3mid[0m[2m=[0m0 [3mbroadcast[0m[2m=[0mrt/smoke.hang [3mtrack[0m[2m=[0mcatalog.json
[2m2026-09-06T14:44:19.138571Z[0m [32m INFO[0m [1mconn[0m[1m{[0m[3mid[0m[2m=[0m4[1m}[0m[2m:[0m [2mmoq_net::lite::subscriber[0m[2m:[0m subscribe started [3mid[0m[2m=[0m0 [3mbroadcast[0m[2m=[0mrt/smoke.hang [3mtrack[0m[2m=[0mcatalog.json
[2m2026-09-06T14:44:19.140385Z[0m [34mDEBUG[0m [1mconn[0m[1m{[0m[3mid[0m[2m=[0m5[1m}[0m[2m:[0m [2mmoq_net::lite::publisher[0m[2m:[0m serving group [3msubscribe[0m[2m=[0m0 [3mtrack[0m[2m=[0mcatalog.json [3msequence[0m[2m=[0m1
[2m2026-09-06T14:44:19.145667Z[0m [34mDEBUG[0m [1mconn[0m[1m{[0m[3mid[0m[2m=[0m5[1m}[0m[2m:[0m [2mmoq_net::lite::publisher[0m[2m:[0m finished group [3msequence[0m[2m=[0m1
[2m2026-09-06T14:44:19.147363Z[0m [34mDEBUG[0m [1mconn[0m[1m{[0m[3mid[0m[2m=[0m5[1m}[0m[2m:[0m [2mmoq_net::lite::publisher[0m[2m:[0m track info requested [3mbroadcast[0m[2m=[0mrt/smoke.hang [3mtrack[0m[2m=[0maudio
[2m2026-09-06T14:44:19.147482Z[0m [34mDEBUG[0m [1mconn[0m[1m{[0m[3mid[0m[2m=[0m5[1m}[0m[2m:[0m [2mmoq_net::lite::publisher[0m[2m:[0m track info requested [3mbroadcast[0m[2m=[0mrt/smoke.hang [3mtrack[0m[2m=[0mvideo
[2m2026-09-06T14:44:19.151477Z[0m [32m INFO[0m [1mconn[0m[1m{[0m[3mid[0m[2m=[0m5[1m}[0m[2m:[0m [2mmoq_net::lite::publisher[0m[2m:[0m subscribed started [3mid[0m[2m=[0m1 [3mbroadcast[0m[2m=[0mrt/smoke.hang [3mtrack[0m[2m=[0maudio
[2m2026-09-06T14:44:19.151676Z[0m [32m INFO[0m [1mconn[0m[1m{[0m[3mid[0m[2m=[0m4[1m}[0m[2m:[0m [2mmoq_net::lite::subscriber[0m[2m:[0m subscribe started [3mid[0m[2m=[0m1 [3mbroadcast[0m[2m=[0mrt/smoke.hang [3mtrack[0m[2m=[0maudio
[2m2026-09-06T14:44:19.152206Z[0m [32m INFO[0m [1mconn[0m[1m{[0m[3mid[0m[2m=[0m5[1m}[0m[2m:[0m [2mmoq_net::lite::publisher[0m[2m:[0m subscribed started [3mid[0m[2m=[0m2 [3mbroadcast[0m[2m=[0mrt/smoke.hang [3mtrack[0m[2m=[0mvideo
[2m2026-09-06T14:44:19.152349Z[0m [32m INFO[0m [1mconn[0m[1m{[0m[3mid[0m[2m=[0m4[1m}[0m[2m:[0m [2mmoq_net::lite::subscriber[0m[2m:[0m subscribe started [3mid[0m[2m=[0m2 [3mbroadcast[0m[2m=[0mrt/smoke.hang [3mtrack[0m[2m=[0mvideo
[2m2026-09-06T14:44:19.170224Z[0m [34mDEBUG[0m [1mconn[0m[1m{[0m[3mid[0m[2m=[0m5[1m}[0m[2m:[0m [2mmoq_net::lite::publisher[0m[2m:[0m serving group [3msubscribe[0m[2m=[0m0 [3mtrack[0m[2m=[0mcatalog.json [3msequence[0m[2m=[0m2
[2m2026-09-06T14:44:19.170440Z[0m [34mDEBUG[0m [1mconn[0m[1m{[0m[3mid[0m[2m=[0m5[1m}[0m[2m:[0m [2mmoq_net::lite::publisher[0m[2m:[0m serving group [3msubscribe[0m[2m=[0m1 [3mtrack[0m[2m=[0maudio [3msequence[0m[2m=[0m0
[2m2026-09-06T14:44:19.170753Z[0m [34mDEBUG[0m [1mconn[0m[1m{[0m[3mid[0m[2m=[0m5[1m}[0m[2m:[0m [2mmoq_net::lite::publisher[0m[2m:[0m finished group [3msequence[0m[2m=[0m2
[2m2026-09-06T14:44:19.170845Z[0m [34mDEBUG[0m [1mconn[0m[1m{[0m[3mid[0m[2m=[0m5[1m}[0m[2m:[0m [2mmoq_net::lite::publisher[0m[2m:[0m finished group [3msequence[0m[2m=[0m0
[2m2026-09-06T14:44:19.188064Z[0m [34mDEBUG[0m [1mconn[0m[1m{[0m[3mid[0m[2m=[0m5[1m}[0m[2m:[0m [2mmoq_net::lite::publisher[0m[2m:[0m serving group [3msubscribe[0m[2m=[0m1 [3mtrack[0m[2m=[0maudio [3msequence[0m[2m=[0m1
[2m2026-09-06T14:44:19.207655Z[0m [34mDEBUG[0m [1mconn[0m[1m{[0m[3mid[0m[2m=[0m5[1m}[0m[2m:[0m [2mmoq_net::lite::publisher[0m[2m:[0m serving group [3msubscribe[0m[2m=[0m1 [3mtrack[0m[2m=[0maudio [3msequence[0m[2m=[0m2
[2m2026-09-06T14:44:19.207876Z[0m [34mDEBUG[0m [1mconn[0m[1m{[0m[3mid[0m[2m=[0m5[1m}[0m[2m:[0m [2mmoq_net::lite::publisher[0m[2m:[0m finished group [3msequence[0m[2m=[0m2
[2m2026-09-06T14:44:19.207899Z[0m [34mDEBUG[0m [1mconn[0m[1m{[0m[3mid[0m[2m=[0m5[1m}[0m[2m:[0m [2mmoq_net::lite::publisher[0m[2m:[0m finished group [3msequence[0m[2m=[0m1
[2m2026-09-06T14:44:19.227716Z[0m [34mDEBUG[0m [1mconn[0m[1m{[0m[3mid[0m[2m=[0m5[1m}[0m[2m:[0m [2mmoq_net::lite::publisher[0m[2m:[0m serving group [3msubscribe[0m[2m=[0m1 [3mtrack[0m[2m=[0maudio [3msequence[0m[2m=[0m3
[2m2026-09-06T14:44:19.235837Z[0m [34mDEBUG[0m [1mconn[0m[1m{[0m[3mid[0m[2m=[0m5[1m}[0m[2m:[0m [2mmoq_net::lite::publisher[0m[2m:[0m finished group [3msequence[0m[2m=[0m3
[2m2026-09-06T14:44:19.247732Z[0m [34mDEBUG[0m [1mconn[0m[1m{[0m[3mid[0m[2m=[0m5[1m}[0m[2m:[0m [2mmoq_net::lite::publisher[0m[2m:[0m serving group [3msubscribe[0m[2m=[0m1 [3mtrack[0m[2m=[0maudio [3msequence[0m[2m=[0m4
[2m2026-09-06T14:44:19.268127Z[0m [34mDEBUG[0m [1mconn[0m[1m{[0m[3mid[0m[2m=[0m5[1m}[0m[2m:[0m [2mmoq_net::lite::publisher[0m[2m:[0m serving group [3msubscribe[0m[2m=[0m1 [3mtrack[0m[2m=[0maudio [3msequence[0m[2m=[0m5
[2m2026-09-06T14:44:19.268480Z[0m [34mDEBUG[0m [1mconn[0m[1m{[0m[3mid[0m[2m=[0m5[1m}[0m[2m:[0m [2mmoq_net::lite::publisher[0m[2m:[0m finished group [3msequence[0m[2m=[0m4
[2m2026-09-06T14:44:19.268505Z[0m [34mDEBUG[0m [1mconn[0m[1m{[0m[3mid[0m[2m=[0m5[1m}[0m[2m:[0m [2mmoq_net::lite::publisher[0m[2m:[0m finished group [3msequence[0m[2m=[0m5
[2m2026-09-06T14:44:19.288126Z[0m [34mDEBUG[0m [1mconn[0m[1m{[0m[3mid[0m[2m=[0m5[1m}[0m[2m:[0m [2mmoq_net::lite::publisher[0m[2m:[0m serving group [3msubscribe[0m[2m=[0m1 [3mtrack[0m[2m=[0maudio [3msequence[0m[2m=[0m6
[2m2026-09-06T14:44:19.307497Z[0m [34mDEBUG[0m [1mconn[0m[1m{[0m[3mid[0m[2m=[0m5[1m}[0m[2m:[0m [2mmoq_net::lite::publisher[0m[2m:[0m serving group [3msubscribe[0m[2m=[0m1 [3mtrack[0m[2m=[0maudio [3msequence[0m[2m=[0m7
[2m2026-09-06T14:44:19.307695Z[0m [34mDEBUG[0m [1mconn[0m[1m{[0m[3mid[0m[2m=[0m5[1m}[0m[2m:[0m [2mmoq_net::lite::publisher[0m[2m:[0m finished group [3msequence[0m[2m=[0m6
[2m2026-09-06T14:44:19.307715Z[0m [34mDEBUG[0m [1mconn[0m[1m{[0m[3mid[0m[2m=[0m5[1m}[0m[2m:[0m [2mmoq_net::lite::publisher[0m[2m:[0m finished group [3msequence[0m[2m=[0m7
[2m2026-09-06T14:44:19.327668Z[0m [34mDEBUG[0m [1mconn[0m[1m{[0m[3mid[0m[2m=[0m5[1m}[0m[2m:[0m [2mmoq_net::lite::publisher[0m[2m:[0m serving group [3msubscribe[0m[2m=[0m1 [3mtrack[0m[2m=[0maudio [3msequence[0m[2m=[0m8
[2m2026-09-06T14:44:19.338014Z[0m [34mDEBUG[0m [1mconn[0m[1m{[0m[3mid[0m[2m=[0m5[1m}[0m[2m:[0m [2mmoq_net::lite::publisher[0m[2m:[0m finished group [3msequence[0m[2m=[0m8
[2m2026-09-06T14:44:19.347821Z[0m [34mDEBUG[0m [1mconn[0m[1m{[0m[3mid[0m[2m=[0m5[1m}[0m[2m:[0m [2mmoq_net::lite::publisher[0m[2m:[0m serving group [3msubscribe[0m[2m=[0m1 [3mtrack[0m[2m=[0maudio [3msequence[0m[2m=[0m9
[2m2026-09-06T14:44:19.368422Z[0m [34mDEBUG[0m [1mconn[0m[1m{[0m[3mid[0m[2m=[0m5[1m}[0m[2m:[0m [2mmoq_net::lite::publisher[0m[2m:[0m serving group [3msubscribe[0m[2m=[0m1 [3mtrack[0m[2m=[0maudio [3msequence[0m[2m=[0m10
[2m2026-09-06T14:44:19.368821Z[0m [34mDEBUG[0m [1mconn[0m[1m{[0m[3mid[0m[2m=[0m5[1m}[0m[2m:[0m [2mmoq_net::lite::publisher[0m[2m:[0m finished group [3msequence[0m[2m=[0m9
[2m2026-09-06T14:44:19.368865Z[0m [34mDEBUG[0m [1mconn[0m[1m{[0m[3mid[0m[2m=[0m5[1m}[0m[2m:[0m [2mmoq_net::lite::publisher[0m[2m:[0m finished group [3msequence[0m[2m=[0m10
[2m2026-09-06T14:44:19.387837Z[0m [34mDEBUG[0m [1mconn[0m[1m{[0m[3mid[0m[2m=[0m5[1m}[0m[2m:[0m [2mmoq_net::lite::publisher[0m[2m:[0m serving group [3msubscribe[0m[2m=[0m1 [3mtrack[0m[2m=[0maudio [3msequence[0m[2m=[0m11
[2m2026-09-06T14:44:19.408064Z[0m [34mDEBUG[0m [1mconn[0m[1m{[0m[3mid[0m[2m=[0m5[1m}[0m[2m:[0m [2mmoq_net::lite::publisher[0m[2m:[0m serving group [3msubscribe[0m[2m=[0m1 [3mtrack[0m[2m=[0maudio [3msequence[0m[2m=[0m12
[2m2026-09-06T14:44:19.408364Z[0m [34mDEBUG[0m [1mconn[0m[1m{[0m[3mid[0m[2m=[0m5[1m}[0m[2m:[0m [2mmoq_net::lite::publisher[0m[2m:[0m finished group [3msequence[0m[2m=[0m11
[2m2026-09-06T14:44:19.427465Z[0m [34mDEBUG[0m [1mconn[0m[1m{[0m[3mid[0m[2m=[0m5[1m}[0m[2m:[0m [2mmoq_net::lite::publisher[0m[2m:[0m serving group [3msubscribe[0m[2m=[0m1 [3mtrack[0m[2m=[0maudio [3msequence[0m[2m=[0m13
[2m2026-09-06T14:44:19.427687Z[0m [34mDEBUG[0m [1mconn[0m[1m{[0m[3mid[0m[2m=[0m5[1m}[0m[2m:[0m [2mmoq_net::lite::publisher[0m[2m:[0m finished group [3msequence[0m[2m=[0m12
[2m2026-09-06T14:44:19.427713Z[0m [34mDEBUG[0m [1mconn[0m[1m{[0m[3mid[0m[2m=[0m5[1m}[0m[2m:[0m [2mmoq_net::lite::publisher[0m[2m:[0m finished group [3msequence[0m[2m=[0m13
[2m2026-09-06T14:44:19.447568Z[0m [34mDEBUG[0m [1mconn[0m[1m{[0m[3mid[0m[2m=[0m5[1m}[0m[2m:[0m [2mmoq_net::lite::publisher[0m[2m:[0m serving group [3msubscribe[0m[2m=[0m1 [3mtrack[0m[2m=[0maudio [3msequence[0m[2m=[0m14
[2m2026-09-06T14:44:19.447789Z[0m [34mDEBUG[0m [1mconn[0m[1m{[0m[3mid[0m[2m=[0m5[1m}[0m[2m:[0m [2mmoq_net::lite::publisher[0m[2m:[0m finished group [3msequence[0m[2m=[0m14
[2m2026-09-06T14:44:19.467582Z[0m [34mDEBUG[0m [1mconn[0m[1m{[0m[3mid[0m[2m=[0m5[1m}[0m[2m:[0m [2mmoq_net::lite::publisher[0m[2m:[0m serving group [3msubscribe[0m[2m=[0m1 [3mtrack[0m[2m=[0maudio [3msequence[0m[2m=[0m15
[2m2026-09-06T14:44:19.487733Z[0m [34mDEBUG[0m [1mconn[0m[1m{[0m[3mid[0m[2m=[0m5[1m}[0m[2m:[0m [2mmoq_net::lite::publisher[0m[2m:[0m serving group [3msubscribe[0m[2m=[0m1 [3mtrack[0m[2m=[0maudio [3msequence[0m[2m=[0m16
[2m2026-09-06T14:44:19.488115Z[0m [34mDEBUG[0m [1mconn[0m[1m{[0m[3mid[0m[2m=[0m5[1m}[0m[2m:[0m [2mmoq_net::lite::publisher[0m[2m:[0m finished group [3msequence[0m[2m=[0m15
[2m2026-09-06T14:44:19.488143Z[0m [34mDEBUG[0m [1mconn[0m[1m{[0m[3mid[0m[2m=[0m5[1m}[0m[2m:[0m [2mmoq_net::lite::publisher[0m[2m:[0m finished group [3msequence[0m[2m=[0m16
[2m2026-09-06T14:44:19.507609Z[0m [34mDEBUG[0m [1mconn[0m[1m{[0m[3mid[0m[2m=[0m5[1m}[0m[2m:[0m [2mmoq_net::lite::publisher[0m[2m:[0m serving group [3msubscribe[0m[2m=[0m1 [3mtrack[0m[2m=[0maudio [3msequence[0m[2m=[0m17
[2m2026-09-06T14:44:19.527556Z[0m [34mDEBUG[0m [1mconn[0m[1m{[0m[3mid[0m[2m=[0m5[1m}[0m[2m:[0m [2mmoq_net::lite::publisher[0m[2m:[0m serving group [3msubscribe[0m[2m=[0m1 [3mtrack[0m[2m=[0maudio [3msequence[0m[2m=[0m18
[2m2026-09-06T14:44:19.527816Z[0m [34mDEBUG[0m [1mconn[0m[1m{[0m[3mid[0m[2m=[0m5[1m}[0m[2m:[0m [2mmoq_net::lite::publisher[0m[2m:[0m finished group [3msequence[0m[2m=[0m17
[2m2026-09-06T14:44:19.527838Z[0m [34mDEBUG[0m [1mconn[0m[1m{[0m[3mid[0m[2m=[0m5[1m}[0m[2m:[0m [2mmoq_net::lite::publisher[0m[2m:[0m finished group [3msequence[0m[2m=[0m18
[2m2026-09-06T14:44:19.547544Z[0m [34mDEBUG[0m [1mconn[0m[1m{[0m[3mid[0m[2m=[0m5[1m}[0m[2m:[0m [2mmoq_net::lite::publisher[0m[2m:[0m serving group [3msubscribe[0m[2m=[0m1 [3mtrack[0m[2m=[0maudio [3msequence[0m[2m=[0m19
[2m2026-09-06T14:44:19.567609Z[0m [34mDEBUG[0m [1mconn[0m[1m{[0m[3mid[0m[2m=[0m5[1m}[0m[2m:[0m [2mmoq_net::lite::publisher[0m[2m:[0m serving group [3msubscribe[0m[2m=[0m1 [3mtrack[0m[2m=[0maudio [3msequence[0m[2m=[0m20
[2m2026-09-06T14:44:19.568030Z[0m [34mDEBUG[0m [1mconn[0m[1m{[0m[3mid[0m[2m=[0m5[1m}[0m[2m:[0m [2mmoq_net::lite::publisher[0m[2m:[0m finished group [3msequence[0m[2m=[0m19
[2m2026-09-06T14:44:19.568086Z[0m [34mDEBUG[0m [1mconn[0m[1m{[0m[3mid[0m[2m=[0m5[1m}[0m[2m:[0m [2mmoq_net::lite::publisher[0m[2m:[0m finished group [3msequence[0m[2m=[0m20
[2m2026-09-06T14:44:19.588216Z[0m [34mDEBUG[0m [1mconn[0m[1m{[0m[3mid[0m[2m=[0m5[1m}[0m[2m:[0m [2mmoq_net::lite::publisher[0m[2m:[0m serving group [3msubscribe[0m[2m=[0m1 [3mtrack[0m[2m=[0maudio [3msequence[0m[2m=[0m21
[2m2026-09-06T14:44:19.607770Z[0m [34mDEBUG[0m [1mconn[0m[1m{[0m[3mid[0m[2m=[0m5[1m}[0m[2m:[0m [2mmoq_net::lite::publisher[0m[2m:[0m serving group [3msubscribe[0m[2m=[0m1 [3mtrack[0m[2m=[0maudio [3msequence[0m[2m=[0m22
[2m2026-09-06T14:44:19.608077Z[0m [34mDEBUG[0m [1mconn[0m[1m{[0m[3mid[0m[2m=[0m5[1m}[0m[2m:[0m [2mmoq_net::lite::publisher[0m[2m:[0m finished group [3msequence[0m[2m=[0m21
[2m2026-09-06T14:44:19.608137Z[0m [34mDEBUG[0m [1mconn[0m[1m{[0m[3mid[0m[2m=[0m5[1m}[0m[2m:[0m [2mmoq_net::lite::publisher[0m[2m:[0m finished group [3msequence[0m[2m=[0m22
[2m2026-09-06T14:44:19.627609Z[0m [34mDEBUG[0m [1mconn[0m[1m{[0m[3mid[0m[2m=[0m5[1m}[0m[2m:[0m [2mmoq_net::lite::publisher[0m[2m:[0m serving group [3msubscribe[0m[2m=[0m1 [3mtrack[0m[2m=[0maudio [3msequence[0m[2m=[0m23
[2m2026-09-06T14:44:19.636945Z[0m [34mDEBUG[0m [1mconn[0m[1m{[0m[3mid[0m[2m=[0m5[1m}[0m[2m:[0m [2mmoq_net::lite::publisher[0m[2m:[0m finished group [3msequence[0m[2m=[0m23
[2m2026-09-06T14:44:19.647611Z[0m [34mDEBUG[0m [1mconn[0m[1m{[0m[3mid[0m[2m=[0m5[1m}[0m[2m:[0m [2mmoq_net::lite::publisher[0m[2m:[0m serving group [3msubscribe[0m[2m=[0m1 [3mtrack[0m[2m=[0maudio [3msequence[0m[2m=[0m24
[2m2026-09-06T14:44:19.667492Z[0m [34mDEBUG[0m [1mconn[0m[1m{[0m[3mid[0m[2m=[0m5[1m}[0m[2m:[0m [2mmoq_net::lite::publisher[0m[2m:[0m serving group [3msubscribe[0m[2m=[0m1 [3mtrack[0m[2m=[0maudio [3msequence[0m[2m=[0m25
[2m2026-09-06T14:44:19.667766Z[0m [34mDEBUG[0m [1mconn[0m[1m{[0m[3mid[0m[2m=[0m5[1m}[0m[2m:[0m [2mmoq_net::lite::publisher[0m[2m:[0m finished group [3msequence[0m[2m=[0m24
[2m2026-09-06T14:44:19.667809Z[0m [34mDEBUG[0m [1mconn[0m[1m{[0m[3mid[0m[2m=[0m5[1m}[0m[2m:[0m [2mmoq_net::lite::publisher[0m[2m:[0m finished group [3msequence[0m[2m=[0m25
[2m2026-09-06T14:44:19.687569Z[0m [34mDEBUG[0m [1mconn[0m[1m{[0m[3mid[0m[2m=[0m5[1m}[0m[2m:[0m [2mmoq_net::lite::publisher[0m[2m:[0m serving group [3msubscribe[0m[2m=[0m1 [3mtrack[0m[2m=[0maudio [3msequence[0m[2m=[0m26
[2m2026-09-06T14:44:19.707408Z[0m [34mDEBUG[0m [1mconn[0m[1m{[0m[3mid[0m[2m=[0m5[1m}[0m[2m:[0m [2mmoq_net::lite::publisher[0m[2m:[0m serving group [3msubscribe[0m[2m=[0m1 [3mtrack[0m[2m=[0maudio [3msequence[0m[2m=[0m27
[2m2026-09-06T14:44:19.707832Z[0m [34mDEBUG[0m [1mconn[0m[1m{[0m[3mid[0m[2m=[0m5[1m}[0m[2m:[0m [2mmoq_net::lite::publisher[0m[2m:[0m finished group [3msequence[0m[2m=[0m26
[2m2026-09-06T14:44:19.707878Z[0m [34mDEBUG[0m [1mconn[0m[1m{[0m[3mid[0m[2m=[0m5[1m}[0m[2m:[0m [2mmoq_net::lite::publisher[0m[2m:[0m finished group [3msequence[0m[2m=[0m27
[2m2026-09-06T14:44:19.727752Z[0m [34mDEBUG[0m [1mconn[0m[1m{[0m[3mid[0m[2m=[0m5[1m}[0m[2m:[0m [2mmoq_net::lite::publisher[0m[2m:[0m serving group [3msubscribe[0m[2m=[0m1 [3mtrack[0m[2m=[0maudio [3msequence[0m[2m=[0m28
[2m2026-09-06T14:44:19.747386Z[0m [34mDEBUG[0m [1mconn[0m[1m{[0m[3mid[0m[2m=[0m5[1m}[0m[2m:[0m [2mmoq_net::lite::publisher[0m[2m:[0m serving group [3msubscribe[0m[2m=[0m1 [3mtrack[0m[2m=[0maudio [3msequence[0m[2m=[0m29
[2m2026-09-06T14:44:19.747623Z[0m [34mDEBUG[0m [1mconn[0m[1m{[0m[3mid[0m[2m=[0m5[1m}[0m[2m:[0m [2mmoq_net::lite::publisher[0m[2m:[0m finished group [3msequence[0m[2m=[0m28
[2m2026-09-06T14:44:19.747648Z[0m [34mDEBUG[0m [1mconn[0m[1m{[0m[3mid[0m[2m=[0m5[1m}[0m[2m:[0m [2mmoq_net::lite::publisher[0m[2m:[0m finished group [3msequence[0m[2m=[0m29
[2m2026-09-06T14:44:19.767510Z[0m [34mDEBUG[0m [1mconn[0m[1m{[0m[3mid[0m[2m=[0m5[1m}[0m[2m:[0m [2mmoq_net::lite::publisher[0m[2m:[0m serving group [3msubscribe[0m[2m=[0m1 [3mtrack[0m[2m=[0maudio [3msequence[0m[2m=[0m30
[2m2026-09-06T14:44:19.785816Z[0m [34mDEBUG[0m [1mconn[0m[1m{[0m[3mid[0m[2m=[0m0[1m}[0m[2m:[0m [2mmoq_net::lite::publisher[0m[2m:[0m serving group [3msubscribe[0m[2m=[0m2 [3mtrack[0m[2m=[0mpublisher.json [3msequence[0m[2m=[0m9
[2m2026-09-06T14:44:19.785929Z[0m [34mDEBUG[0m [1mconn[0m[1m{[0m[3mid[0m[2m=[0m0[1m}[0m[2m:[0m [2mmoq_net::lite::publisher[0m[2m:[0m serving group [3msubscribe[0m[2m=[0m1 [3mtrack[0m[2m=[0msubscriber.json [3msequence[0m[2m=[0m9
[2m2026-09-06T14:44:19.785984Z[0m [34mDEBUG[0m [1mconn[0m[1m{[0m[3mid[0m[2m=[0m0[1m}[0m[2m:[0m [2mmoq_net::lite::publisher[0m[2m:[0m serving group [3msubscribe[0m[2m=[0m0 [3mtrack[0m[2m=[0msessions.json [3msequence[0m[2m=[0m9
[2m2026-09-06T14:44:19.787709Z[0m [34mDEBUG[0m [1mconn[0m[1m{[0m[3mid[0m[2m=[0m0[1m}[0m[2m:[0m [2mmoq_net::lite::publisher[0m[2m:[0m finished group [3msequence[0m[2m=[0m9
[2m2026-09-06T14:44:19.787746Z[0m [34mDEBUG[0m [1mconn[0m[1m{[0m[3mid[0m[2m=[0m0[1m}[0m[2m:[0m [2mmoq_net::lite::publisher[0m[2m:[0m finished group [3msequence[0m[2m=[0m9
[2m2026-09-06T14:44:19.787765Z[0m [34mDEBUG[0m [1mconn[0m[1m{[0m[3mid[0m[2m=[0m0[1m}[0m[2m:[0m [2mmoq_net::lite::publisher[0m[2m:[0m finished group [3msequence[0m[2m=[0m9
[2m2026-09-06T14:44:19.796621Z[0m [34mDEBUG[0m [1mconn[0m[1m{[0m[3mid[0m[2m=[0m5[1m}[0m[2m:[0m [2mmoq_net::lite::publisher[0m[2m:[0m finished group [3msequence[0m[2m=[0m30
[2m2026-09-06T14:44:19.827743Z[0m [34mDEBUG[0m [1mconn[0m[1m{[0m[3mid[0m[2m=[0m5[1m}[0m[2m:[0m [2mmoq_net::lite::publisher[0m[2m:[0m serving group [3msubscribe[0m[2m=[0m1 [3mtrack[0m[2m=[0maudio [3msequence[0m[2m=[0m31
[2m2026-09-06T14:44:19.828225Z[0m [34mDEBUG[0m [1mconn[0m[1m{[0m[3mid[0m[2m=[0m5[1m}[0m[2m:[0m [2mmoq_net::lite::publisher[0m[2m:[0m finished group [3msequence[0m[2m=[0m31
[2m2026-09-06T14:44:19.848024Z[0m [34mDEBUG[0m [1mconn[0m[1m{[0m[3mid[0m[2m=[0m5[1m}[0m[2m:[0m [2mmoq_net::lite::publisher[0m[2m:[0m serving group [3msubscribe[0m[2m=[0m1 [3mtrack[0m[2m=[0maudio [3msequence[0m[2m=[0m32
[2m2026-09-06T14:44:19.868522Z[0m [34mDEBUG[0m [1mconn[0m[1m{[0m[3mid[0m[2m=[0m5[1m}[0m[2m:[0m [2mmoq_net::lite::publisher[0m[2m:[0m serving group [3msubscribe[0m[2m=[0m1 [3mtrack[0m[2m=[0maudio [3msequence[0m[2m=[0m33
[2m2026-09-06T14:44:19.869092Z[0m [34mDEBUG[0m [1mconn[0m[1m{[0m[3mid[0m[2m=[0m5[1m}[0m[2m:[0m [2mmoq_net::lite::publisher[0m[2m:[0m finished group [3msequence[0m[2m=[0m32
[2m2026-09-06T14:44:19.869186Z[0m [34mDEBUG[0m [1mconn[0m[1m{[0m[3mid[0m[2m=[0m5[1m}[0m[2m:[0m [2mmoq_net::lite::publisher[0m[2m:[0m finished group [3msequence[0m[2m=[0m33
[2m2026-09-06T14:44:19.887873Z[0m [34mDEBUG[0m [1mconn[0m[1m{[0m[3mid[0m[2m=[0m5[1m}[0m[2m:[0m [2mmoq_net::lite::publisher[0m[2m:[0m serving group [3msubscribe[0m[2m=[0m1 [3mtrack[0m[2m=[0maudio [3msequence[0m[2m=[0m34
[2m2026-09-06T14:44:19.907686Z[0m [34mDEBUG[0m [1mconn[0m[1m{[0m[3mid[0m[2m=[0m5[1m}[0m[2m:[0m [2mmoq_net::lite::publisher[0m[2m:[0m serving group [3msubscribe[0m[2m=[0m1 [3mtrack[0m[2m=[0maudio [3msequence[0m[2m=[0m35
[2m2026-09-06T14:44:19.907944Z[0m [34mDEBUG[0m [1mconn[0m[1m{[0m[3mid[0m[2m=[0m5[1m}[0m[2m:[0m [2mmoq_net::lite::publisher[0m[2m:[0m finished group [3msequence[0m[2m=[0m34
[2m2026-09-06T14:44:19.907970Z[0m [34mDEBUG[0m [1mconn[0m[1m{[0m[3mid[0m[2m=[0m5[1m}[0m[2m:[0m [2mmoq_net::lite::publisher[0m[2m:[0m finished group [3msequence[0m[2m=[0m35
[2m2026-09-06T14:44:19.927518Z[0m [34mDEBUG[0m [1mconn[0m[1m{[0m[3mid[0m[2m=[0m5[1m}[0m[2m:[0m [2mmoq_net::lite::publisher[0m[2m:[0m serving group [3msubscribe[0m[2m=[0m1 [3mtrack[0m[2m=[0maudio [3msequence[0m[2m=[0m36
[2m2026-09-06T14:44:19.935357Z[0m [34mDEBUG[0m [1mconn[0m[1m{[0m[3mid[0m[2m=[0m5[1m}[0m[2m:[0m [2mmoq_net::lite::publisher[0m[2m:[0m finished group [3msequence[0m[2m=[0m36
[2m2026-09-06T14:44:19.947372Z[0m [34mDEBUG[0m [1mconn[0m[1m{[0m[3mid[0m[2m=[0m5[1m}[0m[2m:[0m [2mmoq_net::lite::publisher[0m[2m:[0m serving group [3msubscribe[0m[2m=[0m1 [3mtrack[0m[2m=[0maudio [3msequence[0m[2m=[0m37
[2m2026-09-06T14:44:19.967359Z[0m [34mDEBUG[0m [1mconn[0m[1m{[0m[3mid[0m[2m=[0m5[1m}[0m[2m:[0m [2mmoq_net::lite::publisher[0m[2m:[0m serving group [3msubscribe[0m[2m=[0m1 [3mtrack[0m[2m=[0maudio [3msequence[0m[2m=[0m38
[2m2026-09-06T14:44:19.967641Z[0m [34mDEBUG[0m [1mconn[0m[1m{[0m[3mid[0m[2m=[0m5[1m}[0m[2m:[0m [2mmoq_net::lite::publisher[0m[2m:[0m finished group [3msequence[0m[2m=[0m37
[2m2026-09-06T14:44:19.967667Z[0m [34mDEBUG[0m [1mconn[0m[1m{[0m[3mid[0m[2m=[0m5[1m}[0m[2m:[0m [2mmoq_net::lite::publisher[0m[2m:[0m finished group [3msequence[0m[2m=[0m38
[2m2026-09-06T14:44:19.988275Z[0m [34mDEBUG[0m [1mconn[0m[1m{[0m[3mid[0m[2m=[0m5[1m}[0m[2m:[0m [2mmoq_net::lite::publisher[0m[2m:[0m serving group [3msubscribe[0m[2m=[0m1 [3mtrack[0m[2m=[0maudio [3msequence[0m[2m=[0m39
[2m2026-09-06T14:44:20.007861Z[0m [34mDEBUG[0m [1mconn[0m[1m{[0m[3mid[0m[2m=[0m5[1m}[0m[2m:[0m [2mmoq_net::lite::publisher[0m[2m:[0m serving group [3msubscribe[0m[2m=[0m1 [3mtrack[0m[2m=[0maudio [3msequence[0m[2m=[0m40
[2m2026-09-06T14:44:20.008254Z[0m [34mDEBUG[0m [1mconn[0m[1m{[0m[3mid[0m[2m=[0m5[1m}[0m[2m:[0m [2mmoq_net::lite::publisher[0m[2m:[0m finished group [3msequence[0m[2m=[0m39
[2m2026-09-06T14:44:20.008356Z[0m [34mDEBUG[0m [1mconn[0m[1m{[0m[3mid[0m[2m=[0m5[1m}[0m[2m:[0m [2mmoq_net::lite::publisher[0m[2m:[0m finished group [3msequence[0m[2m=[0m40
[2m2026-09-06T14:44:20.027455Z[0m [34mDEBUG[0m [1mconn[0m[1m{[0m[3mid[0m[2m=[0m5[1m}[0m[2m:[0m [2mmoq_net::lite::publisher[0m[2m:[0m serving group [3msubscribe[0m[2m=[0m1 [3mtrack[0m[2m=[0maudio [3msequence[0m[2m=[0m41
[2m2026-09-06T14:44:20.047509Z[0m [34mDEBUG[0m [1mconn[0m[1m{[0m[3mid[0m[2m=[0m5[1m}[0m[2m:[0m [2mmoq_net::lite::publisher[0m[2m:[0m serving group [3msubscribe[0m[2m=[0m1 [3mtrack[0m[2m=[0maudio [3msequence[0m[2m=[0m42
[2m2026-09-06T14:44:20.047736Z[0m [34mDEBUG[0m [1mconn[0m[1m{[0m[3mid[0m[2m=[0m5[1m}[0m[2m:[0m [2mmoq_net::lite::publisher[0m[2m:[0m finished group [3msequence[0m[2m=[0m41
[2m2026-09-06T14:44:20.047769Z[0m [34mDEBUG[0m [1mconn[0m[1m{[0m[3mid[0m[2m=[0m5[1m}[0m[2m:[0m [2mmoq_net::lite::publisher[0m[2m:[0m finished group [3msequence[0m[2m=[0m42
[2m2026-09-06T14:44:20.067617Z[0m [34mDEBUG[0m [1mconn[0m[1m{[0m[3mid[0m[2m=[0m5[1m}[0m[2m:[0m [2mmoq_net::lite::publisher[0m[2m:[0m serving group [3msubscribe[0m[2m=[0m1 [3mtrack[0m[2m=[0maudio [3msequence[0m[2m=[0m43
[2m2026-09-06T14:44:20.087974Z[0m [34mDEBUG[0m [1mconn[0m[1m{[0m[3mid[0m[2m=[0m5[1m}[0m[2m:[0m [2mmoq_net::lite::publisher[0m[2m:[0m serving group [3msubscribe[0m[2m=[0m1 [3mtrack[0m[2m=[0maudio [3msequence[0m[2m=[0m44
[2m2026-09-06T14:44:20.088362Z[0m [34mDEBUG[0m [1mconn[0m[1m{[0m[3mid[0m[2m=[0m5[1m}[0m[2m:[0m [2mmoq_net::lite::publisher[0m[2m:[0m finished group [3msequence[0m[2m=[0m43
[2m2026-09-06T14:44:20.088419Z[0m [34mDEBUG[0m [1mconn[0m[1m{[0m[3mid[0m[2m=[0m5[1m}[0m[2m:[0m [2mmoq_net::lite::publisher[0m[2m:[0m finished group [3msequence[0m[2m=[0m44
[2m2026-09-06T14:44:20.107694Z[0m [34mDEBUG[0m [1mconn[0m[1m{[0m[3mid[0m[2m=[0m5[1m}[0m[2m:[0m [2mmoq_net::lite::publisher[0m[2m:[0m serving group [3msubscribe[0m[2m=[0m1 [3mtrack[0m[2m=[0maudio [3msequence[0m[2m=[0m45
[2m2026-09-06T14:44:20.127910Z[0m [34mDEBUG[0m [1mconn[0m[1m{[0m[3mid[0m[2m=[0m5[1m}[0m[2m:[0m [2mmoq_net::lite::publisher[0m[2m:[0m serving group [3msubscribe[0m[2m=[0m1 [3mtrack[0m[2m=[0maudio [3msequence[0m[2m=[0m46
[2m2026-09-06T14:44:20.128207Z[0m [34mDEBUG[0m [1mconn[0m[1m{[0m[3mid[0m[2m=[0m5[1m}[0m[2m:[0m [2mmoq_net::lite::publisher[0m[2m:[0m finished group [3msequence[0m[2m=[0m45
[2m2026-09-06T14:44:20.128237Z[0m [34mDEBUG[0m [1mconn[0m[1m{[0m[3mid[0m[2m=[0m5[1m}[0m[2m:[0m [2mmoq_net::lite::publisher[0m[2m:[0m finished group [3msequence[0m[2m=[0m46
[2m2026-09-06T14:44:20.147854Z[0m [34mDEBUG[0m [1mconn[0m[1m{[0m[3mid[0m[2m=[0m5[1m}[0m[2m:[0m [2mmoq_net::lite::publisher[0m[2m:[0m serving group [3msubscribe[0m[2m=[0m1 [3mtrack[0m[2m=[0maudio [3msequence[0m[2m=[0m47
[2m2026-09-06T14:44:20.148186Z[0m [34mDEBUG[0m [1mconn[0m[1m{[0m[3mid[0m[2m=[0m5[1m}[0m[2m:[0m [2mmoq_net::lite::publisher[0m[2m:[0m finished group [3msequence[0m[2m=[0m47
[2m2026-09-06T14:44:20.167708Z[0m [34mDEBUG[0m [1mconn[0m[1m{[0m[3mid[0m[2m=[0m5[1m}[0m[2m:[0m [2mmoq_net::lite::publisher[0m[2m:[0m serving group [3msubscribe[0m[2m=[0m1 [3mtrack[0m[2m=[0maudio [3msequence[0m[2m=[0m48
[2m2026-09-06T14:44:20.187697Z[0m [34mDEBUG[0m [1mconn[0m[1m{[0m[3mid[0m[2m=[0m5[1m}[0m[2m:[0m [2mmoq_net::lite::publisher[0m[2m:[0m serving group [3msubscribe[0m[2m=[0m1 [3mtrack[0m[2m=[0maudio [3msequence[0m[2m=[0m49
[2m2026-09-06T14:44:20.188077Z[0m [34mDEBUG[0m [1mconn[0m[1m{[0m[3mid[0m[2m=[0m5[1m}[0m[2m:[0m [2mmoq_net::lite::publisher[0m[2m:[0m finished group [3msequence[0m[2m=[0m48
[2m2026-09-06T14:44:20.188102Z[0m [34mDEBUG[0m [1mconn[0m[1m{[0m[3mid[0m[2m=[0m5[1m}[0m[2m:[0m [2mmoq_net::lite::publisher[0m[2m:[0m finished group [3msequence[0m[2m=[0m49
[2m2026-09-06T14:44:20.207598Z[0m [34mDEBUG[0m [1mconn[0m[1m{[0m[3mid[0m[2m=[0m5[1m}[0m[2m:[0m [2mmoq_net::lite::publisher[0m[2m:[0m serving group [3msubscribe[0m[2m=[0m1 [3mtrack[0m[2m=[0maudio [3msequence[0m[2m=[0m50
[2m2026-09-06T14:44:20.227987Z[0m [34mDEBUG[0m [1mconn[0m[1m{[0m[3mid[0m[2m=[0m5[1m}[0m[2m:[0m [2mmoq_net::lite::publisher[0m[2m:[0m serving group [3msubscribe[0m[2m=[0m1 [3mtrack[0m[2m=[0maudio [3msequence[0m[2m=[0m51
[2m2026-09-06T14:44:20.228223Z[0m [34mDEBUG[0m [1mconn[0m[1m{[0m[3mid[0m[2m=[0m5[1m}[0m[2m:[0m [2mmoq_net::lite::publisher[0m[2m:[0m finished group [3msequence[0m[2m=[0m50
[2m2026-09-06T14:44:20.228245Z[0m [34mDEBUG[0m [1mconn[0m[1m{[0m[3mid[0m[2m=[0m5[1m}[0m[2m:[0m [2mmoq_net::lite::publisher[0m[2m:[0m finished group [3msequence[0m[2m=[0m51
[2m2026-09-06T14:44:20.247564Z[0m [34mDEBUG[0m [1mconn[0m[1m{[0m[3mid[0m[2m=[0m5[1m}[0m[2m:[0m [2mmoq_net::lite::publisher[0m[2m:[0m serving group [3msubscribe[0m[2m=[0m1 [3mtrack[0m[2m=[0maudio [3msequence[0m[2m=[0m52
[2m2026-09-06T14:44:20.247828Z[0m [34mDEBUG[0m [1mconn[0m[1m{[0m[3mid[0m[2m=[0m5[1m}[0m[2m:[0m [2mmoq_net::lite::publisher[0m[2m:[0m finished group [3msequence[0m[2m=[0m52
[2m2026-09-06T14:44:20.267343Z[0m [34mDEBUG[0m [1mconn[0m[1m{[0m[3mid[0m[2m=[0m5[1m}[0m[2m:[0m [2mmoq_net::lite::publisher[0m[2m:[0m serving group [3msubscribe[0m[2m=[0m1 [3mtrack[0m[2m=[0maudio [3msequence[0m[2m=[0m53
[2m2026-09-06T14:44:20.287383Z[0m [34mDEBUG[0m [1mconn[0m[1m{[0m[3mid[0m[2m=[0m5[1m}[0m[2m:[0m [2mmoq_net::lite::publisher[0m[2m:[0m serving group [3msubscribe[0m[2m=[0m1 [3mtrack[0m[2m=[0maudio [3msequence[0m[2m=[0m54
[2m2026-09-06T14:44:20.289201Z[0m [34mDEBUG[0m [1mconn[0m[1m{[0m[3mid[0m[2m=[0m5[1m}[0m[2m:[0m [2mmoq_net::lite::publisher[0m[2m:[0m finished group [3msequence[0m[2m=[0m53
[2m2026-09-06T14:44:20.289246Z[0m [34mDEBUG[0m [1mconn[0m[1m{[0m[3mid[0m[2m=[0m5[1m}[0m[2m:[0m [2mmoq_net::lite::publisher[0m[2m:[0m finished group [3msequence[0m[2m=[0m54
[2m2026-09-06T14:44:20.327635Z[0m [34mDEBUG[0m [1mconn[0m[1m{[0m[3mid[0m[2m=[0m5[1m}[0m[2m:[0m [2mmoq_net::lite::publisher[0m[2m:[0m serving group [3msubscribe[0m[2m=[0m1 [3mtrack[0m[2m=[0maudio [3msequence[0m[2m=[0m55
[2m2026-09-06T14:44:20.329377Z[0m [34mDEBUG[0m [1mconn[0m[1m{[0m[3mid[0m[2m=[0m5[1m}[0m[2m:[0m [2mmoq_net::lite::publisher[0m[2m:[0m finished group [3msequence[0m[2m=[0m55
[2m2026-09-06T14:44:20.347748Z[0m [34mDEBUG[0m [1mconn[0m[1m{[0m[3mid[0m[2m=[0m5[1m}[0m[2m:[0m [2mmoq_net::lite::publisher[0m[2m:[0m serving group [3msubscribe[0m[2m=[0m1 [3mtrack[0m[2m=[0maudio [3msequence[0m[2m=[0m56
[2m2026-09-06T14:44:20.349514Z[0m [34mDEBUG[0m [1mconn[0m[1m{[0m[3mid[0m[2m=[0m5[1m}[0m[2m:[0m [2mmoq_net::lite::publisher[0m[2m:[0m finished group [3msequence[0m[2m=[0m56
[2m2026-09-06T14:44:20.367635Z[0m [34mDEBUG[0m [1mconn[0m[1m{[0m[3mid[0m[2m=[0m5[1m}[0m[2m:[0m [2mmoq_net::lite::publisher[0m[2m:[0m serving group [3msubscribe[0m[2m=[0m1 [3mtrack[0m[2m=[0maudio [3msequence[0m[2m=[0m57
[2m2026-09-06T14:44:20.369393Z[0m [34mDEBUG[0m [1mconn[0m[1m{[0m[3mid[0m[2m=[0m5[1m}[0m[2m:[0m [2mmoq_net::lite::publisher[0m[2m:[0m finished group [3msequence[0m[2m=[0m57
[2m2026-09-06T14:44:20.387489Z[0m [34mDEBUG[0m [1mconn[0m[1m{[0m[3mid[0m[2m=[0m5[1m}[0m[2m:[0m [2mmoq_net::lite::publisher[0m[2m:[0m serving group [3msubscribe[0m[2m=[0m1 [3mtrack[0m[2m=[0maudio [3msequence[0m[2m=[0m58
[2m2026-09-06T14:44:20.389330Z[0m [34mDEBUG[0m [1mconn[0m[1m{[0m[3mid[0m[2m=[0m5[1m}[0m[2m:[0m [2mmoq_net::lite::publisher[0m[2m:[0m finished group [3msequence[0m[2m=[0m58
[2m2026-09-06T14:44:20.408564Z[0m [34mDEBUG[0m [1mconn[0m[1m{[0m[3mid[0m[2m=[0m5[1m}[0m[2m:[0m [2mmoq_net::lite::publisher[0m[2m:[0m serving group [3msubscribe[0m[2m=[0m1 [3mtrack[0m[2m=[0maudio [3msequence[0m[2m=[0m59
[2m2026-09-06T14:44:20.410406Z[0m [34mDEBUG[0m [1mconn[0m[1m{[0m[3mid[0m[2m=[0m5[1m}[0m[2m:[0m [2mmoq_net::lite::publisher[0m[2m:[0m finished group [3msequence[0m[2m=[0m59
[2m2026-09-06T14:44:20.427526Z[0m [34mDEBUG[0m [1mconn[0m[1m{[0m[3mid[0m[2m=[0m5[1m}[0m[2m:[0m [2mmoq_net::lite::publisher[0m[2m:[0m serving group [3msubscribe[0m[2m=[0m1 [3mtrack[0m[2m=[0maudio [3msequence[0m[2m=[0m60
[2m2026-09-06T14:44:20.429234Z[0m [34mDEBUG[0m [1mconn[0m[1m{[0m[3mid[0m[2m=[0m5[1m}[0m[2m:[0m [2mmoq_net::lite::publisher[0m[2m:[0m finished group [3msequence[0m[2m=[0m60
[2m2026-09-06T14:44:20.447717Z[0m [34mDEBUG[0m [1mconn[0m[1m{[0m[3mid[0m[2m=[0m5[1m}[0m[2m:[0m [2mmoq_net::lite::publisher[0m[2m:[0m serving group [3msubscribe[0m[2m=[0m1 [3mtrack[0m[2m=[0maudio [3msequence[0m[2m=[0m61
[2m2026-09-06T14:44:20.449094Z[0m [34mDEBUG[0m [1mconn[0m[1m{[0m[3mid[0m[2m=[0m5[1m}[0m[2m:[0m [2mmoq_net::lite::publisher[0m[2m:[0m finished group [3msequence[0m[2m=[0m61
[2m2026-09-06T14:44:20.467708Z[0m [34mDEBUG[0m [1mconn[0m[1m{[0m[3mid[0m[2m=[0m5[1m}[0m[2m:[0m [2mmoq_net::lite::publisher[0m[2m:[0m serving group [3msubscribe[0m[2m=[0m1 [3mtrack[0m[2m=[0maudio [3msequence[0m[2m=[0m62
[2m2026-09-06T14:44:20.469544Z[0m [34mDEBUG[0m [1mconn[0m[1m{[0m[3mid[0m[2m=[0m5[1m}[0m[2m:[0m [2mmoq_net::lite::publisher[0m[2m:[0m finished group [3msequence[0m[2m=[0m62
[2m2026-09-06T14:44:20.487804Z[0m [34mDEBUG[0m [1mconn[0m[1m{[0m[3mid[0m[2m=[0m5[1m}[0m[2m:[0m [2mmoq_net::lite::publisher[0m[2m:[0m serving group [3msubscribe[0m[2m=[0m1 [3mtrack[0m[2m=[0maudio [3msequence[0m[2m=[0m63
[2m2026-09-06T14:44:20.489565Z[0m [34mDEBUG[0m [1mconn[0m[1m{[0m[3mid[0m[2m=[0m5[1m}[0m[2m:[0m [2mmoq_net::lite::publisher[0m[2m:[0m finished group [3msequence[0m[2m=[0m63
[2m2026-09-06T14:44:20.507400Z[0m [34mDEBUG[0m [1mconn[0m[1m{[0m[3mid[0m[2m=[0m5[1m}[0m[2m:[0m [2mmoq_net::lite::publisher[0m[2m:[0m serving group [3msubscribe[0m[2m=[0m1 [3mtrack[0m[2m=[0maudio [3msequence[0m[2m=[0m64
[2m2026-09-06T14:44:20.509090Z[0m [34mDEBUG[0m [1mconn[0m[1m{[0m[3mid[0m[2m=[0m5[1m}[0m[2m:[0m [2mmoq_net::lite::publisher[0m[2m:[0m finished group [3msequence[0m[2m=[0m64
[2m2026-09-06T14:44:20.528936Z[0m [34mDEBUG[0m [1mconn[0m[1m{[0m[3mid[0m[2m=[0m5[1m}[0m[2m:[0m [2mmoq_net::lite::publisher[0m[2m:[0m serving group [3msubscribe[0m[2m=[0m1 [3mtrack[0m[2m=[0maudio [3msequence[0m[2m=[0m65
[2m2026-09-06T14:44:20.530916Z[0m [34mDEBUG[0m [1mconn[0m[1m{[0m[3mid[0m[2m=[0m5[1m}[0m[2m:[0m [2mmoq_net::lite::publisher[0m[2m:[0m finished group [3msequence[0m[2m=[0m65
[2m2026-09-06T14:44:20.548054Z[0m [34mDEBUG[0m [1mconn[0m[1m{[0m[3mid[0m[2m=[0m5[1m}[0m[2m:[0m [2mmoq_net::lite::publisher[0m[2m:[0m serving group [3msubscribe[0m[2m=[0m1 [3mtrack[0m[2m=[0maudio [3msequence[0m[2m=[0m66
[2m2026-09-06T14:44:20.549728Z[0m [34mDEBUG[0m [1mconn[0m[1m{[0m[3mid[0m[2m=[0m5[1m}[0m[2m:[0m [2mmoq_net::lite::publisher[0m[2m:[0m finished group [3msequence[0m[2m=[0m66
[2m2026-09-06T14:44:20.567914Z[0m [34mDEBUG[0m [1mconn[0m[1m{[0m[3mid[0m[2m=[0m5[1m}[0m[2m:[0m [2mmoq_net::lite::publisher[0m[2m:[0m serving group [3msubscribe[0m[2m=[0m1 [3mtrack[0m[2m=[0maudio [3msequence[0m[2m=[0m67
[2m2026-09-06T14:44:20.569689Z[0m [34mDEBUG[0m [1mconn[0m[1m{[0m[3mid[0m[2m=[0m5[1m}[0m[2m:[0m [2mmoq_net::lite::publisher[0m[2m:[0m finished group [3msequence[0m[2m=[0m67
[2m2026-09-06T14:44:20.587779Z[0m [34mDEBUG[0m [1mconn[0m[1m{[0m[3mid[0m[2m=[0m5[1m}[0m[2m:[0m [2mmoq_net::lite::publisher[0m[2m:[0m serving group [3msubscribe[0m[2m=[0m1 [3mtrack[0m[2m=[0maudio [3msequence[0m[2m=[0m68
[2m2026-09-06T14:44:20.588026Z[0m [34mDEBUG[0m [1mconn[0m[1m{[0m[3mid[0m[2m=[0m5[1m}[0m[2m:[0m [2mmoq_net::lite::publisher[0m[2m:[0m finished group [3msequence[0m[2m=[0m68
[2m2026-09-06T14:44:20.607909Z[0m [34mDEBUG[0m [1mconn[0m[1m{[0m[3mid[0m[2m=[0m5[1m}[0m[2m:[0m [2mmoq_net::lite::publisher[0m[2m:[0m serving group [3msubscribe[0m[2m=[0m1 [3mtrack[0m[2m=[0maudio [3msequence[0m[2m=[0m69
[2m2026-09-06T14:44:20.608151Z[0m [34mDEBUG[0m [1mconn[0m[1m{[0m[3mid[0m[2m=[0m5[1m}[0m[2m:[0m [2mmoq_net::lite::publisher[0m[2m:[0m finished group [3msequence[0m[2m=[0m69
[2m2026-09-06T14:44:20.627570Z[0m [34mDEBUG[0m [1mconn[0m[1m{[0m[3mid[0m[2m=[0m5[1m}[0m[2m:[0m [2mmoq_net::lite::publisher[0m[2m:[0m serving group [3msubscribe[0m[2m=[0m1 [3mtrack[0m[2m=[0maudio [3msequence[0m[2m=[0m70
[2m2026-09-06T14:44:20.627842Z[0m [34mDEBUG[0m [1mconn[0m[1m{[0m[3mid[0m[2m=[0m5[1m}[0m[2m:[0m [2mmoq_net::lite::publisher[0m[2m:[0m finished group [3msequence[0m[2m=[0m70
[2m2026-09-06T14:44:20.647461Z[0m [34mDEBUG[0m [1mconn[0m[1m{[0m[3mid[0m[2m=[0m5[1m}[0m[2m:[0m [2mmoq_net::lite::publisher[0m[2m:[0m serving group [3msubscribe[0m[2m=[0m1 [3mtrack[0m[2m=[0maudio [3msequence[0m[2m=[0m71
[2m2026-09-06T14:44:20.647713Z[0m [34mDEBUG[0m [1mconn[0m[1m{[0m[3mid[0m[2m=[0m5[1m}[0m[2m:[0m [2mmoq_net::lite::publisher[0m[2m:[0m finished group [3msequence[0m[2m=[0m71
[2m2026-09-06T14:44:20.667289Z[0m [34mDEBUG[0m [1mconn[0m[1m{[0m[3mid[0m[2m=[0m5[1m}[0m[2m:[0m [2mmoq_net::lite::publisher[0m[2m:[0m serving group [3msubscribe[0m[2m=[0m1 [3mtrack[0m[2m=[0maudio [3msequence[0m[2m=[0m72
[2m2026-09-06T14:44:20.669048Z[0m [34mDEBUG[0m [1mconn[0m[1m{[0m[3mid[0m[2m=[0m5[1m}[0m[2m:[0m [2mmoq_net::lite::publisher[0m[2m:[0m finished group [3msequence[0m[2m=[0m72
[2m2026-09-06T14:44:20.687648Z[0m [34mDEBUG[0m [1mconn[0m[1m{[0m[3mid[0m[2m=[0m5[1m}[0m[2m:[0m [2mmoq_net::lite::publisher[0m[2m:[0m serving group [3msubscribe[0m[2m=[0m1 [3mtrack[0m[2m=[0maudio [3msequence[0m[2m=[0m73
[2m2026-09-06T14:44:20.689474Z[0m [34mDEBUG[0m [1mconn[0m[1m{[0m[3mid[0m[2m=[0m5[1m}[0m[2m:[0m [2mmoq_net::lite::publisher[0m[2m:[0m finished group [3msequence[0m[2m=[0m73
[2m2026-09-06T14:44:20.707805Z[0m [34mDEBUG[0m [1mconn[0m[1m{[0m[3mid[0m[2m=[0m5[1m}[0m[2m:[0m [2mmoq_net::lite::publisher[0m[2m:[0m serving group [3msubscribe[0m[2m=[0m1 [3mtrack[0m[2m=[0maudio [3msequence[0m[2m=[0m74
[2m2026-09-06T14:44:20.709061Z[0m [34mDEBUG[0m [1mconn[0m[1m{[0m[3mid[0m[2m=[0m5[1m}[0m[2m:[0m [2mmoq_net::lite::publisher[0m[2m:[0m finished group [3msequence[0m[2m=[0m74
[2m2026-09-06T14:44:20.727605Z[0m [34mDEBUG[0m [1mconn[0m[1m{[0m[3mid[0m[2m=[0m5[1m}[0m[2m:[0m [2mmoq_net::lite::publisher[0m[2m:[0m serving group [3msubscribe[0m[2m=[0m1 [3mtrack[0m[2m=[0maudio [3msequence[0m[2m=[0m75
[2m2026-09-06T14:44:20.729340Z[0m [34mDEBUG[0m [1mconn[0m[1m{[0m[3mid[0m[2m=[0m5[1m}[0m[2m:[0m [2mmoq_net::lite::publisher[0m[2m:[0m finished group [3msequence[0m[2m=[0m75
[2m2026-09-06T14:44:20.747277Z[0m [34mDEBUG[0m [1mconn[0m[1m{[0m[3mid[0m[2m=[0m5[1m}[0m[2m:[0m [2mmoq_net::lite::publisher[0m[2m:[0m serving group [3msubscribe[0m[2m=[0m1 [3mtrack[0m[2m=[0maudio [3msequence[0m[2m=[0m76
[2m2026-09-06T14:44:20.748960Z[0m [34mDEBUG[0m [1mconn[0m[1m{[0m[3mid[0m[2m=[0m5[1m}[0m[2m:[0m [2mmoq_net::lite::publisher[0m[2m:[0m finished group [3msequence[0m[2m=[0m76
[2m2026-09-06T14:44:20.767406Z[0m [34mDEBUG[0m [1mconn[0m[1m{[0m[3mid[0m[2m=[0m5[1m}[0m[2m:[0m [2mmoq_net::lite::publisher[0m[2m:[0m serving group [3msubscribe[0m[2m=[0m1 [3mtrack[0m[2m=[0maudio [3msequence[0m[2m=[0m77
[2m2026-09-06T14:44:20.769090Z[0m [34mDEBUG[0m [1mconn[0m[1m{[0m[3mid[0m[2m=[0m5[1m}[0m[2m:[0m [2mmoq_net::lite::publisher[0m[2m:[0m finished group [3msequence[0m[2m=[0m77
[2m2026-09-06T14:44:20.786275Z[0m [34mDEBUG[0m [1mconn[0m[1m{[0m[3mid[0m[2m=[0m0[1m}[0m[2m:[0m [2mmoq_net::lite::publisher[0m[2m:[0m serving group [3msubscribe[0m[2m=[0m2 [3mtrack[0m[2m=[0mpublisher.json [3msequence[0m[2m=[0m10
[2m2026-09-06T14:44:20.786339Z[0m [34mDEBUG[0m [1mconn[0m[1m{[0m[3mid[0m[2m=[0m0[1m}[0m[2m:[0m [2mmoq_net::lite::publisher[0m[2m:[0m serving group [3msubscribe[0m[2m=[0m1 [3mtrack[0m[2m=[0msubscriber.json [3msequence[0m[2m=[0m10
[2m2026-09-06T14:44:20.787602Z[0m [34mDEBUG[0m [1mconn[0m[1m{[0m[3mid[0m[2m=[0m5[1m}[0m[2m:[0m [2mmoq_net::lite::publisher[0m[2m:[0m serving group [3msubscribe[0m[2m=[0m1 [3mtrack[0m[2m=[0maudio [3msequence[0m[2m=[0m78
[2m2026-09-06T14:44:20.787996Z[0m [34mDEBUG[0m [1mconn[0m[1m{[0m[3mid[0m[2m=[0m0[1m}[0m[2m:[0m [2mmoq_net::lite::publisher[0m[2m:[0m finished group [3msequence[0m[2m=[0m10
[2m2026-09-06T14:44:20.788030Z[0m [34mDEBUG[0m [1mconn[0m[1m{[0m[3mid[0m[2m=[0m0[1m}[0m[2m:[0m [2mmoq_net::lite::publisher[0m[2m:[0m finished group [3msequence[0m[2m=[0m10
[2m2026-09-06T14:44:20.789302Z[0m [34mDEBUG[0m [1mconn[0m[1m{[0m[3mid[0m[2m=[0m5[1m}[0m[2m:[0m [2mmoq_net::lite::publisher[0m[2m:[0m finished group [3msequence[0m[2m=[0m78
[2m2026-09-06T14:44:20.807754Z[0m [34mDEBUG[0m [1mconn[0m[1m{[0m[3mid[0m[2m=[0m5[1m}[0m[2m:[0m [2mmoq_net::lite::publisher[0m[2m:[0m serving group [3msubscribe[0m[2m=[0m1 [3mtrack[0m[2m=[0maudio [3msequence[0m[2m=[0m79
[2m2026-09-06T14:44:20.809495Z[0m [34mDEBUG[0m [1mconn[0m[1m{[0m[3mid[0m[2m=[0m5[1m}[0m[2m:[0m [2mmoq_net::lite::publisher[0m[2m:[0m finished group [3msequence[0m[2m=[0m79
[2m2026-09-06T14:44:20.827495Z[0m [34mDEBUG[0m [1mconn[0m[1m{[0m[3mid[0m[2m=[0m5[1m}[0m[2m:[0m [2mmoq_net::lite::publisher[0m[2m:[0m serving group [3msubscribe[0m[2m=[0m1 [3mtrack[0m[2m=[0maudio [3msequence[0m[2m=[0m80
[2m2026-09-06T14:44:20.829215Z[0m [34mDEBUG[0m [1mconn[0m[1m{[0m[3mid[0m[2m=[0m5[1m}[0m[2m:[0m [2mmoq_net::lite::publisher[0m[2m:[0m finished group [3msequence[0m[2m=[0m80
[2m2026-09-06T14:44:20.847565Z[0m [34mDEBUG[0m [1mconn[0m[1m{[0m[3mid[0m[2m=[0m5[1m}[0m[2m:[0m [2mmoq_net::lite::publisher[0m[2m:[0m serving group [3msubscribe[0m[2m=[0m1 [3mtrack[0m[2m=[0maudio [3msequence[0m[2m=[0m81
[2m2026-09-06T14:44:20.849041Z[0m [34mDEBUG[0m [1mconn[0m[1m{[0m[3mid[0m[2m=[0m5[1m}[0m[2m:[0m [2mmoq_net::lite::publisher[0m[2m:[0m finished group [3msequence[0m[2m=[0m81
[2m2026-09-06T14:44:20.867385Z[0m [34mDEBUG[0m [1mconn[0m[1m{[0m[3mid[0m[2m=[0m5[1m}[0m[2m:[0m [2mmoq_net::lite::publisher[0m[2m:[0m serving group [3msubscribe[0m[2m=[0m1 [3mtrack[0m[2m=[0maudio [3msequence[0m[2m=[0m82
[2m2026-09-06T14:44:20.869194Z[0m [34mDEBUG[0m [1mconn[0m[1m{[0m[3mid[0m[2m=[0m5[1m}[0m[2m:[0m [2mmoq_net::lite::publisher[0m[2m:[0m finished group [3msequence[0m[2m=[0m82
[2m2026-09-06T14:44:20.887691Z[0m [34mDEBUG[0m [1mconn[0m[1m{[0m[3mid[0m[2m=[0m5[1m}[0m[2m:[0m [2mmoq_net::lite::publisher[0m[2m:[0m serving group [3msubscribe[0m[2m=[0m1 [3mtrack[0m[2m=[0maudio [3msequence[0m[2m=[0m83
[2m2026-09-06T14:44:20.889075Z[0m [34mDEBUG[0m [1mconn[0m[1m{[0m[3mid[0m[2m=[0m5[1m}[0m[2m:[0m [2mmoq_net::lite::publisher[0m[2m:[0m finished group [3msequence[0m[2m=[0m83
[2m2026-09-06T14:44:20.907592Z[0m [34mDEBUG[0m [1mconn[0m[1m{[0m[3mid[0m[2m=[0m5[1m}[0m[2m:[0m [2mmoq_net::lite::publisher[0m[2m:[0m serving group [3msubscribe[0m[2m=[0m1 [3mtrack[0m[2m=[0maudio [3msequence[0m[2m=[0m84
[2m2026-09-06T14:44:20.908953Z[0m [34mDEBUG[0m [1mconn[0m[1m{[0m[3mid[0m[2m=[0m5[1m}[0m[2m:[0m [2mmoq_net::lite::publisher[0m[2m:[0m finished group [3msequence[0m[2m=[0m84
[2m2026-09-06T14:44:20.927732Z[0m [34mDEBUG[0m [1mconn[0m[1m{[0m[3mid[0m[2m=[0m5[1m}[0m[2m:[0m [2mmoq_net::lite::publisher[0m[2m:[0m serving group [3msubscribe[0m[2m=[0m1 [3mtrack[0m[2m=[0maudio [3msequence[0m[2m=[0m85
[2m2026-09-06T14:44:20.929454Z[0m [34mDEBUG[0m [1mconn[0m[1m{[0m[3mid[0m[2m=[0m5[1m}[0m[2m:[0m [2mmoq_net::lite::publisher[0m[2m:[0m finished group [3msequence[0m[2m=[0m85
[2m2026-09-06T14:44:20.947901Z[0m [34mDEBUG[0m [1mconn[0m[1m{[0m[3mid[0m[2m=[0m5[1m}[0m[2m:[0m [2mmoq_net::lite::publisher[0m[2m:[0m serving group [3msubscribe[0m[2m=[0m1 [3mtrack[0m[2m=[0maudio [3msequence[0m[2m=[0m86
[2m2026-09-06T14:44:20.949634Z[0m [34mDEBUG[0m [1mconn[0m[1m{[0m[3mid[0m[2m=[0m5[1m}[0m[2m:[0m [2mmoq_net::lite::publisher[0m[2m:[0m finished group [3msequence[0m[2m=[0m86
[2m2026-09-06T14:44:20.967527Z[0m [34mDEBUG[0m [1mconn[0m[1m{[0m[3mid[0m[2m=[0m5[1m}[0m[2m:[0m [2mmoq_net::lite::publisher[0m[2m:[0m serving group [3msubscribe[0m[2m=[0m1 [3mtrack[0m[2m=[0maudio [3msequence[0m[2m=[0m87
[2m2026-09-06T14:44:20.969262Z[0m [34mDEBUG[0m [1mconn[0m[1m{[0m[3mid[0m[2m=[0m5[1m}[0m[2m:[0m [2mmoq_net::lite::publisher[0m[2m:[0m finished group [3msequence[0m[2m=[0m87
[2m2026-09-06T14:44:20.987742Z[0m [34mDEBUG[0m [1mconn[0m[1m{[0m[3mid[0m[2m=[0m5[1m}[0m[2m:[0m [2mmoq_net::lite::publisher[0m[2m:[0m serving group [3msubscribe[0m[2m=[0m1 [3mtrack[0m[2m=[0maudio [3msequence[0m[2m=[0m88
[2m2026-09-06T14:44:20.989555Z[0m [34mDEBUG[0m [1mconn[0m[1m{[0m[3mid[0m[2m=[0m5[1m}[0m[2m:[0m [2mmoq_net::lite::publisher[0m[2m:[0m finished group [3msequence[0m[2m=[0m88
[2m2026-09-06T14:44:21.007322Z[0m [34mDEBUG[0m [1mconn[0m[1m{[0m[3mid[0m[2m=[0m5[1m}[0m[2m:[0m [2mmoq_net::lite::publisher[0m[2m:[0m serving group [3msubscribe[0m[2m=[0m1 [3mtrack[0m[2m=[0maudio [3msequence[0m[2m=[0m89
[2m2026-09-06T14:44:21.009001Z[0m [34mDEBUG[0m [1mconn[0m[1m{[0m[3mid[0m[2m=[0m5[1m}[0m[2m:[0m [2mmoq_net::lite::publisher[0m[2m:[0m finished group [3msequence[0m[2m=[0m89
[2m2026-09-06T14:44:21.027398Z[0m [34mDEBUG[0m [1mconn[0m[1m{[0m[3mid[0m[2m=[0m5[1m}[0m[2m:[0m [2mmoq_net::lite::publisher[0m[2m:[0m serving group [3msubscribe[0m[2m=[0m1 [3mtrack[0m[2m=[0maudio [3msequence[0m[2m=[0m90
[2m2026-09-06T14:44:21.029153Z[0m [34mDEBUG[0m [1mconn[0m[1m{[0m[3mid[0m[2m=[0m5[1m}[0m[2m:[0m [2mmoq_net::lite::publisher[0m[2m:[0m finished group [3msequence[0m[2m=[0m90
[2m2026-09-06T14:44:21.047535Z[0m [34mDEBUG[0m [1mconn[0m[1m{[0m[3mid[0m[2m=[0m5[1m}[0m[2m:[0m [2mmoq_net::lite::publisher[0m[2m:[0m serving group [3msubscribe[0m[2m=[0m1 [3mtrack[0m[2m=[0maudio [3msequence[0m[2m=[0m91
[2m2026-09-06T14:44:21.049262Z[0m [34mDEBUG[0m [1mconn[0m[1m{[0m[3mid[0m[2m=[0m5[1m}[0m[2m:[0m [2mmoq_net::lite::publisher[0m[2m:[0m finished group [3msequence[0m[2m=[0m91
[2m2026-09-06T14:44:21.067624Z[0m [34mDEBUG[0m [1mconn[0m[1m{[0m[3mid[0m[2m=[0m5[1m}[0m[2m:[0m [2mmoq_net::lite::publisher[0m[2m:[0m serving group [3msubscribe[0m[2m=[0m1 [3mtrack[0m[2m=[0maudio [3msequence[0m[2m=[0m92
[2m2026-09-06T14:44:21.069502Z[0m [34mDEBUG[0m [1mconn[0m[1m{[0m[3mid[0m[2m=[0m5[1m}[0m[2m:[0m [2mmoq_net::lite::publisher[0m[2m:[0m finished group [3msequence[0m[2m=[0m92
[2m2026-09-06T14:44:21.087694Z[0m [34mDEBUG[0m [1mconn[0m[1m{[0m[3mid[0m[2m=[0m5[1m}[0m[2m:[0m [2mmoq_net::lite::publisher[0m[2m:[0m serving group [3msubscribe[0m[2m=[0m1 [3mtrack[0m[2m=[0maudio [3msequence[0m[2m=[0m93
[2m2026-09-06T14:44:21.089487Z[0m [34mDEBUG[0m [1mconn[0m[1m{[0m[3mid[0m[2m=[0m5[1m}[0m[2m:[0m [2mmoq_net::lite::publisher[0m[2m:[0m finished group [3msequence[0m[2m=[0m93
[2m2026-09-06T14:44:21.107753Z[0m [34mDEBUG[0m [1mconn[0m[1m{[0m[3mid[0m[2m=[0m5[1m}[0m[2m:[0m [2mmoq_net::lite::publisher[0m[2m:[0m serving group [3msubscribe[0m[2m=[0m1 [3mtrack[0m[2m=[0maudio [3msequence[0m[2m=[0m94
[2m2026-09-06T14:44:21.109461Z[0m [34mDEBUG[0m [1mconn[0m[1m{[0m[3mid[0m[2m=[0m5[1m}[0m[2m:[0m [2mmoq_net::lite::publisher[0m[2m:[0m finished group [3msequence[0m[2m=[0m94
[2m2026-09-06T14:44:21.127587Z[0m [34mDEBUG[0m [1mconn[0m[1m{[0m[3mid[0m[2m=[0m5[1m}[0m[2m:[0m [2mmoq_net::lite::publisher[0m[2m:[0m serving group [3msubscribe[0m[2m=[0m1 [3mtrack[0m[2m=[0maudio [3msequence[0m[2m=[0m95
[2m2026-09-06T14:44:21.129343Z[0m [34mDEBUG[0m [1mconn[0m[1m{[0m[3mid[0m[2m=[0m5[1m}[0m[2m:[0m [2mmoq_net::lite::publisher[0m[2m:[0m finished group [3msequence[0m[2m=[0m95
[2m2026-09-06T14:44:21.147341Z[0m [34mDEBUG[0m [1mconn[0m[1m{[0m[3mid[0m[2m=[0m5[1m}[0m[2m:[0m [2mmoq_net::lite::publisher[0m[2m:[0m serving group [3msubscribe[0m[2m=[0m1 [3mtrack[0m[2m=[0maudio [3msequence[0m[2m=[0m96
[2m2026-09-06T14:44:21.149022Z[0m [34mDEBUG[0m [1mconn[0m[1m{[0m[3mid[0m[2m=[0m5[1m}[0m[2m:[0m [2mmoq_net::lite::publisher[0m[2m:[0m finished group [3msequence[0m[2m=[0m96
[2m2026-09-06T14:44:21.167593Z[0m [34mDEBUG[0m [1mconn[0m[1m{[0m[3mid[0m[2m=[0m5[1m}[0m[2m:[0m [2mmoq_net::lite::publisher[0m[2m:[0m serving group [3msubscribe[0m[2m=[0m1 [3mtrack[0m[2m=[0maudio [3msequence[0m[2m=[0m97
[2m2026-09-06T14:44:21.169343Z[0m [34mDEBUG[0m [1mconn[0m[1m{[0m[3mid[0m[2m=[0m5[1m}[0m[2m:[0m [2mmoq_net::lite::publisher[0m[2m:[0m finished group [3msequence[0m[2m=[0m97
[2m2026-09-06T14:44:21.187719Z[0m [34mDEBUG[0m [1mconn[0m[1m{[0m[3mid[0m[2m=[0m5[1m}[0m[2m:[0m [2mmoq_net::lite::publisher[0m[2m:[0m serving group [3msubscribe[0m[2m=[0m1 [3mtrack[0m[2m=[0maudio [3msequence[0m[2m=[0m98
[2m2026-09-06T14:44:21.188120Z[0m [34mDEBUG[0m [1mconn[0m[1m{[0m[3mid[0m[2m=[0m5[1m}[0m[2m:[0m [2mmoq_net::lite::publisher[0m[2m:[0m finished group [3msequence[0m[2m=[0m98
[2m2026-09-06T14:44:21.208864Z[0m [34mDEBUG[0m [1mconn[0m[1m{[0m[3mid[0m[2m=[0m5[1m}[0m[2m:[0m [2mmoq_net::lite::publisher[0m[2m:[0m serving group [3msubscribe[0m[2m=[0m1 [3mtrack[0m[2m=[0maudio [3msequence[0m[2m=[0m99
[2m2026-09-06T14:44:21.210933Z[0m [34mDEBUG[0m [1mconn[0m[1m{[0m[3mid[0m[2m=[0m5[1m}[0m[2m:[0m [2mmoq_net::lite::publisher[0m[2m:[0m finished group [3msequence[0m[2m=[0m99
[2m2026-09-06T14:44:21.227627Z[0m [34mDEBUG[0m [1mconn[0m[1m{[0m[3mid[0m[2m=[0m5[1m}[0m[2m:[0m [2mmoq_net::lite::publisher[0m[2m:[0m serving group [3msubscribe[0m[2m=[0m1 [3mtrack[0m[2m=[0maudio [3msequence[0m[2m=[0m100
[2m2026-09-06T14:44:21.229365Z[0m [34mDEBUG[0m [1mconn[0m[1m{[0m[3mid[0m[2m=[0m5[1m}[0m[2m:[0m [2mmoq_net::lite::publisher[0m[2m:[0m finished group [3msequence[0m[2m=[0m100
[2m2026-09-06T14:44:21.247721Z[0m [34mDEBUG[0m [1mconn[0m[1m{[0m[3mid[0m[2m=[0m5[1m}[0m[2m:[0m [2mmoq_net::lite::publisher[0m[2m:[0m serving group [3msubscribe[0m[2m=[0m1 [3mtrack[0m[2m=[0maudio [3msequence[0m[2m=[0m101
[2m2026-09-06T14:44:21.249040Z[0m [34mDEBUG[0m [1mconn[0m[1m{[0m[3mid[0m[2m=[0m5[1m}[0m[2m:[0m [2mmoq_net::lite::publisher[0m[2m:[0m finished group [3msequence[0m[2m=[0m101
[2m2026-09-06T14:44:21.267962Z[0m [34mDEBUG[0m [1mconn[0m[1m{[0m[3mid[0m[2m=[0m5[1m}[0m[2m:[0m [2mmoq_net::lite::publisher[0m[2m:[0m serving group [3msubscribe[0m[2m=[0m1 [3mtrack[0m[2m=[0maudio [3msequence[0m[2m=[0m102
[2m2026-09-06T14:44:21.269812Z[0m [34mDEBUG[0m [1mconn[0m[1m{[0m[3mid[0m[2m=[0m5[1m}[0m[2m:[0m [2mmoq_net::lite::publisher[0m[2m:[0m finished group [3msequence[0m[2m=[0m102
[2m2026-09-06T14:44:21.287554Z[0m [34mDEBUG[0m [1mconn[0m[1m{[0m[3mid[0m[2m=[0m5[1m}[0m[2m:[0m [2mmoq_net::lite::publisher[0m[2m:[0m serving group [3msubscribe[0m[2m=[0m1 [3mtrack[0m[2m=[0maudio [3msequence[0m[2m=[0m103
[2m2026-09-06T14:44:21.289308Z[0m [34mDEBUG[0m [1mconn[0m[1m{[0m[3mid[0m[2m=[0m5[1m}[0m[2m:[0m [2mmoq_net::lite::publisher[0m[2m:[0m finished group [3msequence[0m[2m=[0m103
[2m2026-09-06T14:44:21.307345Z[0m [34mDEBUG[0m [1mconn[0m[1m{[0m[3mid[0m[2m=[0m5[1m}[0m[2m:[0m [2mmoq_net::lite::publisher[0m[2m:[0m serving group [3msubscribe[0m[2m=[0m1 [3mtrack[0m[2m=[0maudio [3msequence[0m[2m=[0m104
[2m2026-09-06T14:44:21.309053Z[0m [34mDEBUG[0m [1mconn[0m[1m{[0m[3mid[0m[2m=[0m5[1m}[0m[2m:[0m [2mmoq_net::lite::publisher[0m[2m:[0m finished group [3msequence[0m[2m=[0m104
[2m2026-09-06T14:44:21.347497Z[0m [34mDEBUG[0m [1mconn[0m[1m{[0m[3mid[0m[2m=[0m5[1m}[0m[2m:[0m [2mmoq_net::lite::publisher[0m[2m:[0m serving group [3msubscribe[0m[2m=[0m1 [3mtrack[0m[2m=[0maudio [3msequence[0m[2m=[0m105
[2m2026-09-06T14:44:21.348979Z[0m [34mDEBUG[0m [1mconn[0m[1m{[0m[3mid[0m[2m=[0m5[1m}[0m[2m:[0m [2mmoq_net::lite::publisher[0m[2m:[0m finished group [3msequence[0m[2m=[0m105
[2m2026-09-06T14:44:21.367477Z[0m [34mDEBUG[0m [1mconn[0m[1m{[0m[3mid[0m[2m=[0m5[1m}[0m[2m:[0m [2mmoq_net::lite::publisher[0m[2m:[0m serving group [3msubscribe[0m[2m=[0m1 [3mtrack[0m[2m=[0maudio [3msequence[0m[2m=[0m106
[2m2026-09-06T14:44:21.369423Z[0m [34mDEBUG[0m [1mconn[0m[1m{[0m[3mid[0m[2m=[0m5[1m}[0m[2m:[0m [2mmoq_net::lite::publisher[0m[2m:[0m finished group [3msequence[0m[2m=[0m106
[2m2026-09-06T14:44:21.387885Z[0m [34mDEBUG[0m [1mconn[0m[1m{[0m[3mid[0m[2m=[0m5[1m}[0m[2m:[0m [2mmoq_net::lite::publisher[0m[2m:[0m serving group [3msubscribe[0m[2m=[0m1 [3mtrack[0m[2m=[0maudio [3msequence[0m[2m=[0m107
[2m2026-09-06T14:44:21.389653Z[0m [34mDEBUG[0m [1mconn[0m[1m{[0m[3mid[0m[2m=[0m5[1m}[0m[2m:[0m [2mmoq_net::lite::publisher[0m[2m:[0m finished group [3msequence[0m[2m=[0m107
[2m2026-09-06T14:44:21.407422Z[0m [34mDEBUG[0m [1mconn[0m[1m{[0m[3mid[0m[2m=[0m5[1m}[0m[2m:[0m [2mmoq_net::lite::publisher[0m[2m:[0m serving group [3msubscribe[0m[2m=[0m1 [3mtrack[0m[2m=[0maudio [3msequence[0m[2m=[0m108
[2m2026-09-06T14:44:21.408830Z[0m [34mDEBUG[0m [1mconn[0m[1m{[0m[3mid[0m[2m=[0m5[1m}[0m[2m:[0m [2mmoq_net::lite::publisher[0m[2m:[0m finished group [3msequence[0m[2m=[0m108
[2m2026-09-06T14:44:21.427513Z[0m [34mDEBUG[0m [1mconn[0m[1m{[0m[3mid[0m[2m=[0m5[1m}[0m[2m:[0m [2mmoq_net::lite::publisher[0m[2m:[0m serving group [3msubscribe[0m[2m=[0m1 [3mtrack[0m[2m=[0maudio [3msequence[0m[2m=[0m109
[2m2026-09-06T14:44:21.429253Z[0m [34mDEBUG[0m [1mconn[0m[1m{[0m[3mid[0m[2m=[0m5[1m}[0m[2m:[0m [2mmoq_net::lite::publisher[0m[2m:[0m finished group [3msequence[0m[2m=[0m109
[2m2026-09-06T14:44:21.447257Z[0m [34mDEBUG[0m [1mconn[0m[1m{[0m[3mid[0m[2m=[0m5[1m}[0m[2m:[0m [2mmoq_net::lite::publisher[0m[2m:[0m serving group [3msubscribe[0m[2m=[0m1 [3mtrack[0m[2m=[0maudio [3msequence[0m[2m=[0m110
[2m2026-09-06T14:44:21.448927Z[0m [34mDEBUG[0m [1mconn[0m[1m{[0m[3mid[0m[2m=[0m5[1m}[0m[2m:[0m [2mmoq_net::lite::publisher[0m[2m:[0m finished group [3msequence[0m[2m=[0m110
[2m2026-09-06T14:44:21.467530Z[0m [34mDEBUG[0m [1mconn[0m[1m{[0m[3mid[0m[2m=[0m5[1m}[0m[2m:[0m [2mmoq_net::lite::publisher[0m[2m:[0m serving group [3msubscribe[0m[2m=[0m1 [3mtrack[0m[2m=[0maudio [3msequence[0m[2m=[0m111
[2m2026-09-06T14:44:21.469381Z[0m [34mDEBUG[0m [1mconn[0m[1m{[0m[3mid[0m[2m=[0m5[1m}[0m[2m:[0m [2mmoq_net::lite::publisher[0m[2m:[0m finished group [3msequence[0m[2m=[0m111
[2m2026-09-06T14:44:21.487625Z[0m [34mDEBUG[0m [1mconn[0m[1m{[0m[3mid[0m[2m=[0m5[1m}[0m[2m:[0m [2mmoq_net::lite::publisher[0m[2m:[0m serving group [3msubscribe[0m[2m=[0m1 [3mtrack[0m[2m=[0maudio [3msequence[0m[2m=[0m112
[2m2026-09-06T14:44:21.489365Z[0m [34mDEBUG[0m [1mconn[0m[1m{[0m[3mid[0m[2m=[0m5[1m}[0m[2m:[0m [2mmoq_net::lite::publisher[0m[2m:[0m finished group [3msequence[0m[2m=[0m112
[2m2026-09-06T14:44:21.507394Z[0m [34mDEBUG[0m [1mconn[0m[1m{[0m[3mid[0m[2m=[0m5[1m}[0m[2m:[0m [2mmoq_net::lite::publisher[0m[2m:[0m serving group [3msubscribe[0m[2m=[0m1 [3mtrack[0m[2m=[0maudio [3msequence[0m[2m=[0m113
[2m2026-09-06T14:44:21.509094Z[0m [34mDEBUG[0m [1mconn[0m[1m{[0m[3mid[0m[2m=[0m5[1m}[0m[2m:[0m [2mmoq_net::lite::publisher[0m[2m:[0m finished group [3msequence[0m[2m=[0m113
[2m2026-09-06T14:44:21.527299Z[0m [34mDEBUG[0m [1mconn[0m[1m{[0m[3mid[0m[2m=[0m5[1m}[0m[2m:[0m [2mmoq_net::lite::publisher[0m[2m:[0m serving group [3msubscribe[0m[2m=[0m1 [3mtrack[0m[2m=[0maudio [3msequence[0m[2m=[0m114
[2m2026-09-06T14:44:21.528632Z[0m [34mDEBUG[0m [1mconn[0m[1m{[0m[3mid[0m[2m=[0m5[1m}[0m[2m:[0m [2mmoq_net::lite::publisher[0m[2m:[0m finished group [3msequence[0m[2m=[0m114
[2m2026-09-06T14:44:21.547259Z[0m [34mDEBUG[0m [1mconn[0m[1m{[0m[3mid[0m[2m=[0m5[1m}[0m[2m:[0m [2mmoq_net::lite::publisher[0m[2m:[0m serving group [3msubscribe[0m[2m=[0m1 [3mtrack[0m[2m=[0maudio [3msequence[0m[2m=[0m115
[2m2026-09-06T14:44:21.548827Z[0m [34mDEBUG[0m [1mconn[0m[1m{[0m[3mid[0m[2m=[0m5[1m}[0m[2m:[0m [2mmoq_net::lite::publisher[0m[2m:[0m finished group [3msequence[0m[2m=[0m115
[2m2026-09-06T14:44:21.567385Z[0m [34mDEBUG[0m [1mconn[0m[1m{[0m[3mid[0m[2m=[0m5[1m}[0m[2m:[0m [2mmoq_net::lite::publisher[0m[2m:[0m serving group [3msubscribe[0m[2m=[0m1 [3mtrack[0m[2m=[0maudio [3msequence[0m[2m=[0m116
[2m2026-09-06T14:44:21.569109Z[0m [34mDEBUG[0m [1mconn[0m[1m{[0m[3mid[0m[2m=[0m5[1m}[0m[2m:[0m [2mmoq_net::lite::publisher[0m[2m:[0m finished group [3msequence[0m[2m=[0m116
[2m2026-09-06T14:44:21.587531Z[0m [34mDEBUG[0m [1mconn[0m[1m{[0m[3mid[0m[2m=[0m5[1m}[0m[2m:[0m [2mmoq_net::lite::publisher[0m[2m:[0m serving group [3msubscribe[0m[2m=[0m1 [3mtrack[0m[2m=[0maudio [3msequence[0m[2m=[0m117
[2m2026-09-06T14:44:21.589232Z[0m [34mDEBUG[0m [1mconn[0m[1m{[0m[3mid[0m[2m=[0m5[1m}[0m[2m:[0m [2mmoq_net::lite::publisher[0m[2m:[0m finished group [3msequence[0m[2m=[0m117
[2m2026-09-06T14:44:21.607870Z[0m [34mDEBUG[0m [1mconn[0m[1m{[0m[3mid[0m[2m=[0m5[1m}[0m[2m:[0m [2mmoq_net::lite::publisher[0m[2m:[0m serving group [3msubscribe[0m[2m=[0m1 [3mtrack[0m[2m=[0maudio [3msequence[0m[2m=[0m118
[2m2026-09-06T14:44:21.609630Z[0m [34mDEBUG[0m [1mconn[0m[1m{[0m[3mid[0m[2m=[0m5[1m}[0m[2m:[0m [2mmoq_net::lite::publisher[0m[2m:[0m finished group [3msequence[0m[2m=[0m118
[2m2026-09-06T14:44:21.627664Z[0m [34mDEBUG[0m [1mconn[0m[1m{[0m[3mid[0m[2m=[0m5[1m}[0m[2m:[0m [2mmoq_net::lite::publisher[0m[2m:[0m serving group [3msubscribe[0m[2m=[0m1 [3mtrack[0m[2m=[0maudio [3msequence[0m[2m=[0m119
[2m2026-09-06T14:44:21.629399Z[0m [34mDEBUG[0m [1mconn[0m[1m{[0m[3mid[0m[2m=[0m5[1m}[0m[2m:[0m [2mmoq_net::lite::publisher[0m[2m:[0m finished group [3msequence[0m[2m=[0m119
[2m2026-09-06T14:44:21.647455Z[0m [34mDEBUG[0m [1mconn[0m[1m{[0m[3mid[0m[2m=[0m5[1m}[0m[2m:[0m [2mmoq_net::lite::publisher[0m[2m:[0m serving group [3msubscribe[0m[2m=[0m1 [3mtrack[0m[2m=[0maudio [3msequence[0m[2m=[0m120
[2m2026-09-06T14:44:21.649035Z[0m [34mDEBUG[0m [1mconn[0m[1m{[0m[3mid[0m[2m=[0m5[1m}[0m[2m:[0m [2mmoq_net::lite::publisher[0m[2m:[0m finished group [3msequence[0m[2m=[0m120
[2m2026-09-06T14:44:21.667586Z[0m [34mDEBUG[0m [1mconn[0m[1m{[0m[3mid[0m[2m=[0m5[1m}[0m[2m:[0m [2mmoq_net::lite::publisher[0m[2m:[0m serving group [3msubscribe[0m[2m=[0m1 [3mtrack[0m[2m=[0maudio [3msequence[0m[2m=[0m121
[2m2026-09-06T14:44:21.669117Z[0m [34mDEBUG[0m [1mconn[0m[1m{[0m[3mid[0m[2m=[0m5[1m}[0m[2m:[0m [2mmoq_net::lite::publisher[0m[2m:[0m finished group [3msequence[0m[2m=[0m121
[2m2026-09-06T14:44:21.687744Z[0m [34mDEBUG[0m [1mconn[0m[1m{[0m[3mid[0m[2m=[0m5[1m}[0m[2m:[0m [2mmoq_net::lite::publisher[0m[2m:[0m serving group [3msubscribe[0m[2m=[0m1 [3mtrack[0m[2m=[0maudio [3msequence[0m[2m=[0m122
[2m2026-09-06T14:44:21.689488Z[0m [34mDEBUG[0m [1mconn[0m[1m{[0m[3mid[0m[2m=[0m5[1m}[0m[2m:[0m [2mmoq_net::lite::publisher[0m[2m:[0m finished group [3msequence[0m[2m=[0m122
[2m2026-09-06T14:44:21.707808Z[0m [34mDEBUG[0m [1mconn[0m[1m{[0m[3mid[0m[2m=[0m5[1m}[0m[2m:[0m [2mmoq_net::lite::publisher[0m[2m:[0m serving group [3msubscribe[0m[2m=[0m1 [3mtrack[0m[2m=[0maudio [3msequence[0m[2m=[0m123
[2m2026-09-06T14:44:21.709542Z[0m [34mDEBUG[0m [1mconn[0m[1m{[0m[3mid[0m[2m=[0m5[1m}[0m[2m:[0m [2mmoq_net::lite::publisher[0m[2m:[0m finished group [3msequence[0m[2m=[0m123
[2m2026-09-06T14:44:21.727915Z[0m [34mDEBUG[0m [1mconn[0m[1m{[0m[3mid[0m[2m=[0m5[1m}[0m[2m:[0m [2mmoq_net::lite::publisher[0m[2m:[0m serving group [3msubscribe[0m[2m=[0m1 [3mtrack[0m[2m=[0maudio [3msequence[0m[2m=[0m124
[2m2026-09-06T14:44:21.729640Z[0m [34mDEBUG[0m [1mconn[0m[1m{[0m[3mid[0m[2m=[0m5[1m}[0m[2m:[0m [2mmoq_net::lite::publisher[0m[2m:[0m finished group [3msequence[0m[2m=[0m124
[2m2026-09-06T14:44:21.747586Z[0m [34mDEBUG[0m [1mconn[0m[1m{[0m[3mid[0m[2m=[0m5[1m}[0m[2m:[0m [2mmoq_net::lite::publisher[0m[2m:[0m serving group [3msubscribe[0m[2m=[0m1 [3mtrack[0m[2m=[0maudio [3msequence[0m[2m=[0m125
[2m2026-09-06T14:44:21.749056Z[0m [34mDEBUG[0m [1mconn[0m[1m{[0m[3mid[0m[2m=[0m5[1m}[0m[2m:[0m [2mmoq_net::lite::publisher[0m[2m:[0m finished group [3msequence[0m[2m=[0m125
[2m2026-09-06T14:44:21.767439Z[0m [34mDEBUG[0m [1mconn[0m[1m{[0m[3mid[0m[2m=[0m5[1m}[0m[2m:[0m [2mmoq_net::lite::publisher[0m[2m:[0m serving group [3msubscribe[0m[2m=[0m1 [3mtrack[0m[2m=[0maudio [3msequence[0m[2m=[0m126
[2m2026-09-06T14:44:21.769144Z[0m [34mDEBUG[0m [1mconn[0m[1m{[0m[3mid[0m[2m=[0m5[1m}[0m[2m:[0m [2mmoq_net::lite::publisher[0m[2m:[0m finished group [3msequence[0m[2m=[0m126
[2m2026-09-06T14:44:21.786322Z[0m [34mDEBUG[0m [1mconn[0m[1m{[0m[3mid[0m[2m=[0m0[1m}[0m[2m:[0m [2mmoq_net::lite::publisher[0m[2m:[0m serving group [3msubscribe[0m[2m=[0m2 [3mtrack[0m[2m=[0mpublisher.json [3msequence[0m[2m=[0m11
[2m2026-09-06T14:44:21.786396Z[0m [34mDEBUG[0m [1mconn[0m[1m{[0m[3mid[0m[2m=[0m0[1m}[0m[2m:[0m [2mmoq_net::lite::publisher[0m[2m:[0m serving group [3msubscribe[0m[2m=[0m1 [3mtrack[0m[2m=[0msubscriber.json [3msequence[0m[2m=[0m11
[2m2026-09-06T14:44:21.788119Z[0m [34mDEBUG[0m [1mconn[0m[1m{[0m[3mid[0m[2m=[0m0[1m}[0m[2m:[0m [2mmoq_net::lite::publisher[0m[2m:[0m finished group [3msequence[0m[2m=[0m11
[2m2026-09-06T14:44:21.788142Z[0m [34mDEBUG[0m [1mconn[0m[1m{[0m[3mid[0m[2m=[0m0[1m}[0m[2m:[0m [2mmoq_net::lite::publisher[0m[2m:[0m finished group [3msequence[0m[2m=[0m11
[2m2026-09-06T14:44:21.991012Z[0m [34mDEBUG[0m [1mconn[0m[1m{[0m[3mid[0m[2m=[0m5[1m}[0m[2m:[0m [2mmoq_net::lite::publisher[0m[2m:[0m serving group [3msubscribe[0m[2m=[0m2 [3mtrack[0m[2m=[0mvideo [3msequence[0m[2m=[0m0
[2m2026-09-06T14:44:22.020020Z[0m [34mDEBUG[0m [1mconn[0m[1m{[0m[3mid[0m[2m=[0m5[1m}[0m[2m:[0m [2mmoq_net::lite::publisher[0m[2m:[0m serving group [3msubscribe[0m[2m=[0m2 [3mtrack[0m[2m=[0mvideo [3msequence[0m[2m=[0m1
[2m2026-09-06T14:44:22.021477Z[0m [34mDEBUG[0m [1mconn[0m[1m{[0m[3mid[0m[2m=[0m5[1m}[0m[2m:[0m [2mmoq_net::lite::publisher[0m[2m:[0m finished group [3msequence[0m[2m=[0m0
[2m2026-09-06T14:44:22.187966Z[0m [34mDEBUG[0m [1mconn[0m[1m{[0m[3mid[0m[2m=[0m5[1m}[0m[2m:[0m [2mmoq_net::lite::publisher[0m[2m:[0m serving group [3msubscribe[0m[2m=[0m1 [3mtrack[0m[2m=[0maudio [3msequence[0m[2m=[0m127
[2m2026-09-06T14:44:22.189728Z[0m [34mDEBUG[0m [1mconn[0m[1m{[0m[3mid[0m[2m=[0m5[1m}[0m[2m:[0m [2mmoq_net::lite::publisher[0m[2m:[0m finished group [3msequence[0m[2m=[0m127
[2m2026-09-06T14:44:22.328434Z[0m [34mDEBUG[0m [1mconn[0m[1m{[0m[3mid[0m[2m=[0m5[1m}[0m[2m:[0m [2mmoq_net::lite::publisher[0m[2m:[0m serving group [3msubscribe[0m[2m=[0m1 [3mtrack[0m[2m=[0maudio [3msequence[0m[2m=[0m128
[2m2026-09-06T14:44:22.330420Z[0m [34mDEBUG[0m [1mconn[0m[1m{[0m[3mid[0m[2m=[0m5[1m}[0m[2m:[0m [2mmoq_net::lite::publisher[0m[2m:[0m finished group [3msequence[0m[2m=[0m128
[2m2026-09-06T14:44:22.348541Z[0m [34mDEBUG[0m [1mconn[0m[1m{[0m[3mid[0m[2m=[0m5[1m}[0m[2m:[0m [2mmoq_net::lite::publisher[0m[2m:[0m serving group [3msubscribe[0m[2m=[0m1 [3mtrack[0m[2m=[0maudio [3msequence[0m[2m=[0m129
[2m2026-09-06T14:44:22.350542Z[0m [34mDEBUG[0m [1mconn[0m[1m{[0m[3mid[0m[2m=[0m5[1m}[0m[2m:[0m [2mmoq_net::lite::publisher[0m[2m:[0m finished group [3msequence[0m[2m=[0m129
[2m2026-09-06T14:44:22.368670Z[0m [34mDEBUG[0m [1mconn[0m[1m{[0m[3mid[0m[2m=[0m5[1m}[0m[2m:[0m [2mmoq_net::lite::publisher[0m[2m:[0m serving group [3msubscribe[0m[2m=[0m1 [3mtrack[0m[2m=[0maudio [3msequence[0m[2m=[0m130
[2m2026-09-06T14:44:22.370796Z[0m [34mDEBUG[0m [1mconn[0m[1m{[0m[3mid[0m[2m=[0m5[1m}[0m[2m:[0m [2mmoq_net::lite::publisher[0m[2m:[0m finished group [3msequence[0m[2m=[0m130
[2m2026-09-06T14:44:22.388685Z[0m [34mDEBUG[0m [1mconn[0m[1m{[0m[3mid[0m[2m=[0m5[1m}[0m[2m:[0m [2mmoq_net::lite::publisher[0m[2m:[0m serving group [3msubscribe[0m[2m=[0m1 [3mtrack[0m[2m=[0maudio [3msequence[0m[2m=[0m131
[2m2026-09-06T14:44:22.390603Z[0m [34mDEBUG[0m [1mconn[0m[1m{[0m[3mid[0m[2m=[0m5[1m}[0m[2m:[0m [2mmoq_net::lite::publisher[0m[2m:[0m finished group [3msequence[0m[2m=[0m131
[2m2026-09-06T14:44:22.407966Z[0m [34mDEBUG[0m [1mconn[0m[1m{[0m[3mid[0m[2m=[0m5[1m}[0m[2m:[0m [2mmoq_net::lite::publisher[0m[2m:[0m serving group [3msubscribe[0m[2m=[0m1 [3mtrack[0m[2m=[0maudio [3msequence[0m[2m=[0m132
[2m2026-09-06T14:44:22.409856Z[0m [34mDEBUG[0m [1mconn[0m[1m{[0m[3mid[0m[2m=[0m5[1m}[0m[2m:[0m [2mmoq_net::lite::publisher[0m[2m:[0m finished group [3msequence[0m[2m=[0m132
[2m2026-09-06T14:44:22.428059Z[0m [34mDEBUG[0m [1mconn[0m[1m{[0m[3mid[0m[2m=[0m5[1m}[0m[2m:[0m [2mmoq_net::lite::publisher[0m[2m:[0m serving group [3msubscribe[0m[2m=[0m1 [3mtrack[0m[2m=[0maudio [3msequence[0m[2m=[0m133
[2m2026-09-06T14:44:22.429922Z[0m [34mDEBUG[0m [1mconn[0m[1m{[0m[3mid[0m[2m=[0m5[1m}[0m[2m:[0m [2mmoq_net::lite::publisher[0m[2m:[0m finished group [3msequence[0m[2m=[0m133
[2m2026-09-06T14:44:22.448389Z[0m [34mDEBUG[0m [1mconn[0m[1m{[0m[3mid[0m[2m=[0m5[1m}[0m[2m:[0m [2mmoq_net::lite::publisher[0m[2m:[0m serving group [3msubscribe[0m[2m=[0m1 [3mtrack[0m[2m=[0maudio [3msequence[0m[2m=[0m134
[2m2026-09-06T14:44:22.448931Z[0m [34mDEBUG[0m [1mconn[0m[1m{[0m[3mid[0m[2m=[0m5[1m}[0m[2m:[0m [2mmoq_net::lite::publisher[0m[2m:[0m finished group [3msequence[0m[2m=[0m134
[2m2026-09-06T14:44:22.468560Z[0m [34mDEBUG[0m [1mconn[0m[1m{[0m[3mid[0m[2m=[0m5[1m}[0m[2m:[0m [2mmoq_net::lite::publisher[0m[2m:[0m serving group [3msubscribe[0m[2m=[0m1 [3mtrack[0m[2m=[0maudio [3msequence[0m[2m=[0m135
[2m2026-09-06T14:44:22.469049Z[0m [34mDEBUG[0m [1mconn[0m[1m{[0m[3mid[0m[2m=[0m5[1m}[0m[2m:[0m [2mmoq_net::lite::publisher[0m[2m:[0m finished group [3msequence[0m[2m=[0m135
[2m2026-09-06T14:44:22.488802Z[0m [34mDEBUG[0m [1mconn[0m[1m{[0m[3mid[0m[2m=[0m5[1m}[0m[2m:[0m [2mmoq_net::lite::publisher[0m[2m:[0m serving group [3msubscribe[0m[2m=[0m1 [3mtrack[0m[2m=[0maudio [3msequence[0m[2m=[0m136
[2m2026-09-06T14:44:22.490855Z[0m [34mDEBUG[0m [1mconn[0m[1m{[0m[3mid[0m[2m=[0m5[1m}[0m[2m:[0m [2mmoq_net::lite::publisher[0m[2m:[0m finished group [3msequence[0m[2m=[0m136
[2m2026-09-06T14:44:22.508060Z[0m [34mDEBUG[0m [1mconn[0m[1m{[0m[3mid[0m[2m=[0m5[1m}[0m[2m:[0m [2mmoq_net::lite::publisher[0m[2m:[0m serving group [3msubscribe[0m[2m=[0m1 [3mtrack[0m[2m=[0maudio [3msequence[0m[2m=[0m137
[2m2026-09-06T14:44:22.509771Z[0m [34mDEBUG[0m [1mconn[0m[1m{[0m[3mid[0m[2m=[0m5[1m}[0m[2m:[0m [2mmoq_net::lite::publisher[0m[2m:[0m finished group [3msequence[0m[2m=[0m137
[2m2026-09-06T14:44:22.528358Z[0m [34mDEBUG[0m [1mconn[0m[1m{[0m[3mid[0m[2m=[0m5[1m}[0m[2m:[0m [2mmoq_net::lite::publisher[0m[2m:[0m serving group [3msubscribe[0m[2m=[0m1 [3mtrack[0m[2m=[0maudio [3msequence[0m[2m=[0m138
[2m2026-09-06T14:44:22.530292Z[0m [34mDEBUG[0m [1mconn[0m[1m{[0m[3mid[0m[2m=[0m5[1m}[0m[2m:[0m [2mmoq_net::lite::publisher[0m[2m:[0m finished group [3msequence[0m[2m=[0m138
[2m2026-09-06T14:44:22.548629Z[0m [34mDEBUG[0m [1mconn[0m[1m{[0m[3mid[0m[2m=[0m5[1m}[0m[2m:[0m [2mmoq_net::lite::publisher[0m[2m:[0m serving group [3msubscribe[0m[2m=[0m1 [3mtrack[0m[2m=[0maudio [3msequence[0m[2m=[0m139
[2m2026-09-06T14:44:22.550171Z[0m [34mDEBUG[0m [1mconn[0m[1m{[0m[3mid[0m[2m=[0m5[1m}[0m[2m:[0m [2mmoq_net::lite::publisher[0m[2m:[0m finished group [3msequence[0m[2m=[0m139
[2m2026-09-06T14:44:22.568369Z[0m [34mDEBUG[0m [1mconn[0m[1m{[0m[3mid[0m[2m=[0m5[1m}[0m[2m:[0m [2mmoq_net::lite::publisher[0m[2m:[0m serving group [3msubscribe[0m[2m=[0m1 [3mtrack[0m[2m=[0maudio [3msequence[0m[2m=[0m140
[2m2026-09-06T14:44:22.570518Z[0m [34mDEBUG[0m [1mconn[0m[1m{[0m[3mid[0m[2m=[0m5[1m}[0m[2m:[0m [2mmoq_net::lite::publisher[0m[2m:[0m finished group [3msequence[0m[2m=[0m140
[2m2026-09-06T14:44:22.589374Z[0m [34mDEBUG[0m [1mconn[0m[1m{[0m[3mid[0m[2m=[0m5[1m}[0m[2m:[0m [2mmoq_net::lite::publisher[0m[2m:[0m serving group [3msubscribe[0m[2m=[0m1 [3mtrack[0m[2m=[0maudio [3msequence[0m[2m=[0m141
[2m2026-09-06T14:44:22.591415Z[0m [34mDEBUG[0m [1mconn[0m[1m{[0m[3mid[0m[2m=[0m5[1m}[0m[2m:[0m [2mmoq_net::lite::publisher[0m[2m:[0m finished group [3msequence[0m[2m=[0m141
[2m2026-09-06T14:44:22.608835Z[0m [34mDEBUG[0m [1mconn[0m[1m{[0m[3mid[0m[2m=[0m5[1m}[0m[2m:[0m [2mmoq_net::lite::publisher[0m[2m:[0m serving group [3msubscribe[0m[2m=[0m1 [3mtrack[0m[2m=[0maudio [3msequence[0m[2m=[0m142
[2m2026-09-06T14:44:22.610823Z[0m [34mDEBUG[0m [1mconn[0m[1m{[0m[3mid[0m[2m=[0m5[1m}[0m[2m:[0m [2mmoq_net::lite::publisher[0m[2m:[0m finished group [3msequence[0m[2m=[0m142
[2m2026-09-06T14:44:22.630123Z[0m [34mDEBUG[0m [1mconn[0m[1m{[0m[3mid[0m[2m=[0m5[1m}[0m[2m:[0m [2mmoq_net::lite::publisher[0m[2m:[0m serving group [3msubscribe[0m[2m=[0m1 [3mtrack[0m[2m=[0maudio [3msequence[0m[2m=[0m143
[2m2026-09-06T14:44:22.632413Z[0m [34mDEBUG[0m [1mconn[0m[1m{[0m[3mid[0m[2m=[0m5[1m}[0m[2m:[0m [2mmoq_net::lite::publisher[0m[2m:[0m finished group [3msequence[0m[2m=[0m143
[2m2026-09-06T14:44:22.649735Z[0m [34mDEBUG[0m [1mconn[0m[1m{[0m[3mid[0m[2m=[0m5[1m}[0m[2m:[0m [2mmoq_net::lite::publisher[0m[2m:[0m serving group [3msubscribe[0m[2m=[0m1 [3mtrack[0m[2m=[0maudio [3msequence[0m[2m=[0m144
[2m2026-09-06T14:44:22.651187Z[0m [34mDEBUG[0m [1mconn[0m[1m{[0m[3mid[0m[2m=[0m5[1m}[0m[2m:[0m [2mmoq_net::lite::publisher[0m[2m:[0m finished group [3msequence[0m[2m=[0m144
[2m2026-09-06T14:44:22.668006Z[0m [34mDEBUG[0m [1mconn[0m[1m{[0m[3mid[0m[2m=[0m5[1m}[0m[2m:[0m [2mmoq_net::lite::publisher[0m[2m:[0m serving group [3msubscribe[0m[2m=[0m1 [3mtrack[0m[2m=[0maudio [3msequence[0m[2m=[0m145
[2m2026-09-06T14:44:22.669827Z[0m [34mDEBUG[0m [1mconn[0m[1m{[0m[3mid[0m[2m=[0m5[1m}[0m[2m:[0m [2mmoq_net::lite::publisher[0m[2m:[0m finished group [3msequence[0m[2m=[0m145
[2m2026-09-06T14:44:22.687466Z[0m [34mDEBUG[0m [1mconn[0m[1m{[0m[3mid[0m[2m=[0m5[1m}[0m[2m:[0m [2mmoq_net::lite::publisher[0m[2m:[0m serving group [3msubscribe[0m[2m=[0m1 [3mtrack[0m[2m=[0maudio [3msequence[0m[2m=[0m146
[2m2026-09-06T14:44:22.689481Z[0m [34mDEBUG[0m [1mconn[0m[1m{[0m[3mid[0m[2m=[0m5[1m}[0m[2m:[0m [2mmoq_net::lite::publisher[0m[2m:[0m finished group [3msequence[0m[2m=[0m146
[2m2026-09-06T14:44:22.708047Z[0m [34mDEBUG[0m [1mconn[0m[1m{[0m[3mid[0m[2m=[0m5[1m}[0m[2m:[0m [2mmoq_net::lite::publisher[0m[2m:[0m serving group [3msubscribe[0m[2m=[0m1 [3mtrack[0m[2m=[0maudio [3msequence[0m[2m=[0m147
[2m2026-09-06T14:44:22.708313Z[0m [34mDEBUG[0m [1mconn[0m[1m{[0m[3mid[0m[2m=[0m5[1m}[0m[2m:[0m [2mmoq_net::lite::publisher[0m[2m:[0m finished group [3msequence[0m[2m=[0m147
[2m2026-09-06T14:44:22.727916Z[0m [34mDEBUG[0m [1mconn[0m[1m{[0m[3mid[0m[2m=[0m5[1m}[0m[2m:[0m [2mmoq_net::lite::publisher[0m[2m:[0m serving group [3msubscribe[0m[2m=[0m1 [3mtrack[0m[2m=[0maudio [3msequence[0m[2m=[0m148
[2m2026-09-06T14:44:22.729711Z[0m [34mDEBUG[0m [1mconn[0m[1m{[0m[3mid[0m[2m=[0m5[1m}[0m[2m:[0m [2mmoq_net::lite::publisher[0m[2m:[0m finished group [3msequence[0m[2m=[0m148
[2m2026-09-06T14:44:22.747668Z[0m [34mDEBUG[0m [1mconn[0m[1m{[0m[3mid[0m[2m=[0m5[1m}[0m[2m:[0m [2mmoq_net::lite::publisher[0m[2m:[0m serving group [3msubscribe[0m[2m=[0m1 [3mtrack[0m[2m=[0maudio [3msequence[0m[2m=[0m149
[2m2026-09-06T14:44:22.748715Z[0m [34mDEBUG[0m [1mconn[0m[1m{[0m[3mid[0m[2m=[0m5[1m}[0m[2m:[0m [2mmoq_net::lite::publisher[0m[2m:[0m finished group [3msequence[0m[2m=[0m149
[2m2026-09-06T14:44:22.767676Z[0m [34mDEBUG[0m [1mconn[0m[1m{[0m[3mid[0m[2m=[0m5[1m}[0m[2m:[0m [2mmoq_net::lite::publisher[0m[2m:[0m serving group [3msubscribe[0m[2m=[0m1 [3mtrack[0m[2m=[0maudio [3msequence[0m[2m=[0m150
[2m2026-09-06T14:44:22.769552Z[0m [34mDEBUG[0m [1mconn[0m[1m{[0m[3mid[0m[2m=[0m5[1m}[0m[2m:[0m [2mmoq_net::lite::publisher[0m[2m:[0m finished group [3msequence[0m[2m=[0m150
[2m2026-09-06T14:44:22.783875Z[0m [34mDEBUG[0m [1mconn[0m[1m{[0m[3mid[0m[2m=[0m0[1m}[0m[2m:[0m [2mmoq_net::lite::publisher[0m[2m:[0m serving group [3msubscribe[0m[2m=[0m2 [3mtrack[0m[2m=[0mpublisher.json [3msequence[0m[2m=[0m12
[2m2026-09-06T14:44:22.783975Z[0m [34mDEBUG[0m [1mconn[0m[1m{[0m[3mid[0m[2m=[0m0[1m}[0m[2m:[0m [2mmoq_net::lite::publisher[0m[2m:[0m serving group [3msubscribe[0m[2m=[0m1 [3mtrack[0m[2m=[0msubscriber.json [3msequence[0m[2m=[0m12
[2m2026-09-06T14:44:22.785696Z[0m [34mDEBUG[0m [1mconn[0m[1m{[0m[3mid[0m[2m=[0m0[1m}[0m[2m:[0m [2mmoq_net::lite::publisher[0m[2m:[0m finished group [3msequence[0m[2m=[0m12
[2m2026-09-06T14:44:22.785728Z[0m [34mDEBUG[0m [1mconn[0m[1m{[0m[3mid[0m[2m=[0m0[1m}[0m[2m:[0m [2mmoq_net::lite::publisher[0m[2m:[0m finished group [3msequence[0m[2m=[0m12
[2m2026-09-06T14:44:22.787848Z[0m [34mDEBUG[0m [1mconn[0m[1m{[0m[3mid[0m[2m=[0m5[1m}[0m[2m:[0m [2mmoq_net::lite::publisher[0m[2m:[0m serving group [3msubscribe[0m[2m=[0m1 [3mtrack[0m[2m=[0maudio [3msequence[0m[2m=[0m151
[2m2026-09-06T14:44:22.789637Z[0m [34mDEBUG[0m [1mconn[0m[1m{[0m[3mid[0m[2m=[0m5[1m}[0m[2m:[0m [2mmoq_net::lite::publisher[0m[2m:[0m finished group [3msequence[0m[2m=[0m151
[2m2026-09-06T14:44:22.868521Z[0m [34mDEBUG[0m [1mconn[0m[1m{[0m[3mid[0m[2m=[0m5[1m}[0m[2m:[0m [2mmoq_net::lite::publisher[0m[2m:[0m serving group [3msubscribe[0m[2m=[0m1 [3mtrack[0m[2m=[0maudio [3msequence[0m[2m=[0m152
[2m2026-09-06T14:44:22.870722Z[0m [34mDEBUG[0m [1mconn[0m[1m{[0m[3mid[0m[2m=[0m5[1m}[0m[2m:[0m [2mmoq_net::lite::publisher[0m[2m:[0m finished group [3msequence[0m[2m=[0m152
[2m2026-09-06T14:44:22.888849Z[0m [34mDEBUG[0m [1mconn[0m[1m{[0m[3mid[0m[2m=[0m5[1m}[0m[2m:[0m [2mmoq_net::lite::publisher[0m[2m:[0m serving group [3msubscribe[0m[2m=[0m1 [3mtrack[0m[2m=[0maudio [3msequence[0m[2m=[0m153
[2m2026-09-06T14:44:22.890755Z[0m [34mDEBUG[0m [1mconn[0m[1m{[0m[3mid[0m[2m=[0m5[1m}[0m[2m:[0m [2mmoq_net::lite::publisher[0m[2m:[0m finished group [3msequence[0m[2m=[0m153
[2m2026-09-06T14:44:22.908109Z[0m [34mDEBUG[0m [1mconn[0m[1m{[0m[3mid[0m[2m=[0m5[1m}[0m[2m:[0m [2mmoq_net::lite::publisher[0m[2m:[0m serving group [3msubscribe[0m[2m=[0m1 [3mtrack[0m[2m=[0maudio [3msequence[0m[2m=[0m154
[2m2026-09-06T14:44:22.909909Z[0m [34mDEBUG[0m [1mconn[0m[1m{[0m[3mid[0m[2m=[0m5[1m}[0m[2m:[0m [2mmoq_net::lite::publisher[0m[2m:[0m finished group [3msequence[0m[2m=[0m154
[2m2026-09-06T14:44:22.929099Z[0m [34mDEBUG[0m [1mconn[0m[1m{[0m[3mid[0m[2m=[0m5[1m}[0m[2m:[0m [2mmoq_net::lite::publisher[0m[2m:[0m serving group [3msubscribe[0m[2m=[0m1 [3mtrack[0m[2m=[0maudio [3msequence[0m[2m=[0m155
[2m2026-09-06T14:44:22.930720Z[0m [34mDEBUG[0m [1mconn[0m[1m{[0m[3mid[0m[2m=[0m5[1m}[0m[2m:[0m [2mmoq_net::lite::publisher[0m[2m:[0m finished group [3msequence[0m[2m=[0m155
[2m2026-09-06T14:44:22.948549Z[0m [34mDEBUG[0m [1mconn[0m[1m{[0m[3mid[0m[2m=[0m5[1m}[0m[2m:[0m [2mmoq_net::lite::publisher[0m[2m:[0m serving group [3msubscribe[0m[2m=[0m1 [3mtrack[0m[2m=[0maudio [3msequence[0m[2m=[0m156
[2m2026-09-06T14:44:22.949727Z[0m [34mDEBUG[0m [1mconn[0m[1m{[0m[3mid[0m[2m=[0m5[1m}[0m[2m:[0m [2mmoq_net::lite::publisher[0m[2m:[0m finished group [3msequence[0m[2m=[0m156
[2m2026-09-06T14:44:22.969220Z[0m [34mDEBUG[0m [1mconn[0m[1m{[0m[3mid[0m[2m=[0m5[1m}[0m[2m:[0m [2mmoq_net::lite::publisher[0m[2m:[0m serving group [3msubscribe[0m[2m=[0m1 [3mtrack[0m[2m=[0maudio [3msequence[0m[2m=[0m157
[2m2026-09-06T14:44:22.971251Z[0m [34mDEBUG[0m [1mconn[0m[1m{[0m[3mid[0m[2m=[0m5[1m}[0m[2m:[0m [2mmoq_net::lite::publisher[0m[2m:[0m finished group [3msequence[0m[2m=[0m157
[2m2026-09-06T14:44:22.988373Z[0m [34mDEBUG[0m [1mconn[0m[1m{[0m[3mid[0m[2m=[0m5[1m}[0m[2m:[0m [2mmoq_net::lite::publisher[0m[2m:[0m serving group [3msubscribe[0m[2m=[0m1 [3mtrack[0m[2m=[0maudio [3msequence[0m[2m=[0m158
[2m2026-09-06T14:44:22.990427Z[0m [34mDEBUG[0m [1mconn[0m[1m{[0m[3mid[0m[2m=[0m5[1m}[0m[2m:[0m [2mmoq_net::lite::publisher[0m[2m:[0m finished group [3msequence[0m[2m=[0m158
[2m2026-09-06T14:44:23.008108Z[0m [34mDEBUG[0m [1mconn[0m[1m{[0m[3mid[0m[2m=[0m5[1m}[0m[2m:[0m [2mmoq_net::lite::publisher[0m[2m:[0m serving group [3msubscribe[0m[2m=[0m1 [3mtrack[0m[2m=[0maudio [3msequence[0m[2m=[0m159
[2m2026-09-06T14:44:23.010000Z[0m [34mDEBUG[0m [1mconn[0m[1m{[0m[3mid[0m[2m=[0m5[1m}[0m[2m:[0m [2mmoq_net::lite::publisher[0m[2m:[0m finished group [3msequence[0m[2m=[0m159
[2m2026-09-06T14:44:23.027863Z[0m [34mDEBUG[0m [1mconn[0m[1m{[0m[3mid[0m[2m=[0m5[1m}[0m[2m:[0m [2mmoq_net::lite::publisher[0m[2m:[0m serving group [3msubscribe[0m[2m=[0m1 [3mtrack[0m[2m=[0maudio [3msequence[0m[2m=[0m160
[2m2026-09-06T14:44:23.029721Z[0m [34mDEBUG[0m [1mconn[0m[1m{[0m[3mid[0m[2m=[0m5[1m}[0m[2m:[0m [2mmoq_net::lite::publisher[0m[2m:[0m finished group [3msequence[0m[2m=[0m160
[2m2026-09-06T14:44:23.048311Z[0m [34mDEBUG[0m [1mconn[0m[1m{[0m[3mid[0m[2m=[0m5[1m}[0m[2m:[0m [2mmoq_net::lite::publisher[0m[2m:[0m serving group [3msubscribe[0m[2m=[0m1 [3mtrack[0m[2m=[0maudio [3msequence[0m[2m=[0m161
[2m2026-09-06T14:44:23.049693Z[0m [34mDEBUG[0m [1mconn[0m[1m{[0m[3mid[0m[2m=[0m5[1m}[0m[2m:[0m [2mmoq_net::lite::publisher[0m[2m:[0m finished group [3msequence[0m[2m=[0m161
[2m2026-09-06T14:44:23.068592Z[0m [34mDEBUG[0m [1mconn[0m[1m{[0m[3mid[0m[2m=[0m5[1m}[0m[2m:[0m [2mmoq_net::lite::publisher[0m[2m:[0m serving group [3msubscribe[0m[2m=[0m1 [3mtrack[0m[2m=[0maudio [3msequence[0m[2m=[0m162
[2m2026-09-06T14:44:23.070650Z[0m [34mDEBUG[0m [1mconn[0m[1m{[0m[3mid[0m[2m=[0m5[1m}[0m[2m:[0m [2mmoq_net::lite::publisher[0m[2m:[0m finished group [3msequence[0m[2m=[0m162
[2m2026-09-06T14:44:23.328006Z[0m [34mDEBUG[0m [1mconn[0m[1m{[0m[3mid[0m[2m=[0m5[1m}[0m[2m:[0m [2mmoq_net::lite::publisher[0m[2m:[0m serving group [3msubscribe[0m[2m=[0m1 [3mtrack[0m[2m=[0maudio [3msequence[0m[2m=[0m163
[2m2026-09-06T14:44:23.329873Z[0m [34mDEBUG[0m [1mconn[0m[1m{[0m[3mid[0m[2m=[0m5[1m}[0m[2m:[0m [2mmoq_net::lite::publisher[0m[2m:[0m finished group [3msequence[0m[2m=[0m163
[2m2026-09-06T14:44:23.348223Z[0m [34mDEBUG[0m [1mconn[0m[1m{[0m[3mid[0m[2m=[0m5[1m}[0m[2m:[0m [2mmoq_net::lite::publisher[0m[2m:[0m serving group [3msubscribe[0m[2m=[0m1 [3mtrack[0m[2m=[0maudio [3msequence[0m[2m=[0m164
[2m2026-09-06T14:44:23.349696Z[0m [34mDEBUG[0m [1mconn[0m[1m{[0m[3mid[0m[2m=[0m5[1m}[0m[2m:[0m [2mmoq_net::lite::publisher[0m[2m:[0m finished group [3msequence[0m[2m=[0m164
[2m2026-09-06T14:44:23.367799Z[0m [34mDEBUG[0m [1mconn[0m[1m{[0m[3mid[0m[2m=[0m5[1m}[0m[2m:[0m [2mmoq_net::lite::publisher[0m[2m:[0m serving group [3msubscribe[0m[2m=[0m1 [3mtrack[0m[2m=[0maudio [3msequence[0m[2m=[0m165
[2m2026-09-06T14:44:23.369757Z[0m [34mDEBUG[0m [1mconn[0m[1m{[0m[3mid[0m[2m=[0m5[1m}[0m[2m:[0m [2mmoq_net::lite::publisher[0m[2m:[0m finished group [3msequence[0m[2m=[0m165
[2m2026-09-06T14:44:23.388277Z[0m [34mDEBUG[0m [1mconn[0m[1m{[0m[3mid[0m[2m=[0m5[1m}[0m[2m:[0m [2mmoq_net::lite::publisher[0m[2m:[0m serving group [3msubscribe[0m[2m=[0m1 [3mtrack[0m[2m=[0maudio [3msequence[0m[2m=[0m166
[2m2026-09-06T14:44:23.389879Z[0m [34mDEBUG[0m [1mconn[0m[1m{[0m[3mid[0m[2m=[0m5[1m}[0m[2m:[0m [2mmoq_net::lite::publisher[0m[2m:[0m finished group [3msequence[0m[2m=[0m166
[2m2026-09-06T14:44:23.408323Z[0m [34mDEBUG[0m [1mconn[0m[1m{[0m[3mid[0m[2m=[0m5[1m}[0m[2m:[0m [2mmoq_net::lite::publisher[0m[2m:[0m serving group [3msubscribe[0m[2m=[0m1 [3mtrack[0m[2m=[0maudio [3msequence[0m[2m=[0m167
[2m2026-09-06T14:44:23.410223Z[0m [34mDEBUG[0m [1mconn[0m[1m{[0m[3mid[0m[2m=[0m5[1m}[0m[2m:[0m [2mmoq_net::lite::publisher[0m[2m:[0m finished group [3msequence[0m[2m=[0m167
[2m2026-09-06T14:44:23.427805Z[0m [34mDEBUG[0m [1mconn[0m[1m{[0m[3mid[0m[2m=[0m5[1m}[0m[2m:[0m [2mmoq_net::lite::publisher[0m[2m:[0m serving group [3msubscribe[0m[2m=[0m1 [3mtrack[0m[2m=[0maudio [3msequence[0m[2m=[0m168
[2m2026-09-06T14:44:23.429683Z[0m [34mDEBUG[0m [1mconn[0m[1m{[0m[3mid[0m[2m=[0m5[1m}[0m[2m:[0m [2mmoq_net::lite::publisher[0m[2m:[0m finished group [3msequence[0m[2m=[0m168
[2m2026-09-06T14:44:23.448019Z[0m [34mDEBUG[0m [1mconn[0m[1m{[0m[3mid[0m[2m=[0m5[1m}[0m[2m:[0m [2mmoq_net::lite::publisher[0m[2m:[0m serving group [3msubscribe[0m[2m=[0m1 [3mtrack[0m[2m=[0maudio [3msequence[0m[2m=[0m169
[2m2026-09-06T14:44:23.449701Z[0m [34mDEBUG[0m [1mconn[0m[1m{[0m[3mid[0m[2m=[0m5[1m}[0m[2m:[0m [2mmoq_net::lite::publisher[0m[2m:[0m finished group [3msequence[0m[2m=[0m169
[2m2026-09-06T14:44:23.468381Z[0m [34mDEBUG[0m [1mconn[0m[1m{[0m[3mid[0m[2m=[0m5[1m}[0m[2m:[0m [2mmoq_net::lite::publisher[0m[2m:[0m serving group [3msubscribe[0m[2m=[0m1 [3mtrack[0m[2m=[0maudio [3msequence[0m[2m=[0m170
[2m2026-09-06T14:44:23.470378Z[0m [34mDEBUG[0m [1mconn[0m[1m{[0m[3mid[0m[2m=[0m5[1m}[0m[2m:[0m [2mmoq_net::lite::publisher[0m[2m:[0m finished group [3msequence[0m[2m=[0m170
[2m2026-09-06T14:44:23.489064Z[0m [34mDEBUG[0m [1mconn[0m[1m{[0m[3mid[0m[2m=[0m5[1m}[0m[2m:[0m [2mmoq_net::lite::publisher[0m[2m:[0m serving group [3msubscribe[0m[2m=[0m1 [3mtrack[0m[2m=[0maudio [3msequence[0m[2m=[0m171
[2m2026-09-06T14:44:23.490801Z[0m [34mDEBUG[0m [1mconn[0m[1m{[0m[3mid[0m[2m=[0m5[1m}[0m[2m:[0m [2mmoq_net::lite::publisher[0m[2m:[0m finished group [3msequence[0m[2m=[0m171
[2m2026-09-06T14:44:23.508323Z[0m [34mDEBUG[0m [1mconn[0m[1m{[0m[3mid[0m[2m=[0m5[1m}[0m[2m:[0m [2mmoq_net::lite::publisher[0m[2m:[0m serving group [3msubscribe[0m[2m=[0m1 [3mtrack[0m[2m=[0maudio [3msequence[0m[2m=[0m172
[2m2026-09-06T14:44:23.510384Z[0m [34mDEBUG[0m [1mconn[0m[1m{[0m[3mid[0m[2m=[0m5[1m}[0m[2m:[0m [2mmoq_net::lite::publisher[0m[2m:[0m finished group [3msequence[0m[2m=[0m172
[2m2026-09-06T14:44:23.528522Z[0m [34mDEBUG[0m [1mconn[0m[1m{[0m[3mid[0m[2m=[0m5[1m}[0m[2m:[0m [2mmoq_net::lite::publisher[0m[2m:[0m serving group [3msubscribe[0m[2m=[0m1 [3mtrack[0m[2m=[0maudio [3msequence[0m[2m=[0m173
[2m2026-09-06T14:44:23.530440Z[0m [34mDEBUG[0m [1mconn[0m[1m{[0m[3mid[0m[2m=[0m5[1m}[0m[2m:[0m [2mmoq_net::lite::publisher[0m[2m:[0m finished group [3msequence[0m[2m=[0m173
[2m2026-09-06T14:44:23.548025Z[0m [34mDEBUG[0m [1mconn[0m[1m{[0m[3mid[0m[2m=[0m5[1m}[0m[2m:[0m [2mmoq_net::lite::publisher[0m[2m:[0m serving group [3msubscribe[0m[2m=[0m1 [3mtrack[0m[2m=[0maudio [3msequence[0m[2m=[0m174
[2m2026-09-06T14:44:23.549744Z[0m [34mDEBUG[0m [1mconn[0m[1m{[0m[3mid[0m[2m=[0m5[1m}[0m[2m:[0m [2mmoq_net::lite::publisher[0m[2m:[0m finished group [3msequence[0m[2m=[0m174
[2m2026-09-06T14:44:23.568055Z[0m [34mDEBUG[0m [1mconn[0m[1m{[0m[3mid[0m[2m=[0m5[1m}[0m[2m:[0m [2mmoq_net::lite::publisher[0m[2m:[0m serving group [3msubscribe[0m[2m=[0m1 [3mtrack[0m[2m=[0maudio [3msequence[0m[2m=[0m175
[2m2026-09-06T14:44:23.570135Z[0m [34mDEBUG[0m [1mconn[0m[1m{[0m[3mid[0m[2m=[0m5[1m}[0m[2m:[0m [2mmoq_net::lite::publisher[0m[2m:[0m finished group [3msequence[0m[2m=[0m175
[2m2026-09-06T14:44:23.588063Z[0m [34mDEBUG[0m [1mconn[0m[1m{[0m[3mid[0m[2m=[0m5[1m}[0m[2m:[0m [2mmoq_net::lite::publisher[0m[2m:[0m serving group [3msubscribe[0m[2m=[0m1 [3mtrack[0m[2m=[0maudio [3msequence[0m[2m=[0m176
[2m2026-09-06T14:44:23.589919Z[0m [34mDEBUG[0m [1mconn[0m[1m{[0m[3mid[0m[2m=[0m5[1m}[0m[2m:[0m [2mmoq_net::lite::publisher[0m[2m:[0m finished group [3msequence[0m[2m=[0m176
[2m2026-09-06T14:44:23.608381Z[0m [34mDEBUG[0m [1mconn[0m[1m{[0m[3mid[0m[2m=[0m5[1m}[0m[2m:[0m [2mmoq_net::lite::publisher[0m[2m:[0m serving group [3msubscribe[0m[2m=[0m1 [3mtrack[0m[2m=[0maudio [3msequence[0m[2m=[0m177
[2m2026-09-06T14:44:23.610176Z[0m [34mDEBUG[0m [1mconn[0m[1m{[0m[3mid[0m[2m=[0m5[1m}[0m[2m:[0m [2mmoq_net::lite::publisher[0m[2m:[0m finished group [3msequence[0m[2m=[0m177
[2m2026-09-06T14:44:23.629081Z[0m [34mDEBUG[0m [1mconn[0m[1m{[0m[3mid[0m[2m=[0m5[1m}[0m[2m:[0m [2mmoq_net::lite::publisher[0m[2m:[0m serving group [3msubscribe[0m[2m=[0m1 [3mtrack[0m[2m=[0maudio [3msequence[0m[2m=[0m178
[2m2026-09-06T14:44:23.631277Z[0m [34mDEBUG[0m [1mconn[0m[1m{[0m[3mid[0m[2m=[0m5[1m}[0m[2m:[0m [2mmoq_net::lite::publisher[0m[2m:[0m finished group [3msequence[0m[2m=[0m178
[2m2026-09-06T14:44:23.648718Z[0m [34mDEBUG[0m [1mconn[0m[1m{[0m[3mid[0m[2m=[0m5[1m}[0m[2m:[0m [2mmoq_net::lite::publisher[0m[2m:[0m serving group [3msubscribe[0m[2m=[0m1 [3mtrack[0m[2m=[0maudio [3msequence[0m[2m=[0m179
[2m2026-09-06T14:44:23.650648Z[0m [34mDEBUG[0m [1mconn[0m[1m{[0m[3mid[0m[2m=[0m5[1m}[0m[2m:[0m [2mmoq_net::lite::publisher[0m[2m:[0m finished group [3msequence[0m[2m=[0m179
[2m2026-09-06T14:44:23.668521Z[0m [34mDEBUG[0m [1mconn[0m[1m{[0m[3mid[0m[2m=[0m5[1m}[0m[2m:[0m [2mmoq_net::lite::publisher[0m[2m:[0m serving group [3msubscribe[0m[2m=[0m1 [3mtrack[0m[2m=[0maudio [3msequence[0m[2m=[0m180
[2m2026-09-06T14:44:23.670533Z[0m [34mDEBUG[0m [1mconn[0m[1m{[0m[3mid[0m[2m=[0m5[1m}[0m[2m:[0m [2mmoq_net::lite::publisher[0m[2m:[0m finished group [3msequence[0m[2m=[0m180
[2m2026-09-06T14:44:23.687976Z[0m [34mDEBUG[0m [1mconn[0m[1m{[0m[3mid[0m[2m=[0m5[1m}[0m[2m:[0m [2mmoq_net::lite::publisher[0m[2m:[0m serving group [3msubscribe[0m[2m=[0m1 [3mtrack[0m[2m=[0maudio [3msequence[0m[2m=[0m181
[2m2026-09-06T14:44:23.689833Z[0m [34mDEBUG[0m [1mconn[0m[1m{[0m[3mid[0m[2m=[0m5[1m}[0m[2m:[0m [2mmoq_net::lite::publisher[0m[2m:[0m finished group [3msequence[0m[2m=[0m181
[2m2026-09-06T14:44:23.708294Z[0m [34mDEBUG[0m [1mconn[0m[1m{[0m[3mid[0m[2m=[0m5[1m}[0m[2m:[0m [2mmoq_net::lite::publisher[0m[2m:[0m serving group [3msubscribe[0m[2m=[0m1 [3mtrack[0m[2m=[0maudio [3msequence[0m[2m=[0m182
[2m2026-09-06T14:44:23.710259Z[0m [34mDEBUG[0m [1mconn[0m[1m{[0m[3mid[0m[2m=[0m5[1m}[0m[2m:[0m [2mmoq_net::lite::publisher[0m[2m:[0m finished group [3msequence[0m[2m=[0m182
[2m2026-09-06T14:44:23.728573Z[0m [34mDEBUG[0m [1mconn[0m[1m{[0m[3mid[0m[2m=[0m5[1m}[0m[2m:[0m [2mmoq_net::lite::publisher[0m[2m:[0m serving group [3msubscribe[0m[2m=[0m1 [3mtrack[0m[2m=[0maudio [3msequence[0m[2m=[0m183
[2m2026-09-06T14:44:23.730639Z[0m [34mDEBUG[0m [1mconn[0m[1m{[0m[3mid[0m[2m=[0m5[1m}[0m[2m:[0m [2mmoq_net::lite::publisher[0m[2m:[0m finished group [3msequence[0m[2m=[0m183
[2m2026-09-06T14:44:23.748489Z[0m [34mDEBUG[0m [1mconn[0m[1m{[0m[3mid[0m[2m=[0m5[1m}[0m[2m:[0m [2mmoq_net::lite::publisher[0m[2m:[0m serving group [3msubscribe[0m[2m=[0m1 [3mtrack[0m[2m=[0maudio [3msequence[0m[2m=[0m184
[2m2026-09-06T14:44:23.750576Z[0m [34mDEBUG[0m [1mconn[0m[1m{[0m[3mid[0m[2m=[0m5[1m}[0m[2m:[0m [2mmoq_net::lite::publisher[0m[2m:[0m finished group [3msequence[0m[2m=[0m184
[2m2026-09-06T14:44:23.768625Z[0m [34mDEBUG[0m [1mconn[0m[1m{[0m[3mid[0m[2m=[0m5[1m}[0m[2m:[0m [2mmoq_net::lite::publisher[0m[2m:[0m serving group [3msubscribe[0m[2m=[0m1 [3mtrack[0m[2m=[0maudio [3msequence[0m[2m=[0m185
[2m2026-09-06T14:44:23.770914Z[0m [34mDEBUG[0m [1mconn[0m[1m{[0m[3mid[0m[2m=[0m5[1m}[0m[2m:[0m [2mmoq_net::lite::publisher[0m[2m:[0m finished group [3msequence[0m[2m=[0m185
[2m2026-09-06T14:44:23.786364Z[0m [34mDEBUG[0m [1mconn[0m[1m{[0m[3mid[0m[2m=[0m0[1m}[0m[2m:[0m [2mmoq_net::lite::publisher[0m[2m:[0m serving group [3msubscribe[0m[2m=[0m2 [3mtrack[0m[2m=[0mpublisher.json [3msequence[0m[2m=[0m13
[2m2026-09-06T14:44:23.786509Z[0m [34mDEBUG[0m [1mconn[0m[1m{[0m[3mid[0m[2m=[0m0[1m}[0m[2m:[0m [2mmoq_net::lite::publisher[0m[2m:[0m serving group [3msubscribe[0m[2m=[0m1 [3mtrack[0m[2m=[0msubscriber.json [3msequence[0m[2m=[0m13
[2m2026-09-06T14:44:23.788418Z[0m [34mDEBUG[0m [1mconn[0m[1m{[0m[3mid[0m[2m=[0m0[1m}[0m[2m:[0m [2mmoq_net::lite::publisher[0m[2m:[0m finished group [3msequence[0m[2m=[0m13
[2m2026-09-06T14:44:23.788474Z[0m [34mDEBUG[0m [1mconn[0m[1m{[0m[3mid[0m[2m=[0m0[1m}[0m[2m:[0m [2mmoq_net::lite::publisher[0m[2m:[0m finished group [3msequence[0m[2m=[0m13
[2m2026-09-06T14:44:23.789236Z[0m [34mDEBUG[0m [1mconn[0m[1m{[0m[3mid[0m[2m=[0m5[1m}[0m[2m:[0m [2mmoq_net::lite::publisher[0m[2m:[0m serving group [3msubscribe[0m[2m=[0m1 [3mtrack[0m[2m=[0maudio [3msequence[0m[2m=[0m186
[2m2026-09-06T14:44:23.790841Z[0m [34mDEBUG[0m [1mconn[0m[1m{[0m[3mid[0m[2m=[0m5[1m}[0m[2m:[0m [2mmoq_net::lite::publisher[0m[2m:[0m finished group [3msequence[0m[2m=[0m186
[2m2026-09-06T14:44:23.808594Z[0m [34mDEBUG[0m [1mconn[0m[1m{[0m[3mid[0m[2m=[0m5[1m}[0m[2m:[0m [2mmoq_net::lite::publisher[0m[2m:[0m serving group [3msubscribe[0m[2m=[0m1 [3mtrack[0m[2m=[0maudio [3msequence[0m[2m=[0m187
[2m2026-09-06T14:44:23.810568Z[0m [34mDEBUG[0m [1mconn[0m[1m{[0m[3mid[0m[2m=[0m5[1m}[0m[2m:[0m [2mmoq_net::lite::publisher[0m[2m:[0m finished group [3msequence[0m[2m=[0m187
[2m2026-09-06T14:44:23.848980Z[0m [34mDEBUG[0m [1mconn[0m[1m{[0m[3mid[0m[2m=[0m5[1m}[0m[2m:[0m [2mmoq_net::lite::publisher[0m[2m:[0m serving group [3msubscribe[0m[2m=[0m1 [3mtrack[0m[2m=[0maudio [3msequence[0m[2m=[0m188
[2m2026-09-06T14:44:23.850760Z[0m [34mDEBUG[0m [1mconn[0m[1m{[0m[3mid[0m[2m=[0m5[1m}[0m[2m:[0m [2mmoq_net::lite::publisher[0m[2m:[0m finished group [3msequence[0m[2m=[0m188
[2m2026-09-06T14:44:23.869061Z[0m [34mDEBUG[0m [1mconn[0m[1m{[0m[3mid[0m[2m=[0m5[1m}[0m[2m:[0m [2mmoq_net::lite::publisher[0m[2m:[0m serving group [3msubscribe[0m[2m=[0m1 [3mtrack[0m[2m=[0maudio [3msequence[0m[2m=[0m189
[2m2026-09-06T14:44:23.871485Z[0m [34mDEBUG[0m [1mconn[0m[1m{[0m[3mid[0m[2m=[0m5[1m}[0m[2m:[0m [2mmoq_net::lite::publisher[0m[2m:[0m finished group [3msequence[0m[2m=[0m189
[2m2026-09-06T14:44:23.888484Z[0m [34mDEBUG[0m [1mconn[0m[1m{[0m[3mid[0m[2m=[0m5[1m}[0m[2m:[0m [2mmoq_net::lite::publisher[0m[2m:[0m serving group [3msubscribe[0m[2m=[0m1 [3mtrack[0m[2m=[0maudio [3msequence[0m[2m=[0m190
[2m2026-09-06T14:44:23.890488Z[0m [34mDEBUG[0m [1mconn[0m[1m{[0m[3mid[0m[2m=[0m5[1m}[0m[2m:[0m [2mmoq_net::lite::publisher[0m[2m:[0m finished group [3msequence[0m[2m=[0m190
[2m2026-09-06T14:44:23.908543Z[0m [34mDEBUG[0m [1mconn[0m[1m{[0m[3mid[0m[2m=[0m5[1m}[0m[2m:[0m [2mmoq_net::lite::publisher[0m[2m:[0m serving group [3msubscribe[0m[2m=[0m1 [3mtrack[0m[2m=[0maudio [3msequence[0m[2m=[0m191
[2m2026-09-06T14:44:23.910532Z[0m [34mDEBUG[0m [1mconn[0m[1m{[0m[3mid[0m[2m=[0m5[1m}[0m[2m:[0m [2mmoq_net::lite::publisher[0m[2m:[0m finished group [3msequence[0m[2m=[0m191
[2m2026-09-06T14:44:23.928926Z[0m [34mDEBUG[0m [1mconn[0m[1m{[0m[3mid[0m[2m=[0m5[1m}[0m[2m:[0m [2mmoq_net::lite::publisher[0m[2m:[0m serving group [3msubscribe[0m[2m=[0m1 [3mtrack[0m[2m=[0maudio [3msequence[0m[2m=[0m192
[2m2026-09-06T14:44:23.931012Z[0m [34mDEBUG[0m [1mconn[0m[1m{[0m[3mid[0m[2m=[0m5[1m}[0m[2m:[0m [2mmoq_net::lite::publisher[0m[2m:[0m finished group [3msequence[0m[2m=[0m192
[2m2026-09-06T14:44:23.948320Z[0m [34mDEBUG[0m [1mconn[0m[1m{[0m[3mid[0m[2m=[0m5[1m}[0m[2m:[0m [2mmoq_net::lite::publisher[0m[2m:[0m serving group [3msubscribe[0m[2m=[0m1 [3mtrack[0m[2m=[0maudio [3msequence[0m[2m=[0m193
[2m2026-09-06T14:44:23.949775Z[0m [34mDEBUG[0m [1mconn[0m[1m{[0m[3mid[0m[2m=[0m5[1m}[0m[2m:[0m [2mmoq_net::lite::publisher[0m[2m:[0m finished group [3msequence[0m[2m=[0m193
[2m2026-09-06T14:44:23.968873Z[0m [34mDEBUG[0m [1mconn[0m[1m{[0m[3mid[0m[2m=[0m5[1m}[0m[2m:[0m [2mmoq_net::lite::publisher[0m[2m:[0m serving group [3msubscribe[0m[2m=[0m1 [3mtrack[0m[2m=[0maudio [3msequence[0m[2m=[0m194
[2m2026-09-06T14:44:23.970799Z[0m [34mDEBUG[0m [1mconn[0m[1m{[0m[3mid[0m[2m=[0m5[1m}[0m[2m:[0m [2mmoq_net::lite::publisher[0m[2m:[0m finished group [3msequence[0m[2m=[0m194
[2m2026-09-06T14:44:23.988196Z[0m [34mDEBUG[0m [1mconn[0m[1m{[0m[3mid[0m[2m=[0m5[1m}[0m[2m:[0m [2mmoq_net::lite::publisher[0m[2m:[0m serving group [3msubscribe[0m[2m=[0m1 [3mtrack[0m[2m=[0maudio [3msequence[0m[2m=[0m195
[2m2026-09-06T14:44:23.990085Z[0m [34mDEBUG[0m [1mconn[0m[1m{[0m[3mid[0m[2m=[0m5[1m}[0m[2m:[0m [2mmoq_net::lite::publisher[0m[2m:[0m finished group [3msequence[0m[2m=[0m195
[2m2026-09-06T14:44:23.998372Z[0m [34mDEBUG[0m [1mconn[0m[1m{[0m[3mid[0m[2m=[0m5[1m}[0m[2m:[0m [2mmoq_net::lite::publisher[0m[2m:[0m serving group [3msubscribe[0m[2m=[0m2 [3mtrack[0m[2m=[0mvideo [3msequence[0m[2m=[0m2
[2m2026-09-06T14:44:23.999704Z[0m [34mDEBUG[0m [1mconn[0m[1m{[0m[3mid[0m[2m=[0m5[1m}[0m[2m:[0m [2mmoq_net::lite::publisher[0m[2m:[0m finished group [3msequence[0m[2m=[0m1
[2m2026-09-06T14:44:24.008325Z[0m [34mDEBUG[0m [1mconn[0m[1m{[0m[3mid[0m[2m=[0m5[1m}[0m[2m:[0m [2mmoq_net::lite::publisher[0m[2m:[0m serving group [3msubscribe[0m[2m=[0m1 [3mtrack[0m[2m=[0maudio [3msequence[0m[2m=[0m196
[2m2026-09-06T14:44:24.008737Z[0m [34mDEBUG[0m [1mconn[0m[1m{[0m[3mid[0m[2m=[0m5[1m}[0m[2m:[0m [2mmoq_net::lite::publisher[0m[2m:[0m finished group [3msequence[0m[2m=[0m196
[2m2026-09-06T14:44:24.028165Z[0m [34mDEBUG[0m [1mconn[0m[1m{[0m[3mid[0m[2m=[0m5[1m}[0m[2m:[0m [2mmoq_net::lite::publisher[0m[2m:[0m serving group [3msubscribe[0m[2m=[0m1 [3mtrack[0m[2m=[0maudio [3msequence[0m[2m=[0m197
[2m2026-09-06T14:44:24.030053Z[0m [34mDEBUG[0m [1mconn[0m[1m{[0m[3mid[0m[2m=[0m5[1m}[0m[2m:[0m [2mmoq_net::lite::publisher[0m[2m:[0m finished group [3msequence[0m[2m=[0m197
[2m2026-09-06T14:44:24.048421Z[0m [34mDEBUG[0m [1mconn[0m[1m{[0m[3mid[0m[2m=[0m5[1m}[0m[2m:[0m [2mmoq_net::lite::publisher[0m[2m:[0m serving group [3msubscribe[0m[2m=[0m1 [3mtrack[0m[2m=[0maudio [3msequence[0m[2m=[0m198
[2m2026-09-06T14:44:24.050994Z[0m [34mDEBUG[0m [1mconn[0m[1m{[0m[3mid[0m[2m=[0m5[1m}[0m[2m:[0m [2mmoq_net::lite::publisher[0m[2m:[0m finished group [3msequence[0m[2m=[0m198
[2m2026-09-06T14:44:24.069395Z[0m [34mDEBUG[0m [1mconn[0m[1m{[0m[3mid[0m[2m=[0m5[1m}[0m[2m:[0m [2mmoq_net::lite::publisher[0m[2m:[0m serving group [3msubscribe[0m[2m=[0m1 [3mtrack[0m[2m=[0maudio [3msequence[0m[2m=[0m199
[2m2026-09-06T14:44:24.071288Z[0m [34mDEBUG[0m [1mconn[0m[1m{[0m[3mid[0m[2m=[0m5[1m}[0m[2m:[0m [2mmoq_net::lite::publisher[0m[2m:[0m finished group [3msequence[0m[2m=[0m199
[2m2026-09-06T14:44:24.089826Z[0m [34mDEBUG[0m [1mconn[0m[1m{[0m[3mid[0m[2m=[0m5[1m}[0m[2m:[0m [2mmoq_net::lite::publisher[0m[2m:[0m serving group [3msubscribe[0m[2m=[0m1 [3mtrack[0m[2m=[0maudio [3msequence[0m[2m=[0m200
[2m2026-09-06T14:44:24.092072Z[0m [34mDEBUG[0m [1mconn[0m[1m{[0m[3mid[0m[2m=[0m5[1m}[0m[2m:[0m [2mmoq_net::lite::publisher[0m[2m:[0m finished group [3msequence[0m[2m=[0m200
[2m2026-09-06T14:44:24.329490Z[0m [34mDEBUG[0m [1mconn[0m[1m{[0m[3mid[0m[2m=[0m5[1m}[0m[2m:[0m [2mmoq_net::lite::publisher[0m[2m:[0m serving group [3msubscribe[0m[2m=[0m1 [3mtrack[0m[2m=[0maudio [3msequence[0m[2m=[0m201
[2m2026-09-06T14:44:24.331594Z[0m [34mDEBUG[0m [1mconn[0m[1m{[0m[3mid[0m[2m=[0m5[1m}[0m[2m:[0m [2mmoq_net::lite::publisher[0m[2m:[0m finished group [3msequence[0m[2m=[0m201
[2m2026-09-06T14:44:24.348917Z[0m [34mDEBUG[0m [1mconn[0m[1m{[0m[3mid[0m[2m=[0m5[1m}[0m[2m:[0m [2mmoq_net::lite::publisher[0m[2m:[0m serving group [3msubscribe[0m[2m=[0m1 [3mtrack[0m[2m=[0maudio [3msequence[0m[2m=[0m202
[2m2026-09-06T14:44:24.350505Z[0m [34mDEBUG[0m [1mconn[0m[1m{[0m[3mid[0m[2m=[0m5[1m}[0m[2m:[0m [2mmoq_net::lite::publisher[0m[2m:[0m finished group [3msequence[0m[2m=[0m202
[2m2026-09-06T14:44:24.368449Z[0m [34mDEBUG[0m [1mconn[0m[1m{[0m[3mid[0m[2m=[0m5[1m}[0m[2m:[0m [2mmoq_net::lite::publisher[0m[2m:[0m serving group [3msubscribe[0m[2m=[0m1 [3mtrack[0m[2m=[0maudio [3msequence[0m[2m=[0m203
[2m2026-09-06T14:44:24.370268Z[0m [34mDEBUG[0m [1mconn[0m[1m{[0m[3mid[0m[2m=[0m5[1m}[0m[2m:[0m [2mmoq_net::lite::publisher[0m[2m:[0m finished group [3msequence[0m[2m=[0m203
[2m2026-09-06T14:44:24.388565Z[0m [34mDEBUG[0m [1mconn[0m[1m{[0m[3mid[0m[2m=[0m5[1m}[0m[2m:[0m [2mmoq_net::lite::publisher[0m[2m:[0m serving group [3msubscribe[0m[2m=[0m1 [3mtrack[0m[2m=[0maudio [3msequence[0m[2m=[0m204
[2m2026-09-06T14:44:24.390468Z[0m [34mDEBUG[0m [1mconn[0m[1m{[0m[3mid[0m[2m=[0m5[1m}[0m[2m:[0m [2mmoq_net::lite::publisher[0m[2m:[0m finished group [3msequence[0m[2m=[0m204
[2m2026-09-06T14:44:24.408447Z[0m [34mDEBUG[0m [1mconn[0m[1m{[0m[3mid[0m[2m=[0m5[1m}[0m[2m:[0m [2mmoq_net::lite::publisher[0m[2m:[0m serving group [3msubscribe[0m[2m=[0m1 [3mtrack[0m[2m=[0maudio [3msequence[0m[2m=[0m205
[2m2026-09-06T14:44:24.410399Z[0m [34mDEBUG[0m [1mconn[0m[1m{[0m[3mid[0m[2m=[0m5[1m}[0m[2m:[0m [2mmoq_net::lite::publisher[0m[2m:[0m finished group [3msequence[0m[2m=[0m205
[2m2026-09-06T14:44:24.428115Z[0m [34mDEBUG[0m [1mconn[0m[1m{[0m[3mid[0m[2m=[0m5[1m}[0m[2m:[0m [2mmoq_net::lite::publisher[0m[2m:[0m serving group [3msubscribe[0m[2m=[0m1 [3mtrack[0m[2m=[0maudio [3msequence[0m[2m=[0m206
[2m2026-09-06T14:44:24.429980Z[0m [34mDEBUG[0m [1mconn[0m[1m{[0m[3mid[0m[2m=[0m5[1m}[0m[2m:[0m [2mmoq_net::lite::publisher[0m[2m:[0m finished group [3msequence[0m[2m=[0m206
[2m2026-09-06T14:44:24.448638Z[0m [34mDEBUG[0m [1mconn[0m[1m{[0m[3mid[0m[2m=[0m5[1m}[0m[2m:[0m [2mmoq_net::lite::publisher[0m[2m:[0m serving group [3msubscribe[0m[2m=[0m1 [3mtrack[0m[2m=[0maudio [3msequence[0m[2m=[0m207
[2m2026-09-06T14:44:24.450737Z[0m [34mDEBUG[0m [1mconn[0m[1m{[0m[3mid[0m[2m=[0m5[1m}[0m[2m:[0m [2mmoq_net::lite::publisher[0m[2m:[0m finished group [3msequence[0m[2m=[0m207
[2m2026-09-06T14:44:24.468868Z[0m [34mDEBUG[0m [1mconn[0m[1m{[0m[3mid[0m[2m=[0m5[1m}[0m[2m:[0m [2mmoq_net::lite::publisher[0m[2m:[0m serving group [3msubscribe[0m[2m=[0m1 [3mtrack[0m[2m=[0maudio [3msequence[0m[2m=[0m208
[2m2026-09-06T14:44:24.470793Z[0m [34mDEBUG[0m [1mconn[0m[1m{[0m[3mid[0m[2m=[0m5[1m}[0m[2m:[0m [2mmoq_net::lite::publisher[0m[2m:[0m finished group [3msequence[0m[2m=[0m208
[2m2026-09-06T14:44:24.488521Z[0m [34mDEBUG[0m [1mconn[0m[1m{[0m[3mid[0m[2m=[0m5[1m}[0m[2m:[0m [2mmoq_net::lite::publisher[0m[2m:[0m serving group [3msubscribe[0m[2m=[0m1 [3mtrack[0m[2m=[0maudio [3msequence[0m[2m=[0m209
[2m2026-09-06T14:44:24.490225Z[0m [34mDEBUG[0m [1mconn[0m[1m{[0m[3mid[0m[2m=[0m5[1m}[0m[2m:[0m [2mmoq_net::lite::publisher[0m[2m:[0m finished group [3msequence[0m[2m=[0m209
[2m2026-09-06T14:44:24.508395Z[0m [34mDEBUG[0m [1mconn[0m[1m{[0m[3mid[0m[2m=[0m5[1m}[0m[2m:[0m [2mmoq_net::lite::publisher[0m[2m:[0m serving group [3msubscribe[0m[2m=[0m1 [3mtrack[0m[2m=[0maudio [3msequence[0m[2m=[0m210
[2m2026-09-06T14:44:24.508937Z[0m [34mDEBUG[0m [1mconn[0m[1m{[0m[3mid[0m[2m=[0m5[1m}[0m[2m:[0m [2mmoq_net::lite::publisher[0m[2m:[0m finished group [3msequence[0m[2m=[0m210
[2m2026-09-06T14:44:24.528213Z[0m [34mDEBUG[0m [1mconn[0m[1m{[0m[3mid[0m[2m=[0m5[1m}[0m[2m:[0m [2mmoq_net::lite::publisher[0m[2m:[0m serving group [3msubscribe[0m[2m=[0m1 [3mtrack[0m[2m=[0maudio [3msequence[0m[2m=[0m211
[2m2026-09-06T14:44:24.530141Z[0m [34mDEBUG[0m [1mconn[0m[1m{[0m[3mid[0m[2m=[0m5[1m}[0m[2m:[0m [2mmoq_net::lite::publisher[0m[2m:[0m finished group [3msequence[0m[2m=[0m211
[2m2026-09-06T14:44:24.548799Z[0m [34mDEBUG[0m [1mconn[0m[1m{[0m[3mid[0m[2m=[0m5[1m}[0m[2m:[0m [2mmoq_net::lite::publisher[0m[2m:[0m serving group [3msubscribe[0m[2m=[0m1 [3mtrack[0m[2m=[0maudio [3msequence[0m[2m=[0m212
[2m2026-09-06T14:44:24.550861Z[0m [34mDEBUG[0m [1mconn[0m[1m{[0m[3mid[0m[2m=[0m5[1m}[0m[2m:[0m [2mmoq_net::lite::publisher[0m[2m:[0m finished group [3msequence[0m[2m=[0m212
[2m2026-09-06T14:44:24.568517Z[0m [34mDEBUG[0m [1mconn[0m[1m{[0m[3mid[0m[2m=[0m5[1m}[0m[2m:[0m [2mmoq_net::lite::publisher[0m[2m:[0m serving group [3msubscribe[0m[2m=[0m1 [3mtrack[0m[2m=[0maudio [3msequence[0m[2m=[0m213
[2m2026-09-06T14:44:24.570569Z[0m [34mDEBUG[0m [1mconn[0m[1m{[0m[3mid[0m[2m=[0m5[1m}[0m[2m:[0m [2mmoq_net::lite::publisher[0m[2m:[0m finished group [3msequence[0m[2m=[0m213
[2m2026-09-06T14:44:24.590109Z[0m [34mDEBUG[0m [1mconn[0m[1m{[0m[3mid[0m[2m=[0m5[1m}[0m[2m:[0m [2mmoq_net::lite::publisher[0m[2m:[0m serving group [3msubscribe[0m[2m=[0m1 [3mtrack[0m[2m=[0maudio [3msequence[0m[2m=[0m214
[2m2026-09-06T14:44:24.592575Z[0m [34mDEBUG[0m [1mconn[0m[1m{[0m[3mid[0m[2m=[0m5[1m}[0m[2m:[0m [2mmoq_net::lite::publisher[0m[2m:[0m finished group [3msequence[0m[2m=[0m214
[2m2026-09-06T14:44:24.609115Z[0m [34mDEBUG[0m [1mconn[0m[1m{[0m[3mid[0m[2m=[0m5[1m}[0m[2m:[0m [2mmoq_net::lite::publisher[0m[2m:[0m serving group [3msubscribe[0m[2m=[0m1 [3mtrack[0m[2m=[0maudio [3msequence[0m[2m=[0m215
[2m2026-09-06T14:44:24.610877Z[0m [34mDEBUG[0m [1mconn[0m[1m{[0m[3mid[0m[2m=[0m5[1m}[0m[2m:[0m [2mmoq_net::lite::publisher[0m[2m:[0m finished group [3msequence[0m[2m=[0m215
[2m2026-09-06T14:44:24.628588Z[0m [34mDEBUG[0m [1mconn[0m[1m{[0m[3mid[0m[2m=[0m5[1m}[0m[2m:[0m [2mmoq_net::lite::publisher[0m[2m:[0m serving group [3msubscribe[0m[2m=[0m1 [3mtrack[0m[2m=[0maudio [3msequence[0m[2m=[0m216
[2m2026-09-06T14:44:24.630519Z[0m [34mDEBUG[0m [1mconn[0m[1m{[0m[3mid[0m[2m=[0m5[1m}[0m[2m:[0m [2mmoq_net::lite::publisher[0m[2m:[0m finished group [3msequence[0m[2m=[0m216
[2m2026-09-06T14:44:24.648622Z[0m [34mDEBUG[0m [1mconn[0m[1m{[0m[3mid[0m[2m=[0m5[1m}[0m[2m:[0m [2mmoq_net::lite::publisher[0m[2m:[0m serving group [3msubscribe[0m[2m=[0m1 [3mtrack[0m[2m=[0maudio [3msequence[0m[2m=[0m217
[2m2026-09-06T14:44:24.650342Z[0m [34mDEBUG[0m [1mconn[0m[1m{[0m[3mid[0m[2m=[0m5[1m}[0m[2m:[0m [2mmoq_net::lite::publisher[0m[2m:[0m finished group [3msequence[0m[2m=[0m217
[2m2026-09-06T14:44:24.668220Z[0m [34mDEBUG[0m [1mconn[0m[1m{[0m[3mid[0m[2m=[0m5[1m}[0m[2m:[0m [2mmoq_net::lite::publisher[0m[2m:[0m serving group [3msubscribe[0m[2m=[0m1 [3mtrack[0m[2m=[0maudio [3msequence[0m[2m=[0m218
[2m2026-09-06T14:44:24.670366Z[0m [34mDEBUG[0m [1mconn[0m[1m{[0m[3mid[0m[2m=[0m5[1m}[0m[2m:[0m [2mmoq_net::lite::publisher[0m[2m:[0m finished group [3msequence[0m[2m=[0m218
[2m2026-09-06T14:44:24.688016Z[0m [34mDEBUG[0m [1mconn[0m[1m{[0m[3mid[0m[2m=[0m5[1m}[0m[2m:[0m [2mmoq_net::lite::publisher[0m[2m:[0m serving group [3msubscribe[0m[2m=[0m1 [3mtrack[0m[2m=[0maudio [3msequence[0m[2m=[0m219
[2m2026-09-06T14:44:24.690078Z[0m [34mDEBUG[0m [1mconn[0m[1m{[0m[3mid[0m[2m=[0m5[1m}[0m[2m:[0m [2mmoq_net::lite::publisher[0m[2m:[0m finished group [3msequence[0m[2m=[0m219
[2m2026-09-06T14:44:24.708417Z[0m [34mDEBUG[0m [1mconn[0m[1m{[0m[3mid[0m[2m=[0m5[1m}[0m[2m:[0m [2mmoq_net::lite::publisher[0m[2m:[0m serving group [3msubscribe[0m[2m=[0m1 [3mtrack[0m[2m=[0maudio [3msequence[0m[2m=[0m220
[2m2026-09-06T14:44:24.710495Z[0m [34mDEBUG[0m [1mconn[0m[1m{[0m[3mid[0m[2m=[0m5[1m}[0m[2m:[0m [2mmoq_net::lite::publisher[0m[2m:[0m finished group [3msequence[0m[2m=[0m220
[2m2026-09-06T14:44:24.728622Z[0m [34mDEBUG[0m [1mconn[0m[1m{[0m[3mid[0m[2m=[0m5[1m}[0m[2m:[0m [2mmoq_net::lite::publisher[0m[2m:[0m serving group [3msubscribe[0m[2m=[0m1 [3mtrack[0m[2m=[0maudio [3msequence[0m[2m=[0m221
[2m2026-09-06T14:44:24.730585Z[0m [34mDEBUG[0m [1mconn[0m[1m{[0m[3mid[0m[2m=[0m5[1m}[0m[2m:[0m [2mmoq_net::lite::publisher[0m[2m:[0m finished group [3msequence[0m[2m=[0m221
[2m2026-09-06T14:44:24.748913Z[0m [34mDEBUG[0m [1mconn[0m[1m{[0m[3mid[0m[2m=[0m5[1m}[0m[2m:[0m [2mmoq_net::lite::publisher[0m[2m:[0m serving group [3msubscribe[0m[2m=[0m1 [3mtrack[0m[2m=[0maudio [3msequence[0m[2m=[0m222
[2m2026-09-06T14:44:24.751319Z[0m [34mDEBUG[0m [1mconn[0m[1m{[0m[3mid[0m[2m=[0m5[1m}[0m[2m:[0m [2mmoq_net::lite::publisher[0m[2m:[0m finished group [3msequence[0m[2m=[0m222
[2m2026-09-06T14:44:24.768252Z[0m [34mDEBUG[0m [1mconn[0m[1m{[0m[3mid[0m[2m=[0m5[1m}[0m[2m:[0m [2mmoq_net::lite::publisher[0m[2m:[0m serving group [3msubscribe[0m[2m=[0m1 [3mtrack[0m[2m=[0maudio [3msequence[0m[2m=[0m223
[2m2026-09-06T14:44:24.770363Z[0m [34mDEBUG[0m [1mconn[0m[1m{[0m[3mid[0m[2m=[0m5[1m}[0m[2m:[0m [2mmoq_net::lite::publisher[0m[2m:[0m finished group [3msequence[0m[2m=[0m223
[2m2026-09-06T14:44:24.787183Z[0m [34mDEBUG[0m [1mconn[0m[1m{[0m[3mid[0m[2m=[0m0[1m}[0m[2m:[0m [2mmoq_net::lite::publisher[0m[2m:[0m serving group [3msubscribe[0m[2m=[0m2 [3mtrack[0m[2m=[0mpublisher.json [3msequence[0m[2m=[0m14
[2m2026-09-06T14:44:24.787597Z[0m [34mDEBUG[0m [1mconn[0m[1m{[0m[3mid[0m[2m=[0m0[1m}[0m[2m:[0m [2mmoq_net::lite::publisher[0m[2m:[0m serving group [3msubscribe[0m[2m=[0m1 [3mtrack[0m[2m=[0msubscriber.json [3msequence[0m[2m=[0m14
[2m2026-09-06T14:44:24.788553Z[0m [34mDEBUG[0m [1mconn[0m[1m{[0m[3mid[0m[2m=[0m5[1m}[0m[2m:[0m [2mmoq_net::lite::publisher[0m[2m:[0m serving group [3msubscribe[0m[2m=[0m1 [3mtrack[0m[2m=[0maudio [3msequence[0m[2m=[0m224
[2m2026-09-06T14:44:24.789687Z[0m [34mDEBUG[0m [1mconn[0m[1m{[0m[3mid[0m[2m=[0m0[1m}[0m[2m:[0m [2mmoq_net::lite::publisher[0m[2m:[0m finished group [3msequence[0m[2m=[0m14
[2m2026-09-06T14:44:24.789755Z[0m [34mDEBUG[0m [1mconn[0m[1m{[0m[3mid[0m[2m=[0m0[1m}[0m[2m:[0m [2mmoq_net::lite::publisher[0m[2m:[0m finished group [3msequence[0m[2m=[0m14
[2m2026-09-06T14:44:24.790400Z[0m [34mDEBUG[0m [1mconn[0m[1m{[0m[3mid[0m[2m=[0m5[1m}[0m[2m:[0m [2mmoq_net::lite::publisher[0m[2m:[0m finished group [3msequence[0m[2m=[0m224
[2m2026-09-06T14:44:24.808379Z[0m [34mDEBUG[0m [1mconn[0m[1m{[0m[3mid[0m[2m=[0m5[1m}[0m[2m:[0m [2mmoq_net::lite::publisher[0m[2m:[0m serving group [3msubscribe[0m[2m=[0m1 [3mtrack[0m[2m=[0maudio [3msequence[0m[2m=[0m225
[2m2026-09-06T14:44:24.810232Z[0m [34mDEBUG[0m [1mconn[0m[1m{[0m[3mid[0m[2m=[0m5[1m}[0m[2m:[0m [2mmoq_net::lite::publisher[0m[2m:[0m finished group [3msequence[0m[2m=[0m225
[2m2026-09-06T14:44:24.849026Z[0m [34mDEBUG[0m [1mconn[0m[1m{[0m[3mid[0m[2m=[0m5[1m}[0m[2m:[0m [2mmoq_net::lite::publisher[0m[2m:[0m serving group [3msubscribe[0m[2m=[0m1 [3mtrack[0m[2m=[0maudio [3msequence[0m[2m=[0m226
[2m2026-09-06T14:44:24.851431Z[0m [34mDEBUG[0m [1mconn[0m[1m{[0m[3mid[0m[2m=[0m5[1m}[0m[2m:[0m [2mmoq_net::lite::publisher[0m[2m:[0m finished group [3msequence[0m[2m=[0m226
[2m2026-09-06T14:44:24.868409Z[0m [34mDEBUG[0m [1mconn[0m[1m{[0m[3mid[0m[2m=[0m5[1m}[0m[2m:[0m [2mmoq_net::lite::publisher[0m[2m:[0m serving group [3msubscribe[0m[2m=[0m1 [3mtrack[0m[2m=[0maudio [3msequence[0m[2m=[0m227
[2m2026-09-06T14:44:24.870555Z[0m [34mDEBUG[0m [1mconn[0m[1m{[0m[3mid[0m[2m=[0m5[1m}[0m[2m:[0m [2mmoq_net::lite::publisher[0m[2m:[0m finished group [3msequence[0m[2m=[0m227
[2m2026-09-06T14:44:24.888477Z[0m [34mDEBUG[0m [1mconn[0m[1m{[0m[3mid[0m[2m=[0m5[1m}[0m[2m:[0m [2mmoq_net::lite::publisher[0m[2m:[0m serving group [3msubscribe[0m[2m=[0m1 [3mtrack[0m[2m=[0maudio [3msequence[0m[2m=[0m228
[2m2026-09-06T14:44:24.890208Z[0m [34mDEBUG[0m [1mconn[0m[1m{[0m[3mid[0m[2m=[0m5[1m}[0m[2m:[0m [2mmoq_net::lite::publisher[0m[2m:[0m finished group [3msequence[0m[2m=[0m228
[2m2026-09-06T14:44:24.907798Z[0m [34mDEBUG[0m [1mconn[0m[1m{[0m[3mid[0m[2m=[0m5[1m}[0m[2m:[0m [2mmoq_net::lite::publisher[0m[2m:[0m serving group [3msubscribe[0m[2m=[0m1 [3mtrack[0m[2m=[0maudio [3msequence[0m[2m=[0m229
[2m2026-09-06T14:44:24.909325Z[0m [34mDEBUG[0m [1mconn[0m[1m{[0m[3mid[0m[2m=[0m5[1m}[0m[2m:[0m [2mmoq_net::lite::publisher[0m[2m:[0m finished group [3msequence[0m[2m=[0m229
[2m2026-09-06T14:44:24.928205Z[0m [34mDEBUG[0m [1mconn[0m[1m{[0m[3mid[0m[2m=[0m5[1m}[0m[2m:[0m [2mmoq_net::lite::publisher[0m[2m:[0m serving group [3msubscribe[0m[2m=[0m1 [3mtrack[0m[2m=[0maudio [3msequence[0m[2m=[0m230
[2m2026-09-06T14:44:24.930074Z[0m [34mDEBUG[0m [1mconn[0m[1m{[0m[3mid[0m[2m=[0m5[1m}[0m[2m:[0m [2mmoq_net::lite::publisher[0m[2m:[0m finished group [3msequence[0m[2m=[0m230
[2m2026-09-06T14:44:24.948671Z[0m [34mDEBUG[0m [1mconn[0m[1m{[0m[3mid[0m[2m=[0m5[1m}[0m[2m:[0m [2mmoq_net::lite::publisher[0m[2m:[0m serving group [3msubscribe[0m[2m=[0m1 [3mtrack[0m[2m=[0maudio [3msequence[0m[2m=[0m231
[2m2026-09-06T14:44:24.950672Z[0m [34mDEBUG[0m [1mconn[0m[1m{[0m[3mid[0m[2m=[0m5[1m}[0m[2m:[0m [2mmoq_net::lite::publisher[0m[2m:[0m finished group [3msequence[0m[2m=[0m231
[2m2026-09-06T14:44:24.968873Z[0m [34mDEBUG[0m [1mconn[0m[1m{[0m[3mid[0m[2m=[0m5[1m}[0m[2m:[0m [2mmoq_net::lite::publisher[0m[2m:[0m serving group [3msubscribe[0m[2m=[0m1 [3mtrack[0m[2m=[0maudio [3msequence[0m[2m=[0m232
[2m2026-09-06T14:44:24.970770Z[0m [34mDEBUG[0m [1mconn[0m[1m{[0m[3mid[0m[2m=[0m5[1m}[0m[2m:[0m [2mmoq_net::lite::publisher[0m[2m:[0m finished group [3msequence[0m[2m=[0m232
[2m2026-09-06T14:44:24.989182Z[0m [34mDEBUG[0m [1mconn[0m[1m{[0m[3mid[0m[2m=[0m5[1m}[0m[2m:[0m [2mmoq_net::lite::publisher[0m[2m:[0m serving group [3msubscribe[0m[2m=[0m1 [3mtrack[0m[2m=[0maudio [3msequence[0m[2m=[0m233
[2m2026-09-06T14:44:24.990761Z[0m [34mDEBUG[0m [1mconn[0m[1m{[0m[3mid[0m[2m=[0m5[1m}[0m[2m:[0m [2mmoq_net::lite::publisher[0m[2m:[0m finished group [3msequence[0m[2m=[0m233
[2m2026-09-06T14:44:25.008521Z[0m [34mDEBUG[0m [1mconn[0m[1m{[0m[3mid[0m[2m=[0m5[1m}[0m[2m:[0m [2mmoq_net::lite::publisher[0m[2m:[0m serving group [3msubscribe[0m[2m=[0m1 [3mtrack[0m[2m=[0maudio [3msequence[0m[2m=[0m234
[2m2026-09-06T14:44:25.010567Z[0m [34mDEBUG[0m [1mconn[0m[1m{[0m[3mid[0m[2m=[0m5[1m}[0m[2m:[0m [2mmoq_net::lite::publisher[0m[2m:[0m finished group [3msequence[0m[2m=[0m234
[2m2026-09-06T14:44:25.028228Z[0m [34mDEBUG[0m [1mconn[0m[1m{[0m[3mid[0m[2m=[0m5[1m}[0m[2m:[0m [2mmoq_net::lite::publisher[0m[2m:[0m serving group [3msubscribe[0m[2m=[0m1 [3mtrack[0m[2m=[0maudio [3msequence[0m[2m=[0m235
[2m2026-09-06T14:44:25.030113Z[0m [34mDEBUG[0m [1mconn[0m[1m{[0m[3mid[0m[2m=[0m5[1m}[0m[2m:[0m [2mmoq_net::lite::publisher[0m[2m:[0m finished group [3msequence[0m[2m=[0m235
[2m2026-09-06T14:44:25.049261Z[0m [34mDEBUG[0m [1mconn[0m[1m{[0m[3mid[0m[2m=[0m5[1m}[0m[2m:[0m [2mmoq_net::lite::publisher[0m[2m:[0m serving group [3msubscribe[0m[2m=[0m1 [3mtrack[0m[2m=[0maudio [3msequence[0m[2m=[0m236
[2m2026-09-06T14:44:25.052018Z[0m [34mDEBUG[0m [1mconn[0m[1m{[0m[3mid[0m[2m=[0m5[1m}[0m[2m:[0m [2mmoq_net::lite::publisher[0m[2m:[0m finished group [3msequence[0m[2m=[0m236
[2m2026-09-06T14:44:25.068843Z[0m [34mDEBUG[0m [1mconn[0m[1m{[0m[3mid[0m[2m=[0m5[1m}[0m[2m:[0m [2mmoq_net::lite::publisher[0m[2m:[0m serving group [3msubscribe[0m[2m=[0m1 [3mtrack[0m[2m=[0maudio [3msequence[0m[2m=[0m237
[2m2026-09-06T14:44:25.070772Z[0m [34mDEBUG[0m [1mconn[0m[1m{[0m[3mid[0m[2m=[0m5[1m}[0m[2m:[0m [2mmoq_net::lite::publisher[0m[2m:[0m finished group [3msequence[0m[2m=[0m237
[2m2026-09-06T14:44:25.088816Z[0m [34mDEBUG[0m [1mconn[0m[1m{[0m[3mid[0m[2m=[0m5[1m}[0m[2m:[0m [2mmoq_net::lite::publisher[0m[2m:[0m serving group [3msubscribe[0m[2m=[0m1 [3mtrack[0m[2m=[0maudio [3msequence[0m[2m=[0m238
[2m2026-09-06T14:44:25.090670Z[0m [34mDEBUG[0m [1mconn[0m[1m{[0m[3mid[0m[2m=[0m5[1m}[0m[2m:[0m [2mmoq_net::lite::publisher[0m[2m:[0m finished group [3msequence[0m[2m=[0m238
[2m2026-09-06T14:44:25.108683Z[0m [34mDEBUG[0m [1mconn[0m[1m{[0m[3mid[0m[2m=[0m5[1m}[0m[2m:[0m [2mmoq_net::lite::publisher[0m[2m:[0m serving group [3msubscribe[0m[2m=[0m1 [3mtrack[0m[2m=[0maudio [3msequence[0m[2m=[0m239
[2m2026-09-06T14:44:25.110655Z[0m [34mDEBUG[0m [1mconn[0m[1m{[0m[3mid[0m[2m=[0m5[1m}[0m[2m:[0m [2mmoq_net::lite::publisher[0m[2m:[0m finished group [3msequence[0m[2m=[0m239
[2m2026-09-06T14:44:25.128312Z[0m [34mDEBUG[0m [1mconn[0m[1m{[0m[3mid[0m[2m=[0m5[1m}[0m[2m:[0m [2mmoq_net::lite::publisher[0m[2m:[0m serving group [3msubscribe[0m[2m=[0m1 [3mtrack[0m[2m=[0maudio [3msequence[0m[2m=[0m240
[2m2026-09-06T14:44:25.130186Z[0m [34mDEBUG[0m [1mconn[0m[1m{[0m[3mid[0m[2m=[0m5[1m}[0m[2m:[0m [2mmoq_net::lite::publisher[0m[2m:[0m finished group [3msequence[0m[2m=[0m240
[2m2026-09-06T14:44:25.149123Z[0m [34mDEBUG[0m [1mconn[0m[1m{[0m[3mid[0m[2m=[0m5[1m}[0m[2m:[0m [2mmoq_net::lite::publisher[0m[2m:[0m serving group [3msubscribe[0m[2m=[0m1 [3mtrack[0m[2m=[0maudio [3msequence[0m[2m=[0m241
[2m2026-09-06T14:44:25.150769Z[0m [34mDEBUG[0m [1mconn[0m[1m{[0m[3mid[0m[2m=[0m5[1m}[0m[2m:[0m [2mmoq_net::lite::publisher[0m[2m:[0m finished group [3msequence[0m[2m=[0m241
[2m2026-09-06T14:44:25.168567Z[0m [34mDEBUG[0m [1mconn[0m[1m{[0m[3mid[0m[2m=[0m5[1m}[0m[2m:[0m [2mmoq_net::lite::publisher[0m[2m:[0m serving group [3msubscribe[0m[2m=[0m1 [3mtrack[0m[2m=[0maudio [3msequence[0m[2m=[0m242
[2m2026-09-06T14:44:25.170537Z[0m [34mDEBUG[0m [1mconn[0m[1m{[0m[3mid[0m[2m=[0m5[1m}[0m[2m:[0m [2mmoq_net::lite::publisher[0m[2m:[0m finished group [3msequence[0m[2m=[0m242
[2m2026-09-06T14:44:25.188653Z[0m [34mDEBUG[0m [1mconn[0m[1m{[0m[3mid[0m[2m=[0m5[1m}[0m[2m:[0m [2mmoq_net::lite::publisher[0m[2m:[0m serving group [3msubscribe[0m[2m=[0m1 [3mtrack[0m[2m=[0maudio [3msequence[0m[2m=[0m243
[2m2026-09-06T14:44:25.190580Z[0m [34mDEBUG[0m [1mconn[0m[1m{[0m[3mid[0m[2m=[0m5[1m}[0m[2m:[0m [2mmoq_net::lite::publisher[0m[2m:[0m finished group [3msequence[0m[2m=[0m243
[2m2026-09-06T14:44:25.208178Z[0m [34mDEBUG[0m [1mconn[0m[1m{[0m[3mid[0m[2m=[0m5[1m}[0m[2m:[0m [2mmoq_net::lite::publisher[0m[2m:[0m serving group [3msubscribe[0m[2m=[0m1 [3mtrack[0m[2m=[0maudio [3msequence[0m[2m=[0m244
[2m2026-09-06T14:44:25.210151Z[0m [34mDEBUG[0m [1mconn[0m[1m{[0m[3mid[0m[2m=[0m5[1m}[0m[2m:[0m [2mmoq_net::lite::publisher[0m[2m:[0m finished group [3msequence[0m[2m=[0m244
[2m2026-09-06T14:44:25.228183Z[0m [34mDEBUG[0m [1mconn[0m[1m{[0m[3mid[0m[2m=[0m5[1m}[0m[2m:[0m [2mmoq_net::lite::publisher[0m[2m:[0m serving group [3msubscribe[0m[2m=[0m1 [3mtrack[0m[2m=[0maudio [3msequence[0m[2m=[0m245
[2m2026-09-06T14:44:25.230074Z[0m [34mDEBUG[0m [1mconn[0m[1m{[0m[3mid[0m[2m=[0m5[1m}[0m[2m:[0m [2mmoq_net::lite::publisher[0m[2m:[0m finished group [3msequence[0m[2m=[0m245
[2m2026-09-06T14:44:25.349114Z[0m [34mDEBUG[0m [1mconn[0m[1m{[0m[3mid[0m[2m=[0m5[1m}[0m[2m:[0m [2mmoq_net::lite::publisher[0m[2m:[0m serving group [3msubscribe[0m[2m=[0m1 [3mtrack[0m[2m=[0maudio [3msequence[0m[2m=[0m246
[2m2026-09-06T14:44:25.349721Z[0m [34mDEBUG[0m [1mconn[0m[1m{[0m[3mid[0m[2m=[0m5[1m}[0m[2m:[0m [2mmoq_net::lite::publisher[0m[2m:[0m finished group [3msequence[0m[2m=[0m246
[2m2026-09-06T14:44:25.368483Z[0m [34mDEBUG[0m [1mconn[0m[1m{[0m[3mid[0m[2m=[0m5[1m}[0m[2m:[0m [2mmoq_net::lite::publisher[0m[2m:[0m serving group [3msubscribe[0m[2m=[0m1 [3mtrack[0m[2m=[0maudio [3msequence[0m[2m=[0m247
[2m2026-09-06T14:44:25.370626Z[0m [34mDEBUG[0m [1mconn[0m[1m{[0m[3mid[0m[2m=[0m5[1m}[0m[2m:[0m [2mmoq_net::lite::publisher[0m[2m:[0m finished group [3msequence[0m[2m=[0m247
[2m2026-09-06T14:44:25.389024Z[0m [34mDEBUG[0m [1mconn[0m[1m{[0m[3mid[0m[2m=[0m5[1m}[0m[2m:[0m [2mmoq_net::lite::publisher[0m[2m:[0m serving group [3msubscribe[0m[2m=[0m1 [3mtrack[0m[2m=[0maudio [3msequence[0m[2m=[0m248
[2m2026-09-06T14:44:25.390831Z[0m [34mDEBUG[0m [1mconn[0m[1m{[0m[3mid[0m[2m=[0m5[1m}[0m[2m:[0m [2mmoq_net::lite::publisher[0m[2m:[0m finished group [3msequence[0m[2m=[0m248
[2m2026-09-06T14:44:25.409079Z[0m [34mDEBUG[0m [1mconn[0m[1m{[0m[3mid[0m[2m=[0m5[1m}[0m[2m:[0m [2mmoq_net::lite::publisher[0m[2m:[0m serving group [3msubscribe[0m[2m=[0m1 [3mtrack[0m[2m=[0maudio [3msequence[0m[2m=[0m249
[2m2026-09-06T14:44:25.411099Z[0m [34mDEBUG[0m [1mconn[0m[1m{[0m[3mid[0m[2m=[0m5[1m}[0m[2m:[0m [2mmoq_net::lite::publisher[0m[2m:[0m finished group [3msequence[0m[2m=[0m249
[2m2026-09-06T14:44:25.429274Z[0m [34mDEBUG[0m [1mconn[0m[1m{[0m[3mid[0m[2m=[0m5[1m}[0m[2m:[0m [2mmoq_net::lite::publisher[0m[2m:[0m serving group [3msubscribe[0m[2m=[0m1 [3mtrack[0m[2m=[0maudio [3msequence[0m[2m=[0m250
[2m2026-09-06T14:44:25.431330Z[0m [34mDEBUG[0m [1mconn[0m[1m{[0m[3mid[0m[2m=[0m5[1m}[0m[2m:[0m [2mmoq_net::lite::publisher[0m[2m:[0m finished group [3msequence[0m[2m=[0m250
[2m2026-09-06T14:44:25.448821Z[0m [34mDEBUG[0m [1mconn[0m[1m{[0m[3mid[0m[2m=[0m5[1m}[0m[2m:[0m [2mmoq_net::lite::publisher[0m[2m:[0m serving group [3msubscribe[0m[2m=[0m1 [3mtrack[0m[2m=[0maudio [3msequence[0m[2m=[0m251
[2m2026-09-06T14:44:25.450340Z[0m [34mDEBUG[0m [1mconn[0m[1m{[0m[3mid[0m[2m=[0m5[1m}[0m[2m:[0m [2mmoq_net::lite::publisher[0m[2m:[0m finished group [3msequence[0m[2m=[0m251
[2m2026-09-06T14:44:25.468252Z[0m [34mDEBUG[0m [1mconn[0m[1m{[0m[3mid[0m[2m=[0m5[1m}[0m[2m:[0m [2mmoq_net::lite::publisher[0m[2m:[0m serving group [3msubscribe[0m[2m=[0m1 [3mtrack[0m[2m=[0maudio [3msequence[0m[2m=[0m252
[2m2026-09-06T14:44:25.470164Z[0m [34mDEBUG[0m [1mconn[0m[1m{[0m[3mid[0m[2m=[0m5[1m}[0m[2m:[0m [2mmoq_net::lite::publisher[0m[2m:[0m finished group [3msequence[0m[2m=[0m252
[2m2026-09-06T14:44:25.489846Z[0m [34mDEBUG[0m [1mconn[0m[1m{[0m[3mid[0m[2m=[0m5[1m}[0m[2m:[0m [2mmoq_net::lite::publisher[0m[2m:[0m serving group [3msubscribe[0m[2m=[0m1 [3mtrack[0m[2m=[0maudio [3msequence[0m[2m=[0m253
[2m2026-09-06T14:44:25.491960Z[0m [34mDEBUG[0m [1mconn[0m[1m{[0m[3mid[0m[2m=[0m5[1m}[0m[2m:[0m [2mmoq_net::lite::publisher[0m[2m:[0m finished group [3msequence[0m[2m=[0m253
[2m2026-09-06T14:44:25.508511Z[0m [34mDEBUG[0m [1mconn[0m[1m{[0m[3mid[0m[2m=[0m5[1m}[0m[2m:[0m [2mmoq_net::lite::publisher[0m[2m:[0m serving group [3msubscribe[0m[2m=[0m1 [3mtrack[0m[2m=[0maudio [3msequence[0m[2m=[0m254
[2m2026-09-06T14:44:25.510488Z[0m [34mDEBUG[0m [1mconn[0m[1m{[0m[3mid[0m[2m=[0m5[1m}[0m[2m:[0m [2mmoq_net::lite::publisher[0m[2m:[0m finished group [3msequence[0m[2m=[0m254
[2m2026-09-06T14:44:25.528681Z[0m [34mDEBUG[0m [1mconn[0m[1m{[0m[3mid[0m[2m=[0m5[1m}[0m[2m:[0m [2mmoq_net::lite::publisher[0m[2m:[0m serving group [3msubscribe[0m[2m=[0m1 [3mtrack[0m[2m=[0maudio [3msequence[0m[2m=[0m255
[2m2026-09-06T14:44:25.530604Z[0m [34mDEBUG[0m [1mconn[0m[1m{[0m[3mid[0m[2m=[0m5[1m}[0m[2m:[0m [2mmoq_net::lite::publisher[0m[2m:[0m finished group [3msequence[0m[2m=[0m255
[2m2026-09-06T14:44:25.549038Z[0m [34mDEBUG[0m [1mconn[0m[1m{[0m[3mid[0m[2m=[0m5[1m}[0m[2m:[0m [2mmoq_net::lite::publisher[0m[2m:[0m serving group [3msubscribe[0m[2m=[0m1 [3mtrack[0m[2m=[0maudio [3msequence[0m[2m=[0m256
[2m2026-09-06T14:44:25.551014Z[0m [34mDEBUG[0m [1mconn[0m[1m{[0m[3mid[0m[2m=[0m5[1m}[0m[2m:[0m [2mmoq_net::lite::publisher[0m[2m:[0m finished group [3msequence[0m[2m=[0m256
[2m2026-09-06T14:44:25.568762Z[0m [34mDEBUG[0m [1mconn[0m[1m{[0m[3mid[0m[2m=[0m5[1m}[0m[2m:[0m [2mmoq_net::lite::publisher[0m[2m:[0m serving group [3msubscribe[0m[2m=[0m1 [3mtrack[0m[2m=[0maudio [3msequence[0m[2m=[0m257
[2m2026-09-06T14:44:25.570716Z[0m [34mDEBUG[0m [1mconn[0m[1m{[0m[3mid[0m[2m=[0m5[1m}[0m[2m:[0m [2mmoq_net::lite::publisher[0m[2m:[0m finished group [3msequence[0m[2m=[0m257
[2m2026-09-06T14:44:25.591017Z[0m [34mDEBUG[0m [1mconn[0m[1m{[0m[3mid[0m[2m=[0m5[1m}[0m[2m:[0m [2mmoq_net::lite::publisher[0m[2m:[0m serving group [3msubscribe[0m[2m=[0m1 [3mtrack[0m[2m=[0maudio [3msequence[0m[2m=[0m258
[2m2026-09-06T14:44:25.593817Z[0m [34mDEBUG[0m [1mconn[0m[1m{[0m[3mid[0m[2m=[0m5[1m}[0m[2m:[0m [2mmoq_net::lite::publisher[0m[2m:[0m finished group [3msequence[0m[2m=[0m258
[2m2026-09-06T14:44:25.609439Z[0m [34mDEBUG[0m [1mconn[0m[1m{[0m[3mid[0m[2m=[0m5[1m}[0m[2m:[0m [2mmoq_net::lite::publisher[0m[2m:[0m serving group [3msubscribe[0m[2m=[0m1 [3mtrack[0m[2m=[0maudio [3msequence[0m[2m=[0m259
[2m2026-09-06T14:44:25.611413Z[0m [34mDEBUG[0m [1mconn[0m[1m{[0m[3mid[0m[2m=[0m5[1m}[0m[2m:[0m [2mmoq_net::lite::publisher[0m[2m:[0m finished group [3msequence[0m[2m=[0m259
[2m2026-09-06T14:44:25.628997Z[0m [34mDEBUG[0m [1mconn[0m[1m{[0m[3mid[0m[2m=[0m5[1m}[0m[2m:[0m [2mmoq_net::lite::publisher[0m[2m:[0m serving group [3msubscribe[0m[2m=[0m1 [3mtrack[0m[2m=[0maudio [3msequence[0m[2m=[0m260
[2m2026-09-06T14:44:25.631134Z[0m [34mDEBUG[0m [1mconn[0m[1m{[0m[3mid[0m[2m=[0m5[1m}[0m[2m:[0m [2mmoq_net::lite::publisher[0m[2m:[0m finished group [3msequence[0m[2m=[0m260
[2m2026-09-06T14:44:25.648643Z[0m [34mDEBUG[0m [1mconn[0m[1m{[0m[3mid[0m[2m=[0m5[1m}[0m[2m:[0m [2mmoq_net::lite::publisher[0m[2m:[0m serving group [3msubscribe[0m[2m=[0m1 [3mtrack[0m[2m=[0maudio [3msequence[0m[2m=[0m261
[2m2026-09-06T14:44:25.650612Z[0m [34mDEBUG[0m [1mconn[0m[1m{[0m[3mid[0m[2m=[0m5[1m}[0m[2m:[0m [2mmoq_net::lite::publisher[0m[2m:[0m finished group [3msequence[0m[2m=[0m261
[2m2026-09-06T14:44:25.668747Z[0m [34mDEBUG[0m [1mconn[0m[1m{[0m[3mid[0m[2m=[0m5[1m}[0m[2m:[0m [2mmoq_net::lite::publisher[0m[2m:[0m serving group [3msubscribe[0m[2m=[0m1 [3mtrack[0m[2m=[0maudio [3msequence[0m[2m=[0m262
[2m2026-09-06T14:44:25.670803Z[0m [34mDEBUG[0m [1mconn[0m[1m{[0m[3mid[0m[2m=[0m5[1m}[0m[2m:[0m [2mmoq_net::lite::publisher[0m[2m:[0m finished group [3msequence[0m[2m=[0m262
[2m2026-09-06T14:44:25.688642Z[0m [34mDEBUG[0m [1mconn[0m[1m{[0m[3mid[0m[2m=[0m5[1m}[0m[2m:[0m [2mmoq_net::lite::publisher[0m[2m:[0m serving group [3msubscribe[0m[2m=[0m1 [3mtrack[0m[2m=[0maudio [3msequence[0m[2m=[0m263
[2m2026-09-06T14:44:25.690555Z[0m [34mDEBUG[0m [1mconn[0m[1m{[0m[3mid[0m[2m=[0m5[1m}[0m[2m:[0m [2mmoq_net::lite::publisher[0m[2m:[0m finished group [3msequence[0m[2m=[0m263
[2m2026-09-06T14:44:25.708220Z[0m [34mDEBUG[0m [1mconn[0m[1m{[0m[3mid[0m[2m=[0m5[1m}[0m[2m:[0m [2mmoq_net::lite::publisher[0m[2m:[0m serving group [3msubscribe[0m[2m=[0m1 [3mtrack[0m[2m=[0maudio [3msequence[0m[2m=[0m264
[2m2026-09-06T14:44:25.710264Z[0m [34mDEBUG[0m [1mconn[0m[1m{[0m[3mid[0m[2m=[0m5[1m}[0m[2m:[0m [2mmoq_net::lite::publisher[0m[2m:[0m finished group [3msequence[0m[2m=[0m264
[2m2026-09-06T14:44:25.728892Z[0m [34mDEBUG[0m [1mconn[0m[1m{[0m[3mid[0m[2m=[0m5[1m}[0m[2m:[0m [2mmoq_net::lite::publisher[0m[2m:[0m serving group [3msubscribe[0m[2m=[0m1 [3mtrack[0m[2m=[0maudio [3msequence[0m[2m=[0m265
[2m2026-09-06T14:44:25.730915Z[0m [34mDEBUG[0m [1mconn[0m[1m{[0m[3mid[0m[2m=[0m5[1m}[0m[2m:[0m [2mmoq_net::lite::publisher[0m[2m:[0m finished group [3msequence[0m[2m=[0m265
[2m2026-09-06T14:44:25.748389Z[0m [34mDEBUG[0m [1mconn[0m[1m{[0m[3mid[0m[2m=[0m5[1m}[0m[2m:[0m [2mmoq_net::lite::publisher[0m[2m:[0m serving group [3msubscribe[0m[2m=[0m1 [3mtrack[0m[2m=[0maudio [3msequence[0m[2m=[0m266
[2m2026-09-06T14:44:25.750388Z[0m [34mDEBUG[0m [1mconn[0m[1m{[0m[3mid[0m[2m=[0m5[1m}[0m[2m:[0m [2mmoq_net::lite::publisher[0m[2m:[0m finished group [3msequence[0m[2m=[0m266
[2m2026-09-06T14:44:25.785858Z[0m [34mDEBUG[0m [1mconn[0m[1m{[0m[3mid[0m[2m=[0m0[1m}[0m[2m:[0m [2mmoq_net::lite::publisher[0m[2m:[0m serving group [3msubscribe[0m[2m=[0m2 [3mtrack[0m[2m=[0mpublisher.json [3msequence[0m[2m=[0m15
[2m2026-09-06T14:44:25.786119Z[0m [34mDEBUG[0m [1mconn[0m[1m{[0m[3mid[0m[2m=[0m0[1m}[0m[2m:[0m [2mmoq_net::lite::publisher[0m[2m:[0m serving group [3msubscribe[0m[2m=[0m1 [3mtrack[0m[2m=[0msubscriber.json [3msequence[0m[2m=[0m15
[2m2026-09-06T14:44:25.788064Z[0m [34mDEBUG[0m [1mconn[0m[1m{[0m[3mid[0m[2m=[0m0[1m}[0m[2m:[0m [2mmoq_net::lite::publisher[0m[2m:[0m finished group [3msequence[0m[2m=[0m15
[2m2026-09-06T14:44:25.788147Z[0m [34mDEBUG[0m [1mconn[0m[1m{[0m[3mid[0m[2m=[0m0[1m}[0m[2m:[0m [2mmoq_net::lite::publisher[0m[2m:[0m finished group [3msequence[0m[2m=[0m15
[2m2026-09-06T14:44:25.848928Z[0m [34mDEBUG[0m [1mconn[0m[1m{[0m[3mid[0m[2m=[0m5[1m}[0m[2m:[0m [2mmoq_net::lite::publisher[0m[2m:[0m serving group [3msubscribe[0m[2m=[0m1 [3mtrack[0m[2m=[0maudio [3msequence[0m[2m=[0m267
[2m2026-09-06T14:44:25.850961Z[0m [34mDEBUG[0m [1mconn[0m[1m{[0m[3mid[0m[2m=[0m5[1m}[0m[2m:[0m [2mmoq_net::lite::publisher[0m[2m:[0m finished group [3msequence[0m[2m=[0m267
[2m2026-09-06T14:44:25.869009Z[0m [34mDEBUG[0m [1mconn[0m[1m{[0m[3mid[0m[2m=[0m5[1m}[0m[2m:[0m [2mmoq_net::lite::publisher[0m[2m:[0m serving group [3msubscribe[0m[2m=[0m1 [3mtrack[0m[2m=[0maudio [3msequence[0m[2m=[0m268
[2m2026-09-06T14:44:25.871075Z[0m [34mDEBUG[0m [1mconn[0m[1m{[0m[3mid[0m[2m=[0m5[1m}[0m[2m:[0m [2mmoq_net::lite::publisher[0m[2m:[0m finished group [3msequence[0m[2m=[0m268
[2m2026-09-06T14:44:25.888662Z[0m [34mDEBUG[0m [1mconn[0m[1m{[0m[3mid[0m[2m=[0m5[1m}[0m[2m:[0m [2mmoq_net::lite::publisher[0m[2m:[0m serving group [3msubscribe[0m[2m=[0m1 [3mtrack[0m[2m=[0maudio [3msequence[0m[2m=[0m269
[2m2026-09-06T14:44:25.890292Z[0m [34mDEBUG[0m [1mconn[0m[1m{[0m[3mid[0m[2m=[0m5[1m}[0m[2m:[0m [2mmoq_net::lite::publisher[0m[2m:[0m finished group [3msequence[0m[2m=[0m269
[2m2026-09-06T14:44:25.908405Z[0m [34mDEBUG[0m [1mconn[0m[1m{[0m[3mid[0m[2m=[0m5[1m}[0m[2m:[0m [2mmoq_net::lite::publisher[0m[2m:[0m serving group [3msubscribe[0m[2m=[0m1 [3mtrack[0m[2m=[0maudio [3msequence[0m[2m=[0m270
[2m2026-09-06T14:44:25.910302Z[0m [34mDEBUG[0m [1mconn[0m[1m{[0m[3mid[0m[2m=[0m5[1m}[0m[2m:[0m [2mmoq_net::lite::publisher[0m[2m:[0m finished group [3msequence[0m[2m=[0m270
[2m2026-09-06T14:44:25.928282Z[0m [34mDEBUG[0m [1mconn[0m[1m{[0m[3mid[0m[2m=[0m5[1m}[0m[2m:[0m [2mmoq_net::lite::publisher[0m[2m:[0m serving group [3msubscribe[0m[2m=[0m1 [3mtrack[0m[2m=[0maudio [3msequence[0m[2m=[0m271
[2m2026-09-06T14:44:25.930167Z[0m [34mDEBUG[0m [1mconn[0m[1m{[0m[3mid[0m[2m=[0m5[1m}[0m[2m:[0m [2mmoq_net::lite::publisher[0m[2m:[0m finished group [3msequence[0m[2m=[0m271
[2m2026-09-06T14:44:25.948518Z[0m [34mDEBUG[0m [1mconn[0m[1m{[0m[3mid[0m[2m=[0m5[1m}[0m[2m:[0m [2mmoq_net::lite::publisher[0m[2m:[0m serving group [3msubscribe[0m[2m=[0m1 [3mtrack[0m[2m=[0maudio [3msequence[0m[2m=[0m272
[2m2026-09-06T14:44:25.950481Z[0m [34mDEBUG[0m [1mconn[0m[1m{[0m[3mid[0m[2m=[0m5[1m}[0m[2m:[0m [2mmoq_net::lite::publisher[0m[2m:[0m finished group [3msequence[0m[2m=[0m272
[2m2026-09-06T14:44:25.969041Z[0m [34mDEBUG[0m [1mconn[0m[1m{[0m[3mid[0m[2m=[0m5[1m}[0m[2m:[0m [2mmoq_net::lite::publisher[0m[2m:[0m serving group [3msubscribe[0m[2m=[0m1 [3mtrack[0m[2m=[0maudio [3msequence[0m[2m=[0m273
[2m2026-09-06T14:44:25.971075Z[0m [34mDEBUG[0m [1mconn[0m[1m{[0m[3mid[0m[2m=[0m5[1m}[0m[2m:[0m [2mmoq_net::lite::publisher[0m[2m:[0m finished group [3msequence[0m[2m=[0m273
[2m2026-09-06T14:44:25.988052Z[0m [34mDEBUG[0m [1mconn[0m[1m{[0m[3mid[0m[2m=[0m5[1m}[0m[2m:[0m [2mmoq_net::lite::publisher[0m[2m:[0m serving group [3msubscribe[0m[2m=[0m1 [3mtrack[0m[2m=[0maudio [3msequence[0m[2m=[0m274
[2m2026-09-06T14:44:25.989925Z[0m [34mDEBUG[0m [1mconn[0m[1m{[0m[3mid[0m[2m=[0m5[1m}[0m[2m:[0m [2mmoq_net::lite::publisher[0m[2m:[0m finished group [3msequence[0m[2m=[0m274
[2m2026-09-06T14:44:26.001813Z[0m [34mDEBUG[0m [1mconn[0m[1m{[0m[3mid[0m[2m=[0m5[1m}[0m[2m:[0m [2mmoq_net::lite::publisher[0m[2m:[0m serving group [3msubscribe[0m[2m=[0m2 [3mtrack[0m[2m=[0mvideo [3msequence[0m[2m=[0m3
[2m2026-09-06T14:44:26.003284Z[0m [34mDEBUG[0m [1mconn[0m[1m{[0m[3mid[0m[2m=[0m5[1m}[0m[2m:[0m [2mmoq_net::lite::publisher[0m[2m:[0m finished group [3msequence[0m[2m=[0m2
[2m2026-09-06T14:44:26.008085Z[0m [34mDEBUG[0m [1mconn[0m[1m{[0m[3mid[0m[2m=[0m5[1m}[0m[2m:[0m [2mmoq_net::lite::publisher[0m[2m:[0m serving group [3msubscribe[0m[2m=[0m1 [3mtrack[0m[2m=[0maudio [3msequence[0m[2m=[0m275
[2m2026-09-06T14:44:26.009900Z[0m [34mDEBUG[0m [1mconn[0m[1m{[0m[3mid[0m[2m=[0m5[1m}[0m[2m:[0m [2mmoq_net::lite::publisher[0m[2m:[0m finished group [3msequence[0m[2m=[0m275
[2m2026-09-06T14:44:26.028140Z[0m [34mDEBUG[0m [1mconn[0m[1m{[0m[3mid[0m[2m=[0m5[1m}[0m[2m:[0m [2mmoq_net::lite::publisher[0m[2m:[0m serving group [3msubscribe[0m[2m=[0m1 [3mtrack[0m[2m=[0maudio [3msequence[0m[2m=[0m276
[2m2026-09-06T14:44:26.030052Z[0m [34mDEBUG[0m [1mconn[0m[1m{[0m[3mid[0m[2m=[0m5[1m}[0m[2m:[0m [2mmoq_net::lite::publisher[0m[2m:[0m finished group [3msequence[0m[2m=[0m276
[2m2026-09-06T14:44:26.048519Z[0m [34mDEBUG[0m [1mconn[0m[1m{[0m[3mid[0m[2m=[0m5[1m}[0m[2m:[0m [2mmoq_net::lite::publisher[0m[2m:[0m serving group [3msubscribe[0m[2m=[0m1 [3mtrack[0m[2m=[0maudio [3msequence[0m[2m=[0m277
[2m2026-09-06T14:44:26.050249Z[0m [34mDEBUG[0m [1mconn[0m[1m{[0m[3mid[0m[2m=[0m5[1m}[0m[2m:[0m [2mmoq_net::lite::publisher[0m[2m:[0m finished group [3msequence[0m[2m=[0m277
[2m2026-09-06T14:44:26.069268Z[0m [34mDEBUG[0m [1mconn[0m[1m{[0m[3mid[0m[2m=[0m5[1m}[0m[2m:[0m [2mmoq_net::lite::publisher[0m[2m:[0m serving group [3msubscribe[0m[2m=[0m1 [3mtrack[0m[2m=[0maudio [3msequence[0m[2m=[0m278
[2m2026-09-06T14:44:26.071219Z[0m [34mDEBUG[0m [1mconn[0m[1m{[0m[3mid[0m[2m=[0m5[1m}[0m[2m:[0m [2mmoq_net::lite::publisher[0m[2m:[0m finished group [3msequence[0m[2m=[0m278
[2m2026-09-06T14:44:26.089582Z[0m [34mDEBUG[0m [1mconn[0m[1m{[0m[3mid[0m[2m=[0m5[1m}[0m[2m:[0m [2mmoq_net::lite::publisher[0m[2m:[0m serving group [3msubscribe[0m[2m=[0m1 [3mtrack[0m[2m=[0maudio [3msequence[0m[2m=[0m279
[2m2026-09-06T14:44:26.091690Z[0m [34mDEBUG[0m [1mconn[0m[1m{[0m[3mid[0m[2m=[0m5[1m}[0m[2m:[0m [2mmoq_net::lite::publisher[0m[2m:[0m finished group [3msequence[0m[2m=[0m279
[2m2026-09-06T14:44:26.108119Z[0m [34mDEBUG[0m [1mconn[0m[1m{[0m[3mid[0m[2m=[0m5[1m}[0m[2m:[0m [2mmoq_net::lite::publisher[0m[2m:[0m serving group [3msubscribe[0m[2m=[0m1 [3mtrack[0m[2m=[0maudio [3msequence[0m[2m=[0m280
[2m2026-09-06T14:44:26.110111Z[0m [34mDEBUG[0m [1mconn[0m[1m{[0m[3mid[0m[2m=[0m5[1m}[0m[2m:[0m [2mmoq_net::lite::publisher[0m[2m:[0m finished group [3msequence[0m[2m=[0m280
[2m2026-09-06T14:44:26.128006Z[0m [34mDEBUG[0m [1mconn[0m[1m{[0m[3mid[0m[2m=[0m5[1m}[0m[2m:[0m [2mmoq_net::lite::publisher[0m[2m:[0m serving group [3msubscribe[0m[2m=[0m1 [3mtrack[0m[2m=[0maudio [3msequence[0m[2m=[0m281
[2m2026-09-06T14:44:26.129857Z[0m [34mDEBUG[0m [1mconn[0m[1m{[0m[3mid[0m[2m=[0m5[1m}[0m[2m:[0m [2mmoq_net::lite::publisher[0m[2m:[0m finished group [3msequence[0m[2m=[0m281
[2m2026-09-06T14:44:26.148404Z[0m [34mDEBUG[0m [1mconn[0m[1m{[0m[3mid[0m[2m=[0m5[1m}[0m[2m:[0m [2mmoq_net::lite::publisher[0m[2m:[0m serving group [3msubscribe[0m[2m=[0m1 [3mtrack[0m[2m=[0maudio [3msequence[0m[2m=[0m282
[2m2026-09-06T14:44:26.150387Z[0m [34mDEBUG[0m [1mconn[0m[1m{[0m[3mid[0m[2m=[0m5[1m}[0m[2m:[0m [2mmoq_net::lite::publisher[0m[2m:[0m finished group [3msequence[0m[2m=[0m282
[2m2026-09-06T14:44:26.169472Z[0m [34mDEBUG[0m [1mconn[0m[1m{[0m[3mid[0m[2m=[0m5[1m}[0m[2m:[0m [2mmoq_net::lite::publisher[0m[2m:[0m serving group [3msubscribe[0m[2m=[0m1 [3mtrack[0m[2m=[0maudio [3msequence[0m[2m=[0m283
[2m2026-09-06T14:44:26.171143Z[0m [34mDEBUG[0m [1mconn[0m[1m{[0m[3mid[0m[2m=[0m5[1m}[0m[2m:[0m [2mmoq_net::lite::publisher[0m[2m:[0m finished group [3msequence[0m[2m=[0m283
[2m2026-09-06T14:44:26.188102Z[0m [34mDEBUG[0m [1mconn[0m[1m{[0m[3mid[0m[2m=[0m5[1m}[0m[2m:[0m [2mmoq_net::lite::publisher[0m[2m:[0m serving group [3msubscribe[0m[2m=[0m1 [3mtrack[0m[2m=[0maudio [3msequence[0m[2m=[0m284
[2m2026-09-06T14:44:26.189789Z[0m [34mDEBUG[0m [1mconn[0m[1m{[0m[3mid[0m[2m=[0m5[1m}[0m[2m:[0m [2mmoq_net::lite::publisher[0m[2m:[0m finished group [3msequence[0m[2m=[0m284
[2m2026-09-06T14:44:26.208251Z[0m [34mDEBUG[0m [1mconn[0m[1m{[0m[3mid[0m[2m=[0m5[1m}[0m[2m:[0m [2mmoq_net::lite::publisher[0m[2m:[0m serving group [3msubscribe[0m[2m=[0m1 [3mtrack[0m[2m=[0maudio [3msequence[0m[2m=[0m285
[2m2026-09-06T14:44:26.210070Z[0m [34mDEBUG[0m [1mconn[0m[1m{[0m[3mid[0m[2m=[0m5[1m}[0m[2m:[0m [2mmoq_net::lite::publisher[0m[2m:[0m finished group [3msequence[0m[2m=[0m285
[2m2026-09-06T14:44:26.329132Z[0m [34mDEBUG[0m [1mconn[0m[1m{[0m[3mid[0m[2m=[0m5[1m}[0m[2m:[0m [2mmoq_net::lite::publisher[0m[2m:[0m serving group [3msubscribe[0m[2m=[0m1 [3mtrack[0m[2m=[0maudio [3msequence[0m[2m=[0m286
[2m2026-09-06T14:44:26.330939Z[0m [34mDEBUG[0m [1mconn[0m[1m{[0m[3mid[0m[2m=[0m5[1m}[0m[2m:[0m [2mmoq_net::lite::publisher[0m[2m:[0m finished group [3msequence[0m[2m=[0m286
[2m2026-09-06T14:44:26.348651Z[0m [34mDEBUG[0m [1mconn[0m[1m{[0m[3mid[0m[2m=[0m5[1m}[0m[2m:[0m [2mmoq_net::lite::publisher[0m[2m:[0m serving group [3msubscribe[0m[2m=[0m1 [3mtrack[0m[2m=[0maudio [3msequence[0m[2m=[0m287
[2m2026-09-06T14:44:26.350177Z[0m [34mDEBUG[0m [1mconn[0m[1m{[0m[3mid[0m[2m=[0m5[1m}[0m[2m:[0m [2mmoq_net::lite::publisher[0m[2m:[0m finished group [3msequence[0m[2m=[0m287
[2m2026-09-06T14:44:26.368355Z[0m [34mDEBUG[0m [1mconn[0m[1m{[0m[3mid[0m[2m=[0m5[1m}[0m[2m:[0m [2mmoq_net::lite::publisher[0m[2m:[0m serving group [3msubscribe[0m[2m=[0m1 [3mtrack[0m[2m=[0maudio [3msequence[0m[2m=[0m288
[2m2026-09-06T14:44:26.370165Z[0m [34mDEBUG[0m [1mconn[0m[1m{[0m[3mid[0m[2m=[0m5[1m}[0m[2m:[0m [2mmoq_net::lite::publisher[0m[2m:[0m finished group [3msequence[0m[2m=[0m288
[2m2026-09-06T14:44:26.388015Z[0m [34mDEBUG[0m [1mconn[0m[1m{[0m[3mid[0m[2m=[0m5[1m}[0m[2m:[0m [2mmoq_net::lite::publisher[0m[2m:[0m serving group [3msubscribe[0m[2m=[0m1 [3mtrack[0m[2m=[0maudio [3msequence[0m[2m=[0m289
[2m2026-09-06T14:44:26.389869Z[0m [34mDEBUG[0m [1mconn[0m[1m{[0m[3mid[0m[2m=[0m5[1m}[0m[2m:[0m [2mmoq_net::lite::publisher[0m[2m:[0m finished group [3msequence[0m[2m=[0m289
[2m2026-09-06T14:44:26.408120Z[0m [34mDEBUG[0m [1mconn[0m[1m{[0m[3mid[0m[2m=[0m5[1m}[0m[2m:[0m [2mmoq_net::lite::publisher[0m[2m:[0m serving group [3msubscribe[0m[2m=[0m1 [3mtrack[0m[2m=[0maudio [3msequence[0m[2m=[0m290
[2m2026-09-06T14:44:26.409510Z[0m [34mDEBUG[0m [1mconn[0m[1m{[0m[3mid[0m[2m=[0m5[1m}[0m[2m:[0m [2mmoq_net::lite::publisher[0m[2m:[0m finished group [3msequence[0m[2m=[0m290
[2m2026-09-06T14:44:26.428008Z[0m [34mDEBUG[0m [1mconn[0m[1m{[0m[3mid[0m[2m=[0m5[1m}[0m[2m:[0m [2mmoq_net::lite::publisher[0m[2m:[0m serving group [3msubscribe[0m[2m=[0m1 [3mtrack[0m[2m=[0maudio [3msequence[0m[2m=[0m291
[2m2026-09-06T14:44:26.429906Z[0m [34mDEBUG[0m [1mconn[0m[1m{[0m[3mid[0m[2m=[0m5[1m}[0m[2m:[0m [2mmoq_net::lite::publisher[0m[2m:[0m finished group [3msequence[0m[2m=[0m291
[2m2026-09-06T14:44:26.448513Z[0m [34mDEBUG[0m [1mconn[0m[1m{[0m[3mid[0m[2m=[0m5[1m}[0m[2m:[0m [2mmoq_net::lite::publisher[0m[2m:[0m serving group [3msubscribe[0m[2m=[0m1 [3mtrack[0m[2m=[0maudio [3msequence[0m[2m=[0m292
[2m2026-09-06T14:44:26.450659Z[0m [34mDEBUG[0m [1mconn[0m[1m{[0m[3mid[0m[2m=[0m5[1m}[0m[2m:[0m [2mmoq_net::lite::publisher[0m[2m:[0m finished group [3msequence[0m[2m=[0m292
[2m2026-09-06T14:44:26.468279Z[0m [34mDEBUG[0m [1mconn[0m[1m{[0m[3mid[0m[2m=[0m5[1m}[0m[2m:[0m [2mmoq_net::lite::publisher[0m[2m:[0m serving group [3msubscribe[0m[2m=[0m1 [3mtrack[0m[2m=[0maudio [3msequence[0m[2m=[0m293
[2m2026-09-06T14:44:26.470223Z[0m [34mDEBUG[0m [1mconn[0m[1m{[0m[3mid[0m[2m=[0m5[1m}[0m[2m:[0m [2mmoq_net::lite::publisher[0m[2m:[0m finished group [3msequence[0m[2m=[0m293
[2m2026-09-06T14:44:26.488072Z[0m [34mDEBUG[0m [1mconn[0m[1m{[0m[3mid[0m[2m=[0m5[1m}[0m[2m:[0m [2mmoq_net::lite::publisher[0m[2m:[0m serving group [3msubscribe[0m[2m=[0m1 [3mtrack[0m[2m=[0maudio [3msequence[0m[2m=[0m294
[2m2026-09-06T14:44:26.489509Z[0m [34mDEBUG[0m [1mconn[0m[1m{[0m[3mid[0m[2m=[0m5[1m}[0m[2m:[0m [2mmoq_net::lite::publisher[0m[2m:[0m finished group [3msequence[0m[2m=[0m294
[2m2026-09-06T14:44:26.508195Z[0m [34mDEBUG[0m [1mconn[0m[1m{[0m[3mid[0m[2m=[0m5[1m}[0m[2m:[0m [2mmoq_net::lite::publisher[0m[2m:[0m serving group [3msubscribe[0m[2m=[0m1 [3mtrack[0m[2m=[0maudio [3msequence[0m[2m=[0m295
[2m2026-09-06T14:44:26.508666Z[0m [34mDEBUG[0m [1mconn[0m[1m{[0m[3mid[0m[2m=[0m5[1m}[0m[2m:[0m [2mmoq_net::lite::publisher[0m[2m:[0m finished group [3msequence[0m[2m=[0m295
[2m2026-09-06T14:44:26.528771Z[0m [34mDEBUG[0m [1mconn[0m[1m{[0m[3mid[0m[2m=[0m5[1m}[0m[2m:[0m [2mmoq_net::lite::publisher[0m[2m:[0m serving group [3msubscribe[0m[2m=[0m1 [3mtrack[0m[2m=[0maudio [3msequence[0m[2m=[0m296
[2m2026-09-06T14:44:26.530822Z[0m [34mDEBUG[0m [1mconn[0m[1m{[0m[3mid[0m[2m=[0m5[1m}[0m[2m:[0m [2mmoq_net::lite::publisher[0m[2m:[0m finished group [3msequence[0m[2m=[0m296
[2m2026-09-06T14:44:26.548676Z[0m [34mDEBUG[0m [1mconn[0m[1m{[0m[3mid[0m[2m=[0m5[1m}[0m[2m:[0m [2mmoq_net::lite::publisher[0m[2m:[0m serving group [3msubscribe[0m[2m=[0m1 [3mtrack[0m[2m=[0maudio [3msequence[0m[2m=[0m297
[2m2026-09-06T14:44:26.550798Z[0m [34mDEBUG[0m [1mconn[0m[1m{[0m[3mid[0m[2m=[0m5[1m}[0m[2m:[0m [2mmoq_net::lite::publisher[0m[2m:[0m finished group [3msequence[0m[2m=[0m297
[2m2026-09-06T14:44:26.568358Z[0m [34mDEBUG[0m [1mconn[0m[1m{[0m[3mid[0m[2m=[0m5[1m}[0m[2m:[0m [2mmoq_net::lite::publisher[0m[2m:[0m serving group [3msubscribe[0m[2m=[0m1 [3mtrack[0m[2m=[0maudio [3msequence[0m[2m=[0m298
[2m2026-09-06T14:44:26.570338Z[0m [34mDEBUG[0m [1mconn[0m[1m{[0m[3mid[0m[2m=[0m5[1m}[0m[2m:[0m [2mmoq_net::lite::publisher[0m[2m:[0m finished group [3msequence[0m[2m=[0m298
[2m2026-09-06T14:44:26.588405Z[0m [34mDEBUG[0m [1mconn[0m[1m{[0m[3mid[0m[2m=[0m5[1m}[0m[2m:[0m [2mmoq_net::lite::publisher[0m[2m:[0m serving group [3msubscribe[0m[2m=[0m1 [3mtrack[0m[2m=[0maudio [3msequence[0m[2m=[0m299
[2m2026-09-06T14:44:26.590419Z[0m [34mDEBUG[0m [1mconn[0m[1m{[0m[3mid[0m[2m=[0m5[1m}[0m[2m:[0m [2mmoq_net::lite::publisher[0m[2m:[0m finished group [3msequence[0m[2m=[0m299
[2m2026-09-06T14:44:26.608365Z[0m [34mDEBUG[0m [1mconn[0m[1m{[0m[3mid[0m[2m=[0m5[1m}[0m[2m:[0m [2mmoq_net::lite::publisher[0m[2m:[0m serving group [3msubscribe[0m[2m=[0m1 [3mtrack[0m[2m=[0maudio [3msequence[0m[2m=[0m300
[2m2026-09-06T14:44:26.610420Z[0m [34mDEBUG[0m [1mconn[0m[1m{[0m[3mid[0m[2m=[0m5[1m}[0m[2m:[0m [2mmoq_net::lite::publisher[0m[2m:[0m finished group [3msequence[0m[2m=[0m300
[2m2026-09-06T14:44:26.629758Z[0m [34mDEBUG[0m [1mconn[0m[1m{[0m[3mid[0m[2m=[0m5[1m}[0m[2m:[0m [2mmoq_net::lite::publisher[0m[2m:[0m serving group [3msubscribe[0m[2m=[0m1 [3mtrack[0m[2m=[0maudio [3msequence[0m[2m=[0m301
[2m2026-09-06T14:44:26.631749Z[0m [34mDEBUG[0m [1mconn[0m[1m{[0m[3mid[0m[2m=[0m5[1m}[0m[2m:[0m [2mmoq_net::lite::publisher[0m[2m:[0m finished group [3msequence[0m[2m=[0m301
[2m2026-09-06T14:44:26.649065Z[0m [34mDEBUG[0m [1mconn[0m[1m{[0m[3mid[0m[2m=[0m5[1m}[0m[2m:[0m [2mmoq_net::lite::publisher[0m[2m:[0m serving group [3msubscribe[0m[2m=[0m1 [3mtrack[0m[2m=[0maudio [3msequence[0m[2m=[0m302
[2m2026-09-06T14:44:26.650990Z[0m [34mDEBUG[0m [1mconn[0m[1m{[0m[3mid[0m[2m=[0m5[1m}[0m[2m:[0m [2mmoq_net::lite::publisher[0m[2m:[0m finished group [3msequence[0m[2m=[0m302
[2m2026-09-06T14:44:26.668455Z[0m [34mDEBUG[0m [1mconn[0m[1m{[0m[3mid[0m[2m=[0m5[1m}[0m[2m:[0m [2mmoq_net::lite::publisher[0m[2m:[0m serving group [3msubscribe[0m[2m=[0m1 [3mtrack[0m[2m=[0maudio [3msequence[0m[2m=[0m303
[2m2026-09-06T14:44:26.670743Z[0m [34mDEBUG[0m [1mconn[0m[1m{[0m[3mid[0m[2m=[0m5[1m}[0m[2m:[0m [2mmoq_net::lite::publisher[0m[2m:[0m finished group [3msequence[0m[2m=[0m303
[2m2026-09-06T14:44:26.688399Z[0m [34mDEBUG[0m [1mconn[0m[1m{[0m[3mid[0m[2m=[0m5[1m}[0m[2m:[0m [2mmoq_net::lite::publisher[0m[2m:[0m serving group [3msubscribe[0m[2m=[0m1 [3mtrack[0m[2m=[0maudio [3msequence[0m[2m=[0m304
[2m2026-09-06T14:44:26.690270Z[0m [34mDEBUG[0m [1mconn[0m[1m{[0m[3mid[0m[2m=[0m5[1m}[0m[2m:[0m [2mmoq_net::lite::publisher[0m[2m:[0m finished group [3msequence[0m[2m=[0m304
[2m2026-09-06T14:44:26.708613Z[0m [34mDEBUG[0m [1mconn[0m[1m{[0m[3mid[0m[2m=[0m5[1m}[0m[2m:[0m [2mmoq_net::lite::publisher[0m[2m:[0m serving group [3msubscribe[0m[2m=[0m1 [3mtrack[0m[2m=[0maudio [3msequence[0m[2m=[0m305
[2m2026-09-06T14:44:26.710573Z[0m [34mDEBUG[0m [1mconn[0m[1m{[0m[3mid[0m[2m=[0m5[1m}[0m[2m:[0m [2mmoq_net::lite::publisher[0m[2m:[0m finished group [3msequence[0m[2m=[0m305
[2m2026-09-06T14:44:26.729180Z[0m [34mDEBUG[0m [1mconn[0m[1m{[0m[3mid[0m[2m=[0m5[1m}[0m[2m:[0m [2mmoq_net::lite::publisher[0m[2m:[0m serving group [3msubscribe[0m[2m=[0m1 [3mtrack[0m[2m=[0maudio [3msequence[0m[2m=[0m306
[2m2026-09-06T14:44:26.731205Z[0m [34mDEBUG[0m [1mconn[0m[1m{[0m[3mid[0m[2m=[0m5[1m}[0m[2m:[0m [2mmoq_net::lite::publisher[0m[2m:[0m finished group [3msequence[0m[2m=[0m306
[2m2026-09-06T14:44:26.748731Z[0m [34mDEBUG[0m [1mconn[0m[1m{[0m[3mid[0m[2m=[0m5[1m}[0m[2m:[0m [2mmoq_net::lite::publisher[0m[2m:[0m serving group [3msubscribe[0m[2m=[0m1 [3mtrack[0m[2m=[0maudio [3msequence[0m[2m=[0m307
[2m2026-09-06T14:44:26.750539Z[0m [34mDEBUG[0m [1mconn[0m[1m{[0m[3mid[0m[2m=[0m5[1m}[0m[2m:[0m [2mmoq_net::lite::publisher[0m[2m:[0m finished group [3msequence[0m[2m=[0m307
[2m2026-09-06T14:44:26.769244Z[0m [34mDEBUG[0m [1mconn[0m[1m{[0m[3mid[0m[2m=[0m5[1m}[0m[2m:[0m [2mmoq_net::lite::publisher[0m[2m:[0m serving group [3msubscribe[0m[2m=[0m1 [3mtrack[0m[2m=[0maudio [3msequence[0m[2m=[0m308
[2m2026-09-06T14:44:26.771110Z[0m [34mDEBUG[0m [1mconn[0m[1m{[0m[3mid[0m[2m=[0m5[1m}[0m[2m:[0m [2mmoq_net::lite::publisher[0m[2m:[0m finished group [3msequence[0m[2m=[0m308
[2m2026-09-06T14:44:26.786928Z[0m [34mDEBUG[0m [1mconn[0m[1m{[0m[3mid[0m[2m=[0m0[1m}[0m[2m:[0m [2mmoq_net::lite::publisher[0m[2m:[0m serving group [3msubscribe[0m[2m=[0m2 [3mtrack[0m[2m=[0mpublisher.json [3msequence[0m[2m=[0m16
[2m2026-09-06T14:44:26.787148Z[0m [34mDEBUG[0m [1mconn[0m[1m{[0m[3mid[0m[2m=[0m0[1m}[0m[2m:[0m [2mmoq_net::lite::publisher[0m[2m:[0m serving group [3msubscribe[0m[2m=[0m1 [3mtrack[0m[2m=[0msubscriber.json [3msequence[0m[2m=[0m16
[2m2026-09-06T14:44:26.788992Z[0m [34mDEBUG[0m [1mconn[0m[1m{[0m[3mid[0m[2m=[0m0[1m}[0m[2m:[0m [2mmoq_net::lite::publisher[0m[2m:[0m finished group [3msequence[0m[2m=[0m16
[2m2026-09-06T14:44:26.789036Z[0m [34mDEBUG[0m [1mconn[0m[1m{[0m[3mid[0m[2m=[0m0[1m}[0m[2m:[0m [2mmoq_net::lite::publisher[0m[2m:[0m finished group [3msequence[0m[2m=[0m16
[2m2026-09-06T14:44:26.848945Z[0m [34mDEBUG[0m [1mconn[0m[1m{[0m[3mid[0m[2m=[0m5[1m}[0m[2m:[0m [2mmoq_net::lite::publisher[0m[2m:[0m serving group [3msubscribe[0m[2m=[0m1 [3mtrack[0m[2m=[0maudio [3msequence[0m[2m=[0m309
[2m2026-09-06T14:44:26.850686Z[0m [34mDEBUG[0m [1mconn[0m[1m{[0m[3mid[0m[2m=[0m5[1m}[0m[2m:[0m [2mmoq_net::lite::publisher[0m[2m:[0m finished group [3msequence[0m[2m=[0m309
[2m2026-09-06T14:44:26.869495Z[0m [34mDEBUG[0m [1mconn[0m[1m{[0m[3mid[0m[2m=[0m5[1m}[0m[2m:[0m [2mmoq_net::lite::publisher[0m[2m:[0m serving group [3msubscribe[0m[2m=[0m1 [3mtrack[0m[2m=[0maudio [3msequence[0m[2m=[0m310
[2m2026-09-06T14:44:26.872387Z[0m [34mDEBUG[0m [1mconn[0m[1m{[0m[3mid[0m[2m=[0m5[1m}[0m[2m:[0m [2mmoq_net::lite::publisher[0m[2m:[0m finished group [3msequence[0m[2m=[0m310
[2m2026-09-06T14:44:26.888678Z[0m [34mDEBUG[0m [1mconn[0m[1m{[0m[3mid[0m[2m=[0m5[1m}[0m[2m:[0m [2mmoq_net::lite::publisher[0m[2m:[0m serving group [3msubscribe[0m[2m=[0m1 [3mtrack[0m[2m=[0maudio [3msequence[0m[2m=[0m311
[2m2026-09-06T14:44:26.890256Z[0m [34mDEBUG[0m [1mconn[0m[1m{[0m[3mid[0m[2m=[0m5[1m}[0m[2m:[0m [2mmoq_net::lite::publisher[0m[2m:[0m finished group [3msequence[0m[2m=[0m311
[2m2026-09-06T14:44:26.907918Z[0m [34mDEBUG[0m [1mconn[0m[1m{[0m[3mid[0m[2m=[0m5[1m}[0m[2m:[0m [2mmoq_net::lite::publisher[0m[2m:[0m serving group [3msubscribe[0m[2m=[0m1 [3mtrack[0m[2m=[0maudio [3msequence[0m[2m=[0m312
[2m2026-09-06T14:44:26.909627Z[0m [34mDEBUG[0m [1mconn[0m[1m{[0m[3mid[0m[2m=[0m5[1m}[0m[2m:[0m [2mmoq_net::lite::publisher[0m[2m:[0m finished group [3msequence[0m[2m=[0m312
[2m2026-09-06T14:44:26.928202Z[0m [34mDEBUG[0m [1mconn[0m[1m{[0m[3mid[0m[2m=[0m5[1m}[0m[2m:[0m [2mmoq_net::lite::publisher[0m[2m:[0m serving group [3msubscribe[0m[2m=[0m1 [3mtrack[0m[2m=[0maudio [3msequence[0m[2m=[0m313
[2m2026-09-06T14:44:26.930125Z[0m [34mDEBUG[0m [1mconn[0m[1m{[0m[3mid[0m[2m=[0m5[1m}[0m[2m:[0m [2mmoq_net::lite::publisher[0m[2m:[0m finished group [3msequence[0m[2m=[0m313
[2m2026-09-06T14:44:26.948849Z[0m [34mDEBUG[0m [1mconn[0m[1m{[0m[3mid[0m[2m=[0m5[1m}[0m[2m:[0m [2mmoq_net::lite::publisher[0m[2m:[0m serving group [3msubscribe[0m[2m=[0m1 [3mtrack[0m[2m=[0maudio [3msequence[0m[2m=[0m314
[2m2026-09-06T14:44:26.950833Z[0m [34mDEBUG[0m [1mconn[0m[1m{[0m[3mid[0m[2m=[0m5[1m}[0m[2m:[0m [2mmoq_net::lite::publisher[0m[2m:[0m finished group [3msequence[0m[2m=[0m314
[2m2026-09-06T14:44:26.969198Z[0m [34mDEBUG[0m [1mconn[0m[1m{[0m[3mid[0m[2m=[0m5[1m}[0m[2m:[0m [2mmoq_net::lite::publisher[0m[2m:[0m serving group [3msubscribe[0m[2m=[0m1 [3mtrack[0m[2m=[0maudio [3msequence[0m[2m=[0m315
[2m2026-09-06T14:44:26.971336Z[0m [34mDEBUG[0m [1mconn[0m[1m{[0m[3mid[0m[2m=[0m5[1m}[0m[2m:[0m [2mmoq_net::lite::publisher[0m[2m:[0m finished group [3msequence[0m[2m=[0m315
[2m2026-09-06T14:44:26.989052Z[0m [34mDEBUG[0m [1mconn[0m[1m{[0m[3mid[0m[2m=[0m5[1m}[0m[2m:[0m [2mmoq_net::lite::publisher[0m[2m:[0m serving group [3msubscribe[0m[2m=[0m1 [3mtrack[0m[2m=[0maudio [3msequence[0m[2m=[0m316
[2m2026-09-06T14:44:26.990879Z[0m [34mDEBUG[0m [1mconn[0m[1m{[0m[3mid[0m[2m=[0m5[1m}[0m[2m:[0m [2mmoq_net::lite::publisher[0m[2m:[0m finished group [3msequence[0m[2m=[0m316
[2m2026-09-06T14:44:27.008027Z[0m [34mDEBUG[0m [1mconn[0m[1m{[0m[3mid[0m[2m=[0m5[1m}[0m[2m:[0m [2mmoq_net::lite::publisher[0m[2m:[0m serving group [3msubscribe[0m[2m=[0m1 [3mtrack[0m[2m=[0maudio [3msequence[0m[2m=[0m317
[2m2026-09-06T14:44:27.009939Z[0m [34mDEBUG[0m [1mconn[0m[1m{[0m[3mid[0m[2m=[0m5[1m}[0m[2m:[0m [2mmoq_net::lite::publisher[0m[2m:[0m finished group [3msequence[0m[2m=[0m317
[2m2026-09-06T14:44:27.028023Z[0m [34mDEBUG[0m [1mconn[0m[1m{[0m[3mid[0m[2m=[0m5[1m}[0m[2m:[0m [2mmoq_net::lite::publisher[0m[2m:[0m serving group [3msubscribe[0m[2m=[0m1 [3mtrack[0m[2m=[0maudio [3msequence[0m[2m=[0m318
[2m2026-09-06T14:44:27.029919Z[0m [34mDEBUG[0m [1mconn[0m[1m{[0m[3mid[0m[2m=[0m5[1m}[0m[2m:[0m [2mmoq_net::lite::publisher[0m[2m:[0m finished group [3msequence[0m[2m=[0m318
[2m2026-09-06T14:44:27.048540Z[0m [34mDEBUG[0m [1mconn[0m[1m{[0m[3mid[0m[2m=[0m5[1m}[0m[2m:[0m [2mmoq_net::lite::publisher[0m[2m:[0m serving group [3msubscribe[0m[2m=[0m1 [3mtrack[0m[2m=[0maudio [3msequence[0m[2m=[0m319
[2m2026-09-06T14:44:27.051512Z[0m [34mDEBUG[0m [1mconn[0m[1m{[0m[3mid[0m[2m=[0m5[1m}[0m[2m:[0m [2mmoq_net::lite::publisher[0m[2m:[0m finished group [3msequence[0m[2m=[0m319
[2m2026-09-06T14:44:27.068737Z[0m [34mDEBUG[0m [1mconn[0m[1m{[0m[3mid[0m[2m=[0m5[1m}[0m[2m:[0m [2mmoq_net::lite::publisher[0m[2m:[0m serving group [3msubscribe[0m[2m=[0m1 [3mtrack[0m[2m=[0maudio [3msequence[0m[2m=[0m320
[2m2026-09-06T14:44:27.070634Z[0m [34mDEBUG[0m [1mconn[0m[1m{[0m[3mid[0m[2m=[0m5[1m}[0m[2m:[0m [2mmoq_net::lite::publisher[0m[2m:[0m finished group [3msequence[0m[2m=[0m320
[2m2026-09-06T14:44:27.088302Z[0m [34mDEBUG[0m [1mconn[0m[1m{[0m[3mid[0m[2m=[0m5[1m}[0m[2m:[0m [2mmoq_net::lite::publisher[0m[2m:[0m serving group [3msubscribe[0m[2m=[0m1 [3mtrack[0m[2m=[0maudio [3msequence[0m[2m=[0m321
[2m2026-09-06T14:44:27.090263Z[0m [34mDEBUG[0m [1mconn[0m[1m{[0m[3mid[0m[2m=[0m5[1m}[0m[2m:[0m [2mmoq_net::lite::publisher[0m[2m:[0m finished group [3msequence[0m[2m=[0m321
[2m2026-09-06T14:44:27.108333Z[0m [34mDEBUG[0m [1mconn[0m[1m{[0m[3mid[0m[2m=[0m5[1m}[0m[2m:[0m [2mmoq_net::lite::publisher[0m[2m:[0m serving group [3msubscribe[0m[2m=[0m1 [3mtrack[0m[2m=[0maudio [3msequence[0m[2m=[0m322
[2m2026-09-06T14:44:27.110280Z[0m [34mDEBUG[0m [1mconn[0m[1m{[0m[3mid[0m[2m=[0m5[1m}[0m[2m:[0m [2mmoq_net::lite::publisher[0m[2m:[0m finished group [3msequence[0m[2m=[0m322
[2m2026-09-06T14:44:27.128517Z[0m [34mDEBUG[0m [1mconn[0m[1m{[0m[3mid[0m[2m=[0m5[1m}[0m[2m:[0m [2mmoq_net::lite::publisher[0m[2m:[0m serving group [3msubscribe[0m[2m=[0m1 [3mtrack[0m[2m=[0maudio [3msequence[0m[2m=[0m323
[2m2026-09-06T14:44:27.130464Z[0m [34mDEBUG[0m [1mconn[0m[1m{[0m[3mid[0m[2m=[0m5[1m}[0m[2m:[0m [2mmoq_net::lite::publisher[0m[2m:[0m finished group [3msequence[0m[2m=[0m323
[2m2026-09-06T14:44:27.148584Z[0m [34mDEBUG[0m [1mconn[0m[1m{[0m[3mid[0m[2m=[0m5[1m}[0m[2m:[0m [2mmoq_net::lite::publisher[0m[2m:[0m serving group [3msubscribe[0m[2m=[0m1 [3mtrack[0m[2m=[0maudio [3msequence[0m[2m=[0m324
[2m2026-09-06T14:44:27.150198Z[0m [34mDEBUG[0m [1mconn[0m[1m{[0m[3mid[0m[2m=[0m5[1m}[0m[2m:[0m [2mmoq_net::lite::publisher[0m[2m:[0m finished group [3msequence[0m[2m=[0m324
[2m2026-09-06T14:44:27.168910Z[0m [34mDEBUG[0m [1mconn[0m[1m{[0m[3mid[0m[2m=[0m5[1m}[0m[2m:[0m [2mmoq_net::lite::publisher[0m[2m:[0m serving group [3msubscribe[0m[2m=[0m1 [3mtrack[0m[2m=[0maudio [3msequence[0m[2m=[0m325
[2m2026-09-06T14:44:27.171105Z[0m [34mDEBUG[0m [1mconn[0m[1m{[0m[3mid[0m[2m=[0m5[1m}[0m[2m:[0m [2mmoq_net::lite::publisher[0m[2m:[0m finished group [3msequence[0m[2m=[0m325
[2m2026-09-06T14:44:27.188138Z[0m [34mDEBUG[0m [1mconn[0m[1m{[0m[3mid[0m[2m=[0m5[1m}[0m[2m:[0m [2mmoq_net::lite::publisher[0m[2m:[0m serving group [3msubscribe[0m[2m=[0m1 [3mtrack[0m[2m=[0maudio [3msequence[0m[2m=[0m326
[2m2026-09-06T14:44:27.189630Z[0m [34mDEBUG[0m [1mconn[0m[1m{[0m[3mid[0m[2m=[0m5[1m}[0m[2m:[0m [2mmoq_net::lite::publisher[0m[2m:[0m finished group [3msequence[0m[2m=[0m326
[2m2026-09-06T14:44:27.349692Z[0m [34mDEBUG[0m [1mconn[0m[1m{[0m[3mid[0m[2m=[0m5[1m}[0m[2m:[0m [2mmoq_net::lite::publisher[0m[2m:[0m serving group [3msubscribe[0m[2m=[0m1 [3mtrack[0m[2m=[0maudio [3msequence[0m[2m=[0m327
[2m2026-09-06T14:44:27.351410Z[0m [34mDEBUG[0m [1mconn[0m[1m{[0m[3mid[0m[2m=[0m5[1m}[0m[2m:[0m [2mmoq_net::lite::publisher[0m[2m:[0m finished group [3msequence[0m[2m=[0m327
[2m2026-09-06T14:44:27.368905Z[0m [34mDEBUG[0m [1mconn[0m[1m{[0m[3mid[0m[2m=[0m5[1m}[0m[2m:[0m [2mmoq_net::lite::publisher[0m[2m:[0m serving group [3msubscribe[0m[2m=[0m1 [3mtrack[0m[2m=[0maudio [3msequence[0m[2m=[0m328
[2m2026-09-06T14:44:27.370783Z[0m [34mDEBUG[0m [1mconn[0m[1m{[0m[3mid[0m[2m=[0m5[1m}[0m[2m:[0m [2mmoq_net::lite::publisher[0m[2m:[0m finished group [3msequence[0m[2m=[0m328
[2m2026-09-06T14:44:27.389823Z[0m [34mDEBUG[0m [1mconn[0m[1m{[0m[3mid[0m[2m=[0m5[1m}[0m[2m:[0m [2mmoq_net::lite::publisher[0m[2m:[0m serving group [3msubscribe[0m[2m=[0m1 [3mtrack[0m[2m=[0maudio [3msequence[0m[2m=[0m329
[2m2026-09-06T14:44:27.391551Z[0m [34mDEBUG[0m [1mconn[0m[1m{[0m[3mid[0m[2m=[0m5[1m}[0m[2m:[0m [2mmoq_net::lite::publisher[0m[2m:[0m finished group [3msequence[0m[2m=[0m329
[2m2026-09-06T14:44:27.408261Z[0m [34mDEBUG[0m [1mconn[0m[1m{[0m[3mid[0m[2m=[0m5[1m}[0m[2m:[0m [2mmoq_net::lite::publisher[0m[2m:[0m serving group [3msubscribe[0m[2m=[0m1 [3mtrack[0m[2m=[0maudio [3msequence[0m[2m=[0m330
[2m2026-09-06T14:44:27.410206Z[0m [34mDEBUG[0m [1mconn[0m[1m{[0m[3mid[0m[2m=[0m5[1m}[0m[2m:[0m [2mmoq_net::lite::publisher[0m[2m:[0m finished group [3msequence[0m[2m=[0m330
[2m2026-09-06T14:44:27.428224Z[0m [34mDEBUG[0m [1mconn[0m[1m{[0m[3mid[0m[2m=[0m5[1m}[0m[2m:[0m [2mmoq_net::lite::publisher[0m[2m:[0m serving group [3msubscribe[0m[2m=[0m1 [3mtrack[0m[2m=[0maudio [3msequence[0m[2m=[0m331
[2m2026-09-06T14:44:27.430094Z[0m [34mDEBUG[0m [1mconn[0m[1m{[0m[3mid[0m[2m=[0m5[1m}[0m[2m:[0m [2mmoq_net::lite::publisher[0m[2m:[0m finished group [3msequence[0m[2m=[0m331
[2m2026-09-06T14:44:27.448959Z[0m [34mDEBUG[0m [1mconn[0m[1m{[0m[3mid[0m[2m=[0m5[1m}[0m[2m:[0m [2mmoq_net::lite::publisher[0m[2m:[0m serving group [3msubscribe[0m[2m=[0m1 [3mtrack[0m[2m=[0maudio [3msequence[0m[2m=[0m332
[2m2026-09-06T14:44:27.450990Z[0m [34mDEBUG[0m [1mconn[0m[1m{[0m[3mid[0m[2m=[0m5[1m}[0m[2m:[0m [2mmoq_net::lite::publisher[0m[2m:[0m finished group [3msequence[0m[2m=[0m332
[2m2026-09-06T14:44:27.468756Z[0m [34mDEBUG[0m [1mconn[0m[1m{[0m[3mid[0m[2m=[0m5[1m}[0m[2m:[0m [2mmoq_net::lite::publisher[0m[2m:[0m serving group [3msubscribe[0m[2m=[0m1 [3mtrack[0m[2m=[0maudio [3msequence[0m[2m=[0m333
[2m2026-09-06T14:44:27.470895Z[0m [34mDEBUG[0m [1mconn[0m[1m{[0m[3mid[0m[2m=[0m5[1m}[0m[2m:[0m [2mmoq_net::lite::publisher[0m[2m:[0m finished group [3msequence[0m[2m=[0m333
[2m2026-09-06T14:44:27.489456Z[0m [34mDEBUG[0m [1mconn[0m[1m{[0m[3mid[0m[2m=[0m5[1m}[0m[2m:[0m [2mmoq_net::lite::publisher[0m[2m:[0m serving group [3msubscribe[0m[2m=[0m1 [3mtrack[0m[2m=[0maudio [3msequence[0m[2m=[0m334
[2m2026-09-06T14:44:27.491359Z[0m [34mDEBUG[0m [1mconn[0m[1m{[0m[3mid[0m[2m=[0m5[1m}[0m[2m:[0m [2mmoq_net::lite::publisher[0m[2m:[0m finished group [3msequence[0m[2m=[0m334
[2m2026-09-06T14:44:27.509004Z[0m [34mDEBUG[0m [1mconn[0m[1m{[0m[3mid[0m[2m=[0m5[1m}[0m[2m:[0m [2mmoq_net::lite::publisher[0m[2m:[0m serving group [3msubscribe[0m[2m=[0m1 [3mtrack[0m[2m=[0maudio [3msequence[0m[2m=[0m335
[2m2026-09-06T14:44:27.510758Z[0m [34mDEBUG[0m [1mconn[0m[1m{[0m[3mid[0m[2m=[0m5[1m}[0m[2m:[0m [2mmoq_net::lite::publisher[0m[2m:[0m finished group [3msequence[0m[2m=[0m335
[2m2026-09-06T14:44:27.528839Z[0m [34mDEBUG[0m [1mconn[0m[1m{[0m[3mid[0m[2m=[0m5[1m}[0m[2m:[0m [2mmoq_net::lite::publisher[0m[2m:[0m serving group [3msubscribe[0m[2m=[0m1 [3mtrack[0m[2m=[0maudio [3msequence[0m[2m=[0m336
[2m2026-09-06T14:44:27.530790Z[0m [34mDEBUG[0m [1mconn[0m[1m{[0m[3mid[0m[2m=[0m5[1m}[0m[2m:[0m [2mmoq_net::lite::publisher[0m[2m:[0m finished group [3msequence[0m[2m=[0m336
[2m2026-09-06T14:44:27.548719Z[0m [34mDEBUG[0m [1mconn[0m[1m{[0m[3mid[0m[2m=[0m5[1m}[0m[2m:[0m [2mmoq_net::lite::publisher[0m[2m:[0m serving group [3msubscribe[0m[2m=[0m1 [3mtrack[0m[2m=[0maudio [3msequence[0m[2m=[0m337
[2m2026-09-06T14:44:27.550419Z[0m [34mDEBUG[0m [1mconn[0m[1m{[0m[3mid[0m[2m=[0m5[1m}[0m[2m:[0m [2mmoq_net::lite::publisher[0m[2m:[0m finished group [3msequence[0m[2m=[0m337
[2m2026-09-06T14:44:27.568449Z[0m [34mDEBUG[0m [1mconn[0m[1m{[0m[3mid[0m[2m=[0m5[1m}[0m[2m:[0m [2mmoq_net::lite::publisher[0m[2m:[0m serving group [3msubscribe[0m[2m=[0m1 [3mtrack[0m[2m=[0maudio [3msequence[0m[2m=[0m338
[2m2026-09-06T14:44:27.570365Z[0m [34mDEBUG[0m [1mconn[0m[1m{[0m[3mid[0m[2m=[0m5[1m}[0m[2m:[0m [2mmoq_net::lite::publisher[0m[2m:[0m finished group [3msequence[0m[2m=[0m338
[2m2026-09-06T14:44:27.589199Z[0m [34mDEBUG[0m [1mconn[0m[1m{[0m[3mid[0m[2m=[0m5[1m}[0m[2m:[0m [2mmoq_net::lite::publisher[0m[2m:[0m serving group [3msubscribe[0m[2m=[0m1 [3mtrack[0m[2m=[0maudio [3msequence[0m[2m=[0m339
[2m2026-09-06T14:44:27.591363Z[0m [34mDEBUG[0m [1mconn[0m[1m{[0m[3mid[0m[2m=[0m5[1m}[0m[2m:[0m [2mmoq_net::lite::publisher[0m[2m:[0m finished group [3msequence[0m[2m=[0m339
[2m2026-09-06T14:44:27.608389Z[0m [34mDEBUG[0m [1mconn[0m[1m{[0m[3mid[0m[2m=[0m5[1m}[0m[2m:[0m [2mmoq_net::lite::publisher[0m[2m:[0m serving group [3msubscribe[0m[2m=[0m1 [3mtrack[0m[2m=[0maudio [3msequence[0m[2m=[0m340
[2m2026-09-06T14:44:27.610071Z[0m [34mDEBUG[0m [1mconn[0m[1m{[0m[3mid[0m[2m=[0m5[1m}[0m[2m:[0m [2mmoq_net::lite::publisher[0m[2m:[0m finished group [3msequence[0m[2m=[0m340
[2m2026-09-06T14:44:27.628010Z[0m [34mDEBUG[0m [1mconn[0m[1m{[0m[3mid[0m[2m=[0m5[1m}[0m[2m:[0m [2mmoq_net::lite::publisher[0m[2m:[0m serving group [3msubscribe[0m[2m=[0m1 [3mtrack[0m[2m=[0maudio [3msequence[0m[2m=[0m341
[2m2026-09-06T14:44:27.629780Z[0m [34mDEBUG[0m [1mconn[0m[1m{[0m[3mid[0m[2m=[0m5[1m}[0m[2m:[0m [2mmoq_net::lite::publisher[0m[2m:[0m finished group [3msequence[0m[2m=[0m341
[2m2026-09-06T14:44:27.647967Z[0m [34mDEBUG[0m [1mconn[0m[1m{[0m[3mid[0m[2m=[0m5[1m}[0m[2m:[0m [2mmoq_net::lite::publisher[0m[2m:[0m serving group [3msubscribe[0m[2m=[0m1 [3mtrack[0m[2m=[0maudio [3msequence[0m[2m=[0m342
[2m2026-09-06T14:44:27.649682Z[0m [34mDEBUG[0m [1mconn[0m[1m{[0m[3mid[0m[2m=[0m5[1m}[0m[2m:[0m [2mmoq_net::lite::publisher[0m[2m:[0m finished group [3msequence[0m[2m=[0m342
[2m2026-09-06T14:44:27.668300Z[0m [34mDEBUG[0m [1mconn[0m[1m{[0m[3mid[0m[2m=[0m5[1m}[0m[2m:[0m [2mmoq_net::lite::publisher[0m[2m:[0m serving group [3msubscribe[0m[2m=[0m1 [3mtrack[0m[2m=[0maudio [3msequence[0m[2m=[0m343
[2m2026-09-06T14:44:27.670051Z[0m [34mDEBUG[0m [1mconn[0m[1m{[0m[3mid[0m[2m=[0m5[1m}[0m[2m:[0m [2mmoq_net::lite::publisher[0m[2m:[0m finished group [3msequence[0m[2m=[0m343
[2m2026-09-06T14:44:27.687795Z[0m [34mDEBUG[0m [1mconn[0m[1m{[0m[3mid[0m[2m=[0m5[1m}[0m[2m:[0m [2mmoq_net::lite::publisher[0m[2m:[0m serving group [3msubscribe[0m[2m=[0m1 [3mtrack[0m[2m=[0maudio [3msequence[0m[2m=[0m344
[2m2026-09-06T14:44:27.689675Z[0m [34mDEBUG[0m [1mconn[0m[1m{[0m[3mid[0m[2m=[0m5[1m}[0m[2m:[0m [2mmoq_net::lite::publisher[0m[2m:[0m finished group [3msequence[0m[2m=[0m344
[2m2026-09-06T14:44:27.708747Z[0m [34mDEBUG[0m [1mconn[0m[1m{[0m[3mid[0m[2m=[0m5[1m}[0m[2m:[0m [2mmoq_net::lite::publisher[0m[2m:[0m serving group [3msubscribe[0m[2m=[0m1 [3mtrack[0m[2m=[0maudio [3msequence[0m[2m=[0m345
[2m2026-09-06T14:44:27.709319Z[0m [34mDEBUG[0m [1mconn[0m[1m{[0m[3mid[0m[2m=[0m5[1m}[0m[2m:[0m [2mmoq_net::lite::publisher[0m[2m:[0m finished group [3msequence[0m[2m=[0m345
[2m2026-09-06T14:44:27.727842Z[0m [34mDEBUG[0m [1mconn[0m[1m{[0m[3mid[0m[2m=[0m5[1m}[0m[2m:[0m [2mmoq_net::lite::publisher[0m[2m:[0m serving group [3msubscribe[0m[2m=[0m1 [3mtrack[0m[2m=[0maudio [3msequence[0m[2m=[0m346
[2m2026-09-06T14:44:27.729646Z[0m [34mDEBUG[0m [1mconn[0m[1m{[0m[3mid[0m[2m=[0m5[1m}[0m[2m:[0m [2mmoq_net::lite::publisher[0m[2m:[0m finished group [3msequence[0m[2m=[0m346
[2m2026-09-06T14:44:27.786488Z[0m [34mDEBUG[0m [1mconn[0m[1m{[0m[3mid[0m[2m=[0m0[1m}[0m[2m:[0m [2mmoq_net::lite::publisher[0m[2m:[0m serving group [3msubscribe[0m[2m=[0m2 [3mtrack[0m[2m=[0mpublisher.json [3msequence[0m[2m=[0m17
[2m2026-09-06T14:44:27.786903Z[0m [34mDEBUG[0m [1mconn[0m[1m{[0m[3mid[0m[2m=[0m0[1m}[0m[2m:[0m [2mmoq_net::lite::publisher[0m[2m:[0m serving group [3msubscribe[0m[2m=[0m1 [3mtrack[0m[2m=[0msubscriber.json [3msequence[0m[2m=[0m17
[2m2026-09-06T14:44:27.788937Z[0m [34mDEBUG[0m [1mconn[0m[1m{[0m[3mid[0m[2m=[0m0[1m}[0m[2m:[0m [2mmoq_net::lite::publisher[0m[2m:[0m finished group [3msequence[0m[2m=[0m17
[2m2026-09-06T14:44:27.789008Z[0m [34mDEBUG[0m [1mconn[0m[1m{[0m[3mid[0m[2m=[0m0[1m}[0m[2m:[0m [2mmoq_net::lite::publisher[0m[2m:[0m finished group [3msequence[0m[2m=[0m17
[2m2026-09-06T14:44:27.849030Z[0m [34mDEBUG[0m [1mconn[0m[1m{[0m[3mid[0m[2m=[0m5[1m}[0m[2m:[0m [2mmoq_net::lite::publisher[0m[2m:[0m serving group [3msubscribe[0m[2m=[0m1 [3mtrack[0m[2m=[0maudio [3msequence[0m[2m=[0m347
[2m2026-09-06T14:44:27.850693Z[0m [34mDEBUG[0m [1mconn[0m[1m{[0m[3mid[0m[2m=[0m5[1m}[0m[2m:[0m [2mmoq_net::lite::publisher[0m[2m:[0m finished group [3msequence[0m[2m=[0m347
[2m2026-09-06T14:44:27.869005Z[0m [34mDEBUG[0m [1mconn[0m[1m{[0m[3mid[0m[2m=[0m5[1m}[0m[2m:[0m [2mmoq_net::lite::publisher[0m[2m:[0m serving group [3msubscribe[0m[2m=[0m1 [3mtrack[0m[2m=[0maudio [3msequence[0m[2m=[0m348
[2m2026-09-06T14:44:27.870710Z[0m [34mDEBUG[0m [1mconn[0m[1m{[0m[3mid[0m[2m=[0m5[1m}[0m[2m:[0m [2mmoq_net::lite::publisher[0m[2m:[0m finished group [3msequence[0m[2m=[0m348
[2m2026-09-06T14:44:27.888924Z[0m [34mDEBUG[0m [1mconn[0m[1m{[0m[3mid[0m[2m=[0m5[1m}[0m[2m:[0m [2mmoq_net::lite::publisher[0m[2m:[0m serving group [3msubscribe[0m[2m=[0m1 [3mtrack[0m[2m=[0maudio [3msequence[0m[2m=[0m349
[2m2026-09-06T14:44:27.890904Z[0m [34mDEBUG[0m [1mconn[0m[1m{[0m[3mid[0m[2m=[0m5[1m}[0m[2m:[0m [2mmoq_net::lite::publisher[0m[2m:[0m finished group [3msequence[0m[2m=[0m349
[2m2026-09-06T14:44:27.908379Z[0m [34mDEBUG[0m [1mconn[0m[1m{[0m[3mid[0m[2m=[0m5[1m}[0m[2m:[0m [2mmoq_net::lite::publisher[0m[2m:[0m serving group [3msubscribe[0m[2m=[0m1 [3mtrack[0m[2m=[0maudio [3msequence[0m[2m=[0m350
[2m2026-09-06T14:44:27.909937Z[0m [34mDEBUG[0m [1mconn[0m[1m{[0m[3mid[0m[2m=[0m5[1m}[0m[2m:[0m [2mmoq_net::lite::publisher[0m[2m:[0m finished group [3msequence[0m[2m=[0m350
[2m2026-09-06T14:44:27.928149Z[0m [34mDEBUG[0m [1mconn[0m[1m{[0m[3mid[0m[2m=[0m5[1m}[0m[2m:[0m [2mmoq_net::lite::publisher[0m[2m:[0m serving group [3msubscribe[0m[2m=[0m1 [3mtrack[0m[2m=[0maudio [3msequence[0m[2m=[0m351
[2m2026-09-06T14:44:27.930042Z[0m [34mDEBUG[0m [1mconn[0m[1m{[0m[3mid[0m[2m=[0m5[1m}[0m[2m:[0m [2mmoq_net::lite::publisher[0m[2m:[0m finished group [3msequence[0m[2m=[0m351
[2m2026-09-06T14:44:27.948454Z[0m [34mDEBUG[0m [1mconn[0m[1m{[0m[3mid[0m[2m=[0m5[1m}[0m[2m:[0m [2mmoq_net::lite::publisher[0m[2m:[0m serving group [3msubscribe[0m[2m=[0m1 [3mtrack[0m[2m=[0maudio [3msequence[0m[2m=[0m352
[2m2026-09-06T14:44:27.950274Z[0m [34mDEBUG[0m [1mconn[0m[1m{[0m[3mid[0m[2m=[0m5[1m}[0m[2m:[0m [2mmoq_net::lite::publisher[0m[2m:[0m finished group [3msequence[0m[2m=[0m352
[2m2026-09-06T14:44:27.969024Z[0m [34mDEBUG[0m [1mconn[0m[1m{[0m[3mid[0m[2m=[0m5[1m}[0m[2m:[0m [2mmoq_net::lite::publisher[0m[2m:[0m serving group [3msubscribe[0m[2m=[0m1 [3mtrack[0m[2m=[0maudio [3msequence[0m[2m=[0m353
[2m2026-09-06T14:44:27.971139Z[0m [34mDEBUG[0m [1mconn[0m[1m{[0m[3mid[0m[2m=[0m5[1m}[0m[2m:[0m [2mmoq_net::lite::publisher[0m[2m:[0m finished group [3msequence[0m[2m=[0m353
[2m2026-09-06T14:44:27.988865Z[0m [34mDEBUG[0m [1mconn[0m[1m{[0m[3mid[0m[2m=[0m5[1m}[0m[2m:[0m [2mmoq_net::lite::publisher[0m[2m:[0m serving group [3msubscribe[0m[2m=[0m1 [3mtrack[0m[2m=[0maudio [3msequence[0m[2m=[0m354
[2m2026-09-06T14:44:27.990881Z[0m [34mDEBUG[0m [1mconn[0m[1m{[0m[3mid[0m[2m=[0m5[1m}[0m[2m:[0m [2mmoq_net::lite::publisher[0m[2m:[0m finished group [3msequence[0m[2m=[0m354
[2m2026-09-06T14:44:28.008146Z[0m [34mDEBUG[0m [1mconn[0m[1m{[0m[3mid[0m[2m=[0m5[1m}[0m[2m:[0m [2mmoq_net::lite::publisher[0m[2m:[0m serving group [3msubscribe[0m[2m=[0m1 [3mtrack[0m[2m=[0maudio [3msequence[0m[2m=[0m355
[2m2026-09-06T14:44:28.010156Z[0m [34mDEBUG[0m [1mconn[0m[1m{[0m[3mid[0m[2m=[0m5[1m}[0m[2m:[0m [2mmoq_net::lite::publisher[0m[2m:[0m finished group [3msequence[0m[2m=[0m355
[2m2026-09-06T14:44:28.027996Z[0m [34mDEBUG[0m [1mconn[0m[1m{[0m[3mid[0m[2m=[0m5[1m}[0m[2m:[0m [2mmoq_net::lite::publisher[0m[2m:[0m serving group [3msubscribe[0m[2m=[0m1 [3mtrack[0m[2m=[0maudio [3msequence[0m[2m=[0m356
[2m2026-09-06T14:44:28.029863Z[0m [34mDEBUG[0m [1mconn[0m[1m{[0m[3mid[0m[2m=[0m5[1m}[0m[2m:[0m [2mmoq_net::lite::publisher[0m[2m:[0m finished group [3msequence[0m[2m=[0m356
[2m2026-09-06T14:44:28.048714Z[0m [34mDEBUG[0m [1mconn[0m[1m{[0m[3mid[0m[2m=[0m5[1m}[0m[2m:[0m [2mmoq_net::lite::publisher[0m[2m:[0m serving group [3msubscribe[0m[2m=[0m1 [3mtrack[0m[2m=[0maudio [3msequence[0m[2m=[0m357
[2m2026-09-06T14:44:28.050938Z[0m [34mDEBUG[0m [1mconn[0m[1m{[0m[3mid[0m[2m=[0m5[1m}[0m[2m:[0m [2mmoq_net::lite::publisher[0m[2m:[0m finished group [3msequence[0m[2m=[0m357
[2m2026-09-06T14:44:28.052514Z[0m [34mDEBUG[0m [1mconn[0m[1m{[0m[3mid[0m[2m=[0m5[1m}[0m[2m:[0m [2mmoq_net::lite::publisher[0m[2m:[0m serving group [3msubscribe[0m[2m=[0m2 [3mtrack[0m[2m=[0mvideo [3msequence[0m[2m=[0m4
[2m2026-09-06T14:44:28.054700Z[0m [34mDEBUG[0m [1mconn[0m[1m{[0m[3mid[0m[2m=[0m5[1m}[0m[2m:[0m [2mmoq_net::lite::publisher[0m[2m:[0m finished group [3msequence[0m[2m=[0m3
[2m2026-09-06T14:44:28.348047Z[0m [34mDEBUG[0m [1mconn[0m[1m{[0m[3mid[0m[2m=[0m5[1m}[0m[2m:[0m [2mmoq_net::lite::publisher[0m[2m:[0m serving group [3msubscribe[0m[2m=[0m1 [3mtrack[0m[2m=[0maudio [3msequence[0m[2m=[0m358
[2m2026-09-06T14:44:28.349881Z[0m [34mDEBUG[0m [1mconn[0m[1m{[0m[3mid[0m[2m=[0m5[1m}[0m[2m:[0m [2mmoq_net::lite::publisher[0m[2m:[0m finished group [3msequence[0m[2m=[0m358
[2m2026-09-06T14:44:28.368279Z[0m [34mDEBUG[0m [1mconn[0m[1m{[0m[3mid[0m[2m=[0m5[1m}[0m[2m:[0m [2mmoq_net::lite::publisher[0m[2m:[0m serving group [3msubscribe[0m[2m=[0m1 [3mtrack[0m[2m=[0maudio [3msequence[0m[2m=[0m359
[2m2026-09-06T14:44:28.370070Z[0m [34mDEBUG[0m [1mconn[0m[1m{[0m[3mid[0m[2m=[0m5[1m}[0m[2m:[0m [2mmoq_net::lite::publisher[0m[2m:[0m finished group [3msequence[0m[2m=[0m359
[2m2026-09-06T14:44:28.388166Z[0m [34mDEBUG[0m [1mconn[0m[1m{[0m[3mid[0m[2m=[0m5[1m}[0m[2m:[0m [2mmoq_net::lite::publisher[0m[2m:[0m serving group [3msubscribe[0m[2m=[0m1 [3mtrack[0m[2m=[0maudio [3msequence[0m[2m=[0m360
[2m2026-09-06T14:44:28.390184Z[0m [34mDEBUG[0m [1mconn[0m[1m{[0m[3mid[0m[2m=[0m5[1m}[0m[2m:[0m [2mmoq_net::lite::publisher[0m[2m:[0m finished group [3msequence[0m[2m=[0m360
[2m2026-09-06T14:44:28.408462Z[0m [34mDEBUG[0m [1mconn[0m[1m{[0m[3mid[0m[2m=[0m5[1m}[0m[2m:[0m [2mmoq_net::lite::publisher[0m[2m:[0m serving group [3msubscribe[0m[2m=[0m1 [3mtrack[0m[2m=[0maudio [3msequence[0m[2m=[0m361
[2m2026-09-06T14:44:28.410430Z[0m [34mDEBUG[0m [1mconn[0m[1m{[0m[3mid[0m[2m=[0m5[1m}[0m[2m:[0m [2mmoq_net::lite::publisher[0m[2m:[0m finished group [3msequence[0m[2m=[0m361
[2m2026-09-06T14:44:28.427752Z[0m [34mDEBUG[0m [1mconn[0m[1m{[0m[3mid[0m[2m=[0m5[1m}[0m[2m:[0m [2mmoq_net::lite::publisher[0m[2m:[0m serving group [3msubscribe[0m[2m=[0m1 [3mtrack[0m[2m=[0maudio [3msequence[0m[2m=[0m362
[2m2026-09-06T14:44:28.429588Z[0m [34mDEBUG[0m [1mconn[0m[1m{[0m[3mid[0m[2m=[0m5[1m}[0m[2m:[0m [2mmoq_net::lite::publisher[0m[2m:[0m finished group [3msequence[0m[2m=[0m362
[2m2026-09-06T14:44:28.448682Z[0m [34mDEBUG[0m [1mconn[0m[1m{[0m[3mid[0m[2m=[0m5[1m}[0m[2m:[0m [2mmoq_net::lite::publisher[0m[2m:[0m serving group [3msubscribe[0m[2m=[0m1 [3mtrack[0m[2m=[0maudio [3msequence[0m[2m=[0m363
[2m2026-09-06T14:44:28.450293Z[0m [34mDEBUG[0m [1mconn[0m[1m{[0m[3mid[0m[2m=[0m5[1m}[0m[2m:[0m [2mmoq_net::lite::publisher[0m[2m:[0m finished group [3msequence[0m[2m=[0m363
[2m2026-09-06T14:44:28.468387Z[0m [34mDEBUG[0m [1mconn[0m[1m{[0m[3mid[0m[2m=[0m5[1m}[0m[2m:[0m [2mmoq_net::lite::publisher[0m[2m:[0m serving group [3msubscribe[0m[2m=[0m1 [3mtrack[0m[2m=[0maudio [3msequence[0m[2m=[0m364
[2m2026-09-06T14:44:28.470296Z[0m [34mDEBUG[0m [1mconn[0m[1m{[0m[3mid[0m[2m=[0m5[1m}[0m[2m:[0m [2mmoq_net::lite::publisher[0m[2m:[0m finished group [3msequence[0m[2m=[0m364
[2m2026-09-06T14:44:28.487877Z[0m [34mDEBUG[0m [1mconn[0m[1m{[0m[3mid[0m[2m=[0m5[1m}[0m[2m:[0m [2mmoq_net::lite::publisher[0m[2m:[0m serving group [3msubscribe[0m[2m=[0m1 [3mtrack[0m[2m=[0maudio [3msequence[0m[2m=[0m365
[2m2026-09-06T14:44:28.489704Z[0m [34mDEBUG[0m [1mconn[0m[1m{[0m[3mid[0m[2m=[0m5[1m}[0m[2m:[0m [2mmoq_net::lite::publisher[0m[2m:[0m finished group [3msequence[0m[2m=[0m365
[2m2026-09-06T14:44:28.508258Z[0m [34mDEBUG[0m [1mconn[0m[1m{[0m[3mid[0m[2m=[0m5[1m}[0m[2m:[0m [2mmoq_net::lite::publisher[0m[2m:[0m serving group [3msubscribe[0m[2m=[0m1 [3mtrack[0m[2m=[0maudio [3msequence[0m[2m=[0m366
[2m2026-09-06T14:44:28.510133Z[0m [34mDEBUG[0m [1mconn[0m[1m{[0m[3mid[0m[2m=[0m5[1m}[0m[2m:[0m [2mmoq_net::lite::publisher[0m[2m:[0m finished group [3msequence[0m[2m=[0m366
[2m2026-09-06T14:44:28.528282Z[0m [34mDEBUG[0m [1mconn[0m[1m{[0m[3mid[0m[2m=[0m5[1m}[0m[2m:[0m [2mmoq_net::lite::publisher[0m[2m:[0m serving group [3msubscribe[0m[2m=[0m1 [3mtrack[0m[2m=[0maudio [3msequence[0m[2m=[0m367
[2m2026-09-06T14:44:28.530121Z[0m [34mDEBUG[0m [1mconn[0m[1m{[0m[3mid[0m[2m=[0m5[1m}[0m[2m:[0m [2mmoq_net::lite::publisher[0m[2m:[0m finished group [3msequence[0m[2m=[0m367
[2m2026-09-06T14:44:28.548936Z[0m [34mDEBUG[0m [1mconn[0m[1m{[0m[3mid[0m[2m=[0m5[1m}[0m[2m:[0m [2mmoq_net::lite::publisher[0m[2m:[0m serving group [3msubscribe[0m[2m=[0m1 [3mtrack[0m[2m=[0maudio [3msequence[0m[2m=[0m368
[2m2026-09-06T14:44:28.550892Z[0m [34mDEBUG[0m [1mconn[0m[1m{[0m[3mid[0m[2m=[0m5[1m}[0m[2m:[0m [2mmoq_net::lite::publisher[0m[2m:[0m finished group [3msequence[0m[2m=[0m368
[2m2026-09-06T14:44:28.568742Z[0m [34mDEBUG[0m [1mconn[0m[1m{[0m[3mid[0m[2m=[0m5[1m}[0m[2m:[0m [2mmoq_net::lite::publisher[0m[2m:[0m serving group [3msubscribe[0m[2m=[0m1 [3mtrack[0m[2m=[0maudio [3msequence[0m[2m=[0m369
[2m2026-09-06T14:44:28.570715Z[0m [34mDEBUG[0m [1mconn[0m[1m{[0m[3mid[0m[2m=[0m5[1m}[0m[2m:[0m [2mmoq_net::lite::publisher[0m[2m:[0m finished group [3msequence[0m[2m=[0m369
[2m2026-09-06T14:44:28.588304Z[0m [34mDEBUG[0m [1mconn[0m[1m{[0m[3mid[0m[2m=[0m5[1m}[0m[2m:[0m [2mmoq_net::lite::publisher[0m[2m:[0m serving group [3msubscribe[0m[2m=[0m1 [3mtrack[0m[2m=[0maudio [3msequence[0m[2m=[0m370
[2m2026-09-06T14:44:28.590092Z[0m [34mDEBUG[0m [1mconn[0m[1m{[0m[3mid[0m[2m=[0m5[1m}[0m[2m:[0m [2mmoq_net::lite::publisher[0m[2m:[0m finished group [3msequence[0m[2m=[0m370
[2m2026-09-06T14:44:28.608672Z[0m [34mDEBUG[0m [1mconn[0m[1m{[0m[3mid[0m[2m=[0m5[1m}[0m[2m:[0m [2mmoq_net::lite::publisher[0m[2m:[0m serving group [3msubscribe[0m[2m=[0m1 [3mtrack[0m[2m=[0maudio [3msequence[0m[2m=[0m371
[2m2026-09-06T14:44:28.610747Z[0m [34mDEBUG[0m [1mconn[0m[1m{[0m[3mid[0m[2m=[0m5[1m}[0m[2m:[0m [2mmoq_net::lite::publisher[0m[2m:[0m finished group [3msequence[0m[2m=[0m371
[2m2026-09-06T14:44:28.628714Z[0m [34mDEBUG[0m [1mconn[0m[1m{[0m[3mid[0m[2m=[0m5[1m}[0m[2m:[0m [2mmoq_net::lite::publisher[0m[2m:[0m serving group [3msubscribe[0m[2m=[0m1 [3mtrack[0m[2m=[0maudio [3msequence[0m[2m=[0m372
[2m2026-09-06T14:44:28.630664Z[0m [34mDEBUG[0m [1mconn[0m[1m{[0m[3mid[0m[2m=[0m5[1m}[0m[2m:[0m [2mmoq_net::lite::publisher[0m[2m:[0m finished group [3msequence[0m[2m=[0m372
[2m2026-09-06T14:44:28.648931Z[0m [34mDEBUG[0m [1mconn[0m[1m{[0m[3mid[0m[2m=[0m5[1m}[0m[2m:[0m [2mmoq_net::lite::publisher[0m[2m:[0m serving group [3msubscribe[0m[2m=[0m1 [3mtrack[0m[2m=[0maudio [3msequence[0m[2m=[0m373
[2m2026-09-06T14:44:28.650948Z[0m [34mDEBUG[0m [1mconn[0m[1m{[0m[3mid[0m[2m=[0m5[1m}[0m[2m:[0m [2mmoq_net::lite::publisher[0m[2m:[0m finished group [3msequence[0m[2m=[0m373
[2m2026-09-06T14:44:28.668829Z[0m [34mDEBUG[0m [1mconn[0m[1m{[0m[3mid[0m[2m=[0m5[1m}[0m[2m:[0m [2mmoq_net::lite::publisher[0m[2m:[0m serving group [3msubscribe[0m[2m=[0m1 [3mtrack[0m[2m=[0maudio [3msequence[0m[2m=[0m374
[2m2026-09-06T14:44:28.670726Z[0m [34mDEBUG[0m [1mconn[0m[1m{[0m[3mid[0m[2m=[0m5[1m}[0m[2m:[0m [2mmoq_net::lite::publisher[0m[2m:[0m finished group [3msequence[0m[2m=[0m374
[2m2026-09-06T14:44:28.688352Z[0m [34mDEBUG[0m [1mconn[0m[1m{[0m[3mid[0m[2m=[0m5[1m}[0m[2m:[0m [2mmoq_net::lite::publisher[0m[2m:[0m serving group [3msubscribe[0m[2m=[0m1 [3mtrack[0m[2m=[0maudio [3msequence[0m[2m=[0m375
[2m2026-09-06T14:44:28.690227Z[0m [34mDEBUG[0m [1mconn[0m[1m{[0m[3mid[0m[2m=[0m5[1m}[0m[2m:[0m [2mmoq_net::lite::publisher[0m[2m:[0m finished group [3msequence[0m[2m=[0m375
[2m2026-09-06T14:44:28.708962Z[0m [34mDEBUG[0m [1mconn[0m[1m{[0m[3mid[0m[2m=[0m5[1m}[0m[2m:[0m [2mmoq_net::lite::publisher[0m[2m:[0m serving group [3msubscribe[0m[2m=[0m1 [3mtrack[0m[2m=[0maudio [3msequence[0m[2m=[0m376
[2m2026-09-06T14:44:28.710990Z[0m [34mDEBUG[0m [1mconn[0m[1m{[0m[3mid[0m[2m=[0m5[1m}[0m[2m:[0m [2mmoq_net::lite::publisher[0m[2m:[0m finished group [3msequence[0m[2m=[0m376
[2m2026-09-06T14:44:28.728906Z[0m [34mDEBUG[0m [1mconn[0m[1m{[0m[3mid[0m[2m=[0m5[1m}[0m[2m:[0m [2mmoq_net::lite::publisher[0m[2m:[0m serving group [3msubscribe[0m[2m=[0m1 [3mtrack[0m[2m=[0maudio [3msequence[0m[2m=[0m377
[2m2026-09-06T14:44:28.730862Z[0m [34mDEBUG[0m [1mconn[0m[1m{[0m[3mid[0m[2m=[0m5[1m}[0m[2m:[0m [2mmoq_net::lite::publisher[0m[2m:[0m finished group [3msequence[0m[2m=[0m377
[2m2026-09-06T14:44:28.749073Z[0m [34mDEBUG[0m [1mconn[0m[1m{[0m[3mid[0m[2m=[0m5[1m}[0m[2m:[0m [2mmoq_net::lite::publisher[0m[2m:[0m serving group [3msubscribe[0m[2m=[0m1 [3mtrack[0m[2m=[0maudio [3msequence[0m[2m=[0m378
[2m2026-09-06T14:44:28.751138Z[0m [34mDEBUG[0m [1mconn[0m[1m{[0m[3mid[0m[2m=[0m5[1m}[0m[2m:[0m [2mmoq_net::lite::publisher[0m[2m:[0m finished group [3msequence[0m[2m=[0m378
[2m2026-09-06T14:44:28.769429Z[0m [34mDEBUG[0m [1mconn[0m[1m{[0m[3mid[0m[2m=[0m5[1m}[0m[2m:[0m [2mmoq_net::lite::publisher[0m[2m:[0m serving group [3msubscribe[0m[2m=[0m1 [3mtrack[0m[2m=[0maudio [3msequence[0m[2m=[0m379
[2m2026-09-06T14:44:28.771546Z[0m [34mDEBUG[0m [1mconn[0m[1m{[0m[3mid[0m[2m=[0m5[1m}[0m[2m:[0m [2mmoq_net::lite::publisher[0m[2m:[0m finished group [3msequence[0m[2m=[0m379
[2m2026-09-06T14:44:28.785456Z[0m [34mDEBUG[0m [1mconn[0m[1m{[0m[3mid[0m[2m=[0m0[1m}[0m[2m:[0m [2mmoq_net::lite::publisher[0m[2m:[0m serving group [3msubscribe[0m[2m=[0m2 [3mtrack[0m[2m=[0mpublisher.json [3msequence[0m[2m=[0m18
[2m2026-09-06T14:44:28.785607Z[0m [34mDEBUG[0m [1mconn[0m[1m{[0m[3mid[0m[2m=[0m0[1m}[0m[2m:[0m [2mmoq_net::lite::publisher[0m[2m:[0m serving group [3msubscribe[0m[2m=[0m1 [3mtrack[0m[2m=[0msubscriber.json [3msequence[0m[2m=[0m18
[2m2026-09-06T14:44:28.787453Z[0m [34mDEBUG[0m [1mconn[0m[1m{[0m[3mid[0m[2m=[0m0[1m}[0m[2m:[0m [2mmoq_net::lite::publisher[0m[2m:[0m finished group [3msequence[0m[2m=[0m18
[2m2026-09-06T14:44:28.787506Z[0m [34mDEBUG[0m [1mconn[0m[1m{[0m[3mid[0m[2m=[0m0[1m}[0m[2m:[0m [2mmoq_net::lite::publisher[0m[2m:[0m finished group [3msequence[0m[2m=[0m18
[2m2026-09-06T14:44:28.788556Z[0m [34mDEBUG[0m [1mconn[0m[1m{[0m[3mid[0m[2m=[0m5[1m}[0m[2m:[0m [2mmoq_net::lite::publisher[0m[2m:[0m serving group [3msubscribe[0m[2m=[0m1 [3mtrack[0m[2m=[0maudio [3msequence[0m[2m=[0m380
[2m2026-09-06T14:44:28.790528Z[0m [34mDEBUG[0m [1mconn[0m[1m{[0m[3mid[0m[2m=[0m5[1m}[0m[2m:[0m [2mmoq_net::lite::publisher[0m[2m:[0m finished group [3msequence[0m[2m=[0m380
[2m2026-09-06T14:44:28.848892Z[0m [34mDEBUG[0m [1mconn[0m[1m{[0m[3mid[0m[2m=[0m5[1m}[0m[2m:[0m [2mmoq_net::lite::publisher[0m[2m:[0m serving group [3msubscribe[0m[2m=[0m1 [3mtrack[0m[2m=[0maudio [3msequence[0m[2m=[0m381
[2m2026-09-06T14:44:28.851163Z[0m [34mDEBUG[0m [1mconn[0m[1m{[0m[3mid[0m[2m=[0m5[1m}[0m[2m:[0m [2mmoq_net::lite::publisher[0m[2m:[0m finished group [3msequence[0m[2m=[0m381
[2m2026-09-06T14:44:28.869614Z[0m [34mDEBUG[0m [1mconn[0m[1m{[0m[3mid[0m[2m=[0m5[1m}[0m[2m:[0m [2mmoq_net::lite::publisher[0m[2m:[0m serving group [3msubscribe[0m[2m=[0m1 [3mtrack[0m[2m=[0maudio [3msequence[0m[2m=[0m382
[2m2026-09-06T14:44:28.871543Z[0m [34mDEBUG[0m [1mconn[0m[1m{[0m[3mid[0m[2m=[0m5[1m}[0m[2m:[0m [2mmoq_net::lite::publisher[0m[2m:[0m finished group [3msequence[0m[2m=[0m382
[2m2026-09-06T14:44:28.888736Z[0m [34mDEBUG[0m [1mconn[0m[1m{[0m[3mid[0m[2m=[0m5[1m}[0m[2m:[0m [2mmoq_net::lite::publisher[0m[2m:[0m serving group [3msubscribe[0m[2m=[0m1 [3mtrack[0m[2m=[0maudio [3msequence[0m[2m=[0m383
[2m2026-09-06T14:44:28.890615Z[0m [34mDEBUG[0m [1mconn[0m[1m{[0m[3mid[0m[2m=[0m5[1m}[0m[2m:[0m [2mmoq_net::lite::publisher[0m[2m:[0m finished group [3msequence[0m[2m=[0m383
[2m2026-09-06T14:44:28.907918Z[0m [34mDEBUG[0m [1mconn[0m[1m{[0m[3mid[0m[2m=[0m5[1m}[0m[2m:[0m [2mmoq_net::lite::publisher[0m[2m:[0m serving group [3msubscribe[0m[2m=[0m1 [3mtrack[0m[2m=[0maudio [3msequence[0m[2m=[0m384
[2m2026-09-06T14:44:28.909592Z[0m [34mDEBUG[0m [1mconn[0m[1m{[0m[3mid[0m[2m=[0m5[1m}[0m[2m:[0m [2mmoq_net::lite::publisher[0m[2m:[0m finished group [3msequence[0m[2m=[0m384
[2m2026-09-06T14:44:28.928403Z[0m [34mDEBUG[0m [1mconn[0m[1m{[0m[3mid[0m[2m=[0m5[1m}[0m[2m:[0m [2mmoq_net::lite::publisher[0m[2m:[0m serving group [3msubscribe[0m[2m=[0m1 [3mtrack[0m[2m=[0maudio [3msequence[0m[2m=[0m385
[2m2026-09-06T14:44:28.932439Z[0m [34mDEBUG[0m [1mconn[0m[1m{[0m[3mid[0m[2m=[0m5[1m}[0m[2m:[0m [2mmoq_net::lite::publisher[0m[2m:[0m finished group [3msequence[0m[2m=[0m385
[2m2026-09-06T14:44:28.949024Z[0m [34mDEBUG[0m [1mconn[0m[1m{[0m[3mid[0m[2m=[0m5[1m}[0m[2m:[0m [2mmoq_net::lite::publisher[0m[2m:[0m serving group [3msubscribe[0m[2m=[0m1 [3mtrack[0m[2m=[0maudio [3msequence[0m[2m=[0m386
[2m2026-09-06T14:44:28.951077Z[0m [34mDEBUG[0m [1mconn[0m[1m{[0m[3mid[0m[2m=[0m5[1m}[0m[2m:[0m [2mmoq_net::lite::publisher[0m[2m:[0m finished group [3msequence[0m[2m=[0m386
[2m2026-09-06T14:44:28.968869Z[0m [34mDEBUG[0m [1mconn[0m[1m{[0m[3mid[0m[2m=[0m5[1m}[0m[2m:[0m [2mmoq_net::lite::publisher[0m[2m:[0m serving group [3msubscribe[0m[2m=[0m1 [3mtrack[0m[2m=[0maudio [3msequence[0m[2m=[0m387
[2m2026-09-06T14:44:28.970842Z[0m [34mDEBUG[0m [1mconn[0m[1m{[0m[3mid[0m[2m=[0m5[1m}[0m[2m:[0m [2mmoq_net::lite::publisher[0m[2m:[0m finished group [3msequence[0m[2m=[0m387
[2m2026-09-06T14:44:28.988889Z[0m [34mDEBUG[0m [1mconn[0m[1m{[0m[3mid[0m[2m=[0m5[1m}[0m[2m:[0m [2mmoq_net::lite::publisher[0m[2m:[0m serving group [3msubscribe[0m[2m=[0m1 [3mtrack[0m[2m=[0maudio [3msequence[0m[2m=[0m388
[2m2026-09-06T14:44:28.990736Z[0m [34mDEBUG[0m [1mconn[0m[1m{[0m[3mid[0m[2m=[0m5[1m}[0m[2m:[0m [2mmoq_net::lite::publisher[0m[2m:[0m finished group [3msequence[0m[2m=[0m388
[2m2026-09-06T14:44:29.008381Z[0m [34mDEBUG[0m [1mconn[0m[1m{[0m[3mid[0m[2m=[0m5[1m}[0m[2m:[0m [2mmoq_net::lite::publisher[0m[2m:[0m serving group [3msubscribe[0m[2m=[0m1 [3mtrack[0m[2m=[0maudio [3msequence[0m[2m=[0m389
[2m2026-09-06T14:44:29.010330Z[0m [34mDEBUG[0m [1mconn[0m[1m{[0m[3mid[0m[2m=[0m5[1m}[0m[2m:[0m [2mmoq_net::lite::publisher[0m[2m:[0m finished group [3msequence[0m[2m=[0m389
[2m2026-09-06T14:44:29.028245Z[0m [34mDEBUG[0m [1mconn[0m[1m{[0m[3mid[0m[2m=[0m5[1m}[0m[2m:[0m [2mmoq_net::lite::publisher[0m[2m:[0m serving group [3msubscribe[0m[2m=[0m1 [3mtrack[0m[2m=[0maudio [3msequence[0m[2m=[0m390
[2m2026-09-06T14:44:29.030138Z[0m [34mDEBUG[0m [1mconn[0m[1m{[0m[3mid[0m[2m=[0m5[1m}[0m[2m:[0m [2mmoq_net::lite::publisher[0m[2m:[0m finished group [3msequence[0m[2m=[0m390
[2m2026-09-06T14:44:29.048793Z[0m [34mDEBUG[0m [1mconn[0m[1m{[0m[3mid[0m[2m=[0m5[1m}[0m[2m:[0m [2mmoq_net::lite::publisher[0m[2m:[0m serving group [3msubscribe[0m[2m=[0m1 [3mtrack[0m[2m=[0maudio [3msequence[0m[2m=[0m391
[2m2026-09-06T14:44:29.050969Z[0m [34mDEBUG[0m [1mconn[0m[1m{[0m[3mid[0m[2m=[0m5[1m}[0m[2m:[0m [2mmoq_net::lite::publisher[0m[2m:[0m finished group [3msequence[0m[2m=[0m391
[2m2026-09-06T14:44:29.068917Z[0m [34mDEBUG[0m [1mconn[0m[1m{[0m[3mid[0m[2m=[0m5[1m}[0m[2m:[0m [2mmoq_net::lite::publisher[0m[2m:[0m serving group [3msubscribe[0m[2m=[0m1 [3mtrack[0m[2m=[0maudio [3msequence[0m[2m=[0m392
[2m2026-09-06T14:44:29.071014Z[0m [34mDEBUG[0m [1mconn[0m[1m{[0m[3mid[0m[2m=[0m5[1m}[0m[2m:[0m [2mmoq_net::lite::publisher[0m[2m:[0m finished group [3msequence[0m[2m=[0m392
[2m2026-09-06T14:44:29.088772Z[0m [34mDEBUG[0m [1mconn[0m[1m{[0m[3mid[0m[2m=[0m5[1m}[0m[2m:[0m [2mmoq_net::lite::publisher[0m[2m:[0m serving group [3msubscribe[0m[2m=[0m1 [3mtrack[0m[2m=[0maudio [3msequence[0m[2m=[0m393
[2m2026-09-06T14:44:29.090694Z[0m [34mDEBUG[0m [1mconn[0m[1m{[0m[3mid[0m[2m=[0m5[1m}[0m[2m:[0m [2mmoq_net::lite::publisher[0m[2m:[0m finished group [3msequence[0m[2m=[0m393
[2m2026-09-06T14:44:29.108342Z[0m [34mDEBUG[0m [1mconn[0m[1m{[0m[3mid[0m[2m=[0m5[1m}[0m[2m:[0m [2mmoq_net::lite::publisher[0m[2m:[0m serving group [3msubscribe[0m[2m=[0m1 [3mtrack[0m[2m=[0maudio [3msequence[0m[2m=[0m394
[2m2026-09-06T14:44:29.108737Z[0m [34mDEBUG[0m [1mconn[0m[1m{[0m[3mid[0m[2m=[0m5[1m}[0m[2m:[0m [2mmoq_net::lite::publisher[0m[2m:[0m finished group [3msequence[0m[2m=[0m394
[2m2026-09-06T14:44:29.128735Z[0m [34mDEBUG[0m [1mconn[0m[1m{[0m[3mid[0m[2m=[0m5[1m}[0m[2m:[0m [2mmoq_net::lite::publisher[0m[2m:[0m serving group [3msubscribe[0m[2m=[0m1 [3mtrack[0m[2m=[0maudio [3msequence[0m[2m=[0m395
[2m2026-09-06T14:44:29.130663Z[0m [34mDEBUG[0m [1mconn[0m[1m{[0m[3mid[0m[2m=[0m5[1m}[0m[2m:[0m [2mmoq_net::lite::publisher[0m[2m:[0m finished group [3msequence[0m[2m=[0m395
[2m2026-09-06T14:44:29.148376Z[0m [34mDEBUG[0m [1mconn[0m[1m{[0m[3mid[0m[2m=[0m5[1m}[0m[2m:[0m [2mmoq_net::lite::publisher[0m[2m:[0m serving group [3msubscribe[0m[2m=[0m1 [3mtrack[0m[2m=[0maudio [3msequence[0m[2m=[0m396
[2m2026-09-06T14:44:29.150380Z[0m [34mDEBUG[0m [1mconn[0m[1m{[0m[3mid[0m[2m=[0m5[1m}[0m[2m:[0m [2mmoq_net::lite::publisher[0m[2m:[0m finished group [3msequence[0m[2m=[0m396
[2m2026-09-06T14:44:29.169134Z[0m [34mDEBUG[0m [1mconn[0m[1m{[0m[3mid[0m[2m=[0m5[1m}[0m[2m:[0m [2mmoq_net::lite::publisher[0m[2m:[0m serving group [3msubscribe[0m[2m=[0m1 [3mtrack[0m[2m=[0maudio [3msequence[0m[2m=[0m397
[2m2026-09-06T14:44:29.171027Z[0m [34mDEBUG[0m [1mconn[0m[1m{[0m[3mid[0m[2m=[0m5[1m}[0m[2m:[0m [2mmoq_net::lite::publisher[0m[2m:[0m finished group [3msequence[0m[2m=[0m397
[2m2026-09-06T14:44:29.188346Z[0m [34mDEBUG[0m [1mconn[0m[1m{[0m[3mid[0m[2m=[0m5[1m}[0m[2m:[0m [2mmoq_net::lite::publisher[0m[2m:[0m serving group [3msubscribe[0m[2m=[0m1 [3mtrack[0m[2m=[0maudio [3msequence[0m[2m=[0m398
[2m2026-09-06T14:44:29.190179Z[0m [34mDEBUG[0m [1mconn[0m[1m{[0m[3mid[0m[2m=[0m5[1m}[0m[2m:[0m [2mmoq_net::lite::publisher[0m[2m:[0m finished group [3msequence[0m[2m=[0m398
[2m2026-09-06T14:44:29.208112Z[0m [34mDEBUG[0m [1mconn[0m[1m{[0m[3mid[0m[2m=[0m5[1m}[0m[2m:[0m [2mmoq_net::lite::publisher[0m[2m:[0m serving group [3msubscribe[0m[2m=[0m1 [3mtrack[0m[2m=[0maudio [3msequence[0m[2m=[0m399
[2m2026-09-06T14:44:29.209995Z[0m [34mDEBUG[0m [1mconn[0m[1m{[0m[3mid[0m[2m=[0m5[1m}[0m[2m:[0m [2mmoq_net::lite::publisher[0m[2m:[0m finished group [3msequence[0m[2m=[0m399
[2m2026-09-06T14:44:29.228392Z[0m [34mDEBUG[0m [1mconn[0m[1m{[0m[3mid[0m[2m=[0m5[1m}[0m[2m:[0m [2mmoq_net::lite::publisher[0m[2m:[0m serving group [3msubscribe[0m[2m=[0m1 [3mtrack[0m[2m=[0maudio [3msequence[0m[2m=[0m400
[2m2026-09-06T14:44:29.230326Z[0m [34mDEBUG[0m [1mconn[0m[1m{[0m[3mid[0m[2m=[0m5[1m}[0m[2m:[0m [2mmoq_net::lite::publisher[0m[2m:[0m finished group [3msequence[0m[2m=[0m400
[2m2026-09-06T14:44:29.371334Z[0m [34mDEBUG[0m [1mconn[0m[1m{[0m[3mid[0m[2m=[0m5[1m}[0m[2m:[0m [2mmoq_net::lite::publisher[0m[2m:[0m serving group [3msubscribe[0m[2m=[0m1 [3mtrack[0m[2m=[0maudio [3msequence[0m[2m=[0m401
[2m2026-09-06T14:44:29.373780Z[0m [34mDEBUG[0m [1mconn[0m[1m{[0m[3mid[0m[2m=[0m5[1m}[0m[2m:[0m [2mmoq_net::lite::publisher[0m[2m:[0m finished group [3msequence[0m[2m=[0m401
[2m2026-09-06T14:44:29.388702Z[0m [34mDEBUG[0m [1mconn[0m[1m{[0m[3mid[0m[2m=[0m5[1m}[0m[2m:[0m [2mmoq_net::lite::publisher[0m[2m:[0m serving group [3msubscribe[0m[2m=[0m1 [3mtrack[0m[2m=[0maudio [3msequence[0m[2m=[0m402
[2m2026-09-06T14:44:29.390682Z[0m [34mDEBUG[0m [1mconn[0m[1m{[0m[3mid[0m[2m=[0m5[1m}[0m[2m:[0m [2mmoq_net::lite::publisher[0m[2m:[0m finished group [3msequence[0m[2m=[0m402
[2m2026-09-06T14:44:29.408648Z[0m [34mDEBUG[0m [1mconn[0m[1m{[0m[3mid[0m[2m=[0m5[1m}[0m[2m:[0m [2mmoq_net::lite::publisher[0m[2m:[0m serving group [3msubscribe[0m[2m=[0m1 [3mtrack[0m[2m=[0maudio [3msequence[0m[2m=[0m403
[2m2026-09-06T14:44:29.410607Z[0m [34mDEBUG[0m [1mconn[0m[1m{[0m[3mid[0m[2m=[0m5[1m}[0m[2m:[0m [2mmoq_net::lite::publisher[0m[2m:[0m finished group [3msequence[0m[2m=[0m403
[2m2026-09-06T14:44:29.428097Z[0m [34mDEBUG[0m [1mconn[0m[1m{[0m[3mid[0m[2m=[0m5[1m}[0m[2m:[0m [2mmoq_net::lite::publisher[0m[2m:[0m serving group [3msubscribe[0m[2m=[0m1 [3mtrack[0m[2m=[0maudio [3msequence[0m[2m=[0m404
[2m2026-09-06T14:44:29.429922Z[0m [34mDEBUG[0m [1mconn[0m[1m{[0m[3mid[0m[2m=[0m5[1m}[0m[2m:[0m [2mmoq_net::lite::publisher[0m[2m:[0m finished group [3msequence[0m[2m=[0m404
[2m2026-09-06T14:44:29.448287Z[0m [34mDEBUG[0m [1mconn[0m[1m{[0m[3mid[0m[2m=[0m5[1m}[0m[2m:[0m [2mmoq_net::lite::publisher[0m[2m:[0m serving group [3msubscribe[0m[2m=[0m1 [3mtrack[0m[2m=[0maudio [3msequence[0m[2m=[0m405
[2m2026-09-06T14:44:29.449913Z[0m [34mDEBUG[0m [1mconn[0m[1m{[0m[3mid[0m[2m=[0m5[1m}[0m[2m:[0m [2mmoq_net::lite::publisher[0m[2m:[0m finished group [3msequence[0m[2m=[0m405
[2m2026-09-06T14:44:29.468140Z[0m [34mDEBUG[0m [1mconn[0m[1m{[0m[3mid[0m[2m=[0m5[1m}[0m[2m:[0m [2mmoq_net::lite::publisher[0m[2m:[0m serving group [3msubscribe[0m[2m=[0m1 [3mtrack[0m[2m=[0maudio [3msequence[0m[2m=[0m406
[2m2026-09-06T14:44:29.470164Z[0m [34mDEBUG[0m [1mconn[0m[1m{[0m[3mid[0m[2m=[0m5[1m}[0m[2m:[0m [2mmoq_net::lite::publisher[0m[2m:[0m finished group [3msequence[0m[2m=[0m406
[2m2026-09-06T14:44:29.487956Z[0m [34mDEBUG[0m [1mconn[0m[1m{[0m[3mid[0m[2m=[0m5[1m}[0m[2m:[0m [2mmoq_net::lite::publisher[0m[2m:[0m serving group [3msubscribe[0m[2m=[0m1 [3mtrack[0m[2m=[0maudio [3msequence[0m[2m=[0m407
[2m2026-09-06T14:44:29.489652Z[0m [34mDEBUG[0m [1mconn[0m[1m{[0m[3mid[0m[2m=[0m5[1m}[0m[2m:[0m [2mmoq_net::lite::publisher[0m[2m:[0m finished group [3msequence[0m[2m=[0m407
[2m2026-09-06T14:44:29.507814Z[0m [34mDEBUG[0m [1mconn[0m[1m{[0m[3mid[0m[2m=[0m5[1m}[0m[2m:[0m [2mmoq_net::lite::publisher[0m[2m:[0m serving group [3msubscribe[0m[2m=[0m1 [3mtrack[0m[2m=[0maudio [3msequence[0m[2m=[0m408
[2m2026-09-06T14:44:29.509602Z[0m [34mDEBUG[0m [1mconn[0m[1m{[0m[3mid[0m[2m=[0m5[1m}[0m[2m:[0m [2mmoq_net::lite::publisher[0m[2m:[0m finished group [3msequence[0m[2m=[0m408
[2m2026-09-06T14:44:29.528575Z[0m [34mDEBUG[0m [1mconn[0m[1m{[0m[3mid[0m[2m=[0m5[1m}[0m[2m:[0m [2mmoq_net::lite::publisher[0m[2m:[0m serving group [3msubscribe[0m[2m=[0m1 [3mtrack[0m[2m=[0maudio [3msequence[0m[2m=[0m409
[2m2026-09-06T14:44:29.530098Z[0m [34mDEBUG[0m [1mconn[0m[1m{[0m[3mid[0m[2m=[0m5[1m}[0m[2m:[0m [2mmoq_net::lite::publisher[0m[2m:[0m finished group [3msequence[0m[2m=[0m409
[2m2026-09-06T14:44:29.548407Z[0m [34mDEBUG[0m [1mconn[0m[1m{[0m[3mid[0m[2m=[0m5[1m}[0m[2m:[0m [2mmoq_net::lite::publisher[0m[2m:[0m serving group [3msubscribe[0m[2m=[0m1 [3mtrack[0m[2m=[0maudio [3msequence[0m[2m=[0m410
[2m2026-09-06T14:44:29.550832Z[0m [34mDEBUG[0m [1mconn[0m[1m{[0m[3mid[0m[2m=[0m5[1m}[0m[2m:[0m [2mmoq_net::lite::publisher[0m[2m:[0m finished group [3msequence[0m[2m=[0m410
[2m2026-09-06T14:44:29.568781Z[0m [34mDEBUG[0m [1mconn[0m[1m{[0m[3mid[0m[2m=[0m5[1m}[0m[2m:[0m [2mmoq_net::lite::publisher[0m[2m:[0m serving group [3msubscribe[0m[2m=[0m1 [3mtrack[0m[2m=[0maudio [3msequence[0m[2m=[0m411
[2m2026-09-06T14:44:29.570697Z[0m [34mDEBUG[0m [1mconn[0m[1m{[0m[3mid[0m[2m=[0m5[1m}[0m[2m:[0m [2mmoq_net::lite::publisher[0m[2m:[0m finished group [3msequence[0m[2m=[0m411
[2m2026-09-06T14:44:29.785333Z[0m [34mDEBUG[0m [1mconn[0m[1m{[0m[3mid[0m[2m=[0m0[1m}[0m[2m:[0m [2mmoq_net::lite::publisher[0m[2m:[0m serving group [3msubscribe[0m[2m=[0m2 [3mtrack[0m[2m=[0mpublisher.json [3msequence[0m[2m=[0m19
[2m2026-09-06T14:44:29.785576Z[0m [34mDEBUG[0m [1mconn[0m[1m{[0m[3mid[0m[2m=[0m0[1m}[0m[2m:[0m [2mmoq_net::lite::publisher[0m[2m:[0m serving group [3msubscribe[0m[2m=[0m1 [3mtrack[0m[2m=[0msubscriber.json [3msequence[0m[2m=[0m19
[2m2026-09-06T14:44:29.786626Z[0m [34mDEBUG[0m [1mconn[0m[1m{[0m[3mid[0m[2m=[0m0[1m}[0m[2m:[0m [2mmoq_net::lite::publisher[0m[2m:[0m finished group [3msequence[0m[2m=[0m19
[2m2026-09-06T14:44:29.786729Z[0m [34mDEBUG[0m [1mconn[0m[1m{[0m[3mid[0m[2m=[0m0[1m}[0m[2m:[0m [2mmoq_net::lite::publisher[0m[2m:[0m finished group [3msequence[0m[2m=[0m19
[2m2026-09-06T14:44:29.851179Z[0m [34mDEBUG[0m [1mconn[0m[1m{[0m[3mid[0m[2m=[0m5[1m}[0m[2m:[0m [2mmoq_net::lite::publisher[0m[2m:[0m serving group [3msubscribe[0m[2m=[0m1 [3mtrack[0m[2m=[0maudio [3msequence[0m[2m=[0m412
[2m2026-09-06T14:44:29.856333Z[0m [34mDEBUG[0m [1mconn[0m[1m{[0m[3mid[0m[2m=[0m5[1m}[0m[2m:[0m [2mmoq_net::lite::publisher[0m[2m:[0m finished group [3msequence[0m[2m=[0m412
[2m2026-09-06T14:44:29.871614Z[0m [34mDEBUG[0m [1mconn[0m[1m{[0m[3mid[0m[2m=[0m5[1m}[0m[2m:[0m [2mmoq_net::lite::publisher[0m[2m:[0m serving group [3msubscribe[0m[2m=[0m1 [3mtrack[0m[2m=[0maudio [3msequence[0m[2m=[0m413
[2m2026-09-06T14:44:29.873660Z[0m [34mDEBUG[0m [1mconn[0m[1m{[0m[3mid[0m[2m=[0m5[1m}[0m[2m:[0m [2mmoq_net::lite::publisher[0m[2m:[0m finished group [3msequence[0m[2m=[0m413
[2m2026-09-06T14:44:29.888843Z[0m [34mDEBUG[0m [1mconn[0m[1m{[0m[3mid[0m[2m=[0m5[1m}[0m[2m:[0m [2mmoq_net::lite::publisher[0m[2m:[0m serving group [3msubscribe[0m[2m=[0m1 [3mtrack[0m[2m=[0maudio [3msequence[0m[2m=[0m414
[2m2026-09-06T14:44:29.890715Z[0m [34mDEBUG[0m [1mconn[0m[1m{[0m[3mid[0m[2m=[0m5[1m}[0m[2m:[0m [2mmoq_net::lite::publisher[0m[2m:[0m finished group [3msequence[0m[2m=[0m414
[2m2026-09-06T14:44:29.908715Z[0m [34mDEBUG[0m [1mconn[0m[1m{[0m[3mid[0m[2m=[0m5[1m}[0m[2m:[0m [2mmoq_net::lite::publisher[0m[2m:[0m serving group [3msubscribe[0m[2m=[0m1 [3mtrack[0m[2m=[0maudio [3msequence[0m[2m=[0m415
[2m2026-09-06T14:44:29.910594Z[0m [34mDEBUG[0m [1mconn[0m[1m{[0m[3mid[0m[2m=[0m5[1m}[0m[2m:[0m [2mmoq_net::lite::publisher[0m[2m:[0m finished group [3msequence[0m[2m=[0m415
[2m2026-09-06T14:44:29.928558Z[0m [34mDEBUG[0m [1mconn[0m[1m{[0m[3mid[0m[2m=[0m5[1m}[0m[2m:[0m [2mmoq_net::lite::publisher[0m[2m:[0m serving group [3msubscribe[0m[2m=[0m1 [3mtrack[0m[2m=[0maudio [3msequence[0m[2m=[0m416
[2m2026-09-06T14:44:29.930543Z[0m [34mDEBUG[0m [1mconn[0m[1m{[0m[3mid[0m[2m=[0m5[1m}[0m[2m:[0m [2mmoq_net::lite::publisher[0m[2m:[0m finished group [3msequence[0m[2m=[0m416
[2m2026-09-06T14:44:29.948765Z[0m [34mDEBUG[0m [1mconn[0m[1m{[0m[3mid[0m[2m=[0m5[1m}[0m[2m:[0m [2mmoq_net::lite::publisher[0m[2m:[0m serving group [3msubscribe[0m[2m=[0m1 [3mtrack[0m[2m=[0maudio [3msequence[0m[2m=[0m417
[2m2026-09-06T14:44:29.950397Z[0m [34mDEBUG[0m [1mconn[0m[1m{[0m[3mid[0m[2m=[0m5[1m}[0m[2m:[0m [2mmoq_net::lite::publisher[0m[2m:[0m finished group [3msequence[0m[2m=[0m417
[2m2026-09-06T14:44:29.968947Z[0m [34mDEBUG[0m [1mconn[0m[1m{[0m[3mid[0m[2m=[0m5[1m}[0m[2m:[0m [2mmoq_net::lite::publisher[0m[2m:[0m serving group [3msubscribe[0m[2m=[0m1 [3mtrack[0m[2m=[0maudio [3msequence[0m[2m=[0m418
[2m2026-09-06T14:44:29.970928Z[0m [34mDEBUG[0m [1mconn[0m[1m{[0m[3mid[0m[2m=[0m5[1m}[0m[2m:[0m [2mmoq_net::lite::publisher[0m[2m:[0m finished group [3msequence[0m[2m=[0m418
[2m2026-09-06T14:44:29.988197Z[0m [34mDEBUG[0m [1mconn[0m[1m{[0m[3mid[0m[2m=[0m5[1m}[0m[2m:[0m [2mmoq_net::lite::publisher[0m[2m:[0m serving group [3msubscribe[0m[2m=[0m1 [3mtrack[0m[2m=[0maudio [3msequence[0m[2m=[0m419
[2m2026-09-06T14:44:29.989786Z[0m [34mDEBUG[0m [1mconn[0m[1m{[0m[3mid[0m[2m=[0m5[1m}[0m[2m:[0m [2mmoq_net::lite::publisher[0m[2m:[0m finished group [3msequence[0m[2m=[0m419
[2m2026-09-06T14:44:30.008475Z[0m [34mDEBUG[0m [1mconn[0m[1m{[0m[3mid[0m[2m=[0m5[1m}[0m[2m:[0m [2mmoq_net::lite::publisher[0m[2m:[0m serving group [3msubscribe[0m[2m=[0m1 [3mtrack[0m[2m=[0maudio [3msequence[0m[2m=[0m420
[2m2026-09-06T14:44:30.010639Z[0m [34mDEBUG[0m [1mconn[0m[1m{[0m[3mid[0m[2m=[0m5[1m}[0m[2m:[0m [2mmoq_net::lite::publisher[0m[2m:[0m finished group [3msequence[0m[2m=[0m420
[2m2026-09-06T14:44:30.028793Z[0m [34mDEBUG[0m [1mconn[0m[1m{[0m[3mid[0m[2m=[0m5[1m}[0m[2m:[0m [2mmoq_net::lite::publisher[0m[2m:[0m serving group [3msubscribe[0m[2m=[0m1 [3mtrack[0m[2m=[0maudio [3msequence[0m[2m=[0m421
[2m2026-09-06T14:44:30.030777Z[0m [34mDEBUG[0m [1mconn[0m[1m{[0m[3mid[0m[2m=[0m5[1m}[0m[2m:[0m [2mmoq_net::lite::publisher[0m[2m:[0m finished group [3msequence[0m[2m=[0m421
[2m2026-09-06T14:44:30.048576Z[0m [34mDEBUG[0m [1mconn[0m[1m{[0m[3mid[0m[2m=[0m5[1m}[0m[2m:[0m [2mmoq_net::lite::publisher[0m[2m:[0m serving group [3msubscribe[0m[2m=[0m1 [3mtrack[0m[2m=[0maudio [3msequence[0m[2m=[0m422
[2m2026-09-06T14:44:30.051568Z[0m [34mDEBUG[0m [1mconn[0m[1m{[0m[3mid[0m[2m=[0m5[1m}[0m[2m:[0m [2mmoq_net::lite::publisher[0m[2m:[0m finished group [3msequence[0m[2m=[0m422
[2m2026-09-06T14:44:30.052060Z[0m [34mDEBUG[0m [1mconn[0m[1m{[0m[3mid[0m[2m=[0m5[1m}[0m[2m:[0m [2mmoq_net::lite::publisher[0m[2m:[0m serving group [3msubscribe[0m[2m=[0m2 [3mtrack[0m[2m=[0mvideo [3msequence[0m[2m=[0m5
[2m2026-09-06T14:44:30.053723Z[0m [34mDEBUG[0m [1mconn[0m[1m{[0m[3mid[0m[2m=[0m5[1m}[0m[2m:[0m [2mmoq_net::lite::publisher[0m[2m:[0m finished group [3msequence[0m[2m=[0m4
[2m2026-09-06T14:44:30.068637Z[0m [34mDEBUG[0m [1mconn[0m[1m{[0m[3mid[0m[2m=[0m5[1m}[0m[2m:[0m [2mmoq_net::lite::publisher[0m[2m:[0m serving group [3msubscribe[0m[2m=[0m1 [3mtrack[0m[2m=[0maudio [3msequence[0m[2m=[0m423
[2m2026-09-06T14:44:30.070719Z[0m [34mDEBUG[0m [1mconn[0m[1m{[0m[3mid[0m[2m=[0m5[1m}[0m[2m:[0m [2mmoq_net::lite::publisher[0m[2m:[0m finished group [3msequence[0m[2m=[0m423
[2m2026-09-06T14:44:30.088260Z[0m [34mDEBUG[0m [1mconn[0m[1m{[0m[3mid[0m[2m=[0m5[1m}[0m[2m:[0m [2mmoq_net::lite::publisher[0m[2m:[0m serving group [3msubscribe[0m[2m=[0m1 [3mtrack[0m[2m=[0maudio [3msequence[0m[2m=[0m424
[2m2026-09-06T14:44:30.090232Z[0m [34mDEBUG[0m [1mconn[0m[1m{[0m[3mid[0m[2m=[0m5[1m}[0m[2m:[0m [2mmoq_net::lite::publisher[0m[2m:[0m finished group [3msequence[0m[2m=[0m424
[2m2026-09-06T14:44:30.108634Z[0m [34mDEBUG[0m [1mconn[0m[1m{[0m[3mid[0m[2m=[0m5[1m}[0m[2m:[0m [2mmoq_net::lite::publisher[0m[2m:[0m serving group [3msubscribe[0m[2m=[0m1 [3mtrack[0m[2m=[0maudio [3msequence[0m[2m=[0m425
[2m2026-09-06T14:44:30.110510Z[0m [34mDEBUG[0m [1mconn[0m[1m{[0m[3mid[0m[2m=[0m5[1m}[0m[2m:[0m [2mmoq_net::lite::publisher[0m[2m:[0m finished group [3msequence[0m[2m=[0m425
[2m2026-09-06T14:44:30.128189Z[0m [34mDEBUG[0m [1mconn[0m[1m{[0m[3mid[0m[2m=[0m5[1m}[0m[2m:[0m [2mmoq_net::lite::publisher[0m[2m:[0m serving group [3msubscribe[0m[2m=[0m1 [3mtrack[0m[2m=[0maudio [3msequence[0m[2m=[0m426
[2m2026-09-06T14:44:30.130035Z[0m [34mDEBUG[0m [1mconn[0m[1m{[0m[3mid[0m[2m=[0m5[1m}[0m[2m:[0m [2mmoq_net::lite::publisher[0m[2m:[0m finished group [3msequence[0m[2m=[0m426
[2m2026-09-06T14:44:30.148417Z[0m [34mDEBUG[0m [1mconn[0m[1m{[0m[3mid[0m[2m=[0m5[1m}[0m[2m:[0m [2mmoq_net::lite::publisher[0m[2m:[0m serving group [3msubscribe[0m[2m=[0m1 [3mtrack[0m[2m=[0maudio [3msequence[0m[2m=[0m427
[2m2026-09-06T14:44:30.149742Z[0m [34mDEBUG[0m [1mconn[0m[1m{[0m[3mid[0m[2m=[0m5[1m}[0m[2m:[0m [2mmoq_net::lite::publisher[0m[2m:[0m finished group [3msequence[0m[2m=[0m427
[2m2026-09-06T14:44:30.169296Z[0m [34mDEBUG[0m [1mconn[0m[1m{[0m[3mid[0m[2m=[0m5[1m}[0m[2m:[0m [2mmoq_net::lite::publisher[0m[2m:[0m serving group [3msubscribe[0m[2m=[0m1 [3mtrack[0m[2m=[0maudio [3msequence[0m[2m=[0m428
[2m2026-09-06T14:44:30.171252Z[0m [34mDEBUG[0m [1mconn[0m[1m{[0m[3mid[0m[2m=[0m5[1m}[0m[2m:[0m [2mmoq_net::lite::publisher[0m[2m:[0m finished group [3msequence[0m[2m=[0m428
[2m2026-09-06T14:44:30.188072Z[0m [34mDEBUG[0m [1mconn[0m[1m{[0m[3mid[0m[2m=[0m5[1m}[0m[2m:[0m [2mmoq_net::lite::publisher[0m[2m:[0m serving group [3msubscribe[0m[2m=[0m1 [3mtrack[0m[2m=[0maudio [3msequence[0m[2m=[0m429
[2m2026-09-06T14:44:30.189641Z[0m [34mDEBUG[0m [1mconn[0m[1m{[0m[3mid[0m[2m=[0m5[1m}[0m[2m:[0m [2mmoq_net::lite::publisher[0m[2m:[0m finished group [3msequence[0m[2m=[0m429
[2m2026-09-06T14:44:30.208201Z[0m [34mDEBUG[0m [1mconn[0m[1m{[0m[3mid[0m[2m=[0m5[1m}[0m[2m:[0m [2mmoq_net::lite::publisher[0m[2m:[0m serving group [3msubscribe[0m[2m=[0m1 [3mtrack[0m[2m=[0maudio [3msequence[0m[2m=[0m430
[2m2026-09-06T14:44:30.210274Z[0m [34mDEBUG[0m [1mconn[0m[1m{[0m[3mid[0m[2m=[0m5[1m}[0m[2m:[0m [2mmoq_net::lite::publisher[0m[2m:[0m finished group [3msequence[0m[2m=[0m430
[2m2026-09-06T14:44:30.349134Z[0m [34mDEBUG[0m [1mconn[0m[1m{[0m[3mid[0m[2m=[0m5[1m}[0m[2m:[0m [2mmoq_net::lite::publisher[0m[2m:[0m serving group [3msubscribe[0m[2m=[0m1 [3mtrack[0m[2m=[0maudio [3msequence[0m[2m=[0m431
[2m2026-09-06T14:44:30.352076Z[0m [34mDEBUG[0m [1mconn[0m[1m{[0m[3mid[0m[2m=[0m5[1m}[0m[2m:[0m [2mmoq_net::lite::publisher[0m[2m:[0m finished group [3msequence[0m[2m=[0m431
[2m2026-09-06T14:44:30.369132Z[0m [34mDEBUG[0m [1mconn[0m[1m{[0m[3mid[0m[2m=[0m5[1m}[0m[2m:[0m [2mmoq_net::lite::publisher[0m[2m:[0m serving group [3msubscribe[0m[2m=[0m1 [3mtrack[0m[2m=[0maudio [3msequence[0m[2m=[0m432
[2m2026-09-06T14:44:30.371148Z[0m [34mDEBUG[0m [1mconn[0m[1m{[0m[3mid[0m[2m=[0m5[1m}[0m[2m:[0m [2mmoq_net::lite::publisher[0m[2m:[0m finished group [3msequence[0m[2m=[0m432
[2m2026-09-06T14:44:30.388585Z[0m [34mDEBUG[0m [1mconn[0m[1m{[0m[3mid[0m[2m=[0m5[1m}[0m[2m:[0m [2mmoq_net::lite::publisher[0m[2m:[0m serving group [3msubscribe[0m[2m=[0m1 [3mtrack[0m[2m=[0maudio [3msequence[0m[2m=[0m433
[2m2026-09-06T14:44:30.390587Z[0m [34mDEBUG[0m [1mconn[0m[1m{[0m[3mid[0m[2m=[0m5[1m}[0m[2m:[0m [2mmoq_net::lite::publisher[0m[2m:[0m finished group [3msequence[0m[2m=[0m433
[2m2026-09-06T14:44:30.408411Z[0m [34mDEBUG[0m [1mconn[0m[1m{[0m[3mid[0m[2m=[0m5[1m}[0m[2m:[0m [2mmoq_net::lite::publisher[0m[2m:[0m serving group [3msubscribe[0m[2m=[0m1 [3mtrack[0m[2m=[0maudio [3msequence[0m[2m=[0m434
[2m2026-09-06T14:44:30.410388Z[0m [34mDEBUG[0m [1mconn[0m[1m{[0m[3mid[0m[2m=[0m5[1m}[0m[2m:[0m [2mmoq_net::lite::publisher[0m[2m:[0m finished group [3msequence[0m[2m=[0m434
[2m2026-09-06T14:44:30.428515Z[0m [34mDEBUG[0m [1mconn[0m[1m{[0m[3mid[0m[2m=[0m5[1m}[0m[2m:[0m [2mmoq_net::lite::publisher[0m[2m:[0m serving group [3msubscribe[0m[2m=[0m1 [3mtrack[0m[2m=[0maudio [3msequence[0m[2m=[0m435
[2m2026-09-06T14:44:30.430433Z[0m [34mDEBUG[0m [1mconn[0m[1m{[0m[3mid[0m[2m=[0m5[1m}[0m[2m:[0m [2mmoq_net::lite::publisher[0m[2m:[0m finished group [3msequence[0m[2m=[0m435
[2m2026-09-06T14:44:30.448967Z[0m [34mDEBUG[0m [1mconn[0m[1m{[0m[3mid[0m[2m=[0m5[1m}[0m[2m:[0m [2mmoq_net::lite::publisher[0m[2m:[0m serving group [3msubscribe[0m[2m=[0m1 [3mtrack[0m[2m=[0maudio [3msequence[0m[2m=[0m436
[2m2026-09-06T14:44:30.450856Z[0m [34mDEBUG[0m [1mconn[0m[1m{[0m[3mid[0m[2m=[0m5[1m}[0m[2m:[0m [2mmoq_net::lite::publisher[0m[2m:[0m finished group [3msequence[0m[2m=[0m436
[2m2026-09-06T14:44:30.469105Z[0m [34mDEBUG[0m [1mconn[0m[1m{[0m[3mid[0m[2m=[0m5[1m}[0m[2m:[0m [2mmoq_net::lite::publisher[0m[2m:[0m serving group [3msubscribe[0m[2m=[0m1 [3mtrack[0m[2m=[0maudio [3msequence[0m[2m=[0m437
[2m2026-09-06T14:44:30.471253Z[0m [34mDEBUG[0m [1mconn[0m[1m{[0m[3mid[0m[2m=[0m5[1m}[0m[2m:[0m [2mmoq_net::lite::publisher[0m[2m:[0m finished group [3msequence[0m[2m=[0m437
[2m2026-09-06T14:44:30.488700Z[0m [34mDEBUG[0m [1mconn[0m[1m{[0m[3mid[0m[2m=[0m5[1m}[0m[2m:[0m [2mmoq_net::lite::publisher[0m[2m:[0m serving group [3msubscribe[0m[2m=[0m1 [3mtrack[0m[2m=[0maudio [3msequence[0m[2m=[0m438
[2m2026-09-06T14:44:30.490802Z[0m [34mDEBUG[0m [1mconn[0m[1m{[0m[3mid[0m[2m=[0m5[1m}[0m[2m:[0m [2mmoq_net::lite::publisher[0m[2m:[0m finished group [3msequence[0m[2m=[0m438
[2m2026-09-06T14:44:30.508309Z[0m [34mDEBUG[0m [1mconn[0m[1m{[0m[3mid[0m[2m=[0m5[1m}[0m[2m:[0m [2mmoq_net::lite::publisher[0m[2m:[0m serving group [3msubscribe[0m[2m=[0m1 [3mtrack[0m[2m=[0maudio [3msequence[0m[2m=[0m439
[2m2026-09-06T14:44:30.509794Z[0m [34mDEBUG[0m [1mconn[0m[1m{[0m[3mid[0m[2m=[0m5[1m}[0m[2m:[0m [2mmoq_net::lite::publisher[0m[2m:[0m finished group [3msequence[0m[2m=[0m439
[2m2026-09-06T14:44:30.528032Z[0m [34mDEBUG[0m [1mconn[0m[1m{[0m[3mid[0m[2m=[0m5[1m}[0m[2m:[0m [2mmoq_net::lite::publisher[0m[2m:[0m serving group [3msubscribe[0m[2m=[0m1 [3mtrack[0m[2m=[0maudio [3msequence[0m[2m=[0m440
[2m2026-09-06T14:44:30.529879Z[0m [34mDEBUG[0m [1mconn[0m[1m{[0m[3mid[0m[2m=[0m5[1m}[0m[2m:[0m [2mmoq_net::lite::publisher[0m[2m:[0m finished group [3msequence[0m[2m=[0m440
[2m2026-09-06T14:44:30.550430Z[0m [34mDEBUG[0m [1mconn[0m[1m{[0m[3mid[0m[2m=[0m5[1m}[0m[2m:[0m [2mmoq_net::lite::publisher[0m[2m:[0m serving group [3msubscribe[0m[2m=[0m1 [3mtrack[0m[2m=[0maudio [3msequence[0m[2m=[0m441
[2m2026-09-06T14:44:30.552847Z[0m [34mDEBUG[0m [1mconn[0m[1m{[0m[3mid[0m[2m=[0m5[1m}[0m[2m:[0m [2mmoq_net::lite::publisher[0m[2m:[0m finished group [3msequence[0m[2m=[0m441
[2m2026-09-06T14:44:30.568649Z[0m [34mDEBUG[0m [1mconn[0m[1m{[0m[3mid[0m[2m=[0m5[1m}[0m[2m:[0m [2mmoq_net::lite::publisher[0m[2m:[0m serving group [3msubscribe[0m[2m=[0m1 [3mtrack[0m[2m=[0maudio [3msequence[0m[2m=[0m442
[2m2026-09-06T14:44:30.570698Z[0m [34mDEBUG[0m [1mconn[0m[1m{[0m[3mid[0m[2m=[0m5[1m}[0m[2m:[0m [2mmoq_net::lite::publisher[0m[2m:[0m finished group [3msequence[0m[2m=[0m442
[2m2026-09-06T14:44:30.588581Z[0m [34mDEBUG[0m [1mconn[0m[1m{[0m[3mid[0m[2m=[0m5[1m}[0m[2m:[0m [2mmoq_net::lite::publisher[0m[2m:[0m serving group [3msubscribe[0m[2m=[0m1 [3mtrack[0m[2m=[0maudio [3msequence[0m[2m=[0m443
[2m2026-09-06T14:44:30.589130Z[0m [34mDEBUG[0m [1mconn[0m[1m{[0m[3mid[0m[2m=[0m5[1m}[0m[2m:[0m [2mmoq_net::lite::publisher[0m[2m:[0m finished group [3msequence[0m[2m=[0m443
[2m2026-09-06T14:44:30.785230Z[0m [34mDEBUG[0m [1mconn[0m[1m{[0m[3mid[0m[2m=[0m0[1m}[0m[2m:[0m [2mmoq_net::lite::publisher[0m[2m:[0m serving group [3msubscribe[0m[2m=[0m2 [3mtrack[0m[2m=[0mpublisher.json [3msequence[0m[2m=[0m20
[2m2026-09-06T14:44:30.785520Z[0m [34mDEBUG[0m [1mconn[0m[1m{[0m[3mid[0m[2m=[0m0[1m}[0m[2m:[0m [2mmoq_net::lite::publisher[0m[2m:[0m serving group [3msubscribe[0m[2m=[0m1 [3mtrack[0m[2m=[0msubscriber.json [3msequence[0m[2m=[0m20
[2m2026-09-06T14:44:30.787760Z[0m [34mDEBUG[0m [1mconn[0m[1m{[0m[3mid[0m[2m=[0m0[1m}[0m[2m:[0m [2mmoq_net::lite::publisher[0m[2m:[0m finished group [3msequence[0m[2m=[0m20
[2m2026-09-06T14:44:30.787852Z[0m [34mDEBUG[0m [1mconn[0m[1m{[0m[3mid[0m[2m=[0m0[1m}[0m[2m:[0m [2mmoq_net::lite::publisher[0m[2m:[0m finished group [3msequence[0m[2m=[0m20
[2m2026-09-06T14:44:30.848934Z[0m [34mDEBUG[0m [1mconn[0m[1m{[0m[3mid[0m[2m=[0m5[1m}[0m[2m:[0m [2mmoq_net::lite::publisher[0m[2m:[0m serving group [3msubscribe[0m[2m=[0m1 [3mtrack[0m[2m=[0maudio [3msequence[0m[2m=[0m444
[2m2026-09-06T14:44:30.850958Z[0m [34mDEBUG[0m [1mconn[0m[1m{[0m[3mid[0m[2m=[0m5[1m}[0m[2m:[0m [2mmoq_net::lite::publisher[0m[2m:[0m finished group [3msequence[0m[2m=[0m444
[2m2026-09-06T14:44:30.869125Z[0m [34mDEBUG[0m [1mconn[0m[1m{[0m[3mid[0m[2m=[0m5[1m}[0m[2m:[0m [2mmoq_net::lite::publisher[0m[2m:[0m serving group [3msubscribe[0m[2m=[0m1 [3mtrack[0m[2m=[0maudio [3msequence[0m[2m=[0m445
[2m2026-09-06T14:44:30.871031Z[0m [34mDEBUG[0m [1mconn[0m[1m{[0m[3mid[0m[2m=[0m5[1m}[0m[2m:[0m [2mmoq_net::lite::publisher[0m[2m:[0m finished group [3msequence[0m[2m=[0m445
[2m2026-09-06T14:44:30.888804Z[0m [34mDEBUG[0m [1mconn[0m[1m{[0m[3mid[0m[2m=[0m5[1m}[0m[2m:[0m [2mmoq_net::lite::publisher[0m[2m:[0m serving group [3msubscribe[0m[2m=[0m1 [3mtrack[0m[2m=[0maudio [3msequence[0m[2m=[0m446
[2m2026-09-06T14:44:30.890758Z[0m [34mDEBUG[0m [1mconn[0m[1m{[0m[3mid[0m[2m=[0m5[1m}[0m[2m:[0m [2mmoq_net::lite::publisher[0m[2m:[0m finished group [3msequence[0m[2m=[0m446
[2m2026-09-06T14:44:30.908532Z[0m [34mDEBUG[0m [1mconn[0m[1m{[0m[3mid[0m[2m=[0m5[1m}[0m[2m:[0m [2mmoq_net::lite::publisher[0m[2m:[0m serving group [3msubscribe[0m[2m=[0m1 [3mtrack[0m[2m=[0maudio [3msequence[0m[2m=[0m447
[2m2026-09-06T14:44:30.910417Z[0m [34mDEBUG[0m [1mconn[0m[1m{[0m[3mid[0m[2m=[0m5[1m}[0m[2m:[0m [2mmoq_net::lite::publisher[0m[2m:[0m finished group [3msequence[0m[2m=[0m447
[2m2026-09-06T14:44:30.928362Z[0m [34mDEBUG[0m [1mconn[0m[1m{[0m[3mid[0m[2m=[0m5[1m}[0m[2m:[0m [2mmoq_net::lite::publisher[0m[2m:[0m serving group [3msubscribe[0m[2m=[0m1 [3mtrack[0m[2m=[0maudio [3msequence[0m[2m=[0m448
[2m2026-09-06T14:44:30.930244Z[0m [34mDEBUG[0m [1mconn[0m[1m{[0m[3mid[0m[2m=[0m5[1m}[0m[2m:[0m [2mmoq_net::lite::publisher[0m[2m:[0m finished group [3msequence[0m[2m=[0m448
[2m2026-09-06T14:44:30.949044Z[0m [34mDEBUG[0m [1mconn[0m[1m{[0m[3mid[0m[2m=[0m5[1m}[0m[2m:[0m [2mmoq_net::lite::publisher[0m[2m:[0m serving group [3msubscribe[0m[2m=[0m1 [3mtrack[0m[2m=[0maudio [3msequence[0m[2m=[0m449
[2m2026-09-06T14:44:30.951341Z[0m [34mDEBUG[0m [1mconn[0m[1m{[0m[3mid[0m[2m=[0m5[1m}[0m[2m:[0m [2mmoq_net::lite::publisher[0m[2m:[0m finished group [3msequence[0m[2m=[0m449
[2m2026-09-06T14:44:30.968547Z[0m [34mDEBUG[0m [1mconn[0m[1m{[0m[3mid[0m[2m=[0m5[1m}[0m[2m:[0m [2mmoq_net::lite::publisher[0m[2m:[0m serving group [3msubscribe[0m[2m=[0m1 [3mtrack[0m[2m=[0maudio [3msequence[0m[2m=[0m450
[2m2026-09-06T14:44:30.970524Z[0m [34mDEBUG[0m [1mconn[0m[1m{[0m[3mid[0m[2m=[0m5[1m}[0m[2m:[0m [2mmoq_net::lite::publisher[0m[2m:[0m finished group [3msequence[0m[2m=[0m450
[2m2026-09-06T14:44:30.988864Z[0m [34mDEBUG[0m [1mconn[0m[1m{[0m[3mid[0m[2m=[0m5[1m}[0m[2m:[0m [2mmoq_net::lite::publisher[0m[2m:[0m serving group [3msubscribe[0m[2m=[0m1 [3mtrack[0m[2m=[0maudio [3msequence[0m[2m=[0m451
[2m2026-09-06T14:44:30.990819Z[0m [34mDEBUG[0m [1mconn[0m[1m{[0m[3mid[0m[2m=[0m5[1m}[0m[2m:[0m [2mmoq_net::lite::publisher[0m[2m:[0m finished group [3msequence[0m[2m=[0m451
[2m2026-09-06T14:44:31.008318Z[0m [34mDEBUG[0m [1mconn[0m[1m{[0m[3mid[0m[2m=[0m5[1m}[0m[2m:[0m [2mmoq_net::lite::publisher[0m[2m:[0m serving group [3msubscribe[0m[2m=[0m1 [3mtrack[0m[2m=[0maudio [3msequence[0m[2m=[0m452
[2m2026-09-06T14:44:31.010403Z[0m [34mDEBUG[0m [1mconn[0m[1m{[0m[3mid[0m[2m=[0m5[1m}[0m[2m:[0m [2mmoq_net::lite::publisher[0m[2m:[0m finished group [3msequence[0m[2m=[0m452
[2m2026-09-06T14:44:31.029351Z[0m [34mDEBUG[0m [1mconn[0m[1m{[0m[3mid[0m[2m=[0m5[1m}[0m[2m:[0m [2mmoq_net::lite::publisher[0m[2m:[0m serving group [3msubscribe[0m[2m=[0m1 [3mtrack[0m[2m=[0maudio [3msequence[0m[2m=[0m453
[2m2026-09-06T14:44:31.031319Z[0m [34mDEBUG[0m [1mconn[0m[1m{[0m[3mid[0m[2m=[0m5[1m}[0m[2m:[0m [2mmoq_net::lite::publisher[0m[2m:[0m finished group [3msequence[0m[2m=[0m453
[2m2026-09-06T14:44:31.048545Z[0m [34mDEBUG[0m [1mconn[0m[1m{[0m[3mid[0m[2m=[0m5[1m}[0m[2m:[0m [2mmoq_net::lite::publisher[0m[2m:[0m serving group [3msubscribe[0m[2m=[0m1 [3mtrack[0m[2m=[0maudio [3msequence[0m[2m=[0m454
[2m2026-09-06T14:44:31.050080Z[0m [34mDEBUG[0m [1mconn[0m[1m{[0m[3mid[0m[2m=[0m5[1m}[0m[2m:[0m [2mmoq_net::lite::publisher[0m[2m:[0m finished group [3msequence[0m[2m=[0m454
[2m2026-09-06T14:44:31.068948Z[0m [34mDEBUG[0m [1mconn[0m[1m{[0m[3mid[0m[2m=[0m5[1m}[0m[2m:[0m [2mmoq_net::lite::publisher[0m[2m:[0m serving group [3msubscribe[0m[2m=[0m1 [3mtrack[0m[2m=[0maudio [3msequence[0m[2m=[0m455
[2m2026-09-06T14:44:31.070859Z[0m [34mDEBUG[0m [1mconn[0m[1m{[0m[3mid[0m[2m=[0m5[1m}[0m[2m:[0m [2mmoq_net::lite::publisher[0m[2m:[0m finished group [3msequence[0m[2m=[0m455
[2m2026-09-06T14:44:31.088326Z[0m [34mDEBUG[0m [1mconn[0m[1m{[0m[3mid[0m[2m=[0m5[1m}[0m[2m:[0m [2mmoq_net::lite::publisher[0m[2m:[0m serving group [3msubscribe[0m[2m=[0m1 [3mtrack[0m[2m=[0maudio [3msequence[0m[2m=[0m456
[2m2026-09-06T14:44:31.090232Z[0m [34mDEBUG[0m [1mconn[0m[1m{[0m[3mid[0m[2m=[0m5[1m}[0m[2m:[0m [2mmoq_net::lite::publisher[0m[2m:[0m finished group [3msequence[0m[2m=[0m456
[2m2026-09-06T14:44:31.108944Z[0m [34mDEBUG[0m [1mconn[0m[1m{[0m[3mid[0m[2m=[0m5[1m}[0m[2m:[0m [2mmoq_net::lite::publisher[0m[2m:[0m serving group [3msubscribe[0m[2m=[0m1 [3mtrack[0m[2m=[0maudio [3msequence[0m[2m=[0m457
[2m2026-09-06T14:44:31.111317Z[0m [34mDEBUG[0m [1mconn[0m[1m{[0m[3mid[0m[2m=[0m5[1m}[0m[2m:[0m [2mmoq_net::lite::publisher[0m[2m:[0m finished group [3msequence[0m[2m=[0m457
[2m2026-09-06T14:44:31.128670Z[0m [34mDEBUG[0m [1mconn[0m[1m{[0m[3mid[0m[2m=[0m5[1m}[0m[2m:[0m [2mmoq_net::lite::publisher[0m[2m:[0m serving group [3msubscribe[0m[2m=[0m1 [3mtrack[0m[2m=[0maudio [3msequence[0m[2m=[0m458
[2m2026-09-06T14:44:31.130281Z[0m [34mDEBUG[0m [1mconn[0m[1m{[0m[3mid[0m[2m=[0m5[1m}[0m[2m:[0m [2mmoq_net::lite::publisher[0m[2m:[0m finished group [3msequence[0m[2m=[0m458
[2m2026-09-06T14:44:31.148406Z[0m [34mDEBUG[0m [1mconn[0m[1m{[0m[3mid[0m[2m=[0m5[1m}[0m[2m:[0m [2mmoq_net::lite::publisher[0m[2m:[0m serving group [3msubscribe[0m[2m=[0m1 [3mtrack[0m[2m=[0maudio [3msequence[0m[2m=[0m459
[2m2026-09-06T14:44:31.150375Z[0m [34mDEBUG[0m [1mconn[0m[1m{[0m[3mid[0m[2m=[0m5[1m}[0m[2m:[0m [2mmoq_net::lite::publisher[0m[2m:[0m finished group [3msequence[0m[2m=[0m459
[2m2026-09-06T14:44:31.169010Z[0m [34mDEBUG[0m [1mconn[0m[1m{[0m[3mid[0m[2m=[0m5[1m}[0m[2m:[0m [2mmoq_net::lite::publisher[0m[2m:[0m serving group [3msubscribe[0m[2m=[0m1 [3mtrack[0m[2m=[0maudio [3msequence[0m[2m=[0m460
[2m2026-09-06T14:44:31.170997Z[0m [34mDEBUG[0m [1mconn[0m[1m{[0m[3mid[0m[2m=[0m5[1m}[0m[2m:[0m [2mmoq_net::lite::publisher[0m[2m:[0m finished group [3msequence[0m[2m=[0m460
[2m2026-09-06T14:44:31.188059Z[0m [34mDEBUG[0m [1mconn[0m[1m{[0m[3mid[0m[2m=[0m5[1m}[0m[2m:[0m [2mmoq_net::lite::publisher[0m[2m:[0m serving group [3msubscribe[0m[2m=[0m1 [3mtrack[0m[2m=[0maudio [3msequence[0m[2m=[0m461
[2m2026-09-06T14:44:31.189942Z[0m [34mDEBUG[0m [1mconn[0m[1m{[0m[3mid[0m[2m=[0m5[1m}[0m[2m:[0m [2mmoq_net::lite::publisher[0m[2m:[0m finished group [3msequence[0m[2m=[0m461
[2m2026-09-06T14:44:31.208234Z[0m [34mDEBUG[0m [1mconn[0m[1m{[0m[3mid[0m[2m=[0m5[1m}[0m[2m:[0m [2mmoq_net::lite::publisher[0m[2m:[0m serving group [3msubscribe[0m[2m=[0m1 [3mtrack[0m[2m=[0maudio [3msequence[0m[2m=[0m462
[2m2026-09-06T14:44:31.209857Z[0m [34mDEBUG[0m [1mconn[0m[1m{[0m[3mid[0m[2m=[0m5[1m}[0m[2m:[0m [2mmoq_net::lite::publisher[0m[2m:[0m finished group [3msequence[0m[2m=[0m462
[2m2026-09-06T14:44:31.349062Z[0m [34mDEBUG[0m [1mconn[0m[1m{[0m[3mid[0m[2m=[0m5[1m}[0m[2m:[0m [2mmoq_net::lite::publisher[0m[2m:[0m serving group [3msubscribe[0m[2m=[0m1 [3mtrack[0m[2m=[0maudio [3msequence[0m[2m=[0m463
[2m2026-09-06T14:44:31.351328Z[0m [34mDEBUG[0m [1mconn[0m[1m{[0m[3mid[0m[2m=[0m5[1m}[0m[2m:[0m [2mmoq_net::lite::publisher[0m[2m:[0m finished group [3msequence[0m[2m=[0m463
[2m2026-09-06T14:44:31.369668Z[0m [34mDEBUG[0m [1mconn[0m[1m{[0m[3mid[0m[2m=[0m5[1m}[0m[2m:[0m [2mmoq_net::lite::publisher[0m[2m:[0m serving group [3msubscribe[0m[2m=[0m1 [3mtrack[0m[2m=[0maudio [3msequence[0m[2m=[0m464
[2m2026-09-06T14:44:31.371834Z[0m [34mDEBUG[0m [1mconn[0m[1m{[0m[3mid[0m[2m=[0m5[1m}[0m[2m:[0m [2mmoq_net::lite::publisher[0m[2m:[0m finished group [3msequence[0m[2m=[0m464
[2m2026-09-06T14:44:31.388752Z[0m [34mDEBUG[0m [1mconn[0m[1m{[0m[3mid[0m[2m=[0m5[1m}[0m[2m:[0m [2mmoq_net::lite::publisher[0m[2m:[0m serving group [3msubscribe[0m[2m=[0m1 [3mtrack[0m[2m=[0maudio [3msequence[0m[2m=[0m465
[2m2026-09-06T14:44:31.390897Z[0m [34mDEBUG[0m [1mconn[0m[1m{[0m[3mid[0m[2m=[0m5[1m}[0m[2m:[0m [2mmoq_net::lite::publisher[0m[2m:[0m finished group [3msequence[0m[2m=[0m465
[2m2026-09-06T14:44:31.408163Z[0m [34mDEBUG[0m [1mconn[0m[1m{[0m[3mid[0m[2m=[0m5[1m}[0m[2m:[0m [2mmoq_net::lite::publisher[0m[2m:[0m serving group [3msubscribe[0m[2m=[0m1 [3mtrack[0m[2m=[0maudio [3msequence[0m[2m=[0m466
[2m2026-09-06T14:44:31.410087Z[0m [34mDEBUG[0m [1mconn[0m[1m{[0m[3mid[0m[2m=[0m5[1m}[0m[2m:[0m [2mmoq_net::lite::publisher[0m[2m:[0m finished group [3msequence[0m[2m=[0m466
[2m2026-09-06T14:44:31.428530Z[0m [34mDEBUG[0m [1mconn[0m[1m{[0m[3mid[0m[2m=[0m5[1m}[0m[2m:[0m [2mmoq_net::lite::publisher[0m[2m:[0m serving group [3msubscribe[0m[2m=[0m1 [3mtrack[0m[2m=[0maudio [3msequence[0m[2m=[0m467
[2m2026-09-06T14:44:31.430505Z[0m [34mDEBUG[0m [1mconn[0m[1m{[0m[3mid[0m[2m=[0m5[1m}[0m[2m:[0m [2mmoq_net::lite::publisher[0m[2m:[0m finished group [3msequence[0m[2m=[0m467
[2m2026-09-06T14:44:31.449156Z[0m [34mDEBUG[0m [1mconn[0m[1m{[0m[3mid[0m[2m=[0m5[1m}[0m[2m:[0m [2mmoq_net::lite::publisher[0m[2m:[0m serving group [3msubscribe[0m[2m=[0m1 [3mtrack[0m[2m=[0maudio [3msequence[0m[2m=[0m468
[2m2026-09-06T14:44:31.451464Z[0m [34mDEBUG[0m [1mconn[0m[1m{[0m[3mid[0m[2m=[0m5[1m}[0m[2m:[0m [2mmoq_net::lite::publisher[0m[2m:[0m finished group [3msequence[0m[2m=[0m468
[2m2026-09-06T14:44:31.468508Z[0m [34mDEBUG[0m [1mconn[0m[1m{[0m[3mid[0m[2m=[0m5[1m}[0m[2m:[0m [2mmoq_net::lite::publisher[0m[2m:[0m serving group [3msubscribe[0m[2m=[0m1 [3mtrack[0m[2m=[0maudio [3msequence[0m[2m=[0m469
[2m2026-09-06T14:44:31.470686Z[0m [34mDEBUG[0m [1mconn[0m[1m{[0m[3mid[0m[2m=[0m5[1m}[0m[2m:[0m [2mmoq_net::lite::publisher[0m[2m:[0m finished group [3msequence[0m[2m=[0m469
[2m2026-09-06T14:44:31.488734Z[0m [34mDEBUG[0m [1mconn[0m[1m{[0m[3mid[0m[2m=[0m5[1m}[0m[2m:[0m [2mmoq_net::lite::publisher[0m[2m:[0m serving group [3msubscribe[0m[2m=[0m1 [3mtrack[0m[2m=[0maudio [3msequence[0m[2m=[0m470
[2m2026-09-06T14:44:31.490639Z[0m [34mDEBUG[0m [1mconn[0m[1m{[0m[3mid[0m[2m=[0m5[1m}[0m[2m:[0m [2mmoq_net::lite::publisher[0m[2m:[0m finished group [3msequence[0m[2m=[0m470
[2m2026-09-06T14:44:31.508406Z[0m [34mDEBUG[0m [1mconn[0m[1m{[0m[3mid[0m[2m=[0m5[1m}[0m[2m:[0m [2mmoq_net::lite::publisher[0m[2m:[0m serving group [3msubscribe[0m[2m=[0m1 [3mtrack[0m[2m=[0maudio [3msequence[0m[2m=[0m471
[2m2026-09-06T14:44:31.510130Z[0m [34mDEBUG[0m [1mconn[0m[1m{[0m[3mid[0m[2m=[0m5[1m}[0m[2m:[0m [2mmoq_net::lite::publisher[0m[2m:[0m finished group [3msequence[0m[2m=[0m471
[2m2026-09-06T14:44:31.529085Z[0m [34mDEBUG[0m [1mconn[0m[1m{[0m[3mid[0m[2m=[0m5[1m}[0m[2m:[0m [2mmoq_net::lite::publisher[0m[2m:[0m serving group [3msubscribe[0m[2m=[0m1 [3mtrack[0m[2m=[0maudio [3msequence[0m[2m=[0m472
[2m2026-09-06T14:44:31.531147Z[0m [34mDEBUG[0m [1mconn[0m[1m{[0m[3mid[0m[2m=[0m5[1m}[0m[2m:[0m [2mmoq_net::lite::publisher[0m[2m:[0m finished group [3msequence[0m[2m=[0m472
[2m2026-09-06T14:44:31.549182Z[0m [34mDEBUG[0m [1mconn[0m[1m{[0m[3mid[0m[2m=[0m5[1m}[0m[2m:[0m [2mmoq_net::lite::publisher[0m[2m:[0m serving group [3msubscribe[0m[2m=[0m1 [3mtrack[0m[2m=[0maudio [3msequence[0m[2m=[0m473
[2m2026-09-06T14:44:31.551250Z[0m [34mDEBUG[0m [1mconn[0m[1m{[0m[3mid[0m[2m=[0m5[1m}[0m[2m:[0m [2mmoq_net::lite::publisher[0m[2m:[0m finished group [3msequence[0m[2m=[0m473
[2m2026-09-06T14:44:31.569125Z[0m [34mDEBUG[0m [1mconn[0m[1m{[0m[3mid[0m[2m=[0m5[1m}[0m[2m:[0m [2mmoq_net::lite::publisher[0m[2m:[0m serving group [3msubscribe[0m[2m=[0m1 [3mtrack[0m[2m=[0maudio [3msequence[0m[2m=[0m474
[2m2026-09-06T14:44:31.571252Z[0m [34mDEBUG[0m [1mconn[0m[1m{[0m[3mid[0m[2m=[0m5[1m}[0m[2m:[0m [2mmoq_net::lite::publisher[0m[2m:[0m finished group [3msequence[0m[2m=[0m474
[2m2026-09-06T14:44:31.588271Z[0m [34mDEBUG[0m [1mconn[0m[1m{[0m[3mid[0m[2m=[0m5[1m}[0m[2m:[0m [2mmoq_net::lite::publisher[0m[2m:[0m serving group [3msubscribe[0m[2m=[0m1 [3mtrack[0m[2m=[0maudio [3msequence[0m[2m=[0m475
[2m2026-09-06T14:44:31.589784Z[0m [34mDEBUG[0m [1mconn[0m[1m{[0m[3mid[0m[2m=[0m5[1m}[0m[2m:[0m [2mmoq_net::lite::publisher[0m[2m:[0m finished group [3msequence[0m[2m=[0m475
[2m2026-09-06T14:44:31.609019Z[0m [34mDEBUG[0m [1mconn[0m[1m{[0m[3mid[0m[2m=[0m5[1m}[0m[2m:[0m [2mmoq_net::lite::publisher[0m[2m:[0m serving group [3msubscribe[0m[2m=[0m1 [3mtrack[0m[2m=[0maudio [3msequence[0m[2m=[0m476
[2m2026-09-06T14:44:31.610982Z[0m [34mDEBUG[0m [1mconn[0m[1m{[0m[3mid[0m[2m=[0m5[1m}[0m[2m:[0m [2mmoq_net::lite::publisher[0m[2m:[0m finished group [3msequence[0m[2m=[0m476
[2m2026-09-06T14:44:31.784747Z[0m [34mDEBUG[0m [1mconn[0m[1m{[0m[3mid[0m[2m=[0m0[1m}[0m[2m:[0m [2mmoq_net::lite::publisher[0m[2m:[0m serving group [3msubscribe[0m[2m=[0m2 [3mtrack[0m[2m=[0mpublisher.json [3msequence[0m[2m=[0m21
[2m2026-09-06T14:44:31.785007Z[0m [34mDEBUG[0m [1mconn[0m[1m{[0m[3mid[0m[2m=[0m0[1m}[0m[2m:[0m [2mmoq_net::lite::publisher[0m[2m:[0m serving group [3msubscribe[0m[2m=[0m1 [3mtrack[0m[2m=[0msubscriber.json [3msequence[0m[2m=[0m21
[2m2026-09-06T14:44:31.787283Z[0m [34mDEBUG[0m [1mconn[0m[1m{[0m[3mid[0m[2m=[0m0[1m}[0m[2m:[0m [2mmoq_net::lite::publisher[0m[2m:[0m finished group [3msequence[0m[2m=[0m21
[2m2026-09-06T14:44:31.787364Z[0m [34mDEBUG[0m [1mconn[0m[1m{[0m[3mid[0m[2m=[0m0[1m}[0m[2m:[0m [2mmoq_net::lite::publisher[0m[2m:[0m finished group [3msequence[0m[2m=[0m21
[2m2026-09-06T14:44:31.850909Z[0m [34mDEBUG[0m [1mconn[0m[1m{[0m[3mid[0m[2m=[0m5[1m}[0m[2m:[0m [2mmoq_net::lite::publisher[0m[2m:[0m serving group [3msubscribe[0m[2m=[0m1 [3mtrack[0m[2m=[0maudio [3msequence[0m[2m=[0m477
[2m2026-09-06T14:44:31.853489Z[0m [34mDEBUG[0m [1mconn[0m[1m{[0m[3mid[0m[2m=[0m5[1m}[0m[2m:[0m [2mmoq_net::lite::publisher[0m[2m:[0m finished group [3msequence[0m[2m=[0m477
[2m2026-09-06T14:44:31.871004Z[0m [34mDEBUG[0m [1mconn[0m[1m{[0m[3mid[0m[2m=[0m5[1m}[0m[2m:[0m [2mmoq_net::lite::publisher[0m[2m:[0m serving group [3msubscribe[0m[2m=[0m1 [3mtrack[0m[2m=[0maudio [3msequence[0m[2m=[0m478
[2m2026-09-06T14:44:31.872867Z[0m [34mDEBUG[0m [1mconn[0m[1m{[0m[3mid[0m[2m=[0m5[1m}[0m[2m:[0m [2mmoq_net::lite::publisher[0m[2m:[0m finished group [3msequence[0m[2m=[0m478
[2m2026-09-06T14:44:31.889392Z[0m [34mDEBUG[0m [1mconn[0m[1m{[0m[3mid[0m[2m=[0m5[1m}[0m[2m:[0m [2mmoq_net::lite::publisher[0m[2m:[0m serving group [3msubscribe[0m[2m=[0m1 [3mtrack[0m[2m=[0maudio [3msequence[0m[2m=[0m479
[2m2026-09-06T14:44:31.891646Z[0m [34mDEBUG[0m [1mconn[0m[1m{[0m[3mid[0m[2m=[0m5[1m}[0m[2m:[0m [2mmoq_net::lite::publisher[0m[2m:[0m finished group [3msequence[0m[2m=[0m479
[2m2026-09-06T14:44:31.908370Z[0m [34mDEBUG[0m [1mconn[0m[1m{[0m[3mid[0m[2m=[0m5[1m}[0m[2m:[0m [2mmoq_net::lite::publisher[0m[2m:[0m serving group [3msubscribe[0m[2m=[0m1 [3mtrack[0m[2m=[0maudio [3msequence[0m[2m=[0m480
[2m2026-09-06T14:44:31.910352Z[0m [34mDEBUG[0m [1mconn[0m[1m{[0m[3mid[0m[2m=[0m5[1m}[0m[2m:[0m [2mmoq_net::lite::publisher[0m[2m:[0m finished group [3msequence[0m[2m=[0m480
[2m2026-09-06T14:44:31.928337Z[0m [34mDEBUG[0m [1mconn[0m[1m{[0m[3mid[0m[2m=[0m5[1m}[0m[2m:[0m [2mmoq_net::lite::publisher[0m[2m:[0m serving group [3msubscribe[0m[2m=[0m1 [3mtrack[0m[2m=[0maudio [3msequence[0m[2m=[0m481
[2m2026-09-06T14:44:31.930268Z[0m [34mDEBUG[0m [1mconn[0m[1m{[0m[3mid[0m[2m=[0m5[1m}[0m[2m:[0m [2mmoq_net::lite::publisher[0m[2m:[0m finished group [3msequence[0m[2m=[0m481
[2m2026-09-06T14:44:31.948722Z[0m [34mDEBUG[0m [1mconn[0m[1m{[0m[3mid[0m[2m=[0m5[1m}[0m[2m:[0m [2mmoq_net::lite::publisher[0m[2m:[0m serving group [3msubscribe[0m[2m=[0m1 [3mtrack[0m[2m=[0maudio [3msequence[0m[2m=[0m482
[2m2026-09-06T14:44:31.950751Z[0m [34mDEBUG[0m [1mconn[0m[1m{[0m[3mid[0m[2m=[0m5[1m}[0m[2m:[0m [2mmoq_net::lite::publisher[0m[2m:[0m finished group [3msequence[0m[2m=[0m482
[2m2026-09-06T14:44:31.968819Z[0m [34mDEBUG[0m [1mconn[0m[1m{[0m[3mid[0m[2m=[0m5[1m}[0m[2m:[0m [2mmoq_net::lite::publisher[0m[2m:[0m serving group [3msubscribe[0m[2m=[0m1 [3mtrack[0m[2m=[0maudio [3msequence[0m[2m=[0m483
[2m2026-09-06T14:44:31.970497Z[0m [34mDEBUG[0m [1mconn[0m[1m{[0m[3mid[0m[2m=[0m5[1m}[0m[2m:[0m [2mmoq_net::lite::publisher[0m[2m:[0m finished group [3msequence[0m[2m=[0m483
[2m2026-09-06T14:44:31.988361Z[0m [34mDEBUG[0m [1mconn[0m[1m{[0m[3mid[0m[2m=[0m5[1m}[0m[2m:[0m [2mmoq_net::lite::publisher[0m[2m:[0m serving group [3msubscribe[0m[2m=[0m1 [3mtrack[0m[2m=[0maudio [3msequence[0m[2m=[0m484
[2m2026-09-06T14:44:31.989969Z[0m [34mDEBUG[0m [1mconn[0m[1m{[0m[3mid[0m[2m=[0m5[1m}[0m[2m:[0m [2mmoq_net::lite::publisher[0m[2m:[0m finished group [3msequence[0m[2m=[0m484
[2m2026-09-06T14:44:32.008301Z[0m [34mDEBUG[0m [1mconn[0m[1m{[0m[3mid[0m[2m=[0m5[1m}[0m[2m:[0m [2mmoq_net::lite::publisher[0m[2m:[0m serving group [3msubscribe[0m[2m=[0m1 [3mtrack[0m[2m=[0maudio [3msequence[0m[2m=[0m485
[2m2026-09-06T14:44:32.010218Z[0m [34mDEBUG[0m [1mconn[0m[1m{[0m[3mid[0m[2m=[0m5[1m}[0m[2m:[0m [2mmoq_net::lite::publisher[0m[2m:[0m finished group [3msequence[0m[2m=[0m485
[2m2026-09-06T14:44:32.028478Z[0m [34mDEBUG[0m [1mconn[0m[1m{[0m[3mid[0m[2m=[0m5[1m}[0m[2m:[0m [2mmoq_net::lite::publisher[0m[2m:[0m serving group [3msubscribe[0m[2m=[0m1 [3mtrack[0m[2m=[0maudio [3msequence[0m[2m=[0m486
[2m2026-09-06T14:44:32.030367Z[0m [34mDEBUG[0m [1mconn[0m[1m{[0m[3mid[0m[2m=[0m5[1m}[0m[2m:[0m [2mmoq_net::lite::publisher[0m[2m:[0m finished group [3msequence[0m[2m=[0m486
[2m2026-09-06T14:44:32.048882Z[0m [34mDEBUG[0m [1mconn[0m[1m{[0m[3mid[0m[2m=[0m5[1m}[0m[2m:[0m [2mmoq_net::lite::publisher[0m[2m:[0m serving group [3msubscribe[0m[2m=[0m1 [3mtrack[0m[2m=[0maudio [3msequence[0m[2m=[0m487
[2m2026-09-06T14:44:32.051623Z[0m [34mDEBUG[0m [1mconn[0m[1m{[0m[3mid[0m[2m=[0m5[1m}[0m[2m:[0m [2mmoq_net::lite::publisher[0m[2m:[0m finished group [3msequence[0m[2m=[0m487
[2m2026-09-06T14:44:32.068482Z[0m [34mDEBUG[0m [1mconn[0m[1m{[0m[3mid[0m[2m=[0m5[1m}[0m[2m:[0m [2mmoq_net::lite::publisher[0m[2m:[0m serving group [3msubscribe[0m[2m=[0m1 [3mtrack[0m[2m=[0maudio [3msequence[0m[2m=[0m488
[2m2026-09-06T14:44:32.070678Z[0m [34mDEBUG[0m [1mconn[0m[1m{[0m[3mid[0m[2m=[0m5[1m}[0m[2m:[0m [2mmoq_net::lite::publisher[0m[2m:[0m finished group [3msequence[0m[2m=[0m488
[2m2026-09-06T14:44:32.088325Z[0m [34mDEBUG[0m [1mconn[0m[1m{[0m[3mid[0m[2m=[0m5[1m}[0m[2m:[0m [2mmoq_net::lite::publisher[0m[2m:[0m serving group [3msubscribe[0m[2m=[0m1 [3mtrack[0m[2m=[0maudio [3msequence[0m[2m=[0m489
[2m2026-09-06T14:44:32.090218Z[0m [34mDEBUG[0m [1mconn[0m[1m{[0m[3mid[0m[2m=[0m5[1m}[0m[2m:[0m [2mmoq_net::lite::publisher[0m[2m:[0m finished group [3msequence[0m[2m=[0m489
[2m2026-09-06T14:44:32.103059Z[0m [34mDEBUG[0m [1mconn[0m[1m{[0m[3mid[0m[2m=[0m5[1m}[0m[2m:[0m [2mmoq_net::lite::publisher[0m[2m:[0m serving group [3msubscribe[0m[2m=[0m2 [3mtrack[0m[2m=[0mvideo [3msequence[0m[2m=[0m6
[2m2026-09-06T14:44:32.104603Z[0m [34mDEBUG[0m [1mconn[0m[1m{[0m[3mid[0m[2m=[0m5[1m}[0m[2m:[0m [2mmoq_net::lite::publisher[0m[2m:[0m finished group [3msequence[0m[2m=[0m5
[2m2026-09-06T14:44:32.108724Z[0m [34mDEBUG[0m [1mconn[0m[1m{[0m[3mid[0m[2m=[0m5[1m}[0m[2m:[0m [2mmoq_net::lite::publisher[0m[2m:[0m serving group [3msubscribe[0m[2m=[0m1 [3mtrack[0m[2m=[0maudio [3msequence[0m[2m=[0m490
[2m2026-09-06T14:44:32.110714Z[0m [34mDEBUG[0m [1mconn[0m[1m{[0m[3mid[0m[2m=[0m5[1m}[0m[2m:[0m [2mmoq_net::lite::publisher[0m[2m:[0m finished group [3msequence[0m[2m=[0m490
[2m2026-09-06T14:44:32.128918Z[0m [34mDEBUG[0m [1mconn[0m[1m{[0m[3mid[0m[2m=[0m5[1m}[0m[2m:[0m [2mmoq_net::lite::publisher[0m[2m:[0m serving group [3msubscribe[0m[2m=[0m1 [3mtrack[0m[2m=[0maudio [3msequence[0m[2m=[0m491
[2m2026-09-06T14:44:32.130911Z[0m [34mDEBUG[0m [1mconn[0m[1m{[0m[3mid[0m[2m=[0m5[1m}[0m[2m:[0m [2mmoq_net::lite::publisher[0m[2m:[0m finished group [3msequence[0m[2m=[0m491
[2m2026-09-06T14:44:32.148778Z[0m [34mDEBUG[0m [1mconn[0m[1m{[0m[3mid[0m[2m=[0m5[1m}[0m[2m:[0m [2mmoq_net::lite::publisher[0m[2m:[0m serving group [3msubscribe[0m[2m=[0m1 [3mtrack[0m[2m=[0maudio [3msequence[0m[2m=[0m492
[2m2026-09-06T14:44:32.149315Z[0m [34mDEBUG[0m [1mconn[0m[1m{[0m[3mid[0m[2m=[0m5[1m}[0m[2m:[0m [2mmoq_net::lite::publisher[0m[2m:[0m finished group [3msequence[0m[2m=[0m492
[2m2026-09-06T14:44:32.169331Z[0m [34mDEBUG[0m [1mconn[0m[1m{[0m[3mid[0m[2m=[0m5[1m}[0m[2m:[0m [2mmoq_net::lite::publisher[0m[2m:[0m serving group [3msubscribe[0m[2m=[0m1 [3mtrack[0m[2m=[0maudio [3msequence[0m[2m=[0m493
[2m2026-09-06T14:44:32.171276Z[0m [34mDEBUG[0m [1mconn[0m[1m{[0m[3mid[0m[2m=[0m5[1m}[0m[2m:[0m [2mmoq_net::lite::publisher[0m[2m:[0m finished group [3msequence[0m[2m=[0m493
[2m2026-09-06T14:44:32.188082Z[0m [34mDEBUG[0m [1mconn[0m[1m{[0m[3mid[0m[2m=[0m5[1m}[0m[2m:[0m [2mmoq_net::lite::publisher[0m[2m:[0m serving group [3msubscribe[0m[2m=[0m1 [3mtrack[0m[2m=[0maudio [3msequence[0m[2m=[0m494
[2m2026-09-06T14:44:32.189687Z[0m [34mDEBUG[0m [1mconn[0m[1m{[0m[3mid[0m[2m=[0m5[1m}[0m[2m:[0m [2mmoq_net::lite::publisher[0m[2m:[0m finished group [3msequence[0m[2m=[0m494
[2m2026-09-06T14:44:32.208052Z[0m [34mDEBUG[0m [1mconn[0m[1m{[0m[3mid[0m[2m=[0m5[1m}[0m[2m:[0m [2mmoq_net::lite::publisher[0m[2m:[0m serving group [3msubscribe[0m[2m=[0m1 [3mtrack[0m[2m=[0maudio [3msequence[0m[2m=[0m495
[2m2026-09-06T14:44:32.209884Z[0m [34mDEBUG[0m [1mconn[0m[1m{[0m[3mid[0m[2m=[0m5[1m}[0m[2m:[0m [2mmoq_net::lite::publisher[0m[2m:[0m finished group [3msequence[0m[2m=[0m495
[2m2026-09-06T14:44:32.228648Z[0m [34mDEBUG[0m [1mconn[0m[1m{[0m[3mid[0m[2m=[0m5[1m}[0m[2m:[0m [2mmoq_net::lite::publisher[0m[2m:[0m serving group [3msubscribe[0m[2m=[0m1 [3mtrack[0m[2m=[0maudio [3msequence[0m[2m=[0m496
[2m2026-09-06T14:44:32.230599Z[0m [34mDEBUG[0m [1mconn[0m[1m{[0m[3mid[0m[2m=[0m5[1m}[0m[2m:[0m [2mmoq_net::lite::publisher[0m[2m:[0m finished group [3msequence[0m[2m=[0m496
[2m2026-09-06T14:44:32.349240Z[0m [34mDEBUG[0m [1mconn[0m[1m{[0m[3mid[0m[2m=[0m5[1m}[0m[2m:[0m [2mmoq_net::lite::publisher[0m[2m:[0m serving group [3msubscribe[0m[2m=[0m1 [3mtrack[0m[2m=[0maudio [3msequence[0m[2m=[0m497
[2m2026-09-06T14:44:32.351085Z[0m [34mDEBUG[0m [1mconn[0m[1m{[0m[3mid[0m[2m=[0m5[1m}[0m[2m:[0m [2mmoq_net::lite::publisher[0m[2m:[0m finished group [3msequence[0m[2m=[0m497
[2m2026-09-06T14:44:32.370136Z[0m [34mDEBUG[0m [1mconn[0m[1m{[0m[3mid[0m[2m=[0m5[1m}[0m[2m:[0m [2mmoq_net::lite::publisher[0m[2m:[0m serving group [3msubscribe[0m[2m=[0m1 [3mtrack[0m[2m=[0maudio [3msequence[0m[2m=[0m498
[2m2026-09-06T14:44:32.372346Z[0m [34mDEBUG[0m [1mconn[0m[1m{[0m[3mid[0m[2m=[0m5[1m}[0m[2m:[0m [2mmoq_net::lite::publisher[0m[2m:[0m finished group [3msequence[0m[2m=[0m498
[2m2026-09-06T14:44:32.389033Z[0m [34mDEBUG[0m [1mconn[0m[1m{[0m[3mid[0m[2m=[0m5[1m}[0m[2m:[0m [2mmoq_net::lite::publisher[0m[2m:[0m serving group [3msubscribe[0m[2m=[0m1 [3mtrack[0m[2m=[0maudio [3msequence[0m[2m=[0m499
[2m2026-09-06T14:44:32.390783Z[0m [34mDEBUG[0m [1mconn[0m[1m{[0m[3mid[0m[2m=[0m5[1m}[0m[2m:[0m [2mmoq_net::lite::publisher[0m[2m:[0m finished group [3msequence[0m[2m=[0m499
[2m2026-09-06T14:44:32.408408Z[0m [34mDEBUG[0m [1mconn[0m[1m{[0m[3mid[0m[2m=[0m5[1m}[0m[2m:[0m [2mmoq_net::lite::publisher[0m[2m:[0m serving group [3msubscribe[0m[2m=[0m1 [3mtrack[0m[2m=[0maudio [3msequence[0m[2m=[0m500
[2m2026-09-06T14:44:32.410360Z[0m [34mDEBUG[0m [1mconn[0m[1m{[0m[3mid[0m[2m=[0m5[1m}[0m[2m:[0m [2mmoq_net::lite::publisher[0m[2m:[0m finished group [3msequence[0m[2m=[0m500
[2m2026-09-06T14:44:32.430689Z[0m [34mDEBUG[0m [1mconn[0m[1m{[0m[3mid[0m[2m=[0m5[1m}[0m[2m:[0m [2mmoq_net::lite::publisher[0m[2m:[0m serving group [3msubscribe[0m[2m=[0m1 [3mtrack[0m[2m=[0maudio [3msequence[0m[2m=[0m501
[2m2026-09-06T14:44:32.432441Z[0m [34mDEBUG[0m [1mconn[0m[1m{[0m[3mid[0m[2m=[0m5[1m}[0m[2m:[0m [2mmoq_net::lite::publisher[0m[2m:[0m finished group [3msequence[0m[2m=[0m501
[2m2026-09-06T14:44:32.449333Z[0m [34mDEBUG[0m [1mconn[0m[1m{[0m[3mid[0m[2m=[0m5[1m}[0m[2m:[0m [2mmoq_net::lite::publisher[0m[2m:[0m serving group [3msubscribe[0m[2m=[0m1 [3mtrack[0m[2m=[0maudio [3msequence[0m[2m=[0m502
[2m2026-09-06T14:44:32.451335Z[0m [34mDEBUG[0m [1mconn[0m[1m{[0m[3mid[0m[2m=[0m5[1m}[0m[2m:[0m [2mmoq_net::lite::publisher[0m[2m:[0m finished group [3msequence[0m[2m=[0m502
[2m2026-09-06T14:44:32.468754Z[0m [34mDEBUG[0m [1mconn[0m[1m{[0m[3mid[0m[2m=[0m5[1m}[0m[2m:[0m [2mmoq_net::lite::publisher[0m[2m:[0m serving group [3msubscribe[0m[2m=[0m1 [3mtrack[0m[2m=[0maudio [3msequence[0m[2m=[0m503
[2m2026-09-06T14:44:32.470472Z[0m [34mDEBUG[0m [1mconn[0m[1m{[0m[3mid[0m[2m=[0m5[1m}[0m[2m:[0m [2mmoq_net::lite::publisher[0m[2m:[0m finished group [3msequence[0m[2m=[0m503
[2m2026-09-06T14:44:32.489269Z[0m [34mDEBUG[0m [1mconn[0m[1m{[0m[3mid[0m[2m=[0m5[1m}[0m[2m:[0m [2mmoq_net::lite::publisher[0m[2m:[0m serving group [3msubscribe[0m[2m=[0m1 [3mtrack[0m[2m=[0maudio [3msequence[0m[2m=[0m504
[2m2026-09-06T14:44:32.490746Z[0m [34mDEBUG[0m [1mconn[0m[1m{[0m[3mid[0m[2m=[0m5[1m}[0m[2m:[0m [2mmoq_net::lite::publisher[0m[2m:[0m finished group [3msequence[0m[2m=[0m504
[2m2026-09-06T14:44:32.508086Z[0m [34mDEBUG[0m [1mconn[0m[1m{[0m[3mid[0m[2m=[0m5[1m}[0m[2m:[0m [2mmoq_net::lite::publisher[0m[2m:[0m serving group [3msubscribe[0m[2m=[0m1 [3mtrack[0m[2m=[0maudio [3msequence[0m[2m=[0m505
[2m2026-09-06T14:44:32.509552Z[0m [34mDEBUG[0m [1mconn[0m[1m{[0m[3mid[0m[2m=[0m5[1m}[0m[2m:[0m [2mmoq_net::lite::publisher[0m[2m:[0m finished group [3msequence[0m[2m=[0m505
[2m2026-09-06T14:44:32.528047Z[0m [34mDEBUG[0m [1mconn[0m[1m{[0m[3mid[0m[2m=[0m5[1m}[0m[2m:[0m [2mmoq_net::lite::publisher[0m[2m:[0m serving group [3msubscribe[0m[2m=[0m1 [3mtrack[0m[2m=[0maudio [3msequence[0m[2m=[0m506
[2m2026-09-06T14:44:32.529974Z[0m [34mDEBUG[0m [1mconn[0m[1m{[0m[3mid[0m[2m=[0m5[1m}[0m[2m:[0m [2mmoq_net::lite::publisher[0m[2m:[0m finished group [3msequence[0m[2m=[0m506
[2m2026-09-06T14:44:32.548925Z[0m [34mDEBUG[0m [1mconn[0m[1m{[0m[3mid[0m[2m=[0m5[1m}[0m[2m:[0m [2mmoq_net::lite::publisher[0m[2m:[0m serving group [3msubscribe[0m[2m=[0m1 [3mtrack[0m[2m=[0maudio [3msequence[0m[2m=[0m507
[2m2026-09-06T14:44:32.551041Z[0m [34mDEBUG[0m [1mconn[0m[1m{[0m[3mid[0m[2m=[0m5[1m}[0m[2m:[0m [2mmoq_net::lite::publisher[0m[2m:[0m finished group [3msequence[0m[2m=[0m507
[2m2026-09-06T14:44:32.569365Z[0m [34mDEBUG[0m [1mconn[0m[1m{[0m[3mid[0m[2m=[0m5[1m}[0m[2m:[0m [2mmoq_net::lite::publisher[0m[2m:[0m serving group [3msubscribe[0m[2m=[0m1 [3mtrack[0m[2m=[0maudio [3msequence[0m[2m=[0m508
[2m2026-09-06T14:44:32.571504Z[0m [34mDEBUG[0m [1mconn[0m[1m{[0m[3mid[0m[2m=[0m5[1m}[0m[2m:[0m [2mmoq_net::lite::publisher[0m[2m:[0m finished group [3msequence[0m[2m=[0m508
[2m2026-09-06T14:44:32.588886Z[0m [34mDEBUG[0m [1mconn[0m[1m{[0m[3mid[0m[2m=[0m5[1m}[0m[2m:[0m [2mmoq_net::lite::publisher[0m[2m:[0m serving group [3msubscribe[0m[2m=[0m1 [3mtrack[0m[2m=[0maudio [3msequence[0m[2m=[0m509
[2m2026-09-06T14:44:32.590748Z[0m [34mDEBUG[0m [1mconn[0m[1m{[0m[3mid[0m[2m=[0m5[1m}[0m[2m:[0m [2mmoq_net::lite::publisher[0m[2m:[0m finished group [3msequence[0m[2m=[0m509
[2m2026-09-06T14:44:32.786281Z[0m [34mDEBUG[0m [1mconn[0m[1m{[0m[3mid[0m[2m=[0m0[1m}[0m[2m:[0m [2mmoq_net::lite::publisher[0m[2m:[0m serving group [3msubscribe[0m[2m=[0m2 [3mtrack[0m[2m=[0mpublisher.json [3msequence[0m[2m=[0m22
[2m2026-09-06T14:44:32.786480Z[0m [34mDEBUG[0m [1mconn[0m[1m{[0m[3mid[0m[2m=[0m0[1m}[0m[2m:[0m [2mmoq_net::lite::publisher[0m[2m:[0m serving group [3msubscribe[0m[2m=[0m1 [3mtrack[0m[2m=[0msubscriber.json [3msequence[0m[2m=[0m22
[2m2026-09-06T14:44:32.788250Z[0m [34mDEBUG[0m [1mconn[0m[1m{[0m[3mid[0m[2m=[0m0[1m}[0m[2m:[0m [2mmoq_net::lite::publisher[0m[2m:[0m finished group [3msequence[0m[2m=[0m22
[2m2026-09-06T14:44:32.788323Z[0m [34mDEBUG[0m [1mconn[0m[1m{[0m[3mid[0m[2m=[0m0[1m}[0m[2m:[0m [2mmoq_net::lite::publisher[0m[2m:[0m finished group [3msequence[0m[2m=[0m22
[2m2026-09-06T14:44:32.850553Z[0m [34mDEBUG[0m [1mconn[0m[1m{[0m[3mid[0m[2m=[0m5[1m}[0m[2m:[0m [2mmoq_net::lite::publisher[0m[2m:[0m serving group [3msubscribe[0m[2m=[0m1 [3mtrack[0m[2m=[0maudio [3msequence[0m[2m=[0m510
[2m2026-09-06T14:44:32.852770Z[0m [34mDEBUG[0m [1mconn[0m[1m{[0m[3mid[0m[2m=[0m5[1m}[0m[2m:[0m [2mmoq_net::lite::publisher[0m[2m:[0m finished group [3msequence[0m[2m=[0m510
[2m2026-09-06T14:44:32.869935Z[0m [34mDEBUG[0m [1mconn[0m[1m{[0m[3mid[0m[2m=[0m5[1m}[0m[2m:[0m [2mmoq_net::lite::publisher[0m[2m:[0m serving group [3msubscribe[0m[2m=[0m1 [3mtrack[0m[2m=[0maudio [3msequence[0m[2m=[0m511
[2m2026-09-06T14:44:32.872155Z[0m [34mDEBUG[0m [1mconn[0m[1m{[0m[3mid[0m[2m=[0m5[1m}[0m[2m:[0m [2mmoq_net::lite::publisher[0m[2m:[0m finished group [3msequence[0m[2m=[0m511
[2m2026-09-06T14:44:32.889265Z[0m [34mDEBUG[0m [1mconn[0m[1m{[0m[3mid[0m[2m=[0m5[1m}[0m[2m:[0m [2mmoq_net::lite::publisher[0m[2m:[0m serving group [3msubscribe[0m[2m=[0m1 [3mtrack[0m[2m=[0maudio [3msequence[0m[2m=[0m512
[2m2026-09-06T14:44:32.891227Z[0m [34mDEBUG[0m [1mconn[0m[1m{[0m[3mid[0m[2m=[0m5[1m}[0m[2m:[0m [2mmoq_net::lite::publisher[0m[2m:[0m finished group [3msequence[0m[2m=[0m512
[2m2026-09-06T14:44:32.908555Z[0m [34mDEBUG[0m [1mconn[0m[1m{[0m[3mid[0m[2m=[0m5[1m}[0m[2m:[0m [2mmoq_net::lite::publisher[0m[2m:[0m serving group [3msubscribe[0m[2m=[0m1 [3mtrack[0m[2m=[0maudio [3msequence[0m[2m=[0m513
[2m2026-09-06T14:44:32.910481Z[0m [34mDEBUG[0m [1mconn[0m[1m{[0m[3mid[0m[2m=[0m5[1m}[0m[2m:[0m [2mmoq_net::lite::publisher[0m[2m:[0m finished group [3msequence[0m[2m=[0m513
[2m2026-09-06T14:44:32.928161Z[0m [34mDEBUG[0m [1mconn[0m[1m{[0m[3mid[0m[2m=[0m5[1m}[0m[2m:[0m [2mmoq_net::lite::publisher[0m[2m:[0m serving group [3msubscribe[0m[2m=[0m1 [3mtrack[0m[2m=[0maudio [3msequence[0m[2m=[0m514
[2m2026-09-06T14:44:32.930021Z[0m [34mDEBUG[0m [1mconn[0m[1m{[0m[3mid[0m[2m=[0m5[1m}[0m[2m:[0m [2mmoq_net::lite::publisher[0m[2m:[0m finished group [3msequence[0m[2m=[0m514
[2m2026-09-06T14:44:32.948869Z[0m [34mDEBUG[0m [1mconn[0m[1m{[0m[3mid[0m[2m=[0m5[1m}[0m[2m:[0m [2mmoq_net::lite::publisher[0m[2m:[0m serving group [3msubscribe[0m[2m=[0m1 [3mtrack[0m[2m=[0maudio [3msequence[0m[2m=[0m515
[2m2026-09-06T14:44:32.950820Z[0m [34mDEBUG[0m [1mconn[0m[1m{[0m[3mid[0m[2m=[0m5[1m}[0m[2m:[0m [2mmoq_net::lite::publisher[0m[2m:[0m finished group [3msequence[0m[2m=[0m515
[2m2026-09-06T14:44:32.968750Z[0m [34mDEBUG[0m [1mconn[0m[1m{[0m[3mid[0m[2m=[0m5[1m}[0m[2m:[0m [2mmoq_net::lite::publisher[0m[2m:[0m serving group [3msubscribe[0m[2m=[0m1 [3mtrack[0m[2m=[0maudio [3msequence[0m[2m=[0m516
[2m2026-09-06T14:44:32.970874Z[0m [34mDEBUG[0m [1mconn[0m[1m{[0m[3mid[0m[2m=[0m5[1m}[0m[2m:[0m [2mmoq_net::lite::publisher[0m[2m:[0m finished group [3msequence[0m[2m=[0m516
[2m2026-09-06T14:44:32.988570Z[0m [34mDEBUG[0m [1mconn[0m[1m{[0m[3mid[0m[2m=[0m5[1m}[0m[2m:[0m [2mmoq_net::lite::publisher[0m[2m:[0m serving group [3msubscribe[0m[2m=[0m1 [3mtrack[0m[2m=[0maudio [3msequence[0m[2m=[0m517
[2m2026-09-06T14:44:32.990636Z[0m [34mDEBUG[0m [1mconn[0m[1m{[0m[3mid[0m[2m=[0m5[1m}[0m[2m:[0m [2mmoq_net::lite::publisher[0m[2m:[0m finished group [3msequence[0m[2m=[0m517
[2m2026-09-06T14:44:33.008418Z[0m [34mDEBUG[0m [1mconn[0m[1m{[0m[3mid[0m[2m=[0m5[1m}[0m[2m:[0m [2mmoq_net::lite::publisher[0m[2m:[0m serving group [3msubscribe[0m[2m=[0m1 [3mtrack[0m[2m=[0maudio [3msequence[0m[2m=[0m518
[2m2026-09-06T14:44:33.010498Z[0m [34mDEBUG[0m [1mconn[0m[1m{[0m[3mid[0m[2m=[0m5[1m}[0m[2m:[0m [2mmoq_net::lite::publisher[0m[2m:[0m finished group [3msequence[0m[2m=[0m518
[2m2026-09-06T14:44:33.028355Z[0m [34mDEBUG[0m [1mconn[0m[1m{[0m[3mid[0m[2m=[0m5[1m}[0m[2m:[0m [2mmoq_net::lite::publisher[0m[2m:[0m serving group [3msubscribe[0m[2m=[0m1 [3mtrack[0m[2m=[0maudio [3msequence[0m[2m=[0m519
[2m2026-09-06T14:44:33.030269Z[0m [34mDEBUG[0m [1mconn[0m[1m{[0m[3mid[0m[2m=[0m5[1m}[0m[2m:[0m [2mmoq_net::lite::publisher[0m[2m:[0m finished group [3msequence[0m[2m=[0m519
[2m2026-09-06T14:44:33.048777Z[0m [34mDEBUG[0m [1mconn[0m[1m{[0m[3mid[0m[2m=[0m5[1m}[0m[2m:[0m [2mmoq_net::lite::publisher[0m[2m:[0m serving group [3msubscribe[0m[2m=[0m1 [3mtrack[0m[2m=[0maudio [3msequence[0m[2m=[0m520
[2m2026-09-06T14:44:33.050797Z[0m [34mDEBUG[0m [1mconn[0m[1m{[0m[3mid[0m[2m=[0m5[1m}[0m[2m:[0m [2mmoq_net::lite::publisher[0m[2m:[0m finished group [3msequence[0m[2m=[0m520
[2m2026-09-06T14:44:33.068692Z[0m [34mDEBUG[0m [1mconn[0m[1m{[0m[3mid[0m[2m=[0m5[1m}[0m[2m:[0m [2mmoq_net::lite::publisher[0m[2m:[0m serving group [3msubscribe[0m[2m=[0m1 [3mtrack[0m[2m=[0maudio [3msequence[0m[2m=[0m521
[2m2026-09-06T14:44:33.070521Z[0m [34mDEBUG[0m [1mconn[0m[1m{[0m[3mid[0m[2m=[0m5[1m}[0m[2m:[0m [2mmoq_net::lite::publisher[0m[2m:[0m finished group [3msequence[0m[2m=[0m521
[2m2026-09-06T14:44:33.088137Z[0m [34mDEBUG[0m [1mconn[0m[1m{[0m[3mid[0m[2m=[0m5[1m}[0m[2m:[0m [2mmoq_net::lite::publisher[0m[2m:[0m serving group [3msubscribe[0m[2m=[0m1 [3mtrack[0m[2m=[0maudio [3msequence[0m[2m=[0m522
[2m2026-09-06T14:44:33.089906Z[0m [34mDEBUG[0m [1mconn[0m[1m{[0m[3mid[0m[2m=[0m5[1m}[0m[2m:[0m [2mmoq_net::lite::publisher[0m[2m:[0m finished group [3msequence[0m[2m=[0m522
[2m2026-09-06T14:44:33.108615Z[0m [34mDEBUG[0m [1mconn[0m[1m{[0m[3mid[0m[2m=[0m5[1m}[0m[2m:[0m [2mmoq_net::lite::publisher[0m[2m:[0m serving group [3msubscribe[0m[2m=[0m1 [3mtrack[0m[2m=[0maudio [3msequence[0m[2m=[0m523
[2m2026-09-06T14:44:33.110115Z[0m [34mDEBUG[0m [1mconn[0m[1m{[0m[3mid[0m[2m=[0m5[1m}[0m[2m:[0m [2mmoq_net::lite::publisher[0m[2m:[0m finished group [3msequence[0m[2m=[0m523
[2m2026-09-06T14:44:33.128259Z[0m [34mDEBUG[0m [1mconn[0m[1m{[0m[3mid[0m[2m=[0m5[1m}[0m[2m:[0m [2mmoq_net::lite::publisher[0m[2m:[0m serving group [3msubscribe[0m[2m=[0m1 [3mtrack[0m[2m=[0maudio [3msequence[0m[2m=[0m524
[2m2026-09-06T14:44:33.129938Z[0m [34mDEBUG[0m [1mconn[0m[1m{[0m[3mid[0m[2m=[0m5[1m}[0m[2m:[0m [2mmoq_net::lite::publisher[0m[2m:[0m finished group [3msequence[0m[2m=[0m524
[2m2026-09-06T14:44:33.148387Z[0m [34mDEBUG[0m [1mconn[0m[1m{[0m[3mid[0m[2m=[0m5[1m}[0m[2m:[0m [2mmoq_net::lite::publisher[0m[2m:[0m serving group [3msubscribe[0m[2m=[0m1 [3mtrack[0m[2m=[0maudio [3msequence[0m[2m=[0m525
[2m2026-09-06T14:44:33.150303Z[0m [34mDEBUG[0m [1mconn[0m[1m{[0m[3mid[0m[2m=[0m5[1m}[0m[2m:[0m [2mmoq_net::lite::publisher[0m[2m:[0m finished group [3msequence[0m[2m=[0m525
[2m2026-09-06T14:44:33.168712Z[0m [34mDEBUG[0m [1mconn[0m[1m{[0m[3mid[0m[2m=[0m5[1m}[0m[2m:[0m [2mmoq_net::lite::publisher[0m[2m:[0m serving group [3msubscribe[0m[2m=[0m1 [3mtrack[0m[2m=[0maudio [3msequence[0m[2m=[0m526
[2m2026-09-06T14:44:33.170546Z[0m [34mDEBUG[0m [1mconn[0m[1m{[0m[3mid[0m[2m=[0m5[1m}[0m[2m:[0m [2mmoq_net::lite::publisher[0m[2m:[0m finished group [3msequence[0m[2m=[0m526
[2m2026-09-06T14:44:33.187950Z[0m [34mDEBUG[0m [1mconn[0m[1m{[0m[3mid[0m[2m=[0m5[1m}[0m[2m:[0m [2mmoq_net::lite::publisher[0m[2m:[0m serving group [3msubscribe[0m[2m=[0m1 [3mtrack[0m[2m=[0maudio [3msequence[0m[2m=[0m527
[2m2026-09-06T14:44:33.189692Z[0m [34mDEBUG[0m [1mconn[0m[1m{[0m[3mid[0m[2m=[0m5[1m}[0m[2m:[0m [2mmoq_net::lite::publisher[0m[2m:[0m finished group [3msequence[0m[2m=[0m527
[2m2026-09-06T14:44:33.208189Z[0m [34mDEBUG[0m [1mconn[0m[1m{[0m[3mid[0m[2m=[0m5[1m}[0m[2m:[0m [2mmoq_net::lite::publisher[0m[2m:[0m serving group [3msubscribe[0m[2m=[0m1 [3mtrack[0m[2m=[0maudio [3msequence[0m[2m=[0m528
[2m2026-09-06T14:44:33.209827Z[0m [34mDEBUG[0m [1mconn[0m[1m{[0m[3mid[0m[2m=[0m5[1m}[0m[2m:[0m [2mmoq_net::lite::publisher[0m[2m:[0m finished group [3msequence[0m[2m=[0m528
[2m2026-09-06T14:44:33.228528Z[0m [34mDEBUG[0m [1mconn[0m[1m{[0m[3mid[0m[2m=[0m5[1m}[0m[2m:[0m [2mmoq_net::lite::publisher[0m[2m:[0m serving group [3msubscribe[0m[2m=[0m1 [3mtrack[0m[2m=[0maudio [3msequence[0m[2m=[0m529
[2m2026-09-06T14:44:33.230296Z[0m [34mDEBUG[0m [1mconn[0m[1m{[0m[3mid[0m[2m=[0m5[1m}[0m[2m:[0m [2mmoq_net::lite::publisher[0m[2m:[0m finished group [3msequence[0m[2m=[0m529
[2m2026-09-06T14:44:33.368541Z[0m [34mDEBUG[0m [1mconn[0m[1m{[0m[3mid[0m[2m=[0m5[1m}[0m[2m:[0m [2mmoq_net::lite::publisher[0m[2m:[0m serving group [3msubscribe[0m[2m=[0m1 [3mtrack[0m[2m=[0maudio [3msequence[0m[2m=[0m530
[2m2026-09-06T14:44:33.370494Z[0m [34mDEBUG[0m [1mconn[0m[1m{[0m[3mid[0m[2m=[0m5[1m}[0m[2m:[0m [2mmoq_net::lite::publisher[0m[2m:[0m finished group [3msequence[0m[2m=[0m530
[2m2026-09-06T14:44:33.388651Z[0m [34mDEBUG[0m [1mconn[0m[1m{[0m[3mid[0m[2m=[0m5[1m}[0m[2m:[0m [2mmoq_net::lite::publisher[0m[2m:[0m serving group [3msubscribe[0m[2m=[0m1 [3mtrack[0m[2m=[0maudio [3msequence[0m[2m=[0m531
[2m2026-09-06T14:44:33.390583Z[0m [34mDEBUG[0m [1mconn[0m[1m{[0m[3mid[0m[2m=[0m5[1m}[0m[2m:[0m [2mmoq_net::lite::publisher[0m[2m:[0m finished group [3msequence[0m[2m=[0m531
[2m2026-09-06T14:44:33.408532Z[0m [34mDEBUG[0m [1mconn[0m[1m{[0m[3mid[0m[2m=[0m5[1m}[0m[2m:[0m [2mmoq_net::lite::publisher[0m[2m:[0m serving group [3msubscribe[0m[2m=[0m1 [3mtrack[0m[2m=[0maudio [3msequence[0m[2m=[0m532
[2m2026-09-06T14:44:33.410348Z[0m [34mDEBUG[0m [1mconn[0m[1m{[0m[3mid[0m[2m=[0m5[1m}[0m[2m:[0m [2mmoq_net::lite::publisher[0m[2m:[0m finished group [3msequence[0m[2m=[0m532
[2m2026-09-06T14:44:33.427922Z[0m [34mDEBUG[0m [1mconn[0m[1m{[0m[3mid[0m[2m=[0m5[1m}[0m[2m:[0m [2mmoq_net::lite::publisher[0m[2m:[0m serving group [3msubscribe[0m[2m=[0m1 [3mtrack[0m[2m=[0maudio [3msequence[0m[2m=[0m533
[2m2026-09-06T14:44:33.429379Z[0m [34mDEBUG[0m [1mconn[0m[1m{[0m[3mid[0m[2m=[0m5[1m}[0m[2m:[0m [2mmoq_net::lite::publisher[0m[2m:[0m finished group [3msequence[0m[2m=[0m533
[2m2026-09-06T14:44:33.449091Z[0m [34mDEBUG[0m [1mconn[0m[1m{[0m[3mid[0m[2m=[0m5[1m}[0m[2m:[0m [2mmoq_net::lite::publisher[0m[2m:[0m serving group [3msubscribe[0m[2m=[0m1 [3mtrack[0m[2m=[0maudio [3msequence[0m[2m=[0m534
[2m2026-09-06T14:44:33.451132Z[0m [34mDEBUG[0m [1mconn[0m[1m{[0m[3mid[0m[2m=[0m5[1m}[0m[2m:[0m [2mmoq_net::lite::publisher[0m[2m:[0m finished group [3msequence[0m[2m=[0m534
[2m2026-09-06T14:44:33.469127Z[0m [34mDEBUG[0m [1mconn[0m[1m{[0m[3mid[0m[2m=[0m5[1m}[0m[2m:[0m [2mmoq_net::lite::publisher[0m[2m:[0m serving group [3msubscribe[0m[2m=[0m1 [3mtrack[0m[2m=[0maudio [3msequence[0m[2m=[0m535
[2m2026-09-06T14:44:33.470937Z[0m [34mDEBUG[0m [1mconn[0m[1m{[0m[3mid[0m[2m=[0m5[1m}[0m[2m:[0m [2mmoq_net::lite::publisher[0m[2m:[0m finished group [3msequence[0m[2m=[0m535
[2m2026-09-06T14:44:33.489333Z[0m [34mDEBUG[0m [1mconn[0m[1m{[0m[3mid[0m[2m=[0m5[1m}[0m[2m:[0m [2mmoq_net::lite::publisher[0m[2m:[0m serving group [3msubscribe[0m[2m=[0m1 [3mtrack[0m[2m=[0maudio [3msequence[0m[2m=[0m536
[2m2026-09-06T14:44:33.490845Z[0m [34mDEBUG[0m [1mconn[0m[1m{[0m[3mid[0m[2m=[0m5[1m}[0m[2m:[0m [2mmoq_net::lite::publisher[0m[2m:[0m finished group [3msequence[0m[2m=[0m536
[2m2026-09-06T14:44:33.508531Z[0m [34mDEBUG[0m [1mconn[0m[1m{[0m[3mid[0m[2m=[0m5[1m}[0m[2m:[0m [2mmoq_net::lite::publisher[0m[2m:[0m serving group [3msubscribe[0m[2m=[0m1 [3mtrack[0m[2m=[0maudio [3msequence[0m[2m=[0m537
[2m2026-09-06T14:44:33.510487Z[0m [34mDEBUG[0m [1mconn[0m[1m{[0m[3mid[0m[2m=[0m5[1m}[0m[2m:[0m [2mmoq_net::lite::publisher[0m[2m:[0m finished group [3msequence[0m[2m=[0m537
[2m2026-09-06T14:44:33.528124Z[0m [34mDEBUG[0m [1mconn[0m[1m{[0m[3mid[0m[2m=[0m5[1m}[0m[2m:[0m [2mmoq_net::lite::publisher[0m[2m:[0m serving group [3msubscribe[0m[2m=[0m1 [3mtrack[0m[2m=[0maudio [3msequence[0m[2m=[0m538
[2m2026-09-06T14:44:33.529593Z[0m [34mDEBUG[0m [1mconn[0m[1m{[0m[3mid[0m[2m=[0m5[1m}[0m[2m:[0m [2mmoq_net::lite::publisher[0m[2m:[0m finished group [3msequence[0m[2m=[0m538
[2m2026-09-06T14:44:33.548831Z[0m [34mDEBUG[0m [1mconn[0m[1m{[0m[3mid[0m[2m=[0m5[1m}[0m[2m:[0m [2mmoq_net::lite::publisher[0m[2m:[0m serving group [3msubscribe[0m[2m=[0m1 [3mtrack[0m[2m=[0maudio [3msequence[0m[2m=[0m539
[2m2026-09-06T14:44:33.550345Z[0m [34mDEBUG[0m [1mconn[0m[1m{[0m[3mid[0m[2m=[0m5[1m}[0m[2m:[0m [2mmoq_net::lite::publisher[0m[2m:[0m finished group [3msequence[0m[2m=[0m539
[2m2026-09-06T14:44:33.568841Z[0m [34mDEBUG[0m [1mconn[0m[1m{[0m[3mid[0m[2m=[0m5[1m}[0m[2m:[0m [2mmoq_net::lite::publisher[0m[2m:[0m serving group [3msubscribe[0m[2m=[0m1 [3mtrack[0m[2m=[0maudio [3msequence[0m[2m=[0m540
[2m2026-09-06T14:44:33.570986Z[0m [34mDEBUG[0m [1mconn[0m[1m{[0m[3mid[0m[2m=[0m5[1m}[0m[2m:[0m [2mmoq_net::lite::publisher[0m[2m:[0m finished group [3msequence[0m[2m=[0m540
[2m2026-09-06T14:44:33.785924Z[0m [34mDEBUG[0m [1mconn[0m[1m{[0m[3mid[0m[2m=[0m0[1m}[0m[2m:[0m [2mmoq_net::lite::publisher[0m[2m:[0m serving group [3msubscribe[0m[2m=[0m2 [3mtrack[0m[2m=[0mpublisher.json [3msequence[0m[2m=[0m23
[2m2026-09-06T14:44:33.786157Z[0m [34mDEBUG[0m [1mconn[0m[1m{[0m[3mid[0m[2m=[0m0[1m}[0m[2m:[0m [2mmoq_net::lite::publisher[0m[2m:[0m serving group [3msubscribe[0m[2m=[0m1 [3mtrack[0m[2m=[0msubscriber.json [3msequence[0m[2m=[0m23
[2m2026-09-06T14:44:33.788243Z[0m [34mDEBUG[0m [1mconn[0m[1m{[0m[3mid[0m[2m=[0m0[1m}[0m[2m:[0m [2mmoq_net::lite::publisher[0m[2m:[0m finished group [3msequence[0m[2m=[0m23
[2m2026-09-06T14:44:33.788323Z[0m [34mDEBUG[0m [1mconn[0m[1m{[0m[3mid[0m[2m=[0m0[1m}[0m[2m:[0m [2mmoq_net::lite::publisher[0m[2m:[0m finished group [3msequence[0m[2m=[0m23
[2m2026-09-06T14:44:33.849314Z[0m [34mDEBUG[0m [1mconn[0m[1m{[0m[3mid[0m[2m=[0m5[1m}[0m[2m:[0m [2mmoq_net::lite::publisher[0m[2m:[0m serving group [3msubscribe[0m[2m=[0m1 [3mtrack[0m[2m=[0maudio [3msequence[0m[2m=[0m541
[2m2026-09-06T14:44:33.851072Z[0m [34mDEBUG[0m [1mconn[0m[1m{[0m[3mid[0m[2m=[0m5[1m}[0m[2m:[0m [2mmoq_net::lite::publisher[0m[2m:[0m finished group [3msequence[0m[2m=[0m541
[2m2026-09-06T14:44:33.870352Z[0m [34mDEBUG[0m [1mconn[0m[1m{[0m[3mid[0m[2m=[0m5[1m}[0m[2m:[0m [2mmoq_net::lite::publisher[0m[2m:[0m serving group [3msubscribe[0m[2m=[0m1 [3mtrack[0m[2m=[0maudio [3msequence[0m[2m=[0m542
[2m2026-09-06T14:44:33.871190Z[0m [34mDEBUG[0m [1mconn[0m[1m{[0m[3mid[0m[2m=[0m5[1m}[0m[2m:[0m [2mmoq_net::lite::publisher[0m[2m:[0m finished group [3msequence[0m[2m=[0m542
[2m2026-09-06T14:44:33.889413Z[0m [34mDEBUG[0m [1mconn[0m[1m{[0m[3mid[0m[2m=[0m5[1m}[0m[2m:[0m [2mmoq_net::lite::publisher[0m[2m:[0m serving group [3msubscribe[0m[2m=[0m1 [3mtrack[0m[2m=[0maudio [3msequence[0m[2m=[0m543
[2m2026-09-06T14:44:33.891330Z[0m [34mDEBUG[0m [1mconn[0m[1m{[0m[3mid[0m[2m=[0m5[1m}[0m[2m:[0m [2mmoq_net::lite::publisher[0m[2m:[0m finished group [3msequence[0m[2m=[0m543
[2m2026-09-06T14:44:33.908396Z[0m [34mDEBUG[0m [1mconn[0m[1m{[0m[3mid[0m[2m=[0m5[1m}[0m[2m:[0m [2mmoq_net::lite::publisher[0m[2m:[0m serving group [3msubscribe[0m[2m=[0m1 [3mtrack[0m[2m=[0maudio [3msequence[0m[2m=[0m544
[2m2026-09-06T14:44:33.910021Z[0m [34mDEBUG[0m [1mconn[0m[1m{[0m[3mid[0m[2m=[0m5[1m}[0m[2m:[0m [2mmoq_net::lite::publisher[0m[2m:[0m finished group [3msequence[0m[2m=[0m544
[2m2026-09-06T14:44:33.928536Z[0m [34mDEBUG[0m [1mconn[0m[1m{[0m[3mid[0m[2m=[0m5[1m}[0m[2m:[0m [2mmoq_net::lite::publisher[0m[2m:[0m serving group [3msubscribe[0m[2m=[0m1 [3mtrack[0m[2m=[0maudio [3msequence[0m[2m=[0m545
[2m2026-09-06T14:44:33.930461Z[0m [34mDEBUG[0m [1mconn[0m[1m{[0m[3mid[0m[2m=[0m5[1m}[0m[2m:[0m [2mmoq_net::lite::publisher[0m[2m:[0m finished group [3msequence[0m[2m=[0m545
[2m2026-09-06T14:44:33.949563Z[0m [34mDEBUG[0m [1mconn[0m[1m{[0m[3mid[0m[2m=[0m5[1m}[0m[2m:[0m [2mmoq_net::lite::publisher[0m[2m:[0m serving group [3msubscribe[0m[2m=[0m1 [3mtrack[0m[2m=[0maudio [3msequence[0m[2m=[0m546
[2m2026-09-06T14:44:33.951573Z[0m [34mDEBUG[0m [1mconn[0m[1m{[0m[3mid[0m[2m=[0m5[1m}[0m[2m:[0m [2mmoq_net::lite::publisher[0m[2m:[0m finished group [3msequence[0m[2m=[0m546
[2m2026-09-06T14:44:33.968271Z[0m [34mDEBUG[0m [1mconn[0m[1m{[0m[3mid[0m[2m=[0m5[1m}[0m[2m:[0m [2mmoq_net::lite::publisher[0m[2m:[0m serving group [3msubscribe[0m[2m=[0m1 [3mtrack[0m[2m=[0maudio [3msequence[0m[2m=[0m547
[2m2026-09-06T14:44:33.970137Z[0m [34mDEBUG[0m [1mconn[0m[1m{[0m[3mid[0m[2m=[0m5[1m}[0m[2m:[0m [2mmoq_net::lite::publisher[0m[2m:[0m finished group [3msequence[0m[2m=[0m547
[2m2026-09-06T14:44:33.988044Z[0m [34mDEBUG[0m [1mconn[0m[1m{[0m[3mid[0m[2m=[0m5[1m}[0m[2m:[0m [2mmoq_net::lite::publisher[0m[2m:[0m serving group [3msubscribe[0m[2m=[0m1 [3mtrack[0m[2m=[0maudio [3msequence[0m[2m=[0m548
[2m2026-09-06T14:44:33.989819Z[0m [34mDEBUG[0m [1mconn[0m[1m{[0m[3mid[0m[2m=[0m5[1m}[0m[2m:[0m [2mmoq_net::lite::publisher[0m[2m:[0m finished group [3msequence[0m[2m=[0m548
[2m2026-09-06T14:44:34.008307Z[0m [34mDEBUG[0m [1mconn[0m[1m{[0m[3mid[0m[2m=[0m5[1m}[0m[2m:[0m [2mmoq_net::lite::publisher[0m[2m:[0m serving group [3msubscribe[0m[2m=[0m1 [3mtrack[0m[2m=[0maudio [3msequence[0m[2m=[0m549
[2m2026-09-06T14:44:34.010039Z[0m [34mDEBUG[0m [1mconn[0m[1m{[0m[3mid[0m[2m=[0m5[1m}[0m[2m:[0m [2mmoq_net::lite::publisher[0m[2m:[0m finished group [3msequence[0m[2m=[0m549
[2m2026-09-06T14:44:34.028519Z[0m [34mDEBUG[0m [1mconn[0m[1m{[0m[3mid[0m[2m=[0m5[1m}[0m[2m:[0m [2mmoq_net::lite::publisher[0m[2m:[0m serving group [3msubscribe[0m[2m=[0m1 [3mtrack[0m[2m=[0maudio [3msequence[0m[2m=[0m550
[2m2026-09-06T14:44:34.030366Z[0m [34mDEBUG[0m [1mconn[0m[1m{[0m[3mid[0m[2m=[0m5[1m}[0m[2m:[0m [2mmoq_net::lite::publisher[0m[2m:[0m finished group [3msequence[0m[2m=[0m550
[2m2026-09-06T14:44:34.049420Z[0m [34mDEBUG[0m [1mconn[0m[1m{[0m[3mid[0m[2m=[0m5[1m}[0m[2m:[0m [2mmoq_net::lite::publisher[0m[2m:[0m serving group [3msubscribe[0m[2m=[0m1 [3mtrack[0m[2m=[0maudio [3msequence[0m[2m=[0m551
[2m2026-09-06T14:44:34.051537Z[0m [34mDEBUG[0m [1mconn[0m[1m{[0m[3mid[0m[2m=[0m5[1m}[0m[2m:[0m [2mmoq_net::lite::publisher[0m[2m:[0m finished group [3msequence[0m[2m=[0m551
[2m2026-09-06T14:44:34.068262Z[0m [34mDEBUG[0m [1mconn[0m[1m{[0m[3mid[0m[2m=[0m5[1m}[0m[2m:[0m [2mmoq_net::lite::publisher[0m[2m:[0m serving group [3msubscribe[0m[2m=[0m1 [3mtrack[0m[2m=[0maudio [3msequence[0m[2m=[0m552
[2m2026-09-06T14:44:34.070290Z[0m [34mDEBUG[0m [1mconn[0m[1m{[0m[3mid[0m[2m=[0m5[1m}[0m[2m:[0m [2mmoq_net::lite::publisher[0m[2m:[0m finished group [3msequence[0m[2m=[0m552
[2m2026-09-06T14:44:34.088196Z[0m [34mDEBUG[0m [1mconn[0m[1m{[0m[3mid[0m[2m=[0m5[1m}[0m[2m:[0m [2mmoq_net::lite::publisher[0m[2m:[0m serving group [3msubscribe[0m[2m=[0m1 [3mtrack[0m[2m=[0maudio [3msequence[0m[2m=[0m553
[2m2026-09-06T14:44:34.090156Z[0m [34mDEBUG[0m [1mconn[0m[1m{[0m[3mid[0m[2m=[0m5[1m}[0m[2m:[0m [2mmoq_net::lite::publisher[0m[2m:[0m finished group [3msequence[0m[2m=[0m553
[2m2026-09-06T14:44:34.108769Z[0m [34mDEBUG[0m [1mconn[0m[1m{[0m[3mid[0m[2m=[0m5[1m}[0m[2m:[0m [2mmoq_net::lite::publisher[0m[2m:[0m serving group [3msubscribe[0m[2m=[0m1 [3mtrack[0m[2m=[0maudio [3msequence[0m[2m=[0m554
[2m2026-09-06T14:44:34.110267Z[0m [34mDEBUG[0m [1mconn[0m[1m{[0m[3mid[0m[2m=[0m5[1m}[0m[2m:[0m [2mmoq_net::lite::publisher[0m[2m:[0m finished group [3msequence[0m[2m=[0m554
[2m2026-09-06T14:44:34.128768Z[0m [34mDEBUG[0m [1mconn[0m[1m{[0m[3mid[0m[2m=[0m5[1m}[0m[2m:[0m [2mmoq_net::lite::publisher[0m[2m:[0m serving group [3msubscribe[0m[2m=[0m1 [3mtrack[0m[2m=[0maudio [3msequence[0m[2m=[0m555
[2m2026-09-06T14:44:34.130741Z[0m [34mDEBUG[0m [1mconn[0m[1m{[0m[3mid[0m[2m=[0m5[1m}[0m[2m:[0m [2mmoq_net::lite::publisher[0m[2m:[0m finished group [3msequence[0m[2m=[0m555
[2m2026-09-06T14:44:34.148811Z[0m [34mDEBUG[0m [1mconn[0m[1m{[0m[3mid[0m[2m=[0m5[1m}[0m[2m:[0m [2mmoq_net::lite::publisher[0m[2m:[0m serving group [3msubscribe[0m[2m=[0m1 [3mtrack[0m[2m=[0maudio [3msequence[0m[2m=[0m556
[2m2026-09-06T14:44:34.150778Z[0m [34mDEBUG[0m [1mconn[0m[1m{[0m[3mid[0m[2m=[0m5[1m}[0m[2m:[0m [2mmoq_net::lite::publisher[0m[2m:[0m finished group [3msequence[0m[2m=[0m556
[2m2026-09-06T14:44:34.151072Z[0m [34mDEBUG[0m [1mconn[0m[1m{[0m[3mid[0m[2m=[0m5[1m}[0m[2m:[0m [2mmoq_net::lite::publisher[0m[2m:[0m serving group [3msubscribe[0m[2m=[0m2 [3mtrack[0m[2m=[0mvideo [3msequence[0m[2m=[0m7
[2m2026-09-06T14:44:34.153071Z[0m [34mDEBUG[0m [1mconn[0m[1m{[0m[3mid[0m[2m=[0m5[1m}[0m[2m:[0m [2mmoq_net::lite::publisher[0m[2m:[0m finished group [3msequence[0m[2m=[0m6
[2m2026-09-06T14:44:34.168844Z[0m [34mDEBUG[0m [1mconn[0m[1m{[0m[3mid[0m[2m=[0m5[1m}[0m[2m:[0m [2mmoq_net::lite::publisher[0m[2m:[0m serving group [3msubscribe[0m[2m=[0m1 [3mtrack[0m[2m=[0maudio [3msequence[0m[2m=[0m557
[2m2026-09-06T14:44:34.171050Z[0m [34mDEBUG[0m [1mconn[0m[1m{[0m[3mid[0m[2m=[0m5[1m}[0m[2m:[0m [2mmoq_net::lite::publisher[0m[2m:[0m finished group [3msequence[0m[2m=[0m557
[2m2026-09-06T14:44:34.188078Z[0m [34mDEBUG[0m [1mconn[0m[1m{[0m[3mid[0m[2m=[0m5[1m}[0m[2m:[0m [2mmoq_net::lite::publisher[0m[2m:[0m serving group [3msubscribe[0m[2m=[0m1 [3mtrack[0m[2m=[0maudio [3msequence[0m[2m=[0m558
[2m2026-09-06T14:44:34.189916Z[0m [34mDEBUG[0m [1mconn[0m[1m{[0m[3mid[0m[2m=[0m5[1m}[0m[2m:[0m [2mmoq_net::lite::publisher[0m[2m:[0m finished group [3msequence[0m[2m=[0m558
[2m2026-09-06T14:44:34.208285Z[0m [34mDEBUG[0m [1mconn[0m[1m{[0m[3mid[0m[2m=[0m5[1m}[0m[2m:[0m [2mmoq_net::lite::publisher[0m[2m:[0m serving group [3msubscribe[0m[2m=[0m1 [3mtrack[0m[2m=[0maudio [3msequence[0m[2m=[0m559
[2m2026-09-06T14:44:34.210169Z[0m [34mDEBUG[0m [1mconn[0m[1m{[0m[3mid[0m[2m=[0m5[1m}[0m[2m:[0m [2mmoq_net::lite::publisher[0m[2m:[0m finished group [3msequence[0m[2m=[0m559
[2m2026-09-06T14:44:34.228522Z[0m [34mDEBUG[0m [1mconn[0m[1m{[0m[3mid[0m[2m=[0m5[1m}[0m[2m:[0m [2mmoq_net::lite::publisher[0m[2m:[0m serving group [3msubscribe[0m[2m=[0m1 [3mtrack[0m[2m=[0maudio [3msequence[0m[2m=[0m560
[2m2026-09-06T14:44:34.230464Z[0m [34mDEBUG[0m [1mconn[0m[1m{[0m[3mid[0m[2m=[0m5[1m}[0m[2m:[0m [2mmoq_net::lite::publisher[0m[2m:[0m finished group [3msequence[0m[2m=[0m560
[2m2026-09-06T14:44:34.369206Z[0m [34mDEBUG[0m [1mconn[0m[1m{[0m[3mid[0m[2m=[0m5[1m}[0m[2m:[0m [2mmoq_net::lite::publisher[0m[2m:[0m serving group [3msubscribe[0m[2m=[0m1 [3mtrack[0m[2m=[0maudio [3msequence[0m[2m=[0m561
[2m2026-09-06T14:44:34.371325Z[0m [34mDEBUG[0m [1mconn[0m[1m{[0m[3mid[0m[2m=[0m5[1m}[0m[2m:[0m [2mmoq_net::lite::publisher[0m[2m:[0m finished group [3msequence[0m[2m=[0m561
[2m2026-09-06T14:44:34.388623Z[0m [34mDEBUG[0m [1mconn[0m[1m{[0m[3mid[0m[2m=[0m5[1m}[0m[2m:[0m [2mmoq_net::lite::publisher[0m[2m:[0m serving group [3msubscribe[0m[2m=[0m1 [3mtrack[0m[2m=[0maudio [3msequence[0m[2m=[0m562
[2m2026-09-06T14:44:34.390143Z[0m [34mDEBUG[0m [1mconn[0m[1m{[0m[3mid[0m[2m=[0m5[1m}[0m[2m:[0m [2mmoq_net::lite::publisher[0m[2m:[0m finished group [3msequence[0m[2m=[0m562
[2m2026-09-06T14:44:34.408860Z[0m [34mDEBUG[0m [1mconn[0m[1m{[0m[3mid[0m[2m=[0m5[1m}[0m[2m:[0m [2mmoq_net::lite::publisher[0m[2m:[0m serving group [3msubscribe[0m[2m=[0m1 [3mtrack[0m[2m=[0maudio [3msequence[0m[2m=[0m563
[2m2026-09-06T14:44:34.410809Z[0m [34mDEBUG[0m [1mconn[0m[1m{[0m[3mid[0m[2m=[0m5[1m}[0m[2m:[0m [2mmoq_net::lite::publisher[0m[2m:[0m finished group [3msequence[0m[2m=[0m563
[2m2026-09-06T14:44:34.428638Z[0m [34mDEBUG[0m [1mconn[0m[1m{[0m[3mid[0m[2m=[0m5[1m}[0m[2m:[0m [2mmoq_net::lite::publisher[0m[2m:[0m serving group [3msubscribe[0m[2m=[0m1 [3mtrack[0m[2m=[0maudio [3msequence[0m[2m=[0m564
[2m2026-09-06T14:44:34.430582Z[0m [34mDEBUG[0m [1mconn[0m[1m{[0m[3mid[0m[2m=[0m5[1m}[0m[2m:[0m [2mmoq_net::lite::publisher[0m[2m:[0m finished group [3msequence[0m[2m=[0m564
[2m2026-09-06T14:44:34.448712Z[0m [34mDEBUG[0m [1mconn[0m[1m{[0m[3mid[0m[2m=[0m5[1m}[0m[2m:[0m [2mmoq_net::lite::publisher[0m[2m:[0m serving group [3msubscribe[0m[2m=[0m1 [3mtrack[0m[2m=[0maudio [3msequence[0m[2m=[0m565
[2m2026-09-06T14:44:34.450698Z[0m [34mDEBUG[0m [1mconn[0m[1m{[0m[3mid[0m[2m=[0m5[1m}[0m[2m:[0m [2mmoq_net::lite::publisher[0m[2m:[0m finished group [3msequence[0m[2m=[0m565
[2m2026-09-06T14:44:34.468440Z[0m [34mDEBUG[0m [1mconn[0m[1m{[0m[3mid[0m[2m=[0m5[1m}[0m[2m:[0m [2mmoq_net::lite::publisher[0m[2m:[0m serving group [3msubscribe[0m[2m=[0m1 [3mtrack[0m[2m=[0maudio [3msequence[0m[2m=[0m566
[2m2026-09-06T14:44:34.470710Z[0m [34mDEBUG[0m [1mconn[0m[1m{[0m[3mid[0m[2m=[0m5[1m}[0m[2m:[0m [2mmoq_net::lite::publisher[0m[2m:[0m finished group [3msequence[0m[2m=[0m566
[2m2026-09-06T14:44:34.488559Z[0m [34mDEBUG[0m [1mconn[0m[1m{[0m[3mid[0m[2m=[0m5[1m}[0m[2m:[0m [2mmoq_net::lite::publisher[0m[2m:[0m serving group [3msubscribe[0m[2m=[0m1 [3mtrack[0m[2m=[0maudio [3msequence[0m[2m=[0m567
[2m2026-09-06T14:44:34.490305Z[0m [34mDEBUG[0m [1mconn[0m[1m{[0m[3mid[0m[2m=[0m5[1m}[0m[2m:[0m [2mmoq_net::lite::publisher[0m[2m:[0m finished group [3msequence[0m[2m=[0m567
[2m2026-09-06T14:44:34.508477Z[0m [34mDEBUG[0m [1mconn[0m[1m{[0m[3mid[0m[2m=[0m5[1m}[0m[2m:[0m [2mmoq_net::lite::publisher[0m[2m:[0m serving group [3msubscribe[0m[2m=[0m1 [3mtrack[0m[2m=[0maudio [3msequence[0m[2m=[0m568
[2m2026-09-06T14:44:34.510070Z[0m [34mDEBUG[0m [1mconn[0m[1m{[0m[3mid[0m[2m=[0m5[1m}[0m[2m:[0m [2mmoq_net::lite::publisher[0m[2m:[0m finished group [3msequence[0m[2m=[0m568
[2m2026-09-06T14:44:34.528272Z[0m [34mDEBUG[0m [1mconn[0m[1m{[0m[3mid[0m[2m=[0m5[1m}[0m[2m:[0m [2mmoq_net::lite::publisher[0m[2m:[0m serving group [3msubscribe[0m[2m=[0m1 [3mtrack[0m[2m=[0maudio [3msequence[0m[2m=[0m569
[2m2026-09-06T14:44:34.530092Z[0m [34mDEBUG[0m [1mconn[0m[1m{[0m[3mid[0m[2m=[0m5[1m}[0m[2m:[0m [2mmoq_net::lite::publisher[0m[2m:[0m finished group [3msequence[0m[2m=[0m569
[2m2026-09-06T14:44:34.548928Z[0m [34mDEBUG[0m [1mconn[0m[1m{[0m[3mid[0m[2m=[0m5[1m}[0m[2m:[0m [2mmoq_net::lite::publisher[0m[2m:[0m serving group [3msubscribe[0m[2m=[0m1 [3mtrack[0m[2m=[0maudio [3msequence[0m[2m=[0m570
[2m2026-09-06T14:44:34.550942Z[0m [34mDEBUG[0m [1mconn[0m[1m{[0m[3mid[0m[2m=[0m5[1m}[0m[2m:[0m [2mmoq_net::lite::publisher[0m[2m:[0m finished group [3msequence[0m[2m=[0m570
[2m2026-09-06T14:44:34.569234Z[0m [34mDEBUG[0m [1mconn[0m[1m{[0m[3mid[0m[2m=[0m5[1m}[0m[2m:[0m [2mmoq_net::lite::publisher[0m[2m:[0m serving group [3msubscribe[0m[2m=[0m1 [3mtrack[0m[2m=[0maudio [3msequence[0m[2m=[0m571
[2m2026-09-06T14:44:34.571217Z[0m [34mDEBUG[0m [1mconn[0m[1m{[0m[3mid[0m[2m=[0m5[1m}[0m[2m:[0m [2mmoq_net::lite::publisher[0m[2m:[0m finished group [3msequence[0m[2m=[0m571
[2m2026-09-06T14:44:34.785629Z[0m [34mDEBUG[0m [1mconn[0m[1m{[0m[3mid[0m[2m=[0m0[1m}[0m[2m:[0m [2mmoq_net::lite::publisher[0m[2m:[0m serving group [3msubscribe[0m[2m=[0m2 [3mtrack[0m[2m=[0mpublisher.json [3msequence[0m[2m=[0m24
[2m2026-09-06T14:44:34.786091Z[0m [34mDEBUG[0m [1mconn[0m[1m{[0m[3mid[0m[2m=[0m0[1m}[0m[2m:[0m [2mmoq_net::lite::publisher[0m[2m:[0m serving group [3msubscribe[0m[2m=[0m1 [3mtrack[0m[2m=[0msubscriber.json [3msequence[0m[2m=[0m24
[2m2026-09-06T14:44:34.788608Z[0m [34mDEBUG[0m [1mconn[0m[1m{[0m[3mid[0m[2m=[0m0[1m}[0m[2m:[0m [2mmoq_net::lite::publisher[0m[2m:[0m finished group [3msequence[0m[2m=[0m24
[2m2026-09-06T14:44:34.788862Z[0m [34mDEBUG[0m [1mconn[0m[1m{[0m[3mid[0m[2m=[0m0[1m}[0m[2m:[0m [2mmoq_net::lite::publisher[0m[2m:[0m finished group [3msequence[0m[2m=[0m24
[2m2026-09-06T14:44:34.849542Z[0m [34mDEBUG[0m [1mconn[0m[1m{[0m[3mid[0m[2m=[0m5[1m}[0m[2m:[0m [2mmoq_net::lite::publisher[0m[2m:[0m serving group [3msubscribe[0m[2m=[0m1 [3mtrack[0m[2m=[0maudio [3msequence[0m[2m=[0m572
[2m2026-09-06T14:44:34.852335Z[0m [34mDEBUG[0m [1mconn[0m[1m{[0m[3mid[0m[2m=[0m5[1m}[0m[2m:[0m [2mmoq_net::lite::publisher[0m[2m:[0m finished group [3msequence[0m[2m=[0m572
[2m2026-09-06T14:44:34.870223Z[0m [34mDEBUG[0m [1mconn[0m[1m{[0m[3mid[0m[2m=[0m5[1m}[0m[2m:[0m [2mmoq_net::lite::publisher[0m[2m:[0m serving group [3msubscribe[0m[2m=[0m1 [3mtrack[0m[2m=[0maudio [3msequence[0m[2m=[0m573
[2m2026-09-06T14:44:34.871918Z[0m [34mDEBUG[0m [1mconn[0m[1m{[0m[3mid[0m[2m=[0m5[1m}[0m[2m:[0m [2mmoq_net::lite::publisher[0m[2m:[0m finished group [3msequence[0m[2m=[0m573
[2m2026-09-06T14:44:34.888806Z[0m [34mDEBUG[0m [1mconn[0m[1m{[0m[3mid[0m[2m=[0m5[1m}[0m[2m:[0m [2mmoq_net::lite::publisher[0m[2m:[0m serving group [3msubscribe[0m[2m=[0m1 [3mtrack[0m[2m=[0maudio [3msequence[0m[2m=[0m574
[2m2026-09-06T14:44:34.890751Z[0m [34mDEBUG[0m [1mconn[0m[1m{[0m[3mid[0m[2m=[0m5[1m}[0m[2m:[0m [2mmoq_net::lite::publisher[0m[2m:[0m finished group [3msequence[0m[2m=[0m574
[2m2026-09-06T14:44:34.908296Z[0m [34mDEBUG[0m [1mconn[0m[1m{[0m[3mid[0m[2m=[0m5[1m}[0m[2m:[0m [2mmoq_net::lite::publisher[0m[2m:[0m serving group [3msubscribe[0m[2m=[0m1 [3mtrack[0m[2m=[0maudio [3msequence[0m[2m=[0m575
[2m2026-09-06T14:44:34.910083Z[0m [34mDEBUG[0m [1mconn[0m[1m{[0m[3mid[0m[2m=[0m5[1m}[0m[2m:[0m [2mmoq_net::lite::publisher[0m[2m:[0m finished group [3msequence[0m[2m=[0m575
[2m2026-09-06T14:44:34.928270Z[0m [34mDEBUG[0m [1mconn[0m[1m{[0m[3mid[0m[2m=[0m5[1m}[0m[2m:[0m [2mmoq_net::lite::publisher[0m[2m:[0m serving group [3msubscribe[0m[2m=[0m1 [3mtrack[0m[2m=[0maudio [3msequence[0m[2m=[0m576
[2m2026-09-06T14:44:34.930119Z[0m [34mDEBUG[0m [1mconn[0m[1m{[0m[3mid[0m[2m=[0m5[1m}[0m[2m:[0m [2mmoq_net::lite::publisher[0m[2m:[0m finished group [3msequence[0m[2m=[0m576
[2m2026-09-06T14:44:34.951434Z[0m [34mDEBUG[0m [1mconn[0m[1m{[0m[3mid[0m[2m=[0m5[1m}[0m[2m:[0m [2mmoq_net::lite::publisher[0m[2m:[0m serving group [3msubscribe[0m[2m=[0m1 [3mtrack[0m[2m=[0maudio [3msequence[0m[2m=[0m577
[2m2026-09-06T14:44:34.952759Z[0m [34mDEBUG[0m [1mconn[0m[1m{[0m[3mid[0m[2m=[0m5[1m}[0m[2m:[0m [2mmoq_net::lite::publisher[0m[2m:[0m finished group [3msequence[0m[2m=[0m577
[2m2026-09-06T14:44:34.970556Z[0m [34mDEBUG[0m [1mconn[0m[1m{[0m[3mid[0m[2m=[0m5[1m}[0m[2m:[0m [2mmoq_net::lite::publisher[0m[2m:[0m serving group [3msubscribe[0m[2m=[0m1 [3mtrack[0m[2m=[0maudio [3msequence[0m[2m=[0m578
[2m2026-09-06T14:44:34.972393Z[0m [34mDEBUG[0m [1mconn[0m[1m{[0m[3mid[0m[2m=[0m5[1m}[0m[2m:[0m [2mmoq_net::lite::publisher[0m[2m:[0m finished group [3msequence[0m[2m=[0m578
[2m2026-09-06T14:44:34.990670Z[0m [34mDEBUG[0m [1mconn[0m[1m{[0m[3mid[0m[2m=[0m5[1m}[0m[2m:[0m [2mmoq_net::lite::publisher[0m[2m:[0m serving group [3msubscribe[0m[2m=[0m1 [3mtrack[0m[2m=[0maudio [3msequence[0m[2m=[0m579
[2m2026-09-06T14:44:34.993671Z[0m [34mDEBUG[0m [1mconn[0m[1m{[0m[3mid[0m[2m=[0m5[1m}[0m[2m:[0m [2mmoq_net::lite::publisher[0m[2m:[0m finished group [3msequence[0m[2m=[0m579
[2m2026-09-06T14:44:35.025423Z[0m [34mDEBUG[0m [1mconn[0m[1m{[0m[3mid[0m[2m=[0m5[1m}[0m[2m:[0m [2mmoq_net::lite::publisher[0m[2m:[0m serving group [3msubscribe[0m[2m=[0m1 [3mtrack[0m[2m=[0maudio [3msequence[0m[2m=[0m580
[2m2026-09-06T14:44:35.028877Z[0m [34mDEBUG[0m [1mconn[0m[1m{[0m[3mid[0m[2m=[0m5[1m}[0m[2m:[0m [2mmoq_net::lite::publisher[0m[2m:[0m finished group [3msequence[0m[2m=[0m580
[2m2026-09-06T14:44:35.029466Z[0m [34mDEBUG[0m [1mconn[0m[1m{[0m[3mid[0m[2m=[0m5[1m}[0m[2m:[0m [2mmoq_net::lite::publisher[0m[2m:[0m serving group [3msubscribe[0m[2m=[0m1 [3mtrack[0m[2m=[0maudio [3msequence[0m[2m=[0m581
[2m2026-09-06T14:44:35.031068Z[0m [34mDEBUG[0m [1mconn[0m[1m{[0m[3mid[0m[2m=[0m5[1m}[0m[2m:[0m [2mmoq_net::lite::publisher[0m[2m:[0m finished group [3msequence[0m[2m=[0m581
[2m2026-09-06T14:44:35.049160Z[0m [34mDEBUG[0m [1mconn[0m[1m{[0m[3mid[0m[2m=[0m5[1m}[0m[2m:[0m [2mmoq_net::lite::publisher[0m[2m:[0m serving group [3msubscribe[0m[2m=[0m1 [3mtrack[0m[2m=[0maudio [3msequence[0m[2m=[0m582
[2m2026-09-06T14:44:35.050881Z[0m [34mDEBUG[0m [1mconn[0m[1m{[0m[3mid[0m[2m=[0m5[1m}[0m[2m:[0m [2mmoq_net::lite::publisher[0m[2m:[0m finished group [3msequence[0m[2m=[0m582
[2m2026-09-06T14:44:35.068497Z[0m [34mDEBUG[0m [1mconn[0m[1m{[0m[3mid[0m[2m=[0m5[1m}[0m[2m:[0m [2mmoq_net::lite::publisher[0m[2m:[0m serving group [3msubscribe[0m[2m=[0m1 [3mtrack[0m[2m=[0maudio [3msequence[0m[2m=[0m583
[2m2026-09-06T14:44:35.070275Z[0m [34mDEBUG[0m [1mconn[0m[1m{[0m[3mid[0m[2m=[0m5[1m}[0m[2m:[0m [2mmoq_net::lite::publisher[0m[2m:[0m finished group [3msequence[0m[2m=[0m583
[2m2026-09-06T14:44:35.089238Z[0m [34mDEBUG[0m [1mconn[0m[1m{[0m[3mid[0m[2m=[0m5[1m}[0m[2m:[0m [2mmoq_net::lite::publisher[0m[2m:[0m serving group [3msubscribe[0m[2m=[0m1 [3mtrack[0m[2m=[0maudio [3msequence[0m[2m=[0m584
[2m2026-09-06T14:44:35.090962Z[0m [34mDEBUG[0m [1mconn[0m[1m{[0m[3mid[0m[2m=[0m5[1m}[0m[2m:[0m [2mmoq_net::lite::publisher[0m[2m:[0m finished group [3msequence[0m[2m=[0m584
[2m2026-09-06T14:44:35.109021Z[0m [34mDEBUG[0m [1mconn[0m[1m{[0m[3mid[0m[2m=[0m5[1m}[0m[2m:[0m [2mmoq_net::lite::publisher[0m[2m:[0m serving group [3msubscribe[0m[2m=[0m1 [3mtrack[0m[2m=[0maudio [3msequence[0m[2m=[0m585
[2m2026-09-06T14:44:35.111041Z[0m [34mDEBUG[0m [1mconn[0m[1m{[0m[3mid[0m[2m=[0m5[1m}[0m[2m:[0m [2mmoq_net::lite::publisher[0m[2m:[0m finished group [3msequence[0m[2m=[0m585
[2m2026-09-06T14:44:35.128090Z[0m [34mDEBUG[0m [1mconn[0m[1m{[0m[3mid[0m[2m=[0m5[1m}[0m[2m:[0m [2mmoq_net::lite::publisher[0m[2m:[0m serving group [3msubscribe[0m[2m=[0m1 [3mtrack[0m[2m=[0maudio [3msequence[0m[2m=[0m586
[2m2026-09-06T14:44:35.129968Z[0m [34mDEBUG[0m [1mconn[0m[1m{[0m[3mid[0m[2m=[0m5[1m}[0m[2m:[0m [2mmoq_net::lite::publisher[0m[2m:[0m finished group [3msequence[0m[2m=[0m586
[2m2026-09-06T14:44:35.148217Z[0m [34mDEBUG[0m [1mconn[0m[1m{[0m[3mid[0m[2m=[0m5[1m}[0m[2m:[0m [2mmoq_net::lite::publisher[0m[2m:[0m serving group [3msubscribe[0m[2m=[0m1 [3mtrack[0m[2m=[0maudio [3msequence[0m[2m=[0m587
[2m2026-09-06T14:44:35.149892Z[0m [34mDEBUG[0m [1mconn[0m[1m{[0m[3mid[0m[2m=[0m5[1m}[0m[2m:[0m [2mmoq_net::lite::publisher[0m[2m:[0m finished group [3msequence[0m[2m=[0m587
[2m2026-09-06T14:44:35.171057Z[0m [34mDEBUG[0m [1mconn[0m[1m{[0m[3mid[0m[2m=[0m5[1m}[0m[2m:[0m [2mmoq_net::lite::publisher[0m[2m:[0m serving group [3msubscribe[0m[2m=[0m1 [3mtrack[0m[2m=[0maudio [3msequence[0m[2m=[0m588
[2m2026-09-06T14:44:35.172929Z[0m [34mDEBUG[0m [1mconn[0m[1m{[0m[3mid[0m[2m=[0m5[1m}[0m[2m:[0m [2mmoq_net::lite::publisher[0m[2m:[0m finished group [3msequence[0m[2m=[0m588
[2m2026-09-06T14:44:35.189248Z[0m [34mDEBUG[0m [1mconn[0m[1m{[0m[3mid[0m[2m=[0m5[1m}[0m[2m:[0m [2mmoq_net::lite::publisher[0m[2m:[0m serving group [3msubscribe[0m[2m=[0m1 [3mtrack[0m[2m=[0maudio [3msequence[0m[2m=[0m589
[2m2026-09-06T14:44:35.190828Z[0m [34mDEBUG[0m [1mconn[0m[1m{[0m[3mid[0m[2m=[0m5[1m}[0m[2m:[0m [2mmoq_net::lite::publisher[0m[2m:[0m finished group [3msequence[0m[2m=[0m589
[2m2026-09-06T14:44:35.209295Z[0m [34mDEBUG[0m [1mconn[0m[1m{[0m[3mid[0m[2m=[0m5[1m}[0m[2m:[0m [2mmoq_net::lite::publisher[0m[2m:[0m serving group [3msubscribe[0m[2m=[0m1 [3mtrack[0m[2m=[0maudio [3msequence[0m[2m=[0m590
[2m2026-09-06T14:44:35.211445Z[0m [34mDEBUG[0m [1mconn[0m[1m{[0m[3mid[0m[2m=[0m5[1m}[0m[2m:[0m [2mmoq_net::lite::publisher[0m[2m:[0m finished group [3msequence[0m[2m=[0m590
[2m2026-09-06T14:44:35.230244Z[0m [34mDEBUG[0m [1mconn[0m[1m{[0m[3mid[0m[2m=[0m5[1m}[0m[2m:[0m [2mmoq_net::lite::publisher[0m[2m:[0m serving group [3msubscribe[0m[2m=[0m1 [3mtrack[0m[2m=[0maudio [3msequence[0m[2m=[0m591
[2m2026-09-06T14:44:35.231612Z[0m [34mDEBUG[0m [1mconn[0m[1m{[0m[3mid[0m[2m=[0m5[1m}[0m[2m:[0m [2mmoq_net::lite::publisher[0m[2m:[0m finished group [3msequence[0m[2m=[0m591
[2m2026-09-06T14:44:35.249173Z[0m [34mDEBUG[0m [1mconn[0m[1m{[0m[3mid[0m[2m=[0m5[1m}[0m[2m:[0m [2mmoq_net::lite::publisher[0m[2m:[0m serving group [3msubscribe[0m[2m=[0m1 [3mtrack[0m[2m=[0maudio [3msequence[0m[2m=[0m592
[2m2026-09-06T14:44:35.251706Z[0m [34mDEBUG[0m [1mconn[0m[1m{[0m[3mid[0m[2m=[0m5[1m}[0m[2m:[0m [2mmoq_net::lite::publisher[0m[2m:[0m finished group [3msequence[0m[2m=[0m592
[2m2026-09-06T14:44:35.268053Z[0m [34mDEBUG[0m [1mconn[0m[1m{[0m[3mid[0m[2m=[0m5[1m}[0m[2m:[0m [2mmoq_net::lite::publisher[0m[2m:[0m serving group [3msubscribe[0m[2m=[0m1 [3mtrack[0m[2m=[0maudio [3msequence[0m[2m=[0m593
[2m2026-09-06T14:44:35.270104Z[0m [34mDEBUG[0m [1mconn[0m[1m{[0m[3mid[0m[2m=[0m5[1m}[0m[2m:[0m [2mmoq_net::lite::publisher[0m[2m:[0m finished group [3msequence[0m[2m=[0m593
[2m2026-09-06T14:44:35.354042Z[0m [34mDEBUG[0m [1mconn[0m[1m{[0m[3mid[0m[2m=[0m5[1m}[0m[2m:[0m [2mmoq_net::lite::publisher[0m[2m:[0m serving group [3msubscribe[0m[2m=[0m1 [3mtrack[0m[2m=[0maudio [3msequence[0m[2m=[0m594
[2m2026-09-06T14:44:35.356467Z[0m [34mDEBUG[0m [1mconn[0m[1m{[0m[3mid[0m[2m=[0m5[1m}[0m[2m:[0m [2mmoq_net::lite::publisher[0m[2m:[0m finished group [3msequence[0m[2m=[0m594
[2m2026-09-06T14:44:35.368563Z[0m [34mDEBUG[0m [1mconn[0m[1m{[0m[3mid[0m[2m=[0m5[1m}[0m[2m:[0m [2mmoq_net::lite::publisher[0m[2m:[0m serving group [3msubscribe[0m[2m=[0m1 [3mtrack[0m[2m=[0maudio [3msequence[0m[2m=[0m595
[2m2026-09-06T14:44:35.371030Z[0m [34mDEBUG[0m [1mconn[0m[1m{[0m[3mid[0m[2m=[0m5[1m}[0m[2m:[0m [2mmoq_net::lite::publisher[0m[2m:[0m finished group [3msequence[0m[2m=[0m595
[2m2026-09-06T14:44:35.388457Z[0m [34mDEBUG[0m [1mconn[0m[1m{[0m[3mid[0m[2m=[0m5[1m}[0m[2m:[0m [2mmoq_net::lite::publisher[0m[2m:[0m serving group [3msubscribe[0m[2m=[0m1 [3mtrack[0m[2m=[0maudio [3msequence[0m[2m=[0m596
[2m2026-09-06T14:44:35.390417Z[0m [34mDEBUG[0m [1mconn[0m[1m{[0m[3mid[0m[2m=[0m5[1m}[0m[2m:[0m [2mmoq_net::lite::publisher[0m[2m:[0m finished group [3msequence[0m[2m=[0m596
[2m2026-09-06T14:44:35.408836Z[0m [34mDEBUG[0m [1mconn[0m[1m{[0m[3mid[0m[2m=[0m5[1m}[0m[2m:[0m [2mmoq_net::lite::publisher[0m[2m:[0m serving group [3msubscribe[0m[2m=[0m1 [3mtrack[0m[2m=[0maudio [3msequence[0m[2m=[0m597
[2m2026-09-06T14:44:35.410875Z[0m [34mDEBUG[0m [1mconn[0m[1m{[0m[3mid[0m[2m=[0m5[1m}[0m[2m:[0m [2mmoq_net::lite::publisher[0m[2m:[0m finished group [3msequence[0m[2m=[0m597
[2m2026-09-06T14:44:35.428956Z[0m [34mDEBUG[0m [1mconn[0m[1m{[0m[3mid[0m[2m=[0m5[1m}[0m[2m:[0m [2mmoq_net::lite::publisher[0m[2m:[0m serving group [3msubscribe[0m[2m=[0m1 [3mtrack[0m[2m=[0maudio [3msequence[0m[2m=[0m598
[2m2026-09-06T14:44:35.430763Z[0m [34mDEBUG[0m [1mconn[0m[1m{[0m[3mid[0m[2m=[0m5[1m}[0m[2m:[0m [2mmoq_net::lite::publisher[0m[2m:[0m finished group [3msequence[0m[2m=[0m598
[2m2026-09-06T14:44:35.448742Z[0m [34mDEBUG[0m [1mconn[0m[1m{[0m[3mid[0m[2m=[0m5[1m}[0m[2m:[0m [2mmoq_net::lite::publisher[0m[2m:[0m serving group [3msubscribe[0m[2m=[0m1 [3mtrack[0m[2m=[0maudio [3msequence[0m[2m=[0m599
[2m2026-09-06T14:44:35.450348Z[0m [34mDEBUG[0m [1mconn[0m[1m{[0m[3mid[0m[2m=[0m5[1m}[0m[2m:[0m [2mmoq_net::lite::publisher[0m[2m:[0m finished group [3msequence[0m[2m=[0m599
[2m2026-09-06T14:44:35.470242Z[0m [34mDEBUG[0m [1mconn[0m[1m{[0m[3mid[0m[2m=[0m5[1m}[0m[2m:[0m [2mmoq_net::lite::publisher[0m[2m:[0m serving group [3msubscribe[0m[2m=[0m1 [3mtrack[0m[2m=[0maudio [3msequence[0m[2m=[0m600
[2m2026-09-06T14:44:35.472327Z[0m [34mDEBUG[0m [1mconn[0m[1m{[0m[3mid[0m[2m=[0m5[1m}[0m[2m:[0m [2mmoq_net::lite::publisher[0m[2m:[0m finished group [3msequence[0m[2m=[0m600
[2m2026-09-06T14:44:35.489284Z[0m [34mDEBUG[0m [1mconn[0m[1m{[0m[3mid[0m[2m=[0m5[1m}[0m[2m:[0m [2mmoq_net::lite::publisher[0m[2m:[0m serving group [3msubscribe[0m[2m=[0m1 [3mtrack[0m[2m=[0maudio [3msequence[0m[2m=[0m601
[2m2026-09-06T14:44:35.490923Z[0m [34mDEBUG[0m [1mconn[0m[1m{[0m[3mid[0m[2m=[0m5[1m}[0m[2m:[0m [2mmoq_net::lite::publisher[0m[2m:[0m finished group [3msequence[0m[2m=[0m601
[2m2026-09-06T14:44:35.509010Z[0m [34mDEBUG[0m [1mconn[0m[1m{[0m[3mid[0m[2m=[0m5[1m}[0m[2m:[0m [2mmoq_net::lite::publisher[0m[2m:[0m serving group [3msubscribe[0m[2m=[0m1 [3mtrack[0m[2m=[0maudio [3msequence[0m[2m=[0m602
[2m2026-09-06T14:44:35.510668Z[0m [34mDEBUG[0m [1mconn[0m[1m{[0m[3mid[0m[2m=[0m5[1m}[0m[2m:[0m [2mmoq_net::lite::publisher[0m[2m:[0m finished group [3msequence[0m[2m=[0m602
[2m2026-09-06T14:44:35.528734Z[0m [34mDEBUG[0m [1mconn[0m[1m{[0m[3mid[0m[2m=[0m5[1m}[0m[2m:[0m [2mmoq_net::lite::publisher[0m[2m:[0m serving group [3msubscribe[0m[2m=[0m1 [3mtrack[0m[2m=[0maudio [3msequence[0m[2m=[0m603
[2m2026-09-06T14:44:35.530702Z[0m [34mDEBUG[0m [1mconn[0m[1m{[0m[3mid[0m[2m=[0m5[1m}[0m[2m:[0m [2mmoq_net::lite::publisher[0m[2m:[0m finished group [3msequence[0m[2m=[0m603
[2m2026-09-06T14:44:35.549660Z[0m [34mDEBUG[0m [1mconn[0m[1m{[0m[3mid[0m[2m=[0m5[1m}[0m[2m:[0m [2mmoq_net::lite::publisher[0m[2m:[0m serving group [3msubscribe[0m[2m=[0m1 [3mtrack[0m[2m=[0maudio [3msequence[0m[2m=[0m604
[2m2026-09-06T14:44:35.551631Z[0m [34mDEBUG[0m [1mconn[0m[1m{[0m[3mid[0m[2m=[0m5[1m}[0m[2m:[0m [2mmoq_net::lite::publisher[0m[2m:[0m finished group [3msequence[0m[2m=[0m604
[2m2026-09-06T14:44:35.568725Z[0m [34mDEBUG[0m [1mconn[0m[1m{[0m[3mid[0m[2m=[0m5[1m}[0m[2m:[0m [2mmoq_net::lite::publisher[0m[2m:[0m serving group [3msubscribe[0m[2m=[0m1 [3mtrack[0m[2m=[0maudio [3msequence[0m[2m=[0m605
[2m2026-09-06T14:44:35.570453Z[0m [34mDEBUG[0m [1mconn[0m[1m{[0m[3mid[0m[2m=[0m5[1m}[0m[2m:[0m [2mmoq_net::lite::publisher[0m[2m:[0m finished group [3msequence[0m[2m=[0m605
[2m2026-09-06T14:44:35.589373Z[0m [34mDEBUG[0m [1mconn[0m[1m{[0m[3mid[0m[2m=[0m5[1m}[0m[2m:[0m [2mmoq_net::lite::publisher[0m[2m:[0m serving group [3msubscribe[0m[2m=[0m1 [3mtrack[0m[2m=[0maudio [3msequence[0m[2m=[0m606
[2m2026-09-06T14:44:35.590908Z[0m [34mDEBUG[0m [1mconn[0m[1m{[0m[3mid[0m[2m=[0m5[1m}[0m[2m:[0m [2mmoq_net::lite::publisher[0m[2m:[0m finished group [3msequence[0m[2m=[0m606
[2m2026-09-06T14:44:35.608671Z[0m [34mDEBUG[0m [1mconn[0m[1m{[0m[3mid[0m[2m=[0m5[1m}[0m[2m:[0m [2mmoq_net::lite::publisher[0m[2m:[0m serving group [3msubscribe[0m[2m=[0m1 [3mtrack[0m[2m=[0maudio [3msequence[0m[2m=[0m607
[2m2026-09-06T14:44:35.610696Z[0m [34mDEBUG[0m [1mconn[0m[1m{[0m[3mid[0m[2m=[0m5[1m}[0m[2m:[0m [2mmoq_net::lite::publisher[0m[2m:[0m finished group [3msequence[0m[2m=[0m607
[2m2026-09-06T14:44:35.629089Z[0m [34mDEBUG[0m [1mconn[0m[1m{[0m[3mid[0m[2m=[0m5[1m}[0m[2m:[0m [2mmoq_net::lite::publisher[0m[2m:[0m serving group [3msubscribe[0m[2m=[0m1 [3mtrack[0m[2m=[0maudio [3msequence[0m[2m=[0m608
[2m2026-09-06T14:44:35.631118Z[0m [34mDEBUG[0m [1mconn[0m[1m{[0m[3mid[0m[2m=[0m5[1m}[0m[2m:[0m [2mmoq_net::lite::publisher[0m[2m:[0m finished group [3msequence[0m[2m=[0m608
[2m2026-09-06T14:44:35.787556Z[0m [34mDEBUG[0m [1mconn[0m[1m{[0m[3mid[0m[2m=[0m0[1m}[0m[2m:[0m [2mmoq_net::lite::publisher[0m[2m:[0m serving group [3msubscribe[0m[2m=[0m2 [3mtrack[0m[2m=[0mpublisher.json [3msequence[0m[2m=[0m25
[2m2026-09-06T14:44:35.787959Z[0m [34mDEBUG[0m [1mconn[0m[1m{[0m[3mid[0m[2m=[0m0[1m}[0m[2m:[0m [2mmoq_net::lite::publisher[0m[2m:[0m serving group [3msubscribe[0m[2m=[0m1 [3mtrack[0m[2m=[0msubscriber.json [3msequence[0m[2m=[0m25
[2m2026-09-06T14:44:35.790536Z[0m [34mDEBUG[0m [1mconn[0m[1m{[0m[3mid[0m[2m=[0m0[1m}[0m[2m:[0m [2mmoq_net::lite::publisher[0m[2m:[0m finished group [3msequence[0m[2m=[0m25
[2m2026-09-06T14:44:35.790752Z[0m [34mDEBUG[0m [1mconn[0m[1m{[0m[3mid[0m[2m=[0m0[1m}[0m[2m:[0m [2mmoq_net::lite::publisher[0m[2m:[0m finished group [3msequence[0m[2m=[0m25
[2m2026-09-06T14:44:35.850028Z[0m [34mDEBUG[0m [1mconn[0m[1m{[0m[3mid[0m[2m=[0m5[1m}[0m[2m:[0m [2mmoq_net::lite::publisher[0m[2m:[0m serving group [3msubscribe[0m[2m=[0m1 [3mtrack[0m[2m=[0maudio [3msequence[0m[2m=[0m609
[2m2026-09-06T14:44:35.851913Z[0m [34mDEBUG[0m [1mconn[0m[1m{[0m[3mid[0m[2m=[0m5[1m}[0m[2m:[0m [2mmoq_net::lite::publisher[0m[2m:[0m finished group [3msequence[0m[2m=[0m609
[2m2026-09-06T14:44:35.868951Z[0m [34mDEBUG[0m [1mconn[0m[1m{[0m[3mid[0m[2m=[0m5[1m}[0m[2m:[0m [2mmoq_net::lite::publisher[0m[2m:[0m serving group [3msubscribe[0m[2m=[0m1 [3mtrack[0m[2m=[0maudio [3msequence[0m[2m=[0m610
[2m2026-09-06T14:44:35.871066Z[0m [34mDEBUG[0m [1mconn[0m[1m{[0m[3mid[0m[2m=[0m5[1m}[0m[2m:[0m [2mmoq_net::lite::publisher[0m[2m:[0m finished group [3msequence[0m[2m=[0m610
[2m2026-09-06T14:44:35.888715Z[0m [34mDEBUG[0m [1mconn[0m[1m{[0m[3mid[0m[2m=[0m5[1m}[0m[2m:[0m [2mmoq_net::lite::publisher[0m[2m:[0m serving group [3msubscribe[0m[2m=[0m1 [3mtrack[0m[2m=[0maudio [3msequence[0m[2m=[0m611
[2m2026-09-06T14:44:35.890582Z[0m [34mDEBUG[0m [1mconn[0m[1m{[0m[3mid[0m[2m=[0m5[1m}[0m[2m:[0m [2mmoq_net::lite::publisher[0m[2m:[0m finished group [3msequence[0m[2m=[0m611
[2m2026-09-06T14:44:35.908439Z[0m [34mDEBUG[0m [1mconn[0m[1m{[0m[3mid[0m[2m=[0m5[1m}[0m[2m:[0m [2mmoq_net::lite::publisher[0m[2m:[0m serving group [3msubscribe[0m[2m=[0m1 [3mtrack[0m[2m=[0maudio [3msequence[0m[2m=[0m612
[2m2026-09-06T14:44:35.910387Z[0m [34mDEBUG[0m [1mconn[0m[1m{[0m[3mid[0m[2m=[0m5[1m}[0m[2m:[0m [2mmoq_net::lite::publisher[0m[2m:[0m finished group [3msequence[0m[2m=[0m612
[2m2026-09-06T14:44:35.928921Z[0m [34mDEBUG[0m [1mconn[0m[1m{[0m[3mid[0m[2m=[0m5[1m}[0m[2m:[0m [2mmoq_net::lite::publisher[0m[2m:[0m serving group [3msubscribe[0m[2m=[0m1 [3mtrack[0m[2m=[0maudio [3msequence[0m[2m=[0m613
[2m2026-09-06T14:44:35.930915Z[0m [34mDEBUG[0m [1mconn[0m[1m{[0m[3mid[0m[2m=[0m5[1m}[0m[2m:[0m [2mmoq_net::lite::publisher[0m[2m:[0m finished group [3msequence[0m[2m=[0m613
[2m2026-09-06T14:44:35.948757Z[0m [34mDEBUG[0m [1mconn[0m[1m{[0m[3mid[0m[2m=[0m5[1m}[0m[2m:[0m [2mmoq_net::lite::publisher[0m[2m:[0m serving group [3msubscribe[0m[2m=[0m1 [3mtrack[0m[2m=[0maudio [3msequence[0m[2m=[0m614
[2m2026-09-06T14:44:35.950344Z[0m [34mDEBUG[0m [1mconn[0m[1m{[0m[3mid[0m[2m=[0m5[1m}[0m[2m:[0m [2mmoq_net::lite::publisher[0m[2m:[0m finished group [3msequence[0m[2m=[0m614
[2m2026-09-06T14:44:35.968852Z[0m [34mDEBUG[0m [1mconn[0m[1m{[0m[3mid[0m[2m=[0m5[1m}[0m[2m:[0m [2mmoq_net::lite::publisher[0m[2m:[0m serving group [3msubscribe[0m[2m=[0m1 [3mtrack[0m[2m=[0maudio [3msequence[0m[2m=[0m615
[2m2026-09-06T14:44:35.970933Z[0m [34mDEBUG[0m [1mconn[0m[1m{[0m[3mid[0m[2m=[0m5[1m}[0m[2m:[0m [2mmoq_net::lite::publisher[0m[2m:[0m finished group [3msequence[0m[2m=[0m615
[2m2026-09-06T14:44:35.988264Z[0m [34mDEBUG[0m [1mconn[0m[1m{[0m[3mid[0m[2m=[0m5[1m}[0m[2m:[0m [2mmoq_net::lite::publisher[0m[2m:[0m serving group [3msubscribe[0m[2m=[0m1 [3mtrack[0m[2m=[0maudio [3msequence[0m[2m=[0m616
[2m2026-09-06T14:44:35.990112Z[0m [34mDEBUG[0m [1mconn[0m[1m{[0m[3mid[0m[2m=[0m5[1m}[0m[2m:[0m [2mmoq_net::lite::publisher[0m[2m:[0m finished group [3msequence[0m[2m=[0m616
[2m2026-09-06T14:44:36.008243Z[0m [34mDEBUG[0m [1mconn[0m[1m{[0m[3mid[0m[2m=[0m5[1m}[0m[2m:[0m [2mmoq_net::lite::publisher[0m[2m:[0m serving group [3msubscribe[0m[2m=[0m1 [3mtrack[0m[2m=[0maudio [3msequence[0m[2m=[0m617
[2m2026-09-06T14:44:36.010192Z[0m [34mDEBUG[0m [1mconn[0m[1m{[0m[3mid[0m[2m=[0m5[1m}[0m[2m:[0m [2mmoq_net::lite::publisher[0m[2m:[0m finished group [3msequence[0m[2m=[0m617
[2m2026-09-06T14:44:36.029380Z[0m [34mDEBUG[0m [1mconn[0m[1m{[0m[3mid[0m[2m=[0m5[1m}[0m[2m:[0m [2mmoq_net::lite::publisher[0m[2m:[0m serving group [3msubscribe[0m[2m=[0m1 [3mtrack[0m[2m=[0maudio [3msequence[0m[2m=[0m618
[2m2026-09-06T14:44:36.031427Z[0m [34mDEBUG[0m [1mconn[0m[1m{[0m[3mid[0m[2m=[0m5[1m}[0m[2m:[0m [2mmoq_net::lite::publisher[0m[2m:[0m finished group [3msequence[0m[2m=[0m618
[2m2026-09-06T14:44:36.048930Z[0m [34mDEBUG[0m [1mconn[0m[1m{[0m[3mid[0m[2m=[0m5[1m}[0m[2m:[0m [2mmoq_net::lite::publisher[0m[2m:[0m serving group [3msubscribe[0m[2m=[0m1 [3mtrack[0m[2m=[0maudio [3msequence[0m[2m=[0m619
[2m2026-09-06T14:44:36.050744Z[0m [34mDEBUG[0m [1mconn[0m[1m{[0m[3mid[0m[2m=[0m5[1m}[0m[2m:[0m [2mmoq_net::lite::publisher[0m[2m:[0m finished group [3msequence[0m[2m=[0m619
[2m2026-09-06T14:44:36.068357Z[0m [34mDEBUG[0m [1mconn[0m[1m{[0m[3mid[0m[2m=[0m5[1m}[0m[2m:[0m [2mmoq_net::lite::publisher[0m[2m:[0m serving group [3msubscribe[0m[2m=[0m1 [3mtrack[0m[2m=[0maudio [3msequence[0m[2m=[0m620
[2m2026-09-06T14:44:36.070331Z[0m [34mDEBUG[0m [1mconn[0m[1m{[0m[3mid[0m[2m=[0m5[1m}[0m[2m:[0m [2mmoq_net::lite::publisher[0m[2m:[0m finished group [3msequence[0m[2m=[0m620
[2m2026-09-06T14:44:36.088196Z[0m [34mDEBUG[0m [1mconn[0m[1m{[0m[3mid[0m[2m=[0m5[1m}[0m[2m:[0m [2mmoq_net::lite::publisher[0m[2m:[0m serving group [3msubscribe[0m[2m=[0m1 [3mtrack[0m[2m=[0maudio [3msequence[0m[2m=[0m621
[2m2026-09-06T14:44:36.090239Z[0m [34mDEBUG[0m [1mconn[0m[1m{[0m[3mid[0m[2m=[0m5[1m}[0m[2m:[0m [2mmoq_net::lite::publisher[0m[2m:[0m finished group [3msequence[0m[2m=[0m621
[2m2026-09-06T14:44:36.108320Z[0m [34mDEBUG[0m [1mconn[0m[1m{[0m[3mid[0m[2m=[0m5[1m}[0m[2m:[0m [2mmoq_net::lite::publisher[0m[2m:[0m serving group [3msubscribe[0m[2m=[0m1 [3mtrack[0m[2m=[0maudio [3msequence[0m[2m=[0m622
[2m2026-09-06T14:44:36.110422Z[0m [34mDEBUG[0m [1mconn[0m[1m{[0m[3mid[0m[2m=[0m5[1m}[0m[2m:[0m [2mmoq_net::lite::publisher[0m[2m:[0m finished group [3msequence[0m[2m=[0m622
[2m2026-09-06T14:44:36.128814Z[0m [34mDEBUG[0m [1mconn[0m[1m{[0m[3mid[0m[2m=[0m5[1m}[0m[2m:[0m [2mmoq_net::lite::publisher[0m[2m:[0m serving group [3msubscribe[0m[2m=[0m1 [3mtrack[0m[2m=[0maudio [3msequence[0m[2m=[0m623
[2m2026-09-06T14:44:36.130815Z[0m [34mDEBUG[0m [1mconn[0m[1m{[0m[3mid[0m[2m=[0m5[1m}[0m[2m:[0m [2mmoq_net::lite::publisher[0m[2m:[0m finished group [3msequence[0m[2m=[0m623
[2m2026-09-06T14:44:36.148204Z[0m [34mDEBUG[0m [1mconn[0m[1m{[0m[3mid[0m[2m=[0m5[1m}[0m[2m:[0m [2mmoq_net::lite::publisher[0m[2m:[0m serving group [3msubscribe[0m[2m=[0m1 [3mtrack[0m[2m=[0maudio [3msequence[0m[2m=[0m624
[2m2026-09-06T14:44:36.149699Z[0m [34mDEBUG[0m [1mconn[0m[1m{[0m[3mid[0m[2m=[0m5[1m}[0m[2m:[0m [2mmoq_net::lite::publisher[0m[2m:[0m finished group [3msequence[0m[2m=[0m624
[2m2026-09-06T14:44:36.168252Z[0m [34mDEBUG[0m [1mconn[0m[1m{[0m[3mid[0m[2m=[0m5[1m}[0m[2m:[0m [2mmoq_net::lite::publisher[0m[2m:[0m serving group [3msubscribe[0m[2m=[0m1 [3mtrack[0m[2m=[0maudio [3msequence[0m[2m=[0m625
[2m2026-09-06T14:44:36.170162Z[0m [34mDEBUG[0m [1mconn[0m[1m{[0m[3mid[0m[2m=[0m5[1m}[0m[2m:[0m [2mmoq_net::lite::publisher[0m[2m:[0m finished group [3msequence[0m[2m=[0m625
[2m2026-09-06T14:44:36.188070Z[0m [34mDEBUG[0m [1mconn[0m[1m{[0m[3mid[0m[2m=[0m5[1m}[0m[2m:[0m [2mmoq_net::lite::publisher[0m[2m:[0m serving group [3msubscribe[0m[2m=[0m1 [3mtrack[0m[2m=[0maudio [3msequence[0m[2m=[0m626
[2m2026-09-06T14:44:36.189930Z[0m [34mDEBUG[0m [1mconn[0m[1m{[0m[3mid[0m[2m=[0m5[1m}[0m[2m:[0m [2mmoq_net::lite::publisher[0m[2m:[0m finished group [3msequence[0m[2m=[0m626
[2m2026-09-06T14:44:36.202272Z[0m [34mDEBUG[0m [1mconn[0m[1m{[0m[3mid[0m[2m=[0m5[1m}[0m[2m:[0m [2mmoq_net::lite::publisher[0m[2m:[0m serving group [3msubscribe[0m[2m=[0m2 [3mtrack[0m[2m=[0mvideo [3msequence[0m[2m=[0m8
[2m2026-09-06T14:44:36.203701Z[0m [34mDEBUG[0m [1mconn[0m[1m{[0m[3mid[0m[2m=[0m5[1m}[0m[2m:[0m [2mmoq_net::lite::publisher[0m[2m:[0m finished group [3msequence[0m[2m=[0m7
[2m2026-09-06T14:44:36.208113Z[0m [34mDEBUG[0m [1mconn[0m[1m{[0m[3mid[0m[2m=[0m5[1m}[0m[2m:[0m [2mmoq_net::lite::publisher[0m[2m:[0m serving group [3msubscribe[0m[2m=[0m1 [3mtrack[0m[2m=[0maudio [3msequence[0m[2m=[0m627
[2m2026-09-06T14:44:36.209680Z[0m [34mDEBUG[0m [1mconn[0m[1m{[0m[3mid[0m[2m=[0m5[1m}[0m[2m:[0m [2mmoq_net::lite::publisher[0m[2m:[0m finished group [3msequence[0m[2m=[0m627
[2m2026-09-06T14:44:36.228354Z[0m [34mDEBUG[0m [1mconn[0m[1m{[0m[3mid[0m[2m=[0m5[1m}[0m[2m:[0m [2mmoq_net::lite::publisher[0m[2m:[0m serving group [3msubscribe[0m[2m=[0m1 [3mtrack[0m[2m=[0maudio [3msequence[0m[2m=[0m628
[2m2026-09-06T14:44:36.230270Z[0m [34mDEBUG[0m [1mconn[0m[1m{[0m[3mid[0m[2m=[0m5[1m}[0m[2m:[0m [2mmoq_net::lite::publisher[0m[2m:[0m finished group [3msequence[0m[2m=[0m628
[2m2026-09-06T14:44:36.369133Z[0m [34mDEBUG[0m [1mconn[0m[1m{[0m[3mid[0m[2m=[0m5[1m}[0m[2m:[0m [2mmoq_net::lite::publisher[0m[2m:[0m serving group [3msubscribe[0m[2m=[0m1 [3mtrack[0m[2m=[0maudio [3msequence[0m[2m=[0m629
[2m2026-09-06T14:44:36.371461Z[0m [34mDEBUG[0m [1mconn[0m[1m{[0m[3mid[0m[2m=[0m5[1m}[0m[2m:[0m [2mmoq_net::lite::publisher[0m[2m:[0m finished group [3msequence[0m[2m=[0m629
[2m2026-09-06T14:44:36.388502Z[0m [34mDEBUG[0m [1mconn[0m[1m{[0m[3mid[0m[2m=[0m5[1m}[0m[2m:[0m [2mmoq_net::lite::publisher[0m[2m:[0m serving group [3msubscribe[0m[2m=[0m1 [3mtrack[0m[2m=[0maudio [3msequence[0m[2m=[0m630
[2m2026-09-06T14:44:36.390534Z[0m [34mDEBUG[0m [1mconn[0m[1m{[0m[3mid[0m[2m=[0m5[1m}[0m[2m:[0m [2mmoq_net::lite::publisher[0m[2m:[0m finished group [3msequence[0m[2m=[0m630
[2m2026-09-06T14:44:36.408221Z[0m [34mDEBUG[0m [1mconn[0m[1m{[0m[3mid[0m[2m=[0m5[1m}[0m[2m:[0m [2mmoq_net::lite::publisher[0m[2m:[0m serving group [3msubscribe[0m[2m=[0m1 [3mtrack[0m[2m=[0maudio [3msequence[0m[2m=[0m631
[2m2026-09-06T14:44:36.410324Z[0m [34mDEBUG[0m [1mconn[0m[1m{[0m[3mid[0m[2m=[0m5[1m}[0m[2m:[0m [2mmoq_net::lite::publisher[0m[2m:[0m finished group [3msequence[0m[2m=[0m631
[2m2026-09-06T14:44:36.428322Z[0m [34mDEBUG[0m [1mconn[0m[1m{[0m[3mid[0m[2m=[0m5[1m}[0m[2m:[0m [2mmoq_net::lite::publisher[0m[2m:[0m serving group [3msubscribe[0m[2m=[0m1 [3mtrack[0m[2m=[0maudio [3msequence[0m[2m=[0m632
[2m2026-09-06T14:44:36.430125Z[0m [34mDEBUG[0m [1mconn[0m[1m{[0m[3mid[0m[2m=[0m5[1m}[0m[2m:[0m [2mmoq_net::lite::publisher[0m[2m:[0m finished group [3msequence[0m[2m=[0m632
[2m2026-09-06T14:44:36.448803Z[0m [34mDEBUG[0m [1mconn[0m[1m{[0m[3mid[0m[2m=[0m5[1m}[0m[2m:[0m [2mmoq_net::lite::publisher[0m[2m:[0m serving group [3msubscribe[0m[2m=[0m1 [3mtrack[0m[2m=[0maudio [3msequence[0m[2m=[0m633
[2m2026-09-06T14:44:36.450764Z[0m [34mDEBUG[0m [1mconn[0m[1m{[0m[3mid[0m[2m=[0m5[1m}[0m[2m:[0m [2mmoq_net::lite::publisher[0m[2m:[0m finished group [3msequence[0m[2m=[0m633
[2m2026-09-06T14:44:36.468643Z[0m [34mDEBUG[0m [1mconn[0m[1m{[0m[3mid[0m[2m=[0m5[1m}[0m[2m:[0m [2mmoq_net::lite::publisher[0m[2m:[0m serving group [3msubscribe[0m[2m=[0m1 [3mtrack[0m[2m=[0maudio [3msequence[0m[2m=[0m634
[2m2026-09-06T14:44:36.470651Z[0m [34mDEBUG[0m [1mconn[0m[1m{[0m[3mid[0m[2m=[0m5[1m}[0m[2m:[0m [2mmoq_net::lite::publisher[0m[2m:[0m finished group [3msequence[0m[2m=[0m634
[2m2026-09-06T14:44:36.488475Z[0m [34mDEBUG[0m [1mconn[0m[1m{[0m[3mid[0m[2m=[0m5[1m}[0m[2m:[0m [2mmoq_net::lite::publisher[0m[2m:[0m serving group [3msubscribe[0m[2m=[0m1 [3mtrack[0m[2m=[0maudio [3msequence[0m[2m=[0m635
[2m2026-09-06T14:44:36.490349Z[0m [34mDEBUG[0m [1mconn[0m[1m{[0m[3mid[0m[2m=[0m5[1m}[0m[2m:[0m [2mmoq_net::lite::publisher[0m[2m:[0m finished group [3msequence[0m[2m=[0m635
[2m2026-09-06T14:44:36.508329Z[0m [34mDEBUG[0m [1mconn[0m[1m{[0m[3mid[0m[2m=[0m5[1m}[0m[2m:[0m [2mmoq_net::lite::publisher[0m[2m:[0m serving group [3msubscribe[0m[2m=[0m1 [3mtrack[0m[2m=[0maudio [3msequence[0m[2m=[0m636
[2m2026-09-06T14:44:36.510356Z[0m [34mDEBUG[0m [1mconn[0m[1m{[0m[3mid[0m[2m=[0m5[1m}[0m[2m:[0m [2mmoq_net::lite::publisher[0m[2m:[0m finished group [3msequence[0m[2m=[0m636
[2m2026-09-06T14:44:36.528361Z[0m [34mDEBUG[0m [1mconn[0m[1m{[0m[3mid[0m[2m=[0m5[1m}[0m[2m:[0m [2mmoq_net::lite::publisher[0m[2m:[0m serving group [3msubscribe[0m[2m=[0m1 [3mtrack[0m[2m=[0maudio [3msequence[0m[2m=[0m637
[2m2026-09-06T14:44:36.530236Z[0m [34mDEBUG[0m [1mconn[0m[1m{[0m[3mid[0m[2m=[0m5[1m}[0m[2m:[0m [2mmoq_net::lite::publisher[0m[2m:[0m finished group [3msequence[0m[2m=[0m637
[2m2026-09-06T14:44:36.548729Z[0m [34mDEBUG[0m [1mconn[0m[1m{[0m[3mid[0m[2m=[0m5[1m}[0m[2m:[0m [2mmoq_net::lite::publisher[0m[2m:[0m serving group [3msubscribe[0m[2m=[0m1 [3mtrack[0m[2m=[0maudio [3msequence[0m[2m=[0m638
[2m2026-09-06T14:44:36.550673Z[0m [34mDEBUG[0m [1mconn[0m[1m{[0m[3mid[0m[2m=[0m5[1m}[0m[2m:[0m [2mmoq_net::lite::publisher[0m[2m:[0m finished group [3msequence[0m[2m=[0m638
[2m2026-09-06T14:44:36.568831Z[0m [34mDEBUG[0m [1mconn[0m[1m{[0m[3mid[0m[2m=[0m5[1m}[0m[2m:[0m [2mmoq_net::lite::publisher[0m[2m:[0m serving group [3msubscribe[0m[2m=[0m1 [3mtrack[0m[2m=[0maudio [3msequence[0m[2m=[0m639
[2m2026-09-06T14:44:36.570842Z[0m [34mDEBUG[0m [1mconn[0m[1m{[0m[3mid[0m[2m=[0m5[1m}[0m[2m:[0m [2mmoq_net::lite::publisher[0m[2m:[0m finished group [3msequence[0m[2m=[0m639
[2m2026-09-06T14:44:36.785808Z[0m [34mDEBUG[0m [1mconn[0m[1m{[0m[3mid[0m[2m=[0m0[1m}[0m[2m:[0m [2mmoq_net::lite::publisher[0m[2m:[0m serving group [3msubscribe[0m[2m=[0m2 [3mtrack[0m[2m=[0mpublisher.json [3msequence[0m[2m=[0m26
[2m2026-09-06T14:44:36.786464Z[0m [34mDEBUG[0m [1mconn[0m[1m{[0m[3mid[0m[2m=[0m0[1m}[0m[2m:[0m [2mmoq_net::lite::publisher[0m[2m:[0m serving group [3msubscribe[0m[2m=[0m1 [3mtrack[0m[2m=[0msubscriber.json [3msequence[0m[2m=[0m26
[2m2026-09-06T14:44:36.789258Z[0m [34mDEBUG[0m [1mconn[0m[1m{[0m[3mid[0m[2m=[0m0[1m}[0m[2m:[0m [2mmoq_net::lite::publisher[0m[2m:[0m finished group [3msequence[0m[2m=[0m26
[2m2026-09-06T14:44:36.789401Z[0m [34mDEBUG[0m [1mconn[0m[1m{[0m[3mid[0m[2m=[0m0[1m}[0m[2m:[0m [2mmoq_net::lite::publisher[0m[2m:[0m finished group [3msequence[0m[2m=[0m26
[2m2026-09-06T14:44:36.849242Z[0m [34mDEBUG[0m [1mconn[0m[1m{[0m[3mid[0m[2m=[0m5[1m}[0m[2m:[0m [2mmoq_net::lite::publisher[0m[2m:[0m serving group [3msubscribe[0m[2m=[0m1 [3mtrack[0m[2m=[0maudio [3msequence[0m[2m=[0m640
[2m2026-09-06T14:44:36.849799Z[0m [34mDEBUG[0m [1mconn[0m[1m{[0m[3mid[0m[2m=[0m5[1m}[0m[2m:[0m [2mmoq_net::lite::publisher[0m[2m:[0m finished group [3msequence[0m[2m=[0m640
[2m2026-09-06T14:44:36.869199Z[0m [34mDEBUG[0m [1mconn[0m[1m{[0m[3mid[0m[2m=[0m5[1m}[0m[2m:[0m [2mmoq_net::lite::publisher[0m[2m:[0m serving group [3msubscribe[0m[2m=[0m1 [3mtrack[0m[2m=[0maudio [3msequence[0m[2m=[0m641
[2m2026-09-06T14:44:36.870878Z[0m [34mDEBUG[0m [1mconn[0m[1m{[0m[3mid[0m[2m=[0m5[1m}[0m[2m:[0m [2mmoq_net::lite::publisher[0m[2m:[0m finished group [3msequence[0m[2m=[0m641
[2m2026-09-06T14:44:36.888905Z[0m [34mDEBUG[0m [1mconn[0m[1m{[0m[3mid[0m[2m=[0m5[1m}[0m[2m:[0m [2mmoq_net::lite::publisher[0m[2m:[0m serving group [3msubscribe[0m[2m=[0m1 [3mtrack[0m[2m=[0maudio [3msequence[0m[2m=[0m642
[2m2026-09-06T14:44:36.890826Z[0m [34mDEBUG[0m [1mconn[0m[1m{[0m[3mid[0m[2m=[0m5[1m}[0m[2m:[0m [2mmoq_net::lite::publisher[0m[2m:[0m finished group [3msequence[0m[2m=[0m642
[2m2026-09-06T14:44:36.908831Z[0m [34mDEBUG[0m [1mconn[0m[1m{[0m[3mid[0m[2m=[0m5[1m}[0m[2m:[0m [2mmoq_net::lite::publisher[0m[2m:[0m serving group [3msubscribe[0m[2m=[0m1 [3mtrack[0m[2m=[0maudio [3msequence[0m[2m=[0m643
[2m2026-09-06T14:44:36.910876Z[0m [34mDEBUG[0m [1mconn[0m[1m{[0m[3mid[0m[2m=[0m5[1m}[0m[2m:[0m [2mmoq_net::lite::publisher[0m[2m:[0m finished group [3msequence[0m[2m=[0m643
[2m2026-09-06T14:44:36.929472Z[0m [34mDEBUG[0m [1mconn[0m[1m{[0m[3mid[0m[2m=[0m5[1m}[0m[2m:[0m [2mmoq_net::lite::publisher[0m[2m:[0m serving group [3msubscribe[0m[2m=[0m1 [3mtrack[0m[2m=[0maudio [3msequence[0m[2m=[0m644
[2m2026-09-06T14:44:36.931377Z[0m [34mDEBUG[0m [1mconn[0m[1m{[0m[3mid[0m[2m=[0m5[1m}[0m[2m:[0m [2mmoq_net::lite::publisher[0m[2m:[0m finished group [3msequence[0m[2m=[0m644
[2m2026-09-06T14:44:36.949535Z[0m [34mDEBUG[0m [1mconn[0m[1m{[0m[3mid[0m[2m=[0m5[1m}[0m[2m:[0m [2mmoq_net::lite::publisher[0m[2m:[0m serving group [3msubscribe[0m[2m=[0m1 [3mtrack[0m[2m=[0maudio [3msequence[0m[2m=[0m645
[2m2026-09-06T14:44:36.950443Z[0m [34mDEBUG[0m [1mconn[0m[1m{[0m[3mid[0m[2m=[0m5[1m}[0m[2m:[0m [2mmoq_net::lite::publisher[0m[2m:[0m finished group [3msequence[0m[2m=[0m645
[2m2026-09-06T14:44:36.968465Z[0m [34mDEBUG[0m [1mconn[0m[1m{[0m[3mid[0m[2m=[0m5[1m}[0m[2m:[0m [2mmoq_net::lite::publisher[0m[2m:[0m serving group [3msubscribe[0m[2m=[0m1 [3mtrack[0m[2m=[0maudio [3msequence[0m[2m=[0m646
[2m2026-09-06T14:44:36.970222Z[0m [34mDEBUG[0m [1mconn[0m[1m{[0m[3mid[0m[2m=[0m5[1m}[0m[2m:[0m [2mmoq_net::lite::publisher[0m[2m:[0m finished group [3msequence[0m[2m=[0m646
[2m2026-09-06T14:44:36.988105Z[0m [34mDEBUG[0m [1mconn[0m[1m{[0m[3mid[0m[2m=[0m5[1m}[0m[2m:[0m [2mmoq_net::lite::publisher[0m[2m:[0m serving group [3msubscribe[0m[2m=[0m1 [3mtrack[0m[2m=[0maudio [3msequence[0m[2m=[0m647
[2m2026-09-06T14:44:36.989865Z[0m [34mDEBUG[0m [1mconn[0m[1m{[0m[3mid[0m[2m=[0m5[1m}[0m[2m:[0m [2mmoq_net::lite::publisher[0m[2m:[0m finished group [3msequence[0m[2m=[0m647
[2m2026-09-06T14:44:37.008426Z[0m [34mDEBUG[0m [1mconn[0m[1m{[0m[3mid[0m[2m=[0m5[1m}[0m[2m:[0m [2mmoq_net::lite::publisher[0m[2m:[0m serving group [3msubscribe[0m[2m=[0m1 [3mtrack[0m[2m=[0maudio [3msequence[0m[2m=[0m648
[2m2026-09-06T14:44:37.010344Z[0m [34mDEBUG[0m [1mconn[0m[1m{[0m[3mid[0m[2m=[0m5[1m}[0m[2m:[0m [2mmoq_net::lite::publisher[0m[2m:[0m finished group [3msequence[0m[2m=[0m648
[2m2026-09-06T14:44:37.027894Z[0m [34mDEBUG[0m [1mconn[0m[1m{[0m[3mid[0m[2m=[0m5[1m}[0m[2m:[0m [2mmoq_net::lite::publisher[0m[2m:[0m serving group [3msubscribe[0m[2m=[0m1 [3mtrack[0m[2m=[0maudio [3msequence[0m[2m=[0m649
[2m2026-09-06T14:44:37.029717Z[0m [34mDEBUG[0m [1mconn[0m[1m{[0m[3mid[0m[2m=[0m5[1m}[0m[2m:[0m [2mmoq_net::lite::publisher[0m[2m:[0m finished group [3msequence[0m[2m=[0m649
[2m2026-09-06T14:44:37.048943Z[0m [34mDEBUG[0m [1mconn[0m[1m{[0m[3mid[0m[2m=[0m5[1m}[0m[2m:[0m [2mmoq_net::lite::publisher[0m[2m:[0m serving group [3msubscribe[0m[2m=[0m1 [3mtrack[0m[2m=[0maudio [3msequence[0m[2m=[0m650
[2m2026-09-06T14:44:37.051093Z[0m [34mDEBUG[0m [1mconn[0m[1m{[0m[3mid[0m[2m=[0m5[1m}[0m[2m:[0m [2mmoq_net::lite::publisher[0m[2m:[0m finished group [3msequence[0m[2m=[0m650
[2m2026-09-06T14:44:37.069024Z[0m [34mDEBUG[0m [1mconn[0m[1m{[0m[3mid[0m[2m=[0m5[1m}[0m[2m:[0m [2mmoq_net::lite::publisher[0m[2m:[0m serving group [3msubscribe[0m[2m=[0m1 [3mtrack[0m[2m=[0maudio [3msequence[0m[2m=[0m651
[2m2026-09-06T14:44:37.071175Z[0m [34mDEBUG[0m [1mconn[0m[1m{[0m[3mid[0m[2m=[0m5[1m}[0m[2m:[0m [2mmoq_net::lite::publisher[0m[2m:[0m finished group [3msequence[0m[2m=[0m651
[2m2026-09-06T14:44:37.088024Z[0m [34mDEBUG[0m [1mconn[0m[1m{[0m[3mid[0m[2m=[0m5[1m}[0m[2m:[0m [2mmoq_net::lite::publisher[0m[2m:[0m serving group [3msubscribe[0m[2m=[0m1 [3mtrack[0m[2m=[0maudio [3msequence[0m[2m=[0m652
[2m2026-09-06T14:44:37.089865Z[0m [34mDEBUG[0m [1mconn[0m[1m{[0m[3mid[0m[2m=[0m5[1m}[0m[2m:[0m [2mmoq_net::lite::publisher[0m[2m:[0m finished group [3msequence[0m[2m=[0m652
[2m2026-09-06T14:44:37.108552Z[0m [34mDEBUG[0m [1mconn[0m[1m{[0m[3mid[0m[2m=[0m5[1m}[0m[2m:[0m [2mmoq_net::lite::publisher[0m[2m:[0m serving group [3msubscribe[0m[2m=[0m1 [3mtrack[0m[2m=[0maudio [3msequence[0m[2m=[0m653
[2m2026-09-06T14:44:37.110434Z[0m [34mDEBUG[0m [1mconn[0m[1m{[0m[3mid[0m[2m=[0m5[1m}[0m[2m:[0m [2mmoq_net::lite::publisher[0m[2m:[0m finished group [3msequence[0m[2m=[0m653
[2m2026-09-06T14:44:37.129074Z[0m [34mDEBUG[0m [1mconn[0m[1m{[0m[3mid[0m[2m=[0m5[1m}[0m[2m:[0m [2mmoq_net::lite::publisher[0m[2m:[0m serving group [3msubscribe[0m[2m=[0m1 [3mtrack[0m[2m=[0maudio [3msequence[0m[2m=[0m654
[2m2026-09-06T14:44:37.130495Z[0m [34mDEBUG[0m [1mconn[0m[1m{[0m[3mid[0m[2m=[0m5[1m}[0m[2m:[0m [2mmoq_net::lite::publisher[0m[2m:[0m finished group [3msequence[0m[2m=[0m654
[2m2026-09-06T14:44:37.148898Z[0m [34mDEBUG[0m [1mconn[0m[1m{[0m[3mid[0m[2m=[0m5[1m}[0m[2m:[0m [2mmoq_net::lite::publisher[0m[2m:[0m serving group [3msubscribe[0m[2m=[0m1 [3mtrack[0m[2m=[0maudio [3msequence[0m[2m=[0m655
[2m2026-09-06T14:44:37.150264Z[0m [34mDEBUG[0m [1mconn[0m[1m{[0m[3mid[0m[2m=[0m5[1m}[0m[2m:[0m [2mmoq_net::lite::publisher[0m[2m:[0m finished group [3msequence[0m[2m=[0m655
[2m2026-09-06T14:44:37.168068Z[0m [34mDEBUG[0m [1mconn[0m[1m{[0m[3mid[0m[2m=[0m5[1m}[0m[2m:[0m [2mmoq_net::lite::publisher[0m[2m:[0m serving group [3msubscribe[0m[2m=[0m1 [3mtrack[0m[2m=[0maudio [3msequence[0m[2m=[0m656
[2m2026-09-06T14:44:37.169969Z[0m [34mDEBUG[0m [1mconn[0m[1m{[0m[3mid[0m[2m=[0m5[1m}[0m[2m:[0m [2mmoq_net::lite::publisher[0m[2m:[0m finished group [3msequence[0m[2m=[0m656
[2m2026-09-06T14:44:37.188514Z[0m [34mDEBUG[0m [1mconn[0m[1m{[0m[3mid[0m[2m=[0m5[1m}[0m[2m:[0m [2mmoq_net::lite::publisher[0m[2m:[0m serving group [3msubscribe[0m[2m=[0m1 [3mtrack[0m[2m=[0maudio [3msequence[0m[2m=[0m657
[2m2026-09-06T14:44:37.190459Z[0m [34mDEBUG[0m [1mconn[0m[1m{[0m[3mid[0m[2m=[0m5[1m}[0m[2m:[0m [2mmoq_net::lite::publisher[0m[2m:[0m finished group [3msequence[0m[2m=[0m657
[2m2026-09-06T14:44:37.208633Z[0m [34mDEBUG[0m [1mconn[0m[1m{[0m[3mid[0m[2m=[0m5[1m}[0m[2m:[0m [2mmoq_net::lite::publisher[0m[2m:[0m serving group [3msubscribe[0m[2m=[0m1 [3mtrack[0m[2m=[0maudio [3msequence[0m[2m=[0m658
[2m2026-09-06T14:44:37.210588Z[0m [34mDEBUG[0m [1mconn[0m[1m{[0m[3mid[0m[2m=[0m5[1m}[0m[2m:[0m [2mmoq_net::lite::publisher[0m[2m:[0m finished group [3msequence[0m[2m=[0m658
[2m2026-09-06T14:44:37.228114Z[0m [34mDEBUG[0m [1mconn[0m[1m{[0m[3mid[0m[2m=[0m5[1m}[0m[2m:[0m [2mmoq_net::lite::publisher[0m[2m:[0m serving group [3msubscribe[0m[2m=[0m1 [3mtrack[0m[2m=[0maudio [3msequence[0m[2m=[0m659
[2m2026-09-06T14:44:37.229927Z[0m [34mDEBUG[0m [1mconn[0m[1m{[0m[3mid[0m[2m=[0m5[1m}[0m[2m:[0m [2mmoq_net::lite::publisher[0m[2m:[0m finished group [3msequence[0m[2m=[0m659
[2m2026-09-06T14:44:37.369254Z[0m [34mDEBUG[0m [1mconn[0m[1m{[0m[3mid[0m[2m=[0m5[1m}[0m[2m:[0m [2mmoq_net::lite::publisher[0m[2m:[0m serving group [3msubscribe[0m[2m=[0m1 [3mtrack[0m[2m=[0maudio [3msequence[0m[2m=[0m660
[2m2026-09-06T14:44:37.371269Z[0m [34mDEBUG[0m [1mconn[0m[1m{[0m[3mid[0m[2m=[0m5[1m}[0m[2m:[0m [2mmoq_net::lite::publisher[0m[2m:[0m finished group [3msequence[0m[2m=[0m660
[2m2026-09-06T14:44:37.388510Z[0m [34mDEBUG[0m [1mconn[0m[1m{[0m[3mid[0m[2m=[0m5[1m}[0m[2m:[0m [2mmoq_net::lite::publisher[0m[2m:[0m serving group [3msubscribe[0m[2m=[0m1 [3mtrack[0m[2m=[0maudio [3msequence[0m[2m=[0m661
[2m2026-09-06T14:44:37.390665Z[0m [34mDEBUG[0m [1mconn[0m[1m{[0m[3mid[0m[2m=[0m5[1m}[0m[2m:[0m [2mmoq_net::lite::publisher[0m[2m:[0m finished group [3msequence[0m[2m=[0m661
[2m2026-09-06T14:44:37.408593Z[0m [34mDEBUG[0m [1mconn[0m[1m{[0m[3mid[0m[2m=[0m5[1m}[0m[2m:[0m [2mmoq_net::lite::publisher[0m[2m:[0m serving group [3msubscribe[0m[2m=[0m1 [3mtrack[0m[2m=[0maudio [3msequence[0m[2m=[0m662
[2m2026-09-06T14:44:37.410624Z[0m [34mDEBUG[0m [1mconn[0m[1m{[0m[3mid[0m[2m=[0m5[1m}[0m[2m:[0m [2mmoq_net::lite::publisher[0m[2m:[0m finished group [3msequence[0m[2m=[0m662
[2m2026-09-06T14:44:37.428597Z[0m [34mDEBUG[0m [1mconn[0m[1m{[0m[3mid[0m[2m=[0m5[1m}[0m[2m:[0m [2mmoq_net::lite::publisher[0m[2m:[0m serving group [3msubscribe[0m[2m=[0m1 [3mtrack[0m[2m=[0maudio [3msequence[0m[2m=[0m663
[2m2026-09-06T14:44:37.430558Z[0m [34mDEBUG[0m [1mconn[0m[1m{[0m[3mid[0m[2m=[0m5[1m}[0m[2m:[0m [2mmoq_net::lite::publisher[0m[2m:[0m finished group [3msequence[0m[2m=[0m663
[2m2026-09-06T14:44:37.448791Z[0m [34mDEBUG[0m [1mconn[0m[1m{[0m[3mid[0m[2m=[0m5[1m}[0m[2m:[0m [2mmoq_net::lite::publisher[0m[2m:[0m serving group [3msubscribe[0m[2m=[0m1 [3mtrack[0m[2m=[0maudio [3msequence[0m[2m=[0m664
[2m2026-09-06T14:44:37.450652Z[0m [34mDEBUG[0m [1mconn[0m[1m{[0m[3mid[0m[2m=[0m5[1m}[0m[2m:[0m [2mmoq_net::lite::publisher[0m[2m:[0m finished group [3msequence[0m[2m=[0m664
[2m2026-09-06T14:44:37.468862Z[0m [34mDEBUG[0m [1mconn[0m[1m{[0m[3mid[0m[2m=[0m5[1m}[0m[2m:[0m [2mmoq_net::lite::publisher[0m[2m:[0m serving group [3msubscribe[0m[2m=[0m1 [3mtrack[0m[2m=[0maudio [3msequence[0m[2m=[0m665
[2m2026-09-06T14:44:37.470776Z[0m [34mDEBUG[0m [1mconn[0m[1m{[0m[3mid[0m[2m=[0m5[1m}[0m[2m:[0m [2mmoq_net::lite::publisher[0m[2m:[0m finished group [3msequence[0m[2m=[0m665
[2m2026-09-06T14:44:37.489249Z[0m [34mDEBUG[0m [1mconn[0m[1m{[0m[3mid[0m[2m=[0m5[1m}[0m[2m:[0m [2mmoq_net::lite::publisher[0m[2m:[0m serving group [3msubscribe[0m[2m=[0m1 [3mtrack[0m[2m=[0maudio [3msequence[0m[2m=[0m666
[2m2026-09-06T14:44:37.490925Z[0m [34mDEBUG[0m [1mconn[0m[1m{[0m[3mid[0m[2m=[0m5[1m}[0m[2m:[0m [2mmoq_net::lite::publisher[0m[2m:[0m finished group [3msequence[0m[2m=[0m666
[2m2026-09-06T14:44:37.508472Z[0m [34mDEBUG[0m [1mconn[0m[1m{[0m[3mid[0m[2m=[0m5[1m}[0m[2m:[0m [2mmoq_net::lite::publisher[0m[2m:[0m serving group [3msubscribe[0m[2m=[0m1 [3mtrack[0m[2m=[0maudio [3msequence[0m[2m=[0m667
[2m2026-09-06T14:44:37.510445Z[0m [34mDEBUG[0m [1mconn[0m[1m{[0m[3mid[0m[2m=[0m5[1m}[0m[2m:[0m [2mmoq_net::lite::publisher[0m[2m:[0m finished group [3msequence[0m[2m=[0m667
[2m2026-09-06T14:44:37.528715Z[0m [34mDEBUG[0m [1mconn[0m[1m{[0m[3mid[0m[2m=[0m5[1m}[0m[2m:[0m [2mmoq_net::lite::publisher[0m[2m:[0m serving group [3msubscribe[0m[2m=[0m1 [3mtrack[0m[2m=[0maudio [3msequence[0m[2m=[0m668
[2m2026-09-06T14:44:37.530642Z[0m [34mDEBUG[0m [1mconn[0m[1m{[0m[3mid[0m[2m=[0m5[1m}[0m[2m:[0m [2mmoq_net::lite::publisher[0m[2m:[0m finished group [3msequence[0m[2m=[0m668
[2m2026-09-06T14:44:37.548670Z[0m [34mDEBUG[0m [1mconn[0m[1m{[0m[3mid[0m[2m=[0m5[1m}[0m[2m:[0m [2mmoq_net::lite::publisher[0m[2m:[0m serving group [3msubscribe[0m[2m=[0m1 [3mtrack[0m[2m=[0maudio [3msequence[0m[2m=[0m669
[2m2026-09-06T14:44:37.550548Z[0m [34mDEBUG[0m [1mconn[0m[1m{[0m[3mid[0m[2m=[0m5[1m}[0m[2m:[0m [2mmoq_net::lite::publisher[0m[2m:[0m finished group [3msequence[0m[2m=[0m669
[2m2026-09-06T14:44:37.568755Z[0m [34mDEBUG[0m [1mconn[0m[1m{[0m[3mid[0m[2m=[0m5[1m}[0m[2m:[0m [2mmoq_net::lite::publisher[0m[2m:[0m serving group [3msubscribe[0m[2m=[0m1 [3mtrack[0m[2m=[0maudio [3msequence[0m[2m=[0m670
[2m2026-09-06T14:44:37.570417Z[0m [34mDEBUG[0m [1mconn[0m[1m{[0m[3mid[0m[2m=[0m5[1m}[0m[2m:[0m [2mmoq_net::lite::publisher[0m[2m:[0m finished group [3msequence[0m[2m=[0m670
[2m2026-09-06T14:44:37.786444Z[0m [34mDEBUG[0m [1mconn[0m[1m{[0m[3mid[0m[2m=[0m0[1m}[0m[2m:[0m [2mmoq_net::lite::publisher[0m[2m:[0m serving group [3msubscribe[0m[2m=[0m2 [3mtrack[0m[2m=[0mpublisher.json [3msequence[0m[2m=[0m27
[2m2026-09-06T14:44:37.786748Z[0m [34mDEBUG[0m [1mconn[0m[1m{[0m[3mid[0m[2m=[0m0[1m}[0m[2m:[0m [2mmoq_net::lite::publisher[0m[2m:[0m serving group [3msubscribe[0m[2m=[0m1 [3mtrack[0m[2m=[0msubscriber.json [3msequence[0m[2m=[0m27
[2m2026-09-06T14:44:37.788623Z[0m [34mDEBUG[0m [1mconn[0m[1m{[0m[3mid[0m[2m=[0m0[1m}[0m[2m:[0m [2mmoq_net::lite::publisher[0m[2m:[0m finished group [3msequence[0m[2m=[0m27
[2m2026-09-06T14:44:37.788710Z[0m [34mDEBUG[0m [1mconn[0m[1m{[0m[3mid[0m[2m=[0m0[1m}[0m[2m:[0m [2mmoq_net::lite::publisher[0m[2m:[0m finished group [3msequence[0m[2m=[0m27
[2m2026-09-06T14:44:37.849431Z[0m [34mDEBUG[0m [1mconn[0m[1m{[0m[3mid[0m[2m=[0m5[1m}[0m[2m:[0m [2mmoq_net::lite::publisher[0m[2m:[0m serving group [3msubscribe[0m[2m=[0m1 [3mtrack[0m[2m=[0maudio [3msequence[0m[2m=[0m671
[2m2026-09-06T14:44:37.851217Z[0m [34mDEBUG[0m [1mconn[0m[1m{[0m[3mid[0m[2m=[0m5[1m}[0m[2m:[0m [2mmoq_net::lite::publisher[0m[2m:[0m finished group [3msequence[0m[2m=[0m671
[2m2026-09-06T14:44:37.869018Z[0m [34mDEBUG[0m [1mconn[0m[1m{[0m[3mid[0m[2m=[0m5[1m}[0m[2m:[0m [2mmoq_net::lite::publisher[0m[2m:[0m serving group [3msubscribe[0m[2m=[0m1 [3mtrack[0m[2m=[0maudio [3msequence[0m[2m=[0m672
[2m2026-09-06T14:44:37.870917Z[0m [34mDEBUG[0m [1mconn[0m[1m{[0m[3mid[0m[2m=[0m5[1m}[0m[2m:[0m [2mmoq_net::lite::publisher[0m[2m:[0m finished group [3msequence[0m[2m=[0m672
[2m2026-09-06T14:44:37.889262Z[0m [34mDEBUG[0m [1mconn[0m[1m{[0m[3mid[0m[2m=[0m5[1m}[0m[2m:[0m [2mmoq_net::lite::publisher[0m[2m:[0m serving group [3msubscribe[0m[2m=[0m1 [3mtrack[0m[2m=[0maudio [3msequence[0m[2m=[0m673
[2m2026-09-06T14:44:37.890955Z[0m [34mDEBUG[0m [1mconn[0m[1m{[0m[3mid[0m[2m=[0m5[1m}[0m[2m:[0m [2mmoq_net::lite::publisher[0m[2m:[0m finished group [3msequence[0m[2m=[0m673
[2m2026-09-06T14:44:37.908616Z[0m [34mDEBUG[0m [1mconn[0m[1m{[0m[3mid[0m[2m=[0m5[1m}[0m[2m:[0m [2mmoq_net::lite::publisher[0m[2m:[0m serving group [3msubscribe[0m[2m=[0m1 [3mtrack[0m[2m=[0maudio [3msequence[0m[2m=[0m674
[2m2026-09-06T14:44:37.910638Z[0m [34mDEBUG[0m [1mconn[0m[1m{[0m[3mid[0m[2m=[0m5[1m}[0m[2m:[0m [2mmoq_net::lite::publisher[0m[2m:[0m finished group [3msequence[0m[2m=[0m674
[2m2026-09-06T14:44:37.928289Z[0m [34mDEBUG[0m [1mconn[0m[1m{[0m[3mid[0m[2m=[0m5[1m}[0m[2m:[0m [2mmoq_net::lite::publisher[0m[2m:[0m serving group [3msubscribe[0m[2m=[0m1 [3mtrack[0m[2m=[0maudio [3msequence[0m[2m=[0m675
[2m2026-09-06T14:44:37.930111Z[0m [34mDEBUG[0m [1mconn[0m[1m{[0m[3mid[0m[2m=[0m5[1m}[0m[2m:[0m [2mmoq_net::lite::publisher[0m[2m:[0m finished group [3msequence[0m[2m=[0m675
[2m2026-09-06T14:44:37.948975Z[0m [34mDEBUG[0m [1mconn[0m[1m{[0m[3mid[0m[2m=[0m5[1m}[0m[2m:[0m [2mmoq_net::lite::publisher[0m[2m:[0m serving group [3msubscribe[0m[2m=[0m1 [3mtrack[0m[2m=[0maudio [3msequence[0m[2m=[0m676
[2m2026-09-06T14:44:37.951027Z[0m [34mDEBUG[0m [1mconn[0m[1m{[0m[3mid[0m[2m=[0m5[1m}[0m[2m:[0m [2mmoq_net::lite::publisher[0m[2m:[0m finished group [3msequence[0m[2m=[0m676
[2m2026-09-06T14:44:37.968984Z[0m [34mDEBUG[0m [1mconn[0m[1m{[0m[3mid[0m[2m=[0m5[1m}[0m[2m:[0m [2mmoq_net::lite::publisher[0m[2m:[0m serving group [3msubscribe[0m[2m=[0m1 [3mtrack[0m[2m=[0maudio [3msequence[0m[2m=[0m677
[2m2026-09-06T14:44:37.971036Z[0m [34mDEBUG[0m [1mconn[0m[1m{[0m[3mid[0m[2m=[0m5[1m}[0m[2m:[0m [2mmoq_net::lite::publisher[0m[2m:[0m finished group [3msequence[0m[2m=[0m677
[2m2026-09-06T14:44:37.987913Z[0m [34mDEBUG[0m [1mconn[0m[1m{[0m[3mid[0m[2m=[0m5[1m}[0m[2m:[0m [2mmoq_net::lite::publisher[0m[2m:[0m serving group [3msubscribe[0m[2m=[0m1 [3mtrack[0m[2m=[0maudio [3msequence[0m[2m=[0m678
[2m2026-09-06T14:44:37.989385Z[0m [34mDEBUG[0m [1mconn[0m[1m{[0m[3mid[0m[2m=[0m5[1m}[0m[2m:[0m [2mmoq_net::lite::publisher[0m[2m:[0m finished group [3msequence[0m[2m=[0m678
[2m2026-09-06T14:44:38.008160Z[0m [34mDEBUG[0m [1mconn[0m[1m{[0m[3mid[0m[2m=[0m5[1m}[0m[2m:[0m [2mmoq_net::lite::publisher[0m[2m:[0m serving group [3msubscribe[0m[2m=[0m1 [3mtrack[0m[2m=[0maudio [3msequence[0m[2m=[0m679
[2m2026-09-06T14:44:38.009577Z[0m [34mDEBUG[0m [1mconn[0m[1m{[0m[3mid[0m[2m=[0m5[1m}[0m[2m:[0m [2mmoq_net::lite::publisher[0m[2m:[0m finished group [3msequence[0m[2m=[0m679
[2m2026-09-06T14:44:38.028295Z[0m [34mDEBUG[0m [1mconn[0m[1m{[0m[3mid[0m[2m=[0m5[1m}[0m[2m:[0m [2mmoq_net::lite::publisher[0m[2m:[0m serving group [3msubscribe[0m[2m=[0m1 [3mtrack[0m[2m=[0maudio [3msequence[0m[2m=[0m680
[2m2026-09-06T14:44:38.030182Z[0m [34mDEBUG[0m [1mconn[0m[1m{[0m[3mid[0m[2m=[0m5[1m}[0m[2m:[0m [2mmoq_net::lite::publisher[0m[2m:[0m finished group [3msequence[0m[2m=[0m680
[2m2026-09-06T14:44:38.048939Z[0m [34mDEBUG[0m [1mconn[0m[1m{[0m[3mid[0m[2m=[0m5[1m}[0m[2m:[0m [2mmoq_net::lite::publisher[0m[2m:[0m serving group [3msubscribe[0m[2m=[0m1 [3mtrack[0m[2m=[0maudio [3msequence[0m[2m=[0m681
[2m2026-09-06T14:44:38.051122Z[0m [34mDEBUG[0m [1mconn[0m[1m{[0m[3mid[0m[2m=[0m5[1m}[0m[2m:[0m [2mmoq_net::lite::publisher[0m[2m:[0m finished group [3msequence[0m[2m=[0m681
[2m2026-09-06T14:44:38.069209Z[0m [34mDEBUG[0m [1mconn[0m[1m{[0m[3mid[0m[2m=[0m5[1m}[0m[2m:[0m [2mmoq_net::lite::publisher[0m[2m:[0m serving group [3msubscribe[0m[2m=[0m1 [3mtrack[0m[2m=[0maudio [3msequence[0m[2m=[0m682
[2m2026-09-06T14:44:38.071189Z[0m [34mDEBUG[0m [1mconn[0m[1m{[0m[3mid[0m[2m=[0m5[1m}[0m[2m:[0m [2mmoq_net::lite::publisher[0m[2m:[0m finished group [3msequence[0m[2m=[0m682
[2m2026-09-06T14:44:38.088573Z[0m [34mDEBUG[0m [1mconn[0m[1m{[0m[3mid[0m[2m=[0m5[1m}[0m[2m:[0m [2mmoq_net::lite::publisher[0m[2m:[0m serving group [3msubscribe[0m[2m=[0m1 [3mtrack[0m[2m=[0maudio [3msequence[0m[2m=[0m683
[2m2026-09-06T14:44:38.090382Z[0m [34mDEBUG[0m [1mconn[0m[1m{[0m[3mid[0m[2m=[0m5[1m}[0m[2m:[0m [2mmoq_net::lite::publisher[0m[2m:[0m finished group [3msequence[0m[2m=[0m683
[2m2026-09-06T14:44:38.108403Z[0m [34mDEBUG[0m [1mconn[0m[1m{[0m[3mid[0m[2m=[0m5[1m}[0m[2m:[0m [2mmoq_net::lite::publisher[0m[2m:[0m serving group [3msubscribe[0m[2m=[0m1 [3mtrack[0m[2m=[0maudio [3msequence[0m[2m=[0m684
[2m2026-09-06T14:44:38.110324Z[0m [34mDEBUG[0m [1mconn[0m[1m{[0m[3mid[0m[2m=[0m5[1m}[0m[2m:[0m [2mmoq_net::lite::publisher[0m[2m:[0m finished group [3msequence[0m[2m=[0m684
[2m2026-09-06T14:44:38.129030Z[0m [34mDEBUG[0m [1mconn[0m[1m{[0m[3mid[0m[2m=[0m5[1m}[0m[2m:[0m [2mmoq_net::lite::publisher[0m[2m:[0m serving group [3msubscribe[0m[2m=[0m1 [3mtrack[0m[2m=[0maudio [3msequence[0m[2m=[0m685
[2m2026-09-06T14:44:38.130990Z[0m [34mDEBUG[0m [1mconn[0m[1m{[0m[3mid[0m[2m=[0m5[1m}[0m[2m:[0m [2mmoq_net::lite::publisher[0m[2m:[0m finished group [3msequence[0m[2m=[0m685
[2m2026-09-06T14:44:38.148504Z[0m [34mDEBUG[0m [1mconn[0m[1m{[0m[3mid[0m[2m=[0m5[1m}[0m[2m:[0m [2mmoq_net::lite::publisher[0m[2m:[0m serving group [3msubscribe[0m[2m=[0m1 [3mtrack[0m[2m=[0maudio [3msequence[0m[2m=[0m686
[2m2026-09-06T14:44:38.150480Z[0m [34mDEBUG[0m [1mconn[0m[1m{[0m[3mid[0m[2m=[0m5[1m}[0m[2m:[0m [2mmoq_net::lite::publisher[0m[2m:[0m finished group [3msequence[0m[2m=[0m686
[2m2026-09-06T14:44:38.177276Z[0m [34mDEBUG[0m [1mconn[0m[1m{[0m[3mid[0m[2m=[0m5[1m}[0m[2m:[0m [2mmoq_net::lite::publisher[0m[2m:[0m serving group [3msubscribe[0m[2m=[0m1 [3mtrack[0m[2m=[0maudio [3msequence[0m[2m=[0m687
[2m2026-09-06T14:44:38.179443Z[0m [34mDEBUG[0m [1mconn[0m[1m{[0m[3mid[0m[2m=[0m5[1m}[0m[2m:[0m [2mmoq_net::lite::publisher[0m[2m:[0m finished group [3msequence[0m[2m=[0m687
[2m2026-09-06T14:44:38.191888Z[0m [34mDEBUG[0m [1mconn[0m[1m{[0m[3mid[0m[2m=[0m5[1m}[0m[2m:[0m [2mmoq_net::lite::publisher[0m[2m:[0m serving group [3msubscribe[0m[2m=[0m1 [3mtrack[0m[2m=[0maudio [3msequence[0m[2m=[0m688
[2m2026-09-06T14:44:38.195955Z[0m [34mDEBUG[0m [1mconn[0m[1m{[0m[3mid[0m[2m=[0m5[1m}[0m[2m:[0m [2mmoq_net::lite::publisher[0m[2m:[0m finished group [3msequence[0m[2m=[0m688
[2m2026-09-06T14:44:38.209725Z[0m [34mDEBUG[0m [1mconn[0m[1m{[0m[3mid[0m[2m=[0m5[1m}[0m[2m:[0m [2mmoq_net::lite::publisher[0m[2m:[0m serving group [3msubscribe[0m[2m=[0m1 [3mtrack[0m[2m=[0maudio [3msequence[0m[2m=[0m689
[2m2026-09-06T14:44:38.211418Z[0m [34mDEBUG[0m [1mconn[0m[1m{[0m[3mid[0m[2m=[0m5[1m}[0m[2m:[0m [2mmoq_net::lite::publisher[0m[2m:[0m finished group [3msequence[0m[2m=[0m689
[2m2026-09-06T14:44:38.227837Z[0m [34mDEBUG[0m [1mconn[0m[1m{[0m[3mid[0m[2m=[0m5[1m}[0m[2m:[0m [2mmoq_net::lite::publisher[0m[2m:[0m serving group [3msubscribe[0m[2m=[0m1 [3mtrack[0m[2m=[0maudio [3msequence[0m[2m=[0m690
[2m2026-09-06T14:44:38.228111Z[0m [34mDEBUG[0m [1mconn[0m[1m{[0m[3mid[0m[2m=[0m5[1m}[0m[2m:[0m [2mmoq_net::lite::publisher[0m[2m:[0m finished group [3msequence[0m[2m=[0m690
[2m2026-09-06T14:44:38.247825Z[0m [34mDEBUG[0m [1mconn[0m[1m{[0m[3mid[0m[2m=[0m5[1m}[0m[2m:[0m [2mmoq_net::lite::publisher[0m[2m:[0m serving group [3msubscribe[0m[2m=[0m1 [3mtrack[0m[2m=[0maudio [3msequence[0m[2m=[0m691
[2m2026-09-06T14:44:38.248586Z[0m [34mDEBUG[0m [1mconn[0m[1m{[0m[3mid[0m[2m=[0m5[1m}[0m[2m:[0m [2mmoq_net::lite::publisher[0m[2m:[0m serving group [3msubscribe[0m[2m=[0m2 [3mtrack[0m[2m=[0mvideo [3msequence[0m[2m=[0m9
[2m2026-09-06T14:44:38.249126Z[0m [34mDEBUG[0m [1mconn[0m[1m{[0m[3mid[0m[2m=[0m5[1m}[0m[2m:[0m [2mmoq_net::lite::publisher[0m[2m:[0m finished group [3msequence[0m[2m=[0m691
[2m2026-09-06T14:44:38.249164Z[0m [34mDEBUG[0m [1mconn[0m[1m{[0m[3mid[0m[2m=[0m5[1m}[0m[2m:[0m [2mmoq_net::lite::publisher[0m[2m:[0m finished group [3msequence[0m[2m=[0m8
[2m2026-09-06T14:44:38.268523Z[0m [34mDEBUG[0m [1mconn[0m[1m{[0m[3mid[0m[2m=[0m5[1m}[0m[2m:[0m [2mmoq_net::lite::publisher[0m[2m:[0m serving group [3msubscribe[0m[2m=[0m1 [3mtrack[0m[2m=[0maudio [3msequence[0m[2m=[0m692
[2m2026-09-06T14:44:38.270175Z[0m [34mDEBUG[0m [1mconn[0m[1m{[0m[3mid[0m[2m=[0m5[1m}[0m[2m:[0m [2mmoq_net::lite::publisher[0m[2m:[0m finished group [3msequence[0m[2m=[0m692
[2m2026-09-06T14:44:38.348131Z[0m [34mDEBUG[0m [1mconn[0m[1m{[0m[3mid[0m[2m=[0m5[1m}[0m[2m:[0m [2mmoq_net::lite::publisher[0m[2m:[0m serving group [3msubscribe[0m[2m=[0m1 [3mtrack[0m[2m=[0maudio [3msequence[0m[2m=[0m693
[2m2026-09-06T14:44:38.349782Z[0m [34mDEBUG[0m [1mconn[0m[1m{[0m[3mid[0m[2m=[0m5[1m}[0m[2m:[0m [2mmoq_net::lite::publisher[0m[2m:[0m finished group [3msequence[0m[2m=[0m693
[2m2026-09-06T14:44:38.367753Z[0m [34mDEBUG[0m [1mconn[0m[1m{[0m[3mid[0m[2m=[0m5[1m}[0m[2m:[0m [2mmoq_net::lite::publisher[0m[2m:[0m serving group [3msubscribe[0m[2m=[0m1 [3mtrack[0m[2m=[0maudio [3msequence[0m[2m=[0m694
[2m2026-09-06T14:44:38.369521Z[0m [34mDEBUG[0m [1mconn[0m[1m{[0m[3mid[0m[2m=[0m5[1m}[0m[2m:[0m [2mmoq_net::lite::publisher[0m[2m:[0m finished group [3msequence[0m[2m=[0m694
[2m2026-09-06T14:44:38.388130Z[0m [34mDEBUG[0m [1mconn[0m[1m{[0m[3mid[0m[2m=[0m5[1m}[0m[2m:[0m [2mmoq_net::lite::publisher[0m[2m:[0m serving group [3msubscribe[0m[2m=[0m1 [3mtrack[0m[2m=[0maudio [3msequence[0m[2m=[0m695
[2m2026-09-06T14:44:38.389903Z[0m [34mDEBUG[0m [1mconn[0m[1m{[0m[3mid[0m[2m=[0m5[1m}[0m[2m:[0m [2mmoq_net::lite::publisher[0m[2m:[0m finished group [3msequence[0m[2m=[0m695
[2m2026-09-06T14:44:38.407947Z[0m [34mDEBUG[0m [1mconn[0m[1m{[0m[3mid[0m[2m=[0m5[1m}[0m[2m:[0m [2mmoq_net::lite::publisher[0m[2m:[0m serving group [3msubscribe[0m[2m=[0m1 [3mtrack[0m[2m=[0maudio [3msequence[0m[2m=[0m696
[2m2026-09-06T14:44:38.409833Z[0m [34mDEBUG[0m [1mconn[0m[1m{[0m[3mid[0m[2m=[0m5[1m}[0m[2m:[0m [2mmoq_net::lite::publisher[0m[2m:[0m finished group [3msequence[0m[2m=[0m696
[2m2026-09-06T14:44:38.427926Z[0m [34mDEBUG[0m [1mconn[0m[1m{[0m[3mid[0m[2m=[0m5[1m}[0m[2m:[0m [2mmoq_net::lite::publisher[0m[2m:[0m serving group [3msubscribe[0m[2m=[0m1 [3mtrack[0m[2m=[0maudio [3msequence[0m[2m=[0m697
[2m2026-09-06T14:44:38.429723Z[0m [34mDEBUG[0m [1mconn[0m[1m{[0m[3mid[0m[2m=[0m5[1m}[0m[2m:[0m [2mmoq_net::lite::publisher[0m[2m:[0m finished group [3msequence[0m[2m=[0m697
[2m2026-09-06T14:44:38.448526Z[0m [34mDEBUG[0m [1mconn[0m[1m{[0m[3mid[0m[2m=[0m5[1m}[0m[2m:[0m [2mmoq_net::lite::publisher[0m[2m:[0m serving group [3msubscribe[0m[2m=[0m1 [3mtrack[0m[2m=[0maudio [3msequence[0m[2m=[0m698
[2m2026-09-06T14:44:38.449770Z[0m [34mDEBUG[0m [1mconn[0m[1m{[0m[3mid[0m[2m=[0m5[1m}[0m[2m:[0m [2mmoq_net::lite::publisher[0m[2m:[0m finished group [3msequence[0m[2m=[0m698
[2m2026-09-06T14:44:38.468481Z[0m [34mDEBUG[0m [1mconn[0m[1m{[0m[3mid[0m[2m=[0m5[1m}[0m[2m:[0m [2mmoq_net::lite::publisher[0m[2m:[0m serving group [3msubscribe[0m[2m=[0m1 [3mtrack[0m[2m=[0maudio [3msequence[0m[2m=[0m699
[2m2026-09-06T14:44:38.470358Z[0m [34mDEBUG[0m [1mconn[0m[1m{[0m[3mid[0m[2m=[0m5[1m}[0m[2m:[0m [2mmoq_net::lite::publisher[0m[2m:[0m finished group [3msequence[0m[2m=[0m699
[2m2026-09-06T14:44:38.487962Z[0m [34mDEBUG[0m [1mconn[0m[1m{[0m[3mid[0m[2m=[0m5[1m}[0m[2m:[0m [2mmoq_net::lite::publisher[0m[2m:[0m serving group [3msubscribe[0m[2m=[0m1 [3mtrack[0m[2m=[0maudio [3msequence[0m[2m=[0m700
[2m2026-09-06T14:44:38.489822Z[0m [34mDEBUG[0m [1mconn[0m[1m{[0m[3mid[0m[2m=[0m5[1m}[0m[2m:[0m [2mmoq_net::lite::publisher[0m[2m:[0m finished group [3msequence[0m[2m=[0m700
[2m2026-09-06T14:44:38.509180Z[0m [34mDEBUG[0m [1mconn[0m[1m{[0m[3mid[0m[2m=[0m5[1m}[0m[2m:[0m [2mmoq_net::lite::publisher[0m[2m:[0m serving group [3msubscribe[0m[2m=[0m1 [3mtrack[0m[2m=[0maudio [3msequence[0m[2m=[0m701
[2m2026-09-06T14:44:38.511437Z[0m [34mDEBUG[0m [1mconn[0m[1m{[0m[3mid[0m[2m=[0m5[1m}[0m[2m:[0m [2mmoq_net::lite::publisher[0m[2m:[0m finished group [3msequence[0m[2m=[0m701
[2m2026-09-06T14:44:38.528336Z[0m [34mDEBUG[0m [1mconn[0m[1m{[0m[3mid[0m[2m=[0m5[1m}[0m[2m:[0m [2mmoq_net::lite::publisher[0m[2m:[0m serving group [3msubscribe[0m[2m=[0m1 [3mtrack[0m[2m=[0maudio [3msequence[0m[2m=[0m702
[2m2026-09-06T14:44:38.530190Z[0m [34mDEBUG[0m [1mconn[0m[1m{[0m[3mid[0m[2m=[0m5[1m}[0m[2m:[0m [2mmoq_net::lite::publisher[0m[2m:[0m finished group [3msequence[0m[2m=[0m702
[2m2026-09-06T14:44:38.549437Z[0m [34mDEBUG[0m [1mconn[0m[1m{[0m[3mid[0m[2m=[0m5[1m}[0m[2m:[0m [2mmoq_net::lite::publisher[0m[2m:[0m serving group [3msubscribe[0m[2m=[0m1 [3mtrack[0m[2m=[0maudio [3msequence[0m[2m=[0m703
[2m2026-09-06T14:44:38.551441Z[0m [34mDEBUG[0m [1mconn[0m[1m{[0m[3mid[0m[2m=[0m5[1m}[0m[2m:[0m [2mmoq_net::lite::publisher[0m[2m:[0m finished group [3msequence[0m[2m=[0m703
[2m2026-09-06T14:44:38.568783Z[0m [34mDEBUG[0m [1mconn[0m[1m{[0m[3mid[0m[2m=[0m5[1m}[0m[2m:[0m [2mmoq_net::lite::publisher[0m[2m:[0m serving group [3msubscribe[0m[2m=[0m1 [3mtrack[0m[2m=[0maudio [3msequence[0m[2m=[0m704
[2m2026-09-06T14:44:38.570862Z[0m [34mDEBUG[0m [1mconn[0m[1m{[0m[3mid[0m[2m=[0m5[1m}[0m[2m:[0m [2mmoq_net::lite::publisher[0m[2m:[0m finished group [3msequence[0m[2m=[0m704
[2m2026-09-06T14:44:38.588530Z[0m [34mDEBUG[0m [1mconn[0m[1m{[0m[3mid[0m[2m=[0m5[1m}[0m[2m:[0m [2mmoq_net::lite::publisher[0m[2m:[0m serving group [3msubscribe[0m[2m=[0m1 [3mtrack[0m[2m=[0maudio [3msequence[0m[2m=[0m705
[2m2026-09-06T14:44:38.590139Z[0m [34mDEBUG[0m [1mconn[0m[1m{[0m[3mid[0m[2m=[0m5[1m}[0m[2m:[0m [2mmoq_net::lite::publisher[0m[2m:[0m finished group [3msequence[0m[2m=[0m705
[2m2026-09-06T14:44:38.785128Z[0m [34mDEBUG[0m [1mconn[0m[1m{[0m[3mid[0m[2m=[0m0[1m}[0m[2m:[0m [2mmoq_net::lite::publisher[0m[2m:[0m serving group [3msubscribe[0m[2m=[0m2 [3mtrack[0m[2m=[0mpublisher.json [3msequence[0m[2m=[0m28
[2m2026-09-06T14:44:38.785562Z[0m [34mDEBUG[0m [1mconn[0m[1m{[0m[3mid[0m[2m=[0m0[1m}[0m[2m:[0m [2mmoq_net::lite::publisher[0m[2m:[0m serving group [3msubscribe[0m[2m=[0m1 [3mtrack[0m[2m=[0msubscriber.json [3msequence[0m[2m=[0m28
[2m2026-09-06T14:44:38.788573Z[0m [34mDEBUG[0m [1mconn[0m[1m{[0m[3mid[0m[2m=[0m0[1m}[0m[2m:[0m [2mmoq_net::lite::publisher[0m[2m:[0m finished group [3msequence[0m[2m=[0m28
[2m2026-09-06T14:44:38.788960Z[0m [34mDEBUG[0m [1mconn[0m[1m{[0m[3mid[0m[2m=[0m0[1m}[0m[2m:[0m [2mmoq_net::lite::publisher[0m[2m:[0m finished group [3msequence[0m[2m=[0m28
[2m2026-09-06T14:44:38.851670Z[0m [34mDEBUG[0m [1mconn[0m[1m{[0m[3mid[0m[2m=[0m5[1m}[0m[2m:[0m [2mmoq_net::lite::publisher[0m[2m:[0m serving group [3msubscribe[0m[2m=[0m1 [3mtrack[0m[2m=[0maudio [3msequence[0m[2m=[0m706
[2m2026-09-06T14:44:38.853571Z[0m [34mDEBUG[0m [1mconn[0m[1m{[0m[3mid[0m[2m=[0m5[1m}[0m[2m:[0m [2mmoq_net::lite::publisher[0m[2m:[0m finished group [3msequence[0m[2m=[0m706
[2m2026-09-06T14:44:38.869898Z[0m [34mDEBUG[0m [1mconn[0m[1m{[0m[3mid[0m[2m=[0m5[1m}[0m[2m:[0m [2mmoq_net::lite::publisher[0m[2m:[0m serving group [3msubscribe[0m[2m=[0m1 [3mtrack[0m[2m=[0maudio [3msequence[0m[2m=[0m707
[2m2026-09-06T14:44:38.871813Z[0m [34mDEBUG[0m [1mconn[0m[1m{[0m[3mid[0m[2m=[0m5[1m}[0m[2m:[0m [2mmoq_net::lite::publisher[0m[2m:[0m finished group [3msequence[0m[2m=[0m707
[2m2026-09-06T14:44:38.888651Z[0m [34mDEBUG[0m [1mconn[0m[1m{[0m[3mid[0m[2m=[0m5[1m}[0m[2m:[0m [2mmoq_net::lite::publisher[0m[2m:[0m serving group [3msubscribe[0m[2m=[0m1 [3mtrack[0m[2m=[0maudio [3msequence[0m[2m=[0m708
[2m2026-09-06T14:44:38.890796Z[0m [34mDEBUG[0m [1mconn[0m[1m{[0m[3mid[0m[2m=[0m5[1m}[0m[2m:[0m [2mmoq_net::lite::publisher[0m[2m:[0m finished group [3msequence[0m[2m=[0m708
[2m2026-09-06T14:44:38.908587Z[0m [34mDEBUG[0m [1mconn[0m[1m{[0m[3mid[0m[2m=[0m5[1m}[0m[2m:[0m [2mmoq_net::lite::publisher[0m[2m:[0m serving group [3msubscribe[0m[2m=[0m1 [3mtrack[0m[2m=[0maudio [3msequence[0m[2m=[0m709
[2m2026-09-06T14:44:38.910598Z[0m [34mDEBUG[0m [1mconn[0m[1m{[0m[3mid[0m[2m=[0m5[1m}[0m[2m:[0m [2mmoq_net::lite::publisher[0m[2m:[0m finished group [3msequence[0m[2m=[0m709
[2m2026-09-06T14:44:38.928330Z[0m [34mDEBUG[0m [1mconn[0m[1m{[0m[3mid[0m[2m=[0m5[1m}[0m[2m:[0m [2mmoq_net::lite::publisher[0m[2m:[0m serving group [3msubscribe[0m[2m=[0m1 [3mtrack[0m[2m=[0maudio [3msequence[0m[2m=[0m710
[2m2026-09-06T14:44:38.930223Z[0m [34mDEBUG[0m [1mconn[0m[1m{[0m[3mid[0m[2m=[0m5[1m}[0m[2m:[0m [2mmoq_net::lite::publisher[0m[2m:[0m finished group [3msequence[0m[2m=[0m710
[2m2026-09-06T14:44:38.949069Z[0m [34mDEBUG[0m [1mconn[0m[1m{[0m[3mid[0m[2m=[0m5[1m}[0m[2m:[0m [2mmoq_net::lite::publisher[0m[2m:[0m serving group [3msubscribe[0m[2m=[0m1 [3mtrack[0m[2m=[0maudio [3msequence[0m[2m=[0m711
[2m2026-09-06T14:44:38.951112Z[0m [34mDEBUG[0m [1mconn[0m[1m{[0m[3mid[0m[2m=[0m5[1m}[0m[2m:[0m [2mmoq_net::lite::publisher[0m[2m:[0m finished group [3msequence[0m[2m=[0m711
[2m2026-09-06T14:44:38.968971Z[0m [34mDEBUG[0m [1mconn[0m[1m{[0m[3mid[0m[2m=[0m5[1m}[0m[2m:[0m [2mmoq_net::lite::publisher[0m[2m:[0m serving group [3msubscribe[0m[2m=[0m1 [3mtrack[0m[2m=[0maudio [3msequence[0m[2m=[0m712
[2m2026-09-06T14:44:38.971075Z[0m [34mDEBUG[0m [1mconn[0m[1m{[0m[3mid[0m[2m=[0m5[1m}[0m[2m:[0m [2mmoq_net::lite::publisher[0m[2m:[0m finished group [3msequence[0m[2m=[0m712
[2m2026-09-06T14:44:38.988501Z[0m [34mDEBUG[0m [1mconn[0m[1m{[0m[3mid[0m[2m=[0m5[1m}[0m[2m:[0m [2mmoq_net::lite::publisher[0m[2m:[0m serving group [3msubscribe[0m[2m=[0m1 [3mtrack[0m[2m=[0maudio [3msequence[0m[2m=[0m713
[2m2026-09-06T14:44:38.990439Z[0m [34mDEBUG[0m [1mconn[0m[1m{[0m[3mid[0m[2m=[0m5[1m}[0m[2m:[0m [2mmoq_net::lite::publisher[0m[2m:[0m finished group [3msequence[0m[2m=[0m713
[2m2026-09-06T14:44:39.008276Z[0m [34mDEBUG[0m [1mconn[0m[1m{[0m[3mid[0m[2m=[0m5[1m}[0m[2m:[0m [2mmoq_net::lite::publisher[0m[2m:[0m serving group [3msubscribe[0m[2m=[0m1 [3mtrack[0m[2m=[0maudio [3msequence[0m[2m=[0m714
[2m2026-09-06T14:44:39.010031Z[0m [34mDEBUG[0m [1mconn[0m[1m{[0m[3mid[0m[2m=[0m5[1m}[0m[2m:[0m [2mmoq_net::lite::publisher[0m[2m:[0m finished group [3msequence[0m[2m=[0m714
[2m2026-09-06T14:44:39.028550Z[0m [34mDEBUG[0m [1mconn[0m[1m{[0m[3mid[0m[2m=[0m5[1m}[0m[2m:[0m [2mmoq_net::lite::publisher[0m[2m:[0m serving group [3msubscribe[0m[2m=[0m1 [3mtrack[0m[2m=[0maudio [3msequence[0m[2m=[0m715
[2m2026-09-06T14:44:39.030483Z[0m [34mDEBUG[0m [1mconn[0m[1m{[0m[3mid[0m[2m=[0m5[1m}[0m[2m:[0m [2mmoq_net::lite::publisher[0m[2m:[0m finished group [3msequence[0m[2m=[0m715
[2m2026-09-06T14:44:39.049004Z[0m [34mDEBUG[0m [1mconn[0m[1m{[0m[3mid[0m[2m=[0m5[1m}[0m[2m:[0m [2mmoq_net::lite::publisher[0m[2m:[0m serving group [3msubscribe[0m[2m=[0m1 [3mtrack[0m[2m=[0maudio [3msequence[0m[2m=[0m716
[2m2026-09-06T14:44:39.051874Z[0m [34mDEBUG[0m [1mconn[0m[1m{[0m[3mid[0m[2m=[0m5[1m}[0m[2m:[0m [2mmoq_net::lite::publisher[0m[2m:[0m finished group [3msequence[0m[2m=[0m716
[2m2026-09-06T14:44:39.069049Z[0m [34mDEBUG[0m [1mconn[0m[1m{[0m[3mid[0m[2m=[0m5[1m}[0m[2m:[0m [2mmoq_net::lite::publisher[0m[2m:[0m serving group [3msubscribe[0m[2m=[0m1 [3mtrack[0m[2m=[0maudio [3msequence[0m[2m=[0m717
[2m2026-09-06T14:44:39.070961Z[0m [34mDEBUG[0m [1mconn[0m[1m{[0m[3mid[0m[2m=[0m5[1m}[0m[2m:[0m [2mmoq_net::lite::publisher[0m[2m:[0m finished group [3msequence[0m[2m=[0m717
[2m2026-09-06T14:44:39.089154Z[0m [34mDEBUG[0m [1mconn[0m[1m{[0m[3mid[0m[2m=[0m5[1m}[0m[2m:[0m [2mmoq_net::lite::publisher[0m[2m:[0m serving group [3msubscribe[0m[2m=[0m1 [3mtrack[0m[2m=[0maudio [3msequence[0m[2m=[0m718
[2m2026-09-06T14:44:39.090875Z[0m [34mDEBUG[0m [1mconn[0m[1m{[0m[3mid[0m[2m=[0m5[1m}[0m[2m:[0m [2mmoq_net::lite::publisher[0m[2m:[0m finished group [3msequence[0m[2m=[0m718
[2m2026-09-06T14:44:39.108572Z[0m [34mDEBUG[0m [1mconn[0m[1m{[0m[3mid[0m[2m=[0m5[1m}[0m[2m:[0m [2mmoq_net::lite::publisher[0m[2m:[0m serving group [3msubscribe[0m[2m=[0m1 [3mtrack[0m[2m=[0maudio [3msequence[0m[2m=[0m719
[2m2026-09-06T14:44:39.110563Z[0m [34mDEBUG[0m [1mconn[0m[1m{[0m[3mid[0m[2m=[0m5[1m}[0m[2m:[0m [2mmoq_net::lite::publisher[0m[2m:[0m finished group [3msequence[0m[2m=[0m719
[2m2026-09-06T14:44:39.129497Z[0m [34mDEBUG[0m [1mconn[0m[1m{[0m[3mid[0m[2m=[0m5[1m}[0m[2m:[0m [2mmoq_net::lite::publisher[0m[2m:[0m serving group [3msubscribe[0m[2m=[0m1 [3mtrack[0m[2m=[0maudio [3msequence[0m[2m=[0m720
[2m2026-09-06T14:44:39.131420Z[0m [34mDEBUG[0m [1mconn[0m[1m{[0m[3mid[0m[2m=[0m5[1m}[0m[2m:[0m [2mmoq_net::lite::publisher[0m[2m:[0m finished group [3msequence[0m[2m=[0m720
[2m2026-09-06T14:44:39.149385Z[0m [34mDEBUG[0m [1mconn[0m[1m{[0m[3mid[0m[2m=[0m5[1m}[0m[2m:[0m [2mmoq_net::lite::publisher[0m[2m:[0m serving group [3msubscribe[0m[2m=[0m1 [3mtrack[0m[2m=[0maudio [3msequence[0m[2m=[0m721
[2m2026-09-06T14:44:39.151121Z[0m [34mDEBUG[0m [1mconn[0m[1m{[0m[3mid[0m[2m=[0m5[1m}[0m[2m:[0m [2mmoq_net::lite::publisher[0m[2m:[0m finished group [3msequence[0m[2m=[0m721
[2m2026-09-06T14:44:39.168556Z[0m [34mDEBUG[0m [1mconn[0m[1m{[0m[3mid[0m[2m=[0m5[1m}[0m[2m:[0m [2mmoq_net::lite::publisher[0m[2m:[0m serving group [3msubscribe[0m[2m=[0m1 [3mtrack[0m[2m=[0maudio [3msequence[0m[2m=[0m722
[2m2026-09-06T14:44:39.170981Z[0m [34mDEBUG[0m [1mconn[0m[1m{[0m[3mid[0m[2m=[0m5[1m}[0m[2m:[0m [2mmoq_net::lite::publisher[0m[2m:[0m finished group [3msequence[0m[2m=[0m722
[2m2026-09-06T14:44:39.188621Z[0m [34mDEBUG[0m [1mconn[0m[1m{[0m[3mid[0m[2m=[0m5[1m}[0m[2m:[0m [2mmoq_net::lite::publisher[0m[2m:[0m serving group [3msubscribe[0m[2m=[0m1 [3mtrack[0m[2m=[0maudio [3msequence[0m[2m=[0m723
[2m2026-09-06T14:44:39.190589Z[0m [34mDEBUG[0m [1mconn[0m[1m{[0m[3mid[0m[2m=[0m5[1m}[0m[2m:[0m [2mmoq_net::lite::publisher[0m[2m:[0m finished group [3msequence[0m[2m=[0m723
[2m2026-09-06T14:44:39.210353Z[0m [34mDEBUG[0m [1mconn[0m[1m{[0m[3mid[0m[2m=[0m5[1m}[0m[2m:[0m [2mmoq_net::lite::publisher[0m[2m:[0m serving group [3msubscribe[0m[2m=[0m1 [3mtrack[0m[2m=[0maudio [3msequence[0m[2m=[0m724
[2m2026-09-06T14:44:39.212704Z[0m [34mDEBUG[0m [1mconn[0m[1m{[0m[3mid[0m[2m=[0m5[1m}[0m[2m:[0m [2mmoq_net::lite::publisher[0m[2m:[0m finished group [3msequence[0m[2m=[0m724
[2m2026-09-06T14:44:39.228862Z[0m [34mDEBUG[0m [1mconn[0m[1m{[0m[3mid[0m[2m=[0m5[1m}[0m[2m:[0m [2mmoq_net::lite::publisher[0m[2m:[0m serving group [3msubscribe[0m[2m=[0m1 [3mtrack[0m[2m=[0maudio [3msequence[0m[2m=[0m725
[2m2026-09-06T14:44:39.230851Z[0m [34mDEBUG[0m [1mconn[0m[1m{[0m[3mid[0m[2m=[0m5[1m}[0m[2m:[0m [2mmoq_net::lite::publisher[0m[2m:[0m finished group [3msequence[0m[2m=[0m725
[2m2026-09-06T14:44:39.248213Z[0m [34mDEBUG[0m [1mconn[0m[1m{[0m[3mid[0m[2m=[0m5[1m}[0m[2m:[0m [2mmoq_net::lite::publisher[0m[2m:[0m serving group [3msubscribe[0m[2m=[0m1 [3mtrack[0m[2m=[0maudio [3msequence[0m[2m=[0m726
[2m2026-09-06T14:44:39.249677Z[0m [34mDEBUG[0m [1mconn[0m[1m{[0m[3mid[0m[2m=[0m5[1m}[0m[2m:[0m [2mmoq_net::lite::publisher[0m[2m:[0m finished group [3msequence[0m[2m=[0m726
[2m2026-09-06T14:44:39.268141Z[0m [34mDEBUG[0m [1mconn[0m[1m{[0m[3mid[0m[2m=[0m5[1m}[0m[2m:[0m [2mmoq_net::lite::publisher[0m[2m:[0m serving group [3msubscribe[0m[2m=[0m1 [3mtrack[0m[2m=[0maudio [3msequence[0m[2m=[0m727
[2m2026-09-06T14:44:39.270042Z[0m [34mDEBUG[0m [1mconn[0m[1m{[0m[3mid[0m[2m=[0m5[1m}[0m[2m:[0m [2mmoq_net::lite::publisher[0m[2m:[0m finished group [3msequence[0m[2m=[0m727
[2m2026-09-06T14:44:39.348755Z[0m [34mDEBUG[0m [1mconn[0m[1m{[0m[3mid[0m[2m=[0m5[1m}[0m[2m:[0m [2mmoq_net::lite::publisher[0m[2m:[0m serving group [3msubscribe[0m[2m=[0m1 [3mtrack[0m[2m=[0maudio [3msequence[0m[2m=[0m728
[2m2026-09-06T14:44:39.350220Z[0m [34mDEBUG[0m [1mconn[0m[1m{[0m[3mid[0m[2m=[0m5[1m}[0m[2m:[0m [2mmoq_net::lite::publisher[0m[2m:[0m finished group [3msequence[0m[2m=[0m728
[2m2026-09-06T14:44:39.368446Z[0m [34mDEBUG[0m [1mconn[0m[1m{[0m[3mid[0m[2m=[0m5[1m}[0m[2m:[0m [2mmoq_net::lite::publisher[0m[2m:[0m serving group [3msubscribe[0m[2m=[0m1 [3mtrack[0m[2m=[0maudio [3msequence[0m[2m=[0m729
[2m2026-09-06T14:44:39.370549Z[0m [34mDEBUG[0m [1mconn[0m[1m{[0m[3mid[0m[2m=[0m5[1m}[0m[2m:[0m [2mmoq_net::lite::publisher[0m[2m:[0m finished group [3msequence[0m[2m=[0m729
[2m2026-09-06T14:44:39.388342Z[0m [34mDEBUG[0m [1mconn[0m[1m{[0m[3mid[0m[2m=[0m5[1m}[0m[2m:[0m [2mmoq_net::lite::publisher[0m[2m:[0m serving group [3msubscribe[0m[2m=[0m1 [3mtrack[0m[2m=[0maudio [3msequence[0m[2m=[0m730
[2m2026-09-06T14:44:39.390271Z[0m [34mDEBUG[0m [1mconn[0m[1m{[0m[3mid[0m[2m=[0m5[1m}[0m[2m:[0m [2mmoq_net::lite::publisher[0m[2m:[0m finished group [3msequence[0m[2m=[0m730
[2m2026-09-06T14:44:39.408343Z[0m [34mDEBUG[0m [1mconn[0m[1m{[0m[3mid[0m[2m=[0m5[1m}[0m[2m:[0m [2mmoq_net::lite::publisher[0m[2m:[0m serving group [3msubscribe[0m[2m=[0m1 [3mtrack[0m[2m=[0maudio [3msequence[0m[2m=[0m731
[2m2026-09-06T14:44:39.410215Z[0m [34mDEBUG[0m [1mconn[0m[1m{[0m[3mid[0m[2m=[0m5[1m}[0m[2m:[0m [2mmoq_net::lite::publisher[0m[2m:[0m finished group [3msequence[0m[2m=[0m731
[2m2026-09-06T14:44:39.428553Z[0m [34mDEBUG[0m [1mconn[0m[1m{[0m[3mid[0m[2m=[0m5[1m}[0m[2m:[0m [2mmoq_net::lite::publisher[0m[2m:[0m serving group [3msubscribe[0m[2m=[0m1 [3mtrack[0m[2m=[0maudio [3msequence[0m[2m=[0m732
[2m2026-09-06T14:44:39.430404Z[0m [34mDEBUG[0m [1mconn[0m[1m{[0m[3mid[0m[2m=[0m5[1m}[0m[2m:[0m [2mmoq_net::lite::publisher[0m[2m:[0m finished group [3msequence[0m[2m=[0m732
[2m2026-09-06T14:44:39.448742Z[0m [34mDEBUG[0m [1mconn[0m[1m{[0m[3mid[0m[2m=[0m5[1m}[0m[2m:[0m [2mmoq_net::lite::publisher[0m[2m:[0m serving group [3msubscribe[0m[2m=[0m1 [3mtrack[0m[2m=[0maudio [3msequence[0m[2m=[0m733
[2m2026-09-06T14:44:39.450843Z[0m [34mDEBUG[0m [1mconn[0m[1m{[0m[3mid[0m[2m=[0m5[1m}[0m[2m:[0m [2mmoq_net::lite::publisher[0m[2m:[0m finished group [3msequence[0m[2m=[0m733
[2m2026-09-06T14:44:39.468812Z[0m [34mDEBUG[0m [1mconn[0m[1m{[0m[3mid[0m[2m=[0m5[1m}[0m[2m:[0m [2mmoq_net::lite::publisher[0m[2m:[0m serving group [3msubscribe[0m[2m=[0m1 [3mtrack[0m[2m=[0maudio [3msequence[0m[2m=[0m734
[2m2026-09-06T14:44:39.470713Z[0m [34mDEBUG[0m [1mconn[0m[1m{[0m[3mid[0m[2m=[0m5[1m}[0m[2m:[0m [2mmoq_net::lite::publisher[0m[2m:[0m finished group [3msequence[0m[2m=[0m734
[2m2026-09-06T14:44:39.488335Z[0m [34mDEBUG[0m [1mconn[0m[1m{[0m[3mid[0m[2m=[0m5[1m}[0m[2m:[0m [2mmoq_net::lite::publisher[0m[2m:[0m serving group [3msubscribe[0m[2m=[0m1 [3mtrack[0m[2m=[0maudio [3msequence[0m[2m=[0m735
[2m2026-09-06T14:44:39.490250Z[0m [34mDEBUG[0m [1mconn[0m[1m{[0m[3mid[0m[2m=[0m5[1m}[0m[2m:[0m [2mmoq_net::lite::publisher[0m[2m:[0m finished group [3msequence[0m[2m=[0m735
[2m2026-09-06T14:44:39.508470Z[0m [34mDEBUG[0m [1mconn[0m[1m{[0m[3mid[0m[2m=[0m5[1m}[0m[2m:[0m [2mmoq_net::lite::publisher[0m[2m:[0m serving group [3msubscribe[0m[2m=[0m1 [3mtrack[0m[2m=[0maudio [3msequence[0m[2m=[0m736
[2m2026-09-06T14:44:39.510352Z[0m [34mDEBUG[0m [1mconn[0m[1m{[0m[3mid[0m[2m=[0m5[1m}[0m[2m:[0m [2mmoq_net::lite::publisher[0m[2m:[0m finished group [3msequence[0m[2m=[0m736
[2m2026-09-06T14:44:39.528477Z[0m [34mDEBUG[0m [1mconn[0m[1m{[0m[3mid[0m[2m=[0m5[1m}[0m[2m:[0m [2mmoq_net::lite::publisher[0m[2m:[0m serving group [3msubscribe[0m[2m=[0m1 [3mtrack[0m[2m=[0maudio [3msequence[0m[2m=[0m737
[2m2026-09-06T14:44:39.530385Z[0m [34mDEBUG[0m [1mconn[0m[1m{[0m[3mid[0m[2m=[0m5[1m}[0m[2m:[0m [2mmoq_net::lite::publisher[0m[2m:[0m finished group [3msequence[0m[2m=[0m737
[2m2026-09-06T14:44:39.548964Z[0m [34mDEBUG[0m [1mconn[0m[1m{[0m[3mid[0m[2m=[0m5[1m}[0m[2m:[0m [2mmoq_net::lite::publisher[0m[2m:[0m serving group [3msubscribe[0m[2m=[0m1 [3mtrack[0m[2m=[0maudio [3msequence[0m[2m=[0m738
[2m2026-09-06T14:44:39.551058Z[0m [34mDEBUG[0m [1mconn[0m[1m{[0m[3mid[0m[2m=[0m5[1m}[0m[2m:[0m [2mmoq_net::lite::publisher[0m[2m:[0m finished group [3msequence[0m[2m=[0m738
[2m2026-09-06T14:44:39.558984Z[0m [34mDEBUG[0m [1mconn[0m[1m{[0m[3mid[0m[2m=[0m5[1m}[0m[2m:[0m [2mmoq_net::lite::publisher[0m[2m:[0m announcing cancelled [3mprefix[0m[2m=[0m
[2m2026-09-06T14:44:39.559118Z[0m [33m WARN[0m [2mmoq_relay::relay[0m[2m:[0m connection closed [3merr[0m[2m=[0mcancelled
[2m2026-09-06T14:44:39.559135Z[0m [33m WARN[0m [1mconn[0m[1m{[0m[3mid[0m[2m=[0m5[1m}[0m[2m:[0m [2mmoq_net::lite::publisher[0m[2m:[0m probe stream error [3merr[0m[2m=[0mcancelled
[2m2026-09-06T14:44:39.559189Z[0m [32m INFO[0m [1mconn[0m[1m{[0m[3mid[0m[2m=[0m5[1m}[0m[2m:[0m [2mmoq_net::lite::publisher[0m[2m:[0m subscribed cancelled [3mid[0m[2m=[0m0 [3mbroadcast[0m[2m=[0mrt/smoke.hang [3mtrack[0m[2m=[0mcatalog.json
[2m2026-09-06T14:44:39.559257Z[0m [32m INFO[0m [1mconn[0m[1m{[0m[3mid[0m[2m=[0m5[1m}[0m[2m:[0m [2mmoq_net::lite::publisher[0m[2m:[0m subscribed cancelled [3mid[0m[2m=[0m1 [3mbroadcast[0m[2m=[0mrt/smoke.hang [3mtrack[0m[2m=[0maudio
[2m2026-09-06T14:44:39.559310Z[0m [32m INFO[0m [1mconn[0m[1m{[0m[3mid[0m[2m=[0m5[1m}[0m[2m:[0m [2mmoq_net::lite::publisher[0m[2m:[0m subscribed cancelled [3mid[0m[2m=[0m2 [3mbroadcast[0m[2m=[0mrt/smoke.hang [3mtrack[0m[2m=[0mvideo
[2m2026-09-06T14:44:39.559369Z[0m [32m INFO[0m [1mconn[0m[1m{[0m[3mid[0m[2m=[0m4[1m}[0m[2m:[0m [2mmoq_net::lite::subscriber[0m[2m:[0m subscribe canceled (idle) [3mtrack[0m[2m=[0mcatalog.json
[2m2026-09-06T14:44:39.559417Z[0m [33m WARN[0m [1mconn[0m[1m{[0m[3mid[0m[2m=[0m5[1m}[0m[2m:[0m [2mmoq_net::lite::session[0m[2m:[0m session error [3merr[0m[2m=[0mcancelled
[2m2026-09-06T14:44:39.559533Z[0m [32m INFO[0m [1mconn[0m[1m{[0m[3mid[0m[2m=[0m4[1m}[0m[2m:[0m [2mmoq_net::lite::subscriber[0m[2m:[0m subscribe canceled (idle) [3mtrack[0m[2m=[0maudio
[2m2026-09-06T14:44:39.559578Z[0m [32m INFO[0m [1mconn[0m[1m{[0m[3mid[0m[2m=[0m4[1m}[0m[2m:[0m [2mmoq_net::lite::subscriber[0m[2m:[0m subscribe canceled (idle) [3mtrack[0m[2m=[0mvideo
[2m2026-09-06T14:44:39.786551Z[0m [34mDEBUG[0m [1mconn[0m[1m{[0m[3mid[0m[2m=[0m0[1m}[0m[2m:[0m [2mmoq_net::lite::publisher[0m[2m:[0m serving group [3msubscribe[0m[2m=[0m2 [3mtrack[0m[2m=[0mpublisher.json [3msequence[0m[2m=[0m29
[2m2026-09-06T14:44:39.786970Z[0m [34mDEBUG[0m [1mconn[0m[1m{[0m[3mid[0m[2m=[0m0[1m}[0m[2m:[0m [2mmoq_net::lite::publisher[0m[2m:[0m serving group [3msubscribe[0m[2m=[0m1 [3mtrack[0m[2m=[0msubscriber.json [3msequence[0m[2m=[0m29
[2m2026-09-06T14:44:39.787134Z[0m [34mDEBUG[0m [1mconn[0m[1m{[0m[3mid[0m[2m=[0m0[1m}[0m[2m:[0m [2mmoq_net::lite::publisher[0m[2m:[0m serving group [3msubscribe[0m[2m=[0m0 [3mtrack[0m[2m=[0msessions.json [3msequence[0m[2m=[0m10
[2m2026-09-06T14:44:39.789323Z[0m [34mDEBUG[0m [1mconn[0m[1m{[0m[3mid[0m[2m=[0m0[1m}[0m[2m:[0m [2mmoq_net::lite::publisher[0m[2m:[0m finished group [3msequence[0m[2m=[0m29
[2m2026-09-06T14:44:39.789394Z[0m [34mDEBUG[0m [1mconn[0m[1m{[0m[3mid[0m[2m=[0m0[1m}[0m[2m:[0m [2mmoq_net::lite::publisher[0m[2m:[0m finished group [3msequence[0m[2m=[0m29
[2m2026-09-06T14:44:39.789432Z[0m [34mDEBUG[0m [1mconn[0m[1m{[0m[3mid[0m[2m=[0m0[1m}[0m[2m:[0m [2mmoq_net::lite::publisher[0m[2m:[0m finished group [3msequence[0m[2m=[0m10
[2m2026-09-06T14:44:42.563098Z[0m [33m WARN[0m [2mmoq_relay::relay[0m[2m:[0m connection closed [3merr[0m[2m=[0mcancelled
[2m2026-09-06T14:44:42.563098Z[0m [34mDEBUG[0m [1mconn[0m[1m{[0m[3mid[0m[2m=[0m4[1m}[0m[2m:[0m [2mmoq_net::lite::publisher[0m[2m:[0m announcing cancelled [3mprefix[0m[2m=[0m
[2m2026-09-06T14:44:42.563355Z[0m [33m WARN[0m [1mconn[0m[1m{[0m[3mid[0m[2m=[0m4[1m}[0m[2m:[0m [2mmoq_net::lite::publisher[0m[2m:[0m probe stream error [3merr[0m[2m=[0mcancelled
[2m2026-09-06T14:44:42.563486Z[0m [33m WARN[0m [1mconn[0m[1m{[0m[3mid[0m[2m=[0m4[1m}[0m[2m:[0m [2mmoq_net::lite::session[0m[2m:[0m session error [3merr[0m[2m=[0mcancelled
[2m2026-09-06T14:44:42.563732Z[0m [34mDEBUG[0m [1mconn[0m[1m{[0m[3mid[0m[2m=[0m0[1m}[0m[2m:[0m [2mmoq_net::lite::publisher[0m[2m:[0m unannounce [3mroute[0m[2m=[0mrt/smoke.hang
[2m2026-09-06T14:44:42.563747Z[0m [33m WARN[0m [1mconn[0m[1m{[0m[3mid[0m[2m=[0m4[1m}[0m[2m:[0m [2mmoq_net::model::track[0m[2m:[0m track::Producer dropped without finish() or abort() [3mtrack[0m[2m=[0mcatalog.json
[2m2026-09-06T14:44:42.563871Z[0m [33m WARN[0m [1mconn[0m[1m{[0m[3mid[0m[2m=[0m4[1m}[0m[2m:[0m [2mmoq_net::model::track[0m[2m:[0m track::Producer dropped without finish() or abort() [3mtrack[0m[2m=[0maudio
[2m2026-09-06T14:44:42.565844Z[0m [33m WARN[0m [1mconn[0m[1m{[0m[3mid[0m[2m=[0m4[1m}[0m[2m:[0m [2mmoq_net::model::track[0m[2m:[0m track::Producer dropped without finish() or abort() [3mtrack[0m[2m=[0mvideo
[2m2026-09-06T14:44:42.791488Z[0m [34mDEBUG[0m [1mconn[0m[1m{[0m[3mid[0m[2m=[0m0[1m}[0m[2m:[0m [2mmoq_net::lite::publisher[0m[2m:[0m serving group [3msubscribe[0m[2m=[0m2 [3mtrack[0m[2m=[0mpublisher.json [3msequence[0m[2m=[0m30
[2m2026-09-06T14:44:42.791834Z[0m [34mDEBUG[0m [1mconn[0m[1m{[0m[3mid[0m[2m=[0m0[1m}[0m[2m:[0m [2mmoq_net::lite::publisher[0m[2m:[0m serving group [3msubscribe[0m[2m=[0m1 [3mtrack[0m[2m=[0msubscriber.json [3msequence[0m[2m=[0m30
[2m2026-09-06T14:44:42.791991Z[0m [34mDEBUG[0m [1mconn[0m[1m{[0m[3mid[0m[2m=[0m0[1m}[0m[2m:[0m [2mmoq_net::lite::publisher[0m[2m:[0m serving group [3msubscribe[0m[2m=[0m0 [3mtrack[0m[2m=[0msessions.json [3msequence[0m[2m=[0m11
[2m2026-09-06T14:44:42.794128Z[0m [34mDEBUG[0m [1mconn[0m[1m{[0m[3mid[0m[2m=[0m0[1m}[0m[2m:[0m [2mmoq_net::lite::publisher[0m[2m:[0m finished group [3msequence[0m[2m=[0m30
[2m2026-09-06T14:44:42.794225Z[0m [34mDEBUG[0m [1mconn[0m[1m{[0m[3mid[0m[2m=[0m0[1m}[0m[2m:[0m [2mmoq_net::lite::publisher[0m[2m:[0m finished group [3msequence[0m[2m=[0m30
[2m2026-09-06T14:44:42.794284Z[0m [34mDEBUG[0m [1mconn[0m[1m{[0m[3mid[0m[2m=[0m0[1m}[0m[2m:[0m [2mmoq_net::lite::publisher[0m[2m:[0m finished group [3msequence[0m[2m=[0m11
[2m2026-09-06T14:44:43.792312Z[0m [34mDEBUG[0m [1mconn[0m[1m{[0m[3mid[0m[2m=[0m0[1m}[0m[2m:[0m [2mmoq_net::lite::publisher[0m[2m:[0m serving group [3msubscribe[0m[2m=[0m2 [3mtrack[0m[2m=[0mpublisher.json [3msequence[0m[2m=[0m31
[2m2026-09-06T14:44:43.792483Z[0m [34mDEBUG[0m [1mconn[0m[1m{[0m[3mid[0m[2m=[0m0[1m}[0m[2m:[0m [2mmoq_net::lite::publisher[0m[2m:[0m serving group [3msubscribe[0m[2m=[0m1 [3mtrack[0m[2m=[0msubscriber.json [3msequence[0m[2m=[0m31
[2m2026-09-06T14:44:43.794542Z[0m [34mDEBUG[0m [1mconn[0m[1m{[0m[3mid[0m[2m=[0m0[1m}[0m[2m:[0m [2mmoq_net::lite::publisher[0m[2m:[0m finished group [3msequence[0m[2m=[0m31
[2m2026-09-06T14:44:43.794616Z[0m [34mDEBUG[0m [1mconn[0m[1m{[0m[3mid[0m[2m=[0m0[1m}[0m[2m:[0m [2mmoq_net::lite::publisher[0m[2m:[0m finished group [3msequence[0m[2m=[0m31
[2m2026-09-06T14:47:32.864547Z[0m [32m INFO[0m [2mmoq_relay::relay[0m[2m:[0m shutdown signal received; draining sessions (signal again to exit immediately) [3mwindow[0m[2m=[0m10s
[2m2026-09-06T14:47:32.864823Z[0m [32m INFO[0m [1mconn[0m[1m{[0m[3mid[0m[2m=[0m0[1m}[0m[2m:[0m [2mmoq_relay::connection[0m[2m:[0m relay shutting down; draining session
[2m2026-09-06T14:47:42.868677Z[0m [33m WARN[0m [1mconn[0m[1m{[0m[3mid[0m[2m=[0m0[1m}[0m[2m:[0m [2mmoq_net::goaway[0m[2m:[0m peer did not leave before the GOAWAY deadline; closing [3mtimeout[0m[2m=[0m10s
[2m2026-09-06T14:47:42.869969Z[0m [32m INFO[0m [1mconn[0m[1m{[0m[3mid[0m[2m=[0m0[1m}[0m[2m:[0m [2mmoq_net::lite::publisher[0m[2m:[0m subscribed cancelled [3mid[0m[2m=[0m2 [3mbroadcast[0m[2m=[0m.stats/node/local/host [3mtrack[0m[2m=[0mpublisher.json
[2m2026-09-06T14:47:42.870259Z[0m [32m INFO[0m [1mconn[0m[1m{[0m[3mid[0m[2m=[0m0[1m}[0m[2m:[0m [2mmoq_net::lite::publisher[0m[2m:[0m subscribed cancelled [3mid[0m[2m=[0m1 [3mbroadcast[0m[2m=[0m.stats/node/local/host [3mtrack[0m[2m=[0msubscriber.json
[2m2026-09-06T14:47:42.870332Z[0m [32m INFO[0m [1mconn[0m[1m{[0m[3mid[0m[2m=[0m0[1m}[0m[2m:[0m [2mmoq_net::lite::publisher[0m[2m:[0m subscribed cancelled [3mid[0m[2m=[0m0 [3mbroadcast[0m[2m=[0m.stats/node/local/host [3mtrack[0m[2m=[0msessions.json
[2m2026-09-06T14:47:42.870387Z[0m [34mDEBUG[0m [1mconn[0m[1m{[0m[3mid[0m[2m=[0m0[1m}[0m[2m:[0m [2mmoq_net::lite::publisher[0m[2m:[0m announcing cancelled [3mprefix[0m[2m=[0m
[2m2026-09-06T14:47:42.870445Z[0m [33m WARN[0m [1mconn[0m[1m{[0m[3mid[0m[2m=[0m0[1m}[0m[2m:[0m [2mmoq_net::lite::publisher[0m[2m:[0m probe stream error [3merr[0m[2m=[0mtransport: invalid RESET_STREAM: 271
[2m2026-09-06T14:47:42.870497Z[0m [32m INFO[0m [1mconn[0m[1m{[0m[3mid[0m[2m=[0m0[1m}[0m[2m:[0m [2mmoq_net::lite::session[0m[2m:[0m session terminated
[2m2026-09-06T14:47:43.867200Z[0m [32m INFO[0m [2mmoq_relay::relay[0m[2m:[0m drain window elapsed; exiting
[2m2026-09-06T14:47:43.869817Z[0m [33m WARN[0m [2mmoq_net::model::broadcast[0m[2m:[0m broadcast::Producer dropped without finish(). Keep the producer alive while publishing, then call finish().
[2m2026-09-06T14:47:43.869978Z[0m [33m WARN[0m [2mmoq_net::model::track[0m[2m:[0m track::Producer dropped without finish() or abort() [3mtrack[0m[2m=[0msubscriber.json
[2m2026-09-06T14:47:43.870084Z[0m [33m WARN[0m [2mmoq_net::model::track[0m[2m:[0m track::Producer dropped without finish() or abort() [3mtrack[0m[2m=[0msubscriber.json.z
[2m2026-09-06T14:47:43.870138Z[0m [33m WARN[0m [2mmoq_net::model::group[0m[2m:[0m group::Producer dropped without finish() or abort() [3msequence[0m[2m=[0m1
[2m2026-09-06T14:47:43.870186Z[0m [33m WARN[0m [2mmoq_net::model::track[0m[2m:[0m track::Producer dropped without finish() or abort() [3mtrack[0m[2m=[0mpublisher.json
[2m2026-09-06T14:47:43.870223Z[0m [33m WARN[0m [2mmoq_net::model::track[0m[2m:[0m track::Producer dropped without finish() or abort() [3mtrack[0m[2m=[0mpublisher.json.z
[2m2026-09-06T14:47:43.870247Z[0m [33m WARN[0m [2mmoq_net::model::group[0m[2m:[0m group::Producer dropped without finish() or abort() [3msequence[0m[2m=[0m1
[2m2026-09-06T14:47:43.870282Z[0m [33m WARN[0m [2mmoq_net::model::track[0m[2m:[0m track::Producer dropped without finish() or abort() [3mtrack[0m[2m=[0msessions.json
[2m2026-09-06T14:47:43.870315Z[0m [33m WARN[0m [2mmoq_net::model::track[0m[2m:[0m track::Producer dropped without finish() or abort() [3mtrack[0m[2m=[0msessions.json.z
[2m2026-09-06T14:47:43.870341Z[0m [33m WARN[0m [2mmoq_net::model::group[0m[2m:[0m group::Producer dropped without finish() or abort() [3msequence[0m[2m=[0m1
