[2m2026-09-06T17:43:41.263387Z[0m [32m INFO[0m [2mmoq_relay::cluster[0m[2m:[0m cluster initialized [3mhop_id[0m[2m=[0m3436884013862880 [3mconfigured[0m[2m=[0mfalse
[2m2026-09-06T17:43:41.263513Z[0m [32m INFO[0m [2mmoq_relay::stats[0m[2m:[0m stats publishing enabled [3mprefix[0m[2m=[0m".stats" [3minterval_secs[0m[2m=[0m1 [3mnode[0m[2m=[0mSome(Path("local/host")) [3mdepth[0m[2m=[0m0
[2m2026-09-06T17:43:41.263595Z[0m [32m INFO[0m [2mmoq_relay::relay[0m[2m:[0m listening [3maddr[0m[2m=[0m[::]:4443
[2m2026-09-06T17:43:41.263624Z[0m [32m INFO[0m [2mmoq_relay::cluster[0m[2m:[0m no cluster peers configured; running standalone
[2m2026-09-06T17:43:41.735146Z[0m [33m WARN[0m [2mmoq_tokio::accept[0m[2m:[0m accept failed; the listener is not serving new connections [3mlistener[0m[2m=[0m"web" [3merr[0m[2m=[0minvalid input parameter [3mclass[0m[2m=[0m"unknown" [3mconsecutive[0m[2m=[0m1 [3mretry_in_ms[0m[2m=[0m59
[2m2026-09-06T17:43:43.802203Z[0m [32m INFO[0m [1mconn[0m[1m{[0m[3mid[0m[2m=[0m0[1m}[0m[2m:[0m [2mmoq_relay::connection[0m[2m:[0m session accepted [3mtransport[0m[2m=[0mquic [3mrole[0m[2m=[0mSome(Publisher) [3mtier[0m[2m=[0m [3mroot[0m[2m=[0m [3mpublish[0m[2m=[0m [3msubscribe[0m[2m=[0m
[2m2026-09-06T17:43:43.802552Z[0m [32m INFO[0m [1mconn[0m[1m{[0m[3mid[0m[2m=[0m0[1m}[0m[2m:[0m [2mmoq_relay::connection[0m[2m:[0m negotiated [3mversion[0m[2m=[0mmoq-lite-05 [3mtransport[0m[2m=[0mquic
[2m2026-09-06T17:43:43.803483Z[0m [34mDEBUG[0m [1mconn[0m[1m{[0m[3mid[0m[2m=[0m0[1m}[0m[2m:[0m [2mmoq_net::lite::subscriber[0m[2m:[0m announce [3mroute[0m[2m=[0mbbb.hang [3mhops[0m[2m=[0m1
[2m2026-09-06T17:43:50.455665Z[0m [32m INFO[0m [1mconn[0m[1m{[0m[3mid[0m[2m=[0m1[1m}[0m[2m:[0m [2mmoq_relay::connection[0m[2m:[0m session accepted [3mtransport[0m[2m=[0mquic [3mrole[0m[2m=[0mNone [3mtier[0m[2m=[0m [3mroot[0m[2m=[0m [3mpublish[0m[2m=[0m [3msubscribe[0m[2m=[0m
[2m2026-09-06T17:43:50.455784Z[0m [32m INFO[0m [1mconn[0m[1m{[0m[3mid[0m[2m=[0m1[1m}[0m[2m:[0m [2mmoq_relay::connection[0m[2m:[0m negotiated [3mversion[0m[2m=[0mmoq-lite-05 [3mtransport[0m[2m=[0mquic
[2m2026-09-06T17:43:50.455935Z[0m [34mDEBUG[0m [1mconn[0m[1m{[0m[3mid[0m[2m=[0m1[1m}[0m[2m:[0m [2mmoq_net::lite::publisher[0m[2m:[0m announce [3mroute[0m[2m=[0m.stats/node/local/host
[2m2026-09-06T17:43:50.455961Z[0m [34mDEBUG[0m [1mconn[0m[1m{[0m[3mid[0m[2m=[0m1[1m}[0m[2m:[0m [2mmoq_net::lite::publisher[0m[2m:[0m announce [3mroute[0m[2m=[0mbbb.hang
[2m2026-09-06T17:43:50.456011Z[0m [34mDEBUG[0m [1mconn[0m[1m{[0m[3mid[0m[2m=[0m1[1m}[0m[2m:[0m [2mmoq_net::lite::subscriber[0m[2m:[0m peer does not support probing; skipping probe stream
[2m2026-09-06T17:43:50.458022Z[0m [34mDEBUG[0m [1mconn[0m[1m{[0m[3mid[0m[2m=[0m1[1m}[0m[2m:[0m [2mmoq_net::lite::publisher[0m[2m:[0m track info requested [3mbroadcast[0m[2m=[0mbbb.hang [3mtrack[0m[2m=[0mcatalog.json
[2m2026-09-06T17:43:50.459388Z[0m [32m INFO[0m [1mconn[0m[1m{[0m[3mid[0m[2m=[0m1[1m}[0m[2m:[0m [2mmoq_net::lite::publisher[0m[2m:[0m subscribed started [3mid[0m[2m=[0m0 [3mbroadcast[0m[2m=[0mbbb.hang [3mtrack[0m[2m=[0mcatalog.json
[2m2026-09-06T17:43:50.459484Z[0m [32m INFO[0m [1mconn[0m[1m{[0m[3mid[0m[2m=[0m0[1m}[0m[2m:[0m [2mmoq_net::lite::subscriber[0m[2m:[0m subscribe started [3mid[0m[2m=[0m0 [3mbroadcast[0m[2m=[0mbbb.hang [3mtrack[0m[2m=[0mcatalog.json
[2m2026-09-06T17:43:50.459963Z[0m [34mDEBUG[0m [1mconn[0m[1m{[0m[3mid[0m[2m=[0m1[1m}[0m[2m:[0m [2mmoq_net::lite::publisher[0m[2m:[0m serving group [3msubscribe[0m[2m=[0m0 [3mtrack[0m[2m=[0mcatalog.json [3msequence[0m[2m=[0m5
[2m2026-09-06T17:43:50.465909Z[0m [34mDEBUG[0m [1mconn[0m[1m{[0m[3mid[0m[2m=[0m1[1m}[0m[2m:[0m [2mmoq_net::lite::publisher[0m[2m:[0m finished group [3msequence[0m[2m=[0m5
[2m2026-09-06T17:43:50.466751Z[0m [34mDEBUG[0m [1mconn[0m[1m{[0m[3mid[0m[2m=[0m1[1m}[0m[2m:[0m [2mmoq_net::lite::publisher[0m[2m:[0m track info requested [3mbroadcast[0m[2m=[0mbbb.hang [3mtrack[0m[2m=[0m1.m4s
[2m2026-09-06T17:43:50.466841Z[0m [34mDEBUG[0m [1mconn[0m[1m{[0m[3mid[0m[2m=[0m1[1m}[0m[2m:[0m [2mmoq_net::lite::publisher[0m[2m:[0m track info requested [3mbroadcast[0m[2m=[0mbbb.hang [3mtrack[0m[2m=[0m0.m4s
[2m2026-09-06T17:43:50.468946Z[0m [32m INFO[0m [1mconn[0m[1m{[0m[3mid[0m[2m=[0m1[1m}[0m[2m:[0m [2mmoq_net::lite::publisher[0m[2m:[0m subscribed started [3mid[0m[2m=[0m2 [3mbroadcast[0m[2m=[0mbbb.hang [3mtrack[0m[2m=[0m0.m4s
[2m2026-09-06T17:43:50.469074Z[0m [32m INFO[0m [1mconn[0m[1m{[0m[3mid[0m[2m=[0m1[1m}[0m[2m:[0m [2mmoq_net::lite::publisher[0m[2m:[0m subscribed started [3mid[0m[2m=[0m1 [3mbroadcast[0m[2m=[0mbbb.hang [3mtrack[0m[2m=[0m1.m4s
[2m2026-09-06T17:43:50.469118Z[0m [32m INFO[0m [1mconn[0m[1m{[0m[3mid[0m[2m=[0m0[1m}[0m[2m:[0m [2mmoq_net::lite::subscriber[0m[2m:[0m subscribe started [3mid[0m[2m=[0m1 [3mbroadcast[0m[2m=[0mbbb.hang [3mtrack[0m[2m=[0m0.m4s
[2m2026-09-06T17:43:50.469211Z[0m [32m INFO[0m [1mconn[0m[1m{[0m[3mid[0m[2m=[0m0[1m}[0m[2m:[0m [2mmoq_net::lite::subscriber[0m[2m:[0m subscribe started [3mid[0m[2m=[0m2 [3mbroadcast[0m[2m=[0mbbb.hang [3mtrack[0m[2m=[0m1.m4s
[2m2026-09-06T17:43:50.471381Z[0m [34mDEBUG[0m [1mconn[0m[1m{[0m[3mid[0m[2m=[0m1[1m}[0m[2m:[0m [2mmoq_net::lite::publisher[0m[2m:[0m serving group [3msubscribe[0m[2m=[0m2 [3mtrack[0m[2m=[0m0.m4s [3msequence[0m[2m=[0m2
[2m2026-09-06T17:43:50.473824Z[0m [34mDEBUG[0m [1mconn[0m[1m{[0m[3mid[0m[2m=[0m1[1m}[0m[2m:[0m [2mmoq_net::lite::publisher[0m[2m:[0m serving group [3msubscribe[0m[2m=[0m1 [3mtrack[0m[2m=[0m1.m4s [3msequence[0m[2m=[0m2
[2m2026-09-06T17:43:51.088515Z[0m [34mDEBUG[0m [1mconn[0m[1m{[0m[3mid[0m[2m=[0m1[1m}[0m[2m:[0m [2mmoq_net::lite::publisher[0m[2m:[0m serving group [3msubscribe[0m[2m=[0m2 [3mtrack[0m[2m=[0m0.m4s [3msequence[0m[2m=[0m3
[2m2026-09-06T17:43:51.089539Z[0m [34mDEBUG[0m [1mconn[0m[1m{[0m[3mid[0m[2m=[0m1[1m}[0m[2m:[0m [2mmoq_net::lite::publisher[0m[2m:[0m finished group [3msequence[0m[2m=[0m2
[2m2026-09-06T17:43:51.089622Z[0m [34mDEBUG[0m [1mconn[0m[1m{[0m[3mid[0m[2m=[0m1[1m}[0m[2m:[0m [2mmoq_net::lite::publisher[0m[2m:[0m finished group [3msequence[0m[2m=[0m2
[2m2026-09-06T17:43:51.090721Z[0m [34mDEBUG[0m [1mconn[0m[1m{[0m[3mid[0m[2m=[0m1[1m}[0m[2m:[0m [2mmoq_net::lite::publisher[0m[2m:[0m serving group [3msubscribe[0m[2m=[0m1 [3mtrack[0m[2m=[0m1.m4s [3msequence[0m[2m=[0m3
[2m2026-09-06T17:43:53.605743Z[0m [34mDEBUG[0m [1mconn[0m[1m{[0m[3mid[0m[2m=[0m1[1m}[0m[2m:[0m [2mmoq_net::lite::publisher[0m[2m:[0m serving group [3msubscribe[0m[2m=[0m2 [3mtrack[0m[2m=[0m0.m4s [3msequence[0m[2m=[0m4
[2m2026-09-06T17:43:53.606577Z[0m [34mDEBUG[0m [1mconn[0m[1m{[0m[3mid[0m[2m=[0m1[1m}[0m[2m:[0m [2mmoq_net::lite::publisher[0m[2m:[0m serving group [3msubscribe[0m[2m=[0m1 [3mtrack[0m[2m=[0m1.m4s [3msequence[0m[2m=[0m4
[2m2026-09-06T17:43:53.606850Z[0m [34mDEBUG[0m [1mconn[0m[1m{[0m[3mid[0m[2m=[0m1[1m}[0m[2m:[0m [2mmoq_net::lite::publisher[0m[2m:[0m finished group [3msequence[0m[2m=[0m3
[2m2026-09-06T17:43:53.607062Z[0m [34mDEBUG[0m [1mconn[0m[1m{[0m[3mid[0m[2m=[0m1[1m}[0m[2m:[0m [2mmoq_net::lite::publisher[0m[2m:[0m finished group [3msequence[0m[2m=[0m3
[2m2026-09-06T17:43:55.501694Z[0m [34mDEBUG[0m [1mconn[0m[1m{[0m[3mid[0m[2m=[0m1[1m}[0m[2m:[0m [2mmoq_net::lite::publisher[0m[2m:[0m serving group [3msubscribe[0m[2m=[0m2 [3mtrack[0m[2m=[0m0.m4s [3msequence[0m[2m=[0m5
[2m2026-09-06T17:43:55.501978Z[0m [34mDEBUG[0m [1mconn[0m[1m{[0m[3mid[0m[2m=[0m1[1m}[0m[2m:[0m [2mmoq_net::lite::publisher[0m[2m:[0m serving group [3msubscribe[0m[2m=[0m1 [3mtrack[0m[2m=[0m1.m4s [3msequence[0m[2m=[0m5
[2m2026-09-06T17:43:55.503634Z[0m [34mDEBUG[0m [1mconn[0m[1m{[0m[3mid[0m[2m=[0m1[1m}[0m[2m:[0m [2mmoq_net::lite::publisher[0m[2m:[0m finished group [3msequence[0m[2m=[0m4
[2m2026-09-06T17:43:55.503729Z[0m [34mDEBUG[0m [1mconn[0m[1m{[0m[3mid[0m[2m=[0m1[1m}[0m[2m:[0m [2mmoq_net::lite::publisher[0m[2m:[0m finished group [3msequence[0m[2m=[0m4
[2m2026-09-06T17:43:58.016153Z[0m [34mDEBUG[0m [1mconn[0m[1m{[0m[3mid[0m[2m=[0m1[1m}[0m[2m:[0m [2mmoq_net::lite::publisher[0m[2m:[0m finished group [3msequence[0m[2m=[0m5
[2m2026-09-06T17:43:58.016234Z[0m [34mDEBUG[0m [1mconn[0m[1m{[0m[3mid[0m[2m=[0m1[1m}[0m[2m:[0m [2mmoq_net::lite::publisher[0m[2m:[0m serving group [3msubscribe[0m[2m=[0m1 [3mtrack[0m[2m=[0m1.m4s [3msequence[0m[2m=[0m6
[2m2026-09-06T17:43:58.016319Z[0m [34mDEBUG[0m [1mconn[0m[1m{[0m[3mid[0m[2m=[0m1[1m}[0m[2m:[0m [2mmoq_net::lite::publisher[0m[2m:[0m finished group [3msequence[0m[2m=[0m5
[2m2026-09-06T17:43:58.016341Z[0m [34mDEBUG[0m [1mconn[0m[1m{[0m[3mid[0m[2m=[0m1[1m}[0m[2m:[0m [2mmoq_net::lite::publisher[0m[2m:[0m serving group [3msubscribe[0m[2m=[0m2 [3mtrack[0m[2m=[0m0.m4s [3msequence[0m[2m=[0m6
[2m2026-09-06T17:43:59.366194Z[0m [34mDEBUG[0m [1mconn[0m[1m{[0m[3mid[0m[2m=[0m1[1m}[0m[2m:[0m [2mmoq_net::lite::publisher[0m[2m:[0m serving group [3msubscribe[0m[2m=[0m2 [3mtrack[0m[2m=[0m0.m4s [3msequence[0m[2m=[0m7
[2m2026-09-06T17:43:59.366910Z[0m [34mDEBUG[0m [1mconn[0m[1m{[0m[3mid[0m[2m=[0m1[1m}[0m[2m:[0m [2mmoq_net::lite::publisher[0m[2m:[0m finished group [3msequence[0m[2m=[0m6
[2m2026-09-06T17:43:59.367746Z[0m [34mDEBUG[0m [1mconn[0m[1m{[0m[3mid[0m[2m=[0m1[1m}[0m[2m:[0m [2mmoq_net::lite::publisher[0m[2m:[0m serving group [3msubscribe[0m[2m=[0m1 [3mtrack[0m[2m=[0m1.m4s [3msequence[0m[2m=[0m7
[2m2026-09-06T17:43:59.368004Z[0m [34mDEBUG[0m [1mconn[0m[1m{[0m[3mid[0m[2m=[0m1[1m}[0m[2m:[0m [2mmoq_net::lite::publisher[0m[2m:[0m finished group [3msequence[0m[2m=[0m6
[2m2026-09-06T17:44:01.872487Z[0m [34mDEBUG[0m [1mconn[0m[1m{[0m[3mid[0m[2m=[0m1[1m}[0m[2m:[0m [2mmoq_net::lite::publisher[0m[2m:[0m serving group [3msubscribe[0m[2m=[0m2 [3mtrack[0m[2m=[0m0.m4s [3msequence[0m[2m=[0m8
[2m2026-09-06T17:44:01.873139Z[0m [34mDEBUG[0m [1mconn[0m[1m{[0m[3mid[0m[2m=[0m1[1m}[0m[2m:[0m [2mmoq_net::lite::publisher[0m[2m:[0m serving group [3msubscribe[0m[2m=[0m1 [3mtrack[0m[2m=[0m1.m4s [3msequence[0m[2m=[0m8
[2m2026-09-06T17:44:01.874294Z[0m [34mDEBUG[0m [1mconn[0m[1m{[0m[3mid[0m[2m=[0m1[1m}[0m[2m:[0m [2mmoq_net::lite::publisher[0m[2m:[0m finished group [3msequence[0m[2m=[0m7
[2m2026-09-06T17:44:01.874341Z[0m [34mDEBUG[0m [1mconn[0m[1m{[0m[3mid[0m[2m=[0m1[1m}[0m[2m:[0m [2mmoq_net::lite::publisher[0m[2m:[0m finished group [3msequence[0m[2m=[0m7
[2m2026-09-06T17:44:04.383686Z[0m [34mDEBUG[0m [1mconn[0m[1m{[0m[3mid[0m[2m=[0m1[1m}[0m[2m:[0m [2mmoq_net::lite::publisher[0m[2m:[0m serving group [3msubscribe[0m[2m=[0m2 [3mtrack[0m[2m=[0m0.m4s [3msequence[0m[2m=[0m9
[2m2026-09-06T17:44:04.384942Z[0m [34mDEBUG[0m [1mconn[0m[1m{[0m[3mid[0m[2m=[0m1[1m}[0m[2m:[0m [2mmoq_net::lite::publisher[0m[2m:[0m serving group [3msubscribe[0m[2m=[0m1 [3mtrack[0m[2m=[0m1.m4s [3msequence[0m[2m=[0m9
[2m2026-09-06T17:44:04.385032Z[0m [34mDEBUG[0m [1mconn[0m[1m{[0m[3mid[0m[2m=[0m1[1m}[0m[2m:[0m [2mmoq_net::lite::publisher[0m[2m:[0m finished group [3msequence[0m[2m=[0m8
[2m2026-09-06T17:44:04.385774Z[0m [34mDEBUG[0m [1mconn[0m[1m{[0m[3mid[0m[2m=[0m1[1m}[0m[2m:[0m [2mmoq_net::lite::publisher[0m[2m:[0m finished group [3msequence[0m[2m=[0m8
[2m2026-09-06T17:44:06.727421Z[0m [34mDEBUG[0m [1mconn[0m[1m{[0m[3mid[0m[2m=[0m1[1m}[0m[2m:[0m [2mmoq_net::lite::publisher[0m[2m:[0m serving group [3msubscribe[0m[2m=[0m2 [3mtrack[0m[2m=[0m0.m4s [3msequence[0m[2m=[0m10
[2m2026-09-06T17:44:06.729581Z[0m [34mDEBUG[0m [1mconn[0m[1m{[0m[3mid[0m[2m=[0m1[1m}[0m[2m:[0m [2mmoq_net::lite::publisher[0m[2m:[0m finished group [3msequence[0m[2m=[0m9
[2m2026-09-06T17:44:06.729760Z[0m [34mDEBUG[0m [1mconn[0m[1m{[0m[3mid[0m[2m=[0m1[1m}[0m[2m:[0m [2mmoq_net::lite::publisher[0m[2m:[0m serving group [3msubscribe[0m[2m=[0m1 [3mtrack[0m[2m=[0m1.m4s [3msequence[0m[2m=[0m10
[2m2026-09-06T17:44:06.729900Z[0m [34mDEBUG[0m [1mconn[0m[1m{[0m[3mid[0m[2m=[0m1[1m}[0m[2m:[0m [2mmoq_net::lite::publisher[0m[2m:[0m finished group [3msequence[0m[2m=[0m9
[2m2026-09-06T17:44:09.186971Z[0m [34mDEBUG[0m [1mconn[0m[1m{[0m[3mid[0m[2m=[0m1[1m}[0m[2m:[0m [2mmoq_net::lite::publisher[0m[2m:[0m serving group [3msubscribe[0m[2m=[0m0 [3mtrack[0m[2m=[0mcatalog.json [3msequence[0m[2m=[0m6
[2m2026-09-06T17:44:09.187501Z[0m [34mDEBUG[0m [1mconn[0m[1m{[0m[3mid[0m[2m=[0m1[1m}[0m[2m:[0m [2mmoq_net::lite::publisher[0m[2m:[0m serving group [3msubscribe[0m[2m=[0m2 [3mtrack[0m[2m=[0m0.m4s [3msequence[0m[2m=[0m11
[2m2026-09-06T17:44:09.188481Z[0m [34mDEBUG[0m [1mconn[0m[1m{[0m[3mid[0m[2m=[0m1[1m}[0m[2m:[0m [2mmoq_net::lite::publisher[0m[2m:[0m finished group [3msequence[0m[2m=[0m10
[2m2026-09-06T17:44:09.189587Z[0m [34mDEBUG[0m [1mconn[0m[1m{[0m[3mid[0m[2m=[0m1[1m}[0m[2m:[0m [2mmoq_net::lite::publisher[0m[2m:[0m finished group [3msequence[0m[2m=[0m6
[2m2026-09-06T17:44:09.196137Z[0m [34mDEBUG[0m [1mconn[0m[1m{[0m[3mid[0m[2m=[0m1[1m}[0m[2m:[0m [2mmoq_net::lite::publisher[0m[2m:[0m finished group [3msequence[0m[2m=[0m10
[2m2026-09-06T17:44:09.196301Z[0m [34mDEBUG[0m [1mconn[0m[1m{[0m[3mid[0m[2m=[0m1[1m}[0m[2m:[0m [2mmoq_net::lite::publisher[0m[2m:[0m serving group [3msubscribe[0m[2m=[0m1 [3mtrack[0m[2m=[0m1.m4s [3msequence[0m[2m=[0m11
[2m2026-09-06T17:44:11.688048Z[0m [34mDEBUG[0m [1mconn[0m[1m{[0m[3mid[0m[2m=[0m1[1m}[0m[2m:[0m [2mmoq_net::lite::publisher[0m[2m:[0m serving group [3msubscribe[0m[2m=[0m1 [3mtrack[0m[2m=[0m1.m4s [3msequence[0m[2m=[0m12
[2m2026-09-06T17:44:11.688875Z[0m [34mDEBUG[0m [1mconn[0m[1m{[0m[3mid[0m[2m=[0m1[1m}[0m[2m:[0m [2mmoq_net::lite::publisher[0m[2m:[0m serving group [3msubscribe[0m[2m=[0m2 [3mtrack[0m[2m=[0m0.m4s [3msequence[0m[2m=[0m12
[2m2026-09-06T17:44:11.690067Z[0m [34mDEBUG[0m [1mconn[0m[1m{[0m[3mid[0m[2m=[0m1[1m}[0m[2m:[0m [2mmoq_net::lite::publisher[0m[2m:[0m finished group [3msequence[0m[2m=[0m11
[2m2026-09-06T17:44:11.690111Z[0m [34mDEBUG[0m [1mconn[0m[1m{[0m[3mid[0m[2m=[0m1[1m}[0m[2m:[0m [2mmoq_net::lite::publisher[0m[2m:[0m finished group [3msequence[0m[2m=[0m11
[2m2026-09-06T17:44:14.177497Z[0m [34mDEBUG[0m [1mconn[0m[1m{[0m[3mid[0m[2m=[0m1[1m}[0m[2m:[0m [2mmoq_net::lite::publisher[0m[2m:[0m finished group [3msequence[0m[2m=[0m12
[2m2026-09-06T17:44:14.177555Z[0m [34mDEBUG[0m [1mconn[0m[1m{[0m[3mid[0m[2m=[0m1[1m}[0m[2m:[0m [2mmoq_net::lite::publisher[0m[2m:[0m serving group [3msubscribe[0m[2m=[0m2 [3mtrack[0m[2m=[0m0.m4s [3msequence[0m[2m=[0m13
[2m2026-09-06T17:44:14.177653Z[0m [34mDEBUG[0m [1mconn[0m[1m{[0m[3mid[0m[2m=[0m1[1m}[0m[2m:[0m [2mmoq_net::lite::publisher[0m[2m:[0m finished group [3msequence[0m[2m=[0m12
[2m2026-09-06T17:44:14.177678Z[0m [34mDEBUG[0m [1mconn[0m[1m{[0m[3mid[0m[2m=[0m1[1m}[0m[2m:[0m [2mmoq_net::lite::publisher[0m[2m:[0m serving group [3msubscribe[0m[2m=[0m1 [3mtrack[0m[2m=[0m1.m4s [3msequence[0m[2m=[0m13
[2m2026-09-06T17:44:16.677843Z[0m [34mDEBUG[0m [1mconn[0m[1m{[0m[3mid[0m[2m=[0m1[1m}[0m[2m:[0m [2mmoq_net::lite::publisher[0m[2m:[0m serving group [3msubscribe[0m[2m=[0m2 [3mtrack[0m[2m=[0m0.m4s [3msequence[0m[2m=[0m14
[2m2026-09-06T17:44:16.678054Z[0m [34mDEBUG[0m [1mconn[0m[1m{[0m[3mid[0m[2m=[0m1[1m}[0m[2m:[0m [2mmoq_net::lite::publisher[0m[2m:[0m serving group [3msubscribe[0m[2m=[0m1 [3mtrack[0m[2m=[0m1.m4s [3msequence[0m[2m=[0m14
[2m2026-09-06T17:44:16.680125Z[0m [34mDEBUG[0m [1mconn[0m[1m{[0m[3mid[0m[2m=[0m1[1m}[0m[2m:[0m [2mmoq_net::lite::publisher[0m[2m:[0m finished group [3msequence[0m[2m=[0m13
[2m2026-09-06T17:44:16.680243Z[0m [34mDEBUG[0m [1mconn[0m[1m{[0m[3mid[0m[2m=[0m1[1m}[0m[2m:[0m [2mmoq_net::lite::publisher[0m[2m:[0m finished group [3msequence[0m[2m=[0m13
[2m2026-09-06T17:44:19.188778Z[0m [34mDEBUG[0m [1mconn[0m[1m{[0m[3mid[0m[2m=[0m1[1m}[0m[2m:[0m [2mmoq_net::lite::publisher[0m[2m:[0m serving group [3msubscribe[0m[2m=[0m2 [3mtrack[0m[2m=[0m0.m4s [3msequence[0m[2m=[0m15
[2m2026-09-06T17:44:19.188926Z[0m [34mDEBUG[0m [1mconn[0m[1m{[0m[3mid[0m[2m=[0m1[1m}[0m[2m:[0m [2mmoq_net::lite::publisher[0m[2m:[0m serving group [3msubscribe[0m[2m=[0m1 [3mtrack[0m[2m=[0m1.m4s [3msequence[0m[2m=[0m15
[2m2026-09-06T17:44:19.190784Z[0m [34mDEBUG[0m [1mconn[0m[1m{[0m[3mid[0m[2m=[0m1[1m}[0m[2m:[0m [2mmoq_net::lite::publisher[0m[2m:[0m finished group [3msequence[0m[2m=[0m14
[2m2026-09-06T17:44:19.190883Z[0m [34mDEBUG[0m [1mconn[0m[1m{[0m[3mid[0m[2m=[0m1[1m}[0m[2m:[0m [2mmoq_net::lite::publisher[0m[2m:[0m finished group [3msequence[0m[2m=[0m14
[2m2026-09-06T17:44:21.672189Z[0m [34mDEBUG[0m [1mconn[0m[1m{[0m[3mid[0m[2m=[0m1[1m}[0m[2m:[0m [2mmoq_net::lite::publisher[0m[2m:[0m serving group [3msubscribe[0m[2m=[0m2 [3mtrack[0m[2m=[0m0.m4s [3msequence[0m[2m=[0m16
[2m2026-09-06T17:44:21.673436Z[0m [34mDEBUG[0m [1mconn[0m[1m{[0m[3mid[0m[2m=[0m1[1m}[0m[2m:[0m [2mmoq_net::lite::publisher[0m[2m:[0m finished group [3msequence[0m[2m=[0m15
[2m2026-09-06T17:44:21.673500Z[0m [34mDEBUG[0m [1mconn[0m[1m{[0m[3mid[0m[2m=[0m1[1m}[0m[2m:[0m [2mmoq_net::lite::publisher[0m[2m:[0m finished group [3msequence[0m[2m=[0m15
[2m2026-09-06T17:44:21.675238Z[0m [34mDEBUG[0m [1mconn[0m[1m{[0m[3mid[0m[2m=[0m1[1m}[0m[2m:[0m [2mmoq_net::lite::publisher[0m[2m:[0m serving group [3msubscribe[0m[2m=[0m1 [3mtrack[0m[2m=[0m1.m4s [3msequence[0m[2m=[0m16
[2m2026-09-06T17:44:24.185575Z[0m [34mDEBUG[0m [1mconn[0m[1m{[0m[3mid[0m[2m=[0m1[1m}[0m[2m:[0m [2mmoq_net::lite::publisher[0m[2m:[0m serving group [3msubscribe[0m[2m=[0m2 [3mtrack[0m[2m=[0m0.m4s [3msequence[0m[2m=[0m17
[2m2026-09-06T17:44:24.185699Z[0m [34mDEBUG[0m [1mconn[0m[1m{[0m[3mid[0m[2m=[0m1[1m}[0m[2m:[0m [2mmoq_net::lite::publisher[0m[2m:[0m serving group [3msubscribe[0m[2m=[0m1 [3mtrack[0m[2m=[0m1.m4s [3msequence[0m[2m=[0m17
[2m2026-09-06T17:44:24.187149Z[0m [34mDEBUG[0m [1mconn[0m[1m{[0m[3mid[0m[2m=[0m1[1m}[0m[2m:[0m [2mmoq_net::lite::publisher[0m[2m:[0m finished group [3msequence[0m[2m=[0m16
[2m2026-09-06T17:44:24.187206Z[0m [34mDEBUG[0m [1mconn[0m[1m{[0m[3mid[0m[2m=[0m1[1m}[0m[2m:[0m [2mmoq_net::lite::publisher[0m[2m:[0m finished group [3msequence[0m[2m=[0m16
[2m2026-09-06T17:44:26.691962Z[0m [34mDEBUG[0m [1mconn[0m[1m{[0m[3mid[0m[2m=[0m1[1m}[0m[2m:[0m [2mmoq_net::lite::publisher[0m[2m:[0m serving group [3msubscribe[0m[2m=[0m1 [3mtrack[0m[2m=[0m1.m4s [3msequence[0m[2m=[0m18
[2m2026-09-06T17:44:26.692380Z[0m [34mDEBUG[0m [1mconn[0m[1m{[0m[3mid[0m[2m=[0m1[1m}[0m[2m:[0m [2mmoq_net::lite::publisher[0m[2m:[0m serving group [3msubscribe[0m[2m=[0m2 [3mtrack[0m[2m=[0m0.m4s [3msequence[0m[2m=[0m18
[2m2026-09-06T17:44:26.693658Z[0m [34mDEBUG[0m [1mconn[0m[1m{[0m[3mid[0m[2m=[0m1[1m}[0m[2m:[0m [2mmoq_net::lite::publisher[0m[2m:[0m finished group [3msequence[0m[2m=[0m17
[2m2026-09-06T17:44:26.695880Z[0m [34mDEBUG[0m [1mconn[0m[1m{[0m[3mid[0m[2m=[0m1[1m}[0m[2m:[0m [2mmoq_net::lite::publisher[0m[2m:[0m finished group [3msequence[0m[2m=[0m17
[2m2026-09-06T17:44:29.173788Z[0m [34mDEBUG[0m [1mconn[0m[1m{[0m[3mid[0m[2m=[0m1[1m}[0m[2m:[0m [2mmoq_net::lite::publisher[0m[2m:[0m serving group [3msubscribe[0m[2m=[0m2 [3mtrack[0m[2m=[0m0.m4s [3msequence[0m[2m=[0m19
[2m2026-09-06T17:44:29.173928Z[0m [34mDEBUG[0m [1mconn[0m[1m{[0m[3mid[0m[2m=[0m1[1m}[0m[2m:[0m [2mmoq_net::lite::publisher[0m[2m:[0m serving group [3msubscribe[0m[2m=[0m1 [3mtrack[0m[2m=[0m1.m4s [3msequence[0m[2m=[0m19
[2m2026-09-06T17:44:29.175791Z[0m [34mDEBUG[0m [1mconn[0m[1m{[0m[3mid[0m[2m=[0m1[1m}[0m[2m:[0m [2mmoq_net::lite::publisher[0m[2m:[0m finished group [3msequence[0m[2m=[0m18
[2m2026-09-06T17:44:29.175843Z[0m [34mDEBUG[0m [1mconn[0m[1m{[0m[3mid[0m[2m=[0m1[1m}[0m[2m:[0m [2mmoq_net::lite::publisher[0m[2m:[0m finished group [3msequence[0m[2m=[0m18
[2m2026-09-06T17:44:31.368870Z[0m [34mDEBUG[0m [1mconn[0m[1m{[0m[3mid[0m[2m=[0m1[1m}[0m[2m:[0m [2mmoq_net::lite::publisher[0m[2m:[0m serving group [3msubscribe[0m[2m=[0m2 [3mtrack[0m[2m=[0m0.m4s [3msequence[0m[2m=[0m20
[2m2026-09-06T17:44:31.369133Z[0m [34mDEBUG[0m [1mconn[0m[1m{[0m[3mid[0m[2m=[0m1[1m}[0m[2m:[0m [2mmoq_net::lite::publisher[0m[2m:[0m serving group [3msubscribe[0m[2m=[0m1 [3mtrack[0m[2m=[0m1.m4s [3msequence[0m[2m=[0m20
[2m2026-09-06T17:44:31.370523Z[0m [34mDEBUG[0m [1mconn[0m[1m{[0m[3mid[0m[2m=[0m1[1m}[0m[2m:[0m [2mmoq_net::lite::publisher[0m[2m:[0m finished group [3msequence[0m[2m=[0m19
[2m2026-09-06T17:44:31.370591Z[0m [34mDEBUG[0m [1mconn[0m[1m{[0m[3mid[0m[2m=[0m1[1m}[0m[2m:[0m [2mmoq_net::lite::publisher[0m[2m:[0m finished group [3msequence[0m[2m=[0m19
[2m2026-09-06T17:44:33.841272Z[0m [34mDEBUG[0m [1mconn[0m[1m{[0m[3mid[0m[2m=[0m1[1m}[0m[2m:[0m [2mmoq_net::lite::publisher[0m[2m:[0m serving group [3msubscribe[0m[2m=[0m2 [3mtrack[0m[2m=[0m0.m4s [3msequence[0m[2m=[0m21
[2m2026-09-06T17:44:33.842762Z[0m [34mDEBUG[0m [1mconn[0m[1m{[0m[3mid[0m[2m=[0m1[1m}[0m[2m:[0m [2mmoq_net::lite::publisher[0m[2m:[0m finished group [3msequence[0m[2m=[0m20
[2m2026-09-06T17:44:33.842833Z[0m [34mDEBUG[0m [1mconn[0m[1m{[0m[3mid[0m[2m=[0m1[1m}[0m[2m:[0m [2mmoq_net::lite::publisher[0m[2m:[0m finished group [3msequence[0m[2m=[0m20
[2m2026-09-06T17:44:33.842867Z[0m [34mDEBUG[0m [1mconn[0m[1m{[0m[3mid[0m[2m=[0m1[1m}[0m[2m:[0m [2mmoq_net::lite::publisher[0m[2m:[0m serving group [3msubscribe[0m[2m=[0m1 [3mtrack[0m[2m=[0m1.m4s [3msequence[0m[2m=[0m21
[2m2026-09-06T17:44:36.365346Z[0m [34mDEBUG[0m [1mconn[0m[1m{[0m[3mid[0m[2m=[0m1[1m}[0m[2m:[0m [2mmoq_net::lite::publisher[0m[2m:[0m serving group [3msubscribe[0m[2m=[0m2 [3mtrack[0m[2m=[0m0.m4s [3msequence[0m[2m=[0m22
[2m2026-09-06T17:44:36.365482Z[0m [34mDEBUG[0m [1mconn[0m[1m{[0m[3mid[0m[2m=[0m1[1m}[0m[2m:[0m [2mmoq_net::lite::publisher[0m[2m:[0m serving group [3msubscribe[0m[2m=[0m1 [3mtrack[0m[2m=[0m1.m4s [3msequence[0m[2m=[0m22
[2m2026-09-06T17:44:36.366649Z[0m [34mDEBUG[0m [1mconn[0m[1m{[0m[3mid[0m[2m=[0m1[1m}[0m[2m:[0m [2mmoq_net::lite::publisher[0m[2m:[0m finished group [3msequence[0m[2m=[0m21
[2m2026-09-06T17:44:36.366698Z[0m [34mDEBUG[0m [1mconn[0m[1m{[0m[3mid[0m[2m=[0m1[1m}[0m[2m:[0m [2mmoq_net::lite::publisher[0m[2m:[0m finished group [3msequence[0m[2m=[0m21
[2m2026-09-06T17:44:38.862972Z[0m [34mDEBUG[0m [1mconn[0m[1m{[0m[3mid[0m[2m=[0m1[1m}[0m[2m:[0m [2mmoq_net::lite::publisher[0m[2m:[0m finished group [3msequence[0m[2m=[0m22
[2m2026-09-06T17:44:38.863047Z[0m [34mDEBUG[0m [1mconn[0m[1m{[0m[3mid[0m[2m=[0m1[1m}[0m[2m:[0m [2mmoq_net::lite::publisher[0m[2m:[0m serving group [3msubscribe[0m[2m=[0m2 [3mtrack[0m[2m=[0m0.m4s [3msequence[0m[2m=[0m23
[2m2026-09-06T17:44:38.863157Z[0m [34mDEBUG[0m [1mconn[0m[1m{[0m[3mid[0m[2m=[0m1[1m}[0m[2m:[0m [2mmoq_net::lite::publisher[0m[2m:[0m finished group [3msequence[0m[2m=[0m22
[2m2026-09-06T17:44:38.863183Z[0m [34mDEBUG[0m [1mconn[0m[1m{[0m[3mid[0m[2m=[0m1[1m}[0m[2m:[0m [2mmoq_net::lite::publisher[0m[2m:[0m serving group [3msubscribe[0m[2m=[0m1 [3mtrack[0m[2m=[0m1.m4s [3msequence[0m[2m=[0m23
[2m2026-09-06T17:44:41.333637Z[0m [34mDEBUG[0m [1mconn[0m[1m{[0m[3mid[0m[2m=[0m1[1m}[0m[2m:[0m [2mmoq_net::lite::publisher[0m[2m:[0m serving group [3msubscribe[0m[2m=[0m2 [3mtrack[0m[2m=[0m0.m4s [3msequence[0m[2m=[0m24
[2m2026-09-06T17:44:41.335227Z[0m [34mDEBUG[0m [1mconn[0m[1m{[0m[3mid[0m[2m=[0m1[1m}[0m[2m:[0m [2mmoq_net::lite::publisher[0m[2m:[0m finished group [3msequence[0m[2m=[0m23
[2m2026-09-06T17:44:41.335504Z[0m [34mDEBUG[0m [1mconn[0m[1m{[0m[3mid[0m[2m=[0m1[1m}[0m[2m:[0m [2mmoq_net::lite::publisher[0m[2m:[0m serving group [3msubscribe[0m[2m=[0m1 [3mtrack[0m[2m=[0m1.m4s [3msequence[0m[2m=[0m24
[2m2026-09-06T17:44:41.335849Z[0m [34mDEBUG[0m [1mconn[0m[1m{[0m[3mid[0m[2m=[0m1[1m}[0m[2m:[0m [2mmoq_net::lite::publisher[0m[2m:[0m finished group [3msequence[0m[2m=[0m23
[2m2026-09-06T17:44:43.849527Z[0m [34mDEBUG[0m [1mconn[0m[1m{[0m[3mid[0m[2m=[0m1[1m}[0m[2m:[0m [2mmoq_net::lite::publisher[0m[2m:[0m serving group [3msubscribe[0m[2m=[0m2 [3mtrack[0m[2m=[0m0.m4s [3msequence[0m[2m=[0m25
[2m2026-09-06T17:44:43.849768Z[0m [34mDEBUG[0m [1mconn[0m[1m{[0m[3mid[0m[2m=[0m1[1m}[0m[2m:[0m [2mmoq_net::lite::publisher[0m[2m:[0m finished group [3msequence[0m[2m=[0m24
[2m2026-09-06T17:44:43.849823Z[0m [34mDEBUG[0m [1mconn[0m[1m{[0m[3mid[0m[2m=[0m1[1m}[0m[2m:[0m [2mmoq_net::lite::publisher[0m[2m:[0m finished group [3msequence[0m[2m=[0m24
[2m2026-09-06T17:44:43.849855Z[0m [34mDEBUG[0m [1mconn[0m[1m{[0m[3mid[0m[2m=[0m1[1m}[0m[2m:[0m [2mmoq_net::lite::publisher[0m[2m:[0m serving group [3msubscribe[0m[2m=[0m1 [3mtrack[0m[2m=[0m1.m4s [3msequence[0m[2m=[0m25
[2m2026-09-06T17:44:46.346417Z[0m [34mDEBUG[0m [1mconn[0m[1m{[0m[3mid[0m[2m=[0m1[1m}[0m[2m:[0m [2mmoq_net::lite::publisher[0m[2m:[0m finished group [3msequence[0m[2m=[0m25
[2m2026-09-06T17:44:46.346572Z[0m [34mDEBUG[0m [1mconn[0m[1m{[0m[3mid[0m[2m=[0m1[1m}[0m[2m:[0m [2mmoq_net::lite::publisher[0m[2m:[0m serving group [3msubscribe[0m[2m=[0m2 [3mtrack[0m[2m=[0m0.m4s [3msequence[0m[2m=[0m26
[2m2026-09-06T17:44:46.346784Z[0m [34mDEBUG[0m [1mconn[0m[1m{[0m[3mid[0m[2m=[0m1[1m}[0m[2m:[0m [2mmoq_net::lite::publisher[0m[2m:[0m finished group [3msequence[0m[2m=[0m25
[2m2026-09-06T17:44:46.346821Z[0m [34mDEBUG[0m [1mconn[0m[1m{[0m[3mid[0m[2m=[0m1[1m}[0m[2m:[0m [2mmoq_net::lite::publisher[0m[2m:[0m serving group [3msubscribe[0m[2m=[0m1 [3mtrack[0m[2m=[0m1.m4s [3msequence[0m[2m=[0m26
[2m2026-09-06T17:44:47.432849Z[0m [34mDEBUG[0m [1mconn[0m[1m{[0m[3mid[0m[2m=[0m1[1m}[0m[2m:[0m [2mmoq_net::lite::publisher[0m[2m:[0m serving group [3msubscribe[0m[2m=[0m2 [3mtrack[0m[2m=[0m0.m4s [3msequence[0m[2m=[0m27
[2m2026-09-06T17:44:47.433023Z[0m [34mDEBUG[0m [1mconn[0m[1m{[0m[3mid[0m[2m=[0m1[1m}[0m[2m:[0m [2mmoq_net::lite::publisher[0m[2m:[0m serving group [3msubscribe[0m[2m=[0m1 [3mtrack[0m[2m=[0m1.m4s [3msequence[0m[2m=[0m27
[2m2026-09-06T17:44:47.434625Z[0m [34mDEBUG[0m [1mconn[0m[1m{[0m[3mid[0m[2m=[0m1[1m}[0m[2m:[0m [2mmoq_net::lite::publisher[0m[2m:[0m finished group [3msequence[0m[2m=[0m26
[2m2026-09-06T17:44:47.434743Z[0m [34mDEBUG[0m [1mconn[0m[1m{[0m[3mid[0m[2m=[0m1[1m}[0m[2m:[0m [2mmoq_net::lite::publisher[0m[2m:[0m finished group [3msequence[0m[2m=[0m26
[2m2026-09-06T17:44:49.921990Z[0m [34mDEBUG[0m [1mconn[0m[1m{[0m[3mid[0m[2m=[0m1[1m}[0m[2m:[0m [2mmoq_net::lite::publisher[0m[2m:[0m serving group [3msubscribe[0m[2m=[0m2 [3mtrack[0m[2m=[0m0.m4s [3msequence[0m[2m=[0m28
[2m2026-09-06T17:44:49.922309Z[0m [34mDEBUG[0m [1mconn[0m[1m{[0m[3mid[0m[2m=[0m1[1m}[0m[2m:[0m [2mmoq_net::lite::publisher[0m[2m:[0m serving group [3msubscribe[0m[2m=[0m1 [3mtrack[0m[2m=[0m1.m4s [3msequence[0m[2m=[0m28
[2m2026-09-06T17:44:49.925279Z[0m [34mDEBUG[0m [1mconn[0m[1m{[0m[3mid[0m[2m=[0m1[1m}[0m[2m:[0m [2mmoq_net::lite::publisher[0m[2m:[0m finished group [3msequence[0m[2m=[0m27
[2m2026-09-06T17:44:49.925366Z[0m [34mDEBUG[0m [1mconn[0m[1m{[0m[3mid[0m[2m=[0m1[1m}[0m[2m:[0m [2mmoq_net::lite::publisher[0m[2m:[0m finished group [3msequence[0m[2m=[0m27
[2m2026-09-06T17:44:50.848121Z[0m [34mDEBUG[0m [1mconn[0m[1m{[0m[3mid[0m[2m=[0m1[1m}[0m[2m:[0m [2mmoq_net::lite::publisher[0m[2m:[0m announcing cancelled [3mprefix[0m[2m=[0m
[2m2026-09-06T17:44:50.848211Z[0m [33m WARN[0m [2mmoq_relay::relay[0m[2m:[0m connection closed [3merr[0m[2m=[0mcancelled
[2m2026-09-06T17:44:50.848258Z[0m [33m WARN[0m [1mconn[0m[1m{[0m[3mid[0m[2m=[0m1[1m}[0m[2m:[0m [2mmoq_net::lite::publisher[0m[2m:[0m probe stream error [3merr[0m[2m=[0mcancelled
[2m2026-09-06T17:44:50.848329Z[0m [32m INFO[0m [1mconn[0m[1m{[0m[3mid[0m[2m=[0m1[1m}[0m[2m:[0m [2mmoq_net::lite::publisher[0m[2m:[0m subscribed cancelled [3mid[0m[2m=[0m0 [3mbroadcast[0m[2m=[0mbbb.hang [3mtrack[0m[2m=[0mcatalog.json
[2m2026-09-06T17:44:50.848407Z[0m [32m INFO[0m [1mconn[0m[1m{[0m[3mid[0m[2m=[0m1[1m}[0m[2m:[0m [2mmoq_net::lite::publisher[0m[2m:[0m subscribed cancelled [3mid[0m[2m=[0m1 [3mbroadcast[0m[2m=[0mbbb.hang [3mtrack[0m[2m=[0m1.m4s
[2m2026-09-06T17:44:50.848488Z[0m [32m INFO[0m [1mconn[0m[1m{[0m[3mid[0m[2m=[0m0[1m}[0m[2m:[0m [2mmoq_net::lite::subscriber[0m[2m:[0m subscribe canceled (idle) [3mtrack[0m[2m=[0mcatalog.json
[2m2026-09-06T17:44:50.848527Z[0m [32m INFO[0m [1mconn[0m[1m{[0m[3mid[0m[2m=[0m0[1m}[0m[2m:[0m [2mmoq_net::lite::subscriber[0m[2m:[0m subscribe canceled (idle) [3mtrack[0m[2m=[0m1.m4s
[2m2026-09-06T17:44:50.848570Z[0m [32m INFO[0m [1mconn[0m[1m{[0m[3mid[0m[2m=[0m1[1m}[0m[2m:[0m [2mmoq_net::lite::publisher[0m[2m:[0m subscribed cancelled [3mid[0m[2m=[0m2 [3mbroadcast[0m[2m=[0mbbb.hang [3mtrack[0m[2m=[0m0.m4s
[2m2026-09-06T17:44:50.848682Z[0m [33m WARN[0m [1mconn[0m[1m{[0m[3mid[0m[2m=[0m1[1m}[0m[2m:[0m [2mmoq_net::lite::session[0m[2m:[0m session error [3merr[0m[2m=[0mcancelled
[2m2026-09-06T17:44:50.848683Z[0m [32m INFO[0m [1mconn[0m[1m{[0m[3mid[0m[2m=[0m0[1m}[0m[2m:[0m [2mmoq_net::lite::subscriber[0m[2m:[0m subscribe canceled (idle) [3mtrack[0m[2m=[0m0.m4s
[2m2026-09-06T17:44:54.050346Z[0m [32m INFO[0m [1mconn[0m[1m{[0m[3mid[0m[2m=[0m2[1m}[0m[2m:[0m [2mmoq_relay::connection[0m[2m:[0m session accepted [3mtransport[0m[2m=[0mquic [3mrole[0m[2m=[0mNone [3mtier[0m[2m=[0m [3mroot[0m[2m=[0m [3mpublish[0m[2m=[0m [3msubscribe[0m[2m=[0m
[2m2026-09-06T17:44:54.050469Z[0m [32m INFO[0m [1mconn[0m[1m{[0m[3mid[0m[2m=[0m2[1m}[0m[2m:[0m [2mmoq_relay::connection[0m[2m:[0m negotiated [3mversion[0m[2m=[0mmoq-lite-05 [3mtransport[0m[2m=[0mquic
[2m2026-09-06T17:44:54.050619Z[0m [34mDEBUG[0m [1mconn[0m[1m{[0m[3mid[0m[2m=[0m2[1m}[0m[2m:[0m [2mmoq_net::lite::publisher[0m[2m:[0m announce [3mroute[0m[2m=[0m.stats/node/local/host
[2m2026-09-06T17:44:54.050637Z[0m [34mDEBUG[0m [1mconn[0m[1m{[0m[3mid[0m[2m=[0m2[1m}[0m[2m:[0m [2mmoq_net::lite::publisher[0m[2m:[0m announce [3mroute[0m[2m=[0mbbb.hang
[2m2026-09-06T17:44:54.050707Z[0m [34mDEBUG[0m [1mconn[0m[1m{[0m[3mid[0m[2m=[0m2[1m}[0m[2m:[0m [2mmoq_net::lite::subscriber[0m[2m:[0m peer does not support probing; skipping probe stream
[2m2026-09-06T17:44:54.053017Z[0m [34mDEBUG[0m [1mconn[0m[1m{[0m[3mid[0m[2m=[0m2[1m}[0m[2m:[0m [2mmoq_net::lite::publisher[0m[2m:[0m track info requested [3mbroadcast[0m[2m=[0mbbb.hang [3mtrack[0m[2m=[0mcatalog.json
[2m2026-09-06T17:44:54.053893Z[0m [32m INFO[0m [1mconn[0m[1m{[0m[3mid[0m[2m=[0m2[1m}[0m[2m:[0m [2mmoq_net::lite::publisher[0m[2m:[0m subscribed started [3mid[0m[2m=[0m0 [3mbroadcast[0m[2m=[0mbbb.hang [3mtrack[0m[2m=[0mcatalog.json
[2m2026-09-06T17:44:54.054053Z[0m [34mDEBUG[0m [1mconn[0m[1m{[0m[3mid[0m[2m=[0m2[1m}[0m[2m:[0m [2mmoq_net::lite::publisher[0m[2m:[0m serving group [3msubscribe[0m[2m=[0m0 [3mtrack[0m[2m=[0mcatalog.json [3msequence[0m[2m=[0m6
[2m2026-09-06T17:44:54.054113Z[0m [32m INFO[0m [1mconn[0m[1m{[0m[3mid[0m[2m=[0m0[1m}[0m[2m:[0m [2mmoq_net::lite::subscriber[0m[2m:[0m subscribe started [3mid[0m[2m=[0m3 [3mbroadcast[0m[2m=[0mbbb.hang [3mtrack[0m[2m=[0mcatalog.json
[2m2026-09-06T17:44:54.054379Z[0m [34mDEBUG[0m [1mconn[0m[1m{[0m[3mid[0m[2m=[0m2[1m}[0m[2m:[0m [2mmoq_net::lite::publisher[0m[2m:[0m finished group [3msequence[0m[2m=[0m6
[2m2026-09-06T17:44:54.060398Z[0m [34mDEBUG[0m [1mconn[0m[1m{[0m[3mid[0m[2m=[0m2[1m}[0m[2m:[0m [2mmoq_net::lite::publisher[0m[2m:[0m track info requested [3mbroadcast[0m[2m=[0mbbb.hang [3mtrack[0m[2m=[0m1.m4s
[2m2026-09-06T17:44:54.060508Z[0m [34mDEBUG[0m [1mconn[0m[1m{[0m[3mid[0m[2m=[0m2[1m}[0m[2m:[0m [2mmoq_net::lite::publisher[0m[2m:[0m track info requested [3mbroadcast[0m[2m=[0mbbb.hang [3mtrack[0m[2m=[0m0.m4s
[2m2026-09-06T17:44:54.061639Z[0m [32m INFO[0m [1mconn[0m[1m{[0m[3mid[0m[2m=[0m2[1m}[0m[2m:[0m [2mmoq_net::lite::publisher[0m[2m:[0m subscribed started [3mid[0m[2m=[0m1 [3mbroadcast[0m[2m=[0mbbb.hang [3mtrack[0m[2m=[0m1.m4s
[2m2026-09-06T17:44:54.061857Z[0m [32m INFO[0m [1mconn[0m[1m{[0m[3mid[0m[2m=[0m2[1m}[0m[2m:[0m [2mmoq_net::lite::publisher[0m[2m:[0m subscribed started [3mid[0m[2m=[0m2 [3mbroadcast[0m[2m=[0mbbb.hang [3mtrack[0m[2m=[0m0.m4s
[2m2026-09-06T17:44:54.061911Z[0m [32m INFO[0m [1mconn[0m[1m{[0m[3mid[0m[2m=[0m0[1m}[0m[2m:[0m [2mmoq_net::lite::subscriber[0m[2m:[0m subscribe started [3mid[0m[2m=[0m4 [3mbroadcast[0m[2m=[0mbbb.hang [3mtrack[0m[2m=[0m1.m4s
[2m2026-09-06T17:44:54.061986Z[0m [32m INFO[0m [1mconn[0m[1m{[0m[3mid[0m[2m=[0m0[1m}[0m[2m:[0m [2mmoq_net::lite::subscriber[0m[2m:[0m subscribe started [3mid[0m[2m=[0m5 [3mbroadcast[0m[2m=[0mbbb.hang [3mtrack[0m[2m=[0m0.m4s
[2m2026-09-06T17:44:54.063457Z[0m [34mDEBUG[0m [1mconn[0m[1m{[0m[3mid[0m[2m=[0m2[1m}[0m[2m:[0m [2mmoq_net::lite::publisher[0m[2m:[0m serving group [3msubscribe[0m[2m=[0m2 [3mtrack[0m[2m=[0m0.m4s [3msequence[0m[2m=[0m29
[2m2026-09-06T17:44:54.083050Z[0m [34mDEBUG[0m [1mconn[0m[1m{[0m[3mid[0m[2m=[0m2[1m}[0m[2m:[0m [2mmoq_net::lite::publisher[0m[2m:[0m serving group [3msubscribe[0m[2m=[0m1 [3mtrack[0m[2m=[0m1.m4s [3msequence[0m[2m=[0m29
[2m2026-09-06T17:44:54.937964Z[0m [34mDEBUG[0m [1mconn[0m[1m{[0m[3mid[0m[2m=[0m2[1m}[0m[2m:[0m [2mmoq_net::lite::publisher[0m[2m:[0m finished group [3msequence[0m[2m=[0m29
[2m2026-09-06T17:44:54.938024Z[0m [34mDEBUG[0m [1mconn[0m[1m{[0m[3mid[0m[2m=[0m2[1m}[0m[2m:[0m [2mmoq_net::lite::publisher[0m[2m:[0m serving group [3msubscribe[0m[2m=[0m2 [3mtrack[0m[2m=[0m0.m4s [3msequence[0m[2m=[0m30
[2m2026-09-06T17:44:54.938129Z[0m [34mDEBUG[0m [1mconn[0m[1m{[0m[3mid[0m[2m=[0m2[1m}[0m[2m:[0m [2mmoq_net::lite::publisher[0m[2m:[0m finished group [3msequence[0m[2m=[0m29
[2m2026-09-06T17:44:54.938163Z[0m [34mDEBUG[0m [1mconn[0m[1m{[0m[3mid[0m[2m=[0m2[1m}[0m[2m:[0m [2mmoq_net::lite::publisher[0m[2m:[0m serving group [3msubscribe[0m[2m=[0m1 [3mtrack[0m[2m=[0m1.m4s [3msequence[0m[2m=[0m30
[2m2026-09-06T17:44:57.099852Z[0m [34mDEBUG[0m [1mconn[0m[1m{[0m[3mid[0m[2m=[0m2[1m}[0m[2m:[0m [2mmoq_net::lite::publisher[0m[2m:[0m serving group [3msubscribe[0m[2m=[0m2 [3mtrack[0m[2m=[0m0.m4s [3msequence[0m[2m=[0m31
[2m2026-09-06T17:44:57.101586Z[0m [34mDEBUG[0m [1mconn[0m[1m{[0m[3mid[0m[2m=[0m2[1m}[0m[2m:[0m [2mmoq_net::lite::publisher[0m[2m:[0m finished group [3msequence[0m[2m=[0m30
[2m2026-09-06T17:44:57.104663Z[0m [34mDEBUG[0m [1mconn[0m[1m{[0m[3mid[0m[2m=[0m2[1m}[0m[2m:[0m [2mmoq_net::lite::publisher[0m[2m:[0m serving group [3msubscribe[0m[2m=[0m1 [3mtrack[0m[2m=[0m1.m4s [3msequence[0m[2m=[0m31
[2m2026-09-06T17:44:57.105943Z[0m [34mDEBUG[0m [1mconn[0m[1m{[0m[3mid[0m[2m=[0m2[1m}[0m[2m:[0m [2mmoq_net::lite::publisher[0m[2m:[0m finished group [3msequence[0m[2m=[0m30
[2m2026-09-06T17:44:59.186101Z[0m [34mDEBUG[0m [1mconn[0m[1m{[0m[3mid[0m[2m=[0m2[1m}[0m[2m:[0m [2mmoq_net::lite::publisher[0m[2m:[0m serving group [3msubscribe[0m[2m=[0m2 [3mtrack[0m[2m=[0m0.m4s [3msequence[0m[2m=[0m32
[2m2026-09-06T17:44:59.186207Z[0m [34mDEBUG[0m [1mconn[0m[1m{[0m[3mid[0m[2m=[0m2[1m}[0m[2m:[0m [2mmoq_net::lite::publisher[0m[2m:[0m serving group [3msubscribe[0m[2m=[0m1 [3mtrack[0m[2m=[0m1.m4s [3msequence[0m[2m=[0m32
[2m2026-09-06T17:44:59.190446Z[0m [34mDEBUG[0m [1mconn[0m[1m{[0m[3mid[0m[2m=[0m2[1m}[0m[2m:[0m [2mmoq_net::lite::publisher[0m[2m:[0m finished group [3msequence[0m[2m=[0m31
[2m2026-09-06T17:44:59.190556Z[0m [34mDEBUG[0m [1mconn[0m[1m{[0m[3mid[0m[2m=[0m2[1m}[0m[2m:[0m [2mmoq_net::lite::publisher[0m[2m:[0m finished group [3msequence[0m[2m=[0m31
[2m2026-09-06T17:45:01.677257Z[0m [34mDEBUG[0m [1mconn[0m[1m{[0m[3mid[0m[2m=[0m2[1m}[0m[2m:[0m [2mmoq_net::lite::publisher[0m[2m:[0m serving group [3msubscribe[0m[2m=[0m2 [3mtrack[0m[2m=[0m0.m4s [3msequence[0m[2m=[0m33
[2m2026-09-06T17:45:01.677396Z[0m [34mDEBUG[0m [1mconn[0m[1m{[0m[3mid[0m[2m=[0m2[1m}[0m[2m:[0m [2mmoq_net::lite::publisher[0m[2m:[0m serving group [3msubscribe[0m[2m=[0m1 [3mtrack[0m[2m=[0m1.m4s [3msequence[0m[2m=[0m33
[2m2026-09-06T17:45:01.680650Z[0m [34mDEBUG[0m [1mconn[0m[1m{[0m[3mid[0m[2m=[0m2[1m}[0m[2m:[0m [2mmoq_net::lite::publisher[0m[2m:[0m finished group [3msequence[0m[2m=[0m32
[2m2026-09-06T17:45:01.680749Z[0m [34mDEBUG[0m [1mconn[0m[1m{[0m[3mid[0m[2m=[0m2[1m}[0m[2m:[0m [2mmoq_net::lite::publisher[0m[2m:[0m finished group [3msequence[0m[2m=[0m32
[2m2026-09-06T17:45:03.592391Z[0m [34mDEBUG[0m [1mconn[0m[1m{[0m[3mid[0m[2m=[0m2[1m}[0m[2m:[0m [2mmoq_net::lite::publisher[0m[2m:[0m serving group [3msubscribe[0m[2m=[0m2 [3mtrack[0m[2m=[0m0.m4s [3msequence[0m[2m=[0m34
[2m2026-09-06T17:45:03.593673Z[0m [34mDEBUG[0m [1mconn[0m[1m{[0m[3mid[0m[2m=[0m2[1m}[0m[2m:[0m [2mmoq_net::lite::publisher[0m[2m:[0m finished group [3msequence[0m[2m=[0m33
[2m2026-09-06T17:45:03.604574Z[0m [34mDEBUG[0m [1mconn[0m[1m{[0m[3mid[0m[2m=[0m2[1m}[0m[2m:[0m [2mmoq_net::lite::publisher[0m[2m:[0m serving group [3msubscribe[0m[2m=[0m1 [3mtrack[0m[2m=[0m1.m4s [3msequence[0m[2m=[0m34
[2m2026-09-06T17:45:03.605809Z[0m [34mDEBUG[0m [1mconn[0m[1m{[0m[3mid[0m[2m=[0m2[1m}[0m[2m:[0m [2mmoq_net::lite::publisher[0m[2m:[0m finished group [3msequence[0m[2m=[0m33
[2m2026-09-06T17:45:06.085469Z[0m [34mDEBUG[0m [1mconn[0m[1m{[0m[3mid[0m[2m=[0m2[1m}[0m[2m:[0m [2mmoq_net::lite::publisher[0m[2m:[0m serving group [3msubscribe[0m[2m=[0m2 [3mtrack[0m[2m=[0m0.m4s [3msequence[0m[2m=[0m35
[2m2026-09-06T17:45:06.085621Z[0m [34mDEBUG[0m [1mconn[0m[1m{[0m[3mid[0m[2m=[0m2[1m}[0m[2m:[0m [2mmoq_net::lite::publisher[0m[2m:[0m serving group [3msubscribe[0m[2m=[0m1 [3mtrack[0m[2m=[0m1.m4s [3msequence[0m[2m=[0m35
[2m2026-09-06T17:45:06.086887Z[0m [34mDEBUG[0m [1mconn[0m[1m{[0m[3mid[0m[2m=[0m2[1m}[0m[2m:[0m [2mmoq_net::lite::publisher[0m[2m:[0m finished group [3msequence[0m[2m=[0m34
[2m2026-09-06T17:45:06.087297Z[0m [34mDEBUG[0m [1mconn[0m[1m{[0m[3mid[0m[2m=[0m2[1m}[0m[2m:[0m [2mmoq_net::lite::publisher[0m[2m:[0m finished group [3msequence[0m[2m=[0m34
[2m2026-09-06T17:45:08.602815Z[0m [34mDEBUG[0m [1mconn[0m[1m{[0m[3mid[0m[2m=[0m2[1m}[0m[2m:[0m [2mmoq_net::lite::publisher[0m[2m:[0m serving group [3msubscribe[0m[2m=[0m2 [3mtrack[0m[2m=[0m0.m4s [3msequence[0m[2m=[0m36
[2m2026-09-06T17:45:08.603061Z[0m [34mDEBUG[0m [1mconn[0m[1m{[0m[3mid[0m[2m=[0m2[1m}[0m[2m:[0m [2mmoq_net::lite::publisher[0m[2m:[0m finished group [3msequence[0m[2m=[0m35
[2m2026-09-06T17:45:08.603100Z[0m [34mDEBUG[0m [1mconn[0m[1m{[0m[3mid[0m[2m=[0m2[1m}[0m[2m:[0m [2mmoq_net::lite::publisher[0m[2m:[0m finished group [3msequence[0m[2m=[0m35
[2m2026-09-06T17:45:08.603128Z[0m [34mDEBUG[0m [1mconn[0m[1m{[0m[3mid[0m[2m=[0m2[1m}[0m[2m:[0m [2mmoq_net::lite::publisher[0m[2m:[0m serving group [3msubscribe[0m[2m=[0m1 [3mtrack[0m[2m=[0m1.m4s [3msequence[0m[2m=[0m36
[2m2026-09-06T17:45:11.098903Z[0m [34mDEBUG[0m [1mconn[0m[1m{[0m[3mid[0m[2m=[0m2[1m}[0m[2m:[0m [2mmoq_net::lite::publisher[0m[2m:[0m serving group [3msubscribe[0m[2m=[0m2 [3mtrack[0m[2m=[0m0.m4s [3msequence[0m[2m=[0m37
[2m2026-09-06T17:45:11.100071Z[0m [34mDEBUG[0m [1mconn[0m[1m{[0m[3mid[0m[2m=[0m2[1m}[0m[2m:[0m [2mmoq_net::lite::publisher[0m[2m:[0m finished group [3msequence[0m[2m=[0m36
[2m2026-09-06T17:45:11.102143Z[0m [34mDEBUG[0m [1mconn[0m[1m{[0m[3mid[0m[2m=[0m2[1m}[0m[2m:[0m [2mmoq_net::lite::publisher[0m[2m:[0m serving group [3msubscribe[0m[2m=[0m1 [3mtrack[0m[2m=[0m1.m4s [3msequence[0m[2m=[0m37
[2m2026-09-06T17:45:11.103510Z[0m [34mDEBUG[0m [1mconn[0m[1m{[0m[3mid[0m[2m=[0m2[1m}[0m[2m:[0m [2mmoq_net::lite::publisher[0m[2m:[0m finished group [3msequence[0m[2m=[0m36
[2m2026-09-06T17:45:13.390441Z[0m [34mDEBUG[0m [1mconn[0m[1m{[0m[3mid[0m[2m=[0m2[1m}[0m[2m:[0m [2mmoq_net::lite::publisher[0m[2m:[0m finished group [3msequence[0m[2m=[0m37
[2m2026-09-06T17:45:13.390494Z[0m [34mDEBUG[0m [1mconn[0m[1m{[0m[3mid[0m[2m=[0m2[1m}[0m[2m:[0m [2mmoq_net::lite::publisher[0m[2m:[0m serving group [3msubscribe[0m[2m=[0m2 [3mtrack[0m[2m=[0m0.m4s [3msequence[0m[2m=[0m38
[2m2026-09-06T17:45:13.390586Z[0m [34mDEBUG[0m [1mconn[0m[1m{[0m[3mid[0m[2m=[0m2[1m}[0m[2m:[0m [2mmoq_net::lite::publisher[0m[2m:[0m finished group [3msequence[0m[2m=[0m37
[2m2026-09-06T17:45:13.390609Z[0m [34mDEBUG[0m [1mconn[0m[1m{[0m[3mid[0m[2m=[0m2[1m}[0m[2m:[0m [2mmoq_net::lite::publisher[0m[2m:[0m serving group [3msubscribe[0m[2m=[0m1 [3mtrack[0m[2m=[0m1.m4s [3msequence[0m[2m=[0m38
[2m2026-09-06T17:45:15.050393Z[0m [34mDEBUG[0m [1mconn[0m[1m{[0m[3mid[0m[2m=[0m2[1m}[0m[2m:[0m [2mmoq_net::lite::publisher[0m[2m:[0m serving group [3msubscribe[0m[2m=[0m2 [3mtrack[0m[2m=[0m0.m4s [3msequence[0m[2m=[0m39
[2m2026-09-06T17:45:15.050758Z[0m [34mDEBUG[0m [1mconn[0m[1m{[0m[3mid[0m[2m=[0m2[1m}[0m[2m:[0m [2mmoq_net::lite::publisher[0m[2m:[0m serving group [3msubscribe[0m[2m=[0m1 [3mtrack[0m[2m=[0m1.m4s [3msequence[0m[2m=[0m39
[2m2026-09-06T17:45:15.052322Z[0m [34mDEBUG[0m [1mconn[0m[1m{[0m[3mid[0m[2m=[0m2[1m}[0m[2m:[0m [2mmoq_net::lite::publisher[0m[2m:[0m finished group [3msequence[0m[2m=[0m38
[2m2026-09-06T17:45:15.052738Z[0m [34mDEBUG[0m [1mconn[0m[1m{[0m[3mid[0m[2m=[0m2[1m}[0m[2m:[0m [2mmoq_net::lite::publisher[0m[2m:[0m finished group [3msequence[0m[2m=[0m38
[2m2026-09-06T17:45:17.560228Z[0m [34mDEBUG[0m [1mconn[0m[1m{[0m[3mid[0m[2m=[0m2[1m}[0m[2m:[0m [2mmoq_net::lite::publisher[0m[2m:[0m serving group [3msubscribe[0m[2m=[0m2 [3mtrack[0m[2m=[0m0.m4s [3msequence[0m[2m=[0m40
[2m2026-09-06T17:45:17.560813Z[0m [34mDEBUG[0m [1mconn[0m[1m{[0m[3mid[0m[2m=[0m2[1m}[0m[2m:[0m [2mmoq_net::lite::publisher[0m[2m:[0m finished group [3msequence[0m[2m=[0m39
[2m2026-09-06T17:45:17.560859Z[0m [34mDEBUG[0m [1mconn[0m[1m{[0m[3mid[0m[2m=[0m2[1m}[0m[2m:[0m [2mmoq_net::lite::publisher[0m[2m:[0m finished group [3msequence[0m[2m=[0m39
[2m2026-09-06T17:45:17.564445Z[0m [34mDEBUG[0m [1mconn[0m[1m{[0m[3mid[0m[2m=[0m2[1m}[0m[2m:[0m [2mmoq_net::lite::publisher[0m[2m:[0m serving group [3msubscribe[0m[2m=[0m1 [3mtrack[0m[2m=[0m1.m4s [3msequence[0m[2m=[0m40
[2m2026-09-06T17:45:20.038621Z[0m [34mDEBUG[0m [1mconn[0m[1m{[0m[3mid[0m[2m=[0m2[1m}[0m[2m:[0m [2mmoq_net::lite::publisher[0m[2m:[0m serving group [3msubscribe[0m[2m=[0m2 [3mtrack[0m[2m=[0m0.m4s [3msequence[0m[2m=[0m41
[2m2026-09-06T17:45:20.040613Z[0m [34mDEBUG[0m [1mconn[0m[1m{[0m[3mid[0m[2m=[0m2[1m}[0m[2m:[0m [2mmoq_net::lite::publisher[0m[2m:[0m serving group [3msubscribe[0m[2m=[0m1 [3mtrack[0m[2m=[0m1.m4s [3msequence[0m[2m=[0m41
[2m2026-09-06T17:45:20.040795Z[0m [34mDEBUG[0m [1mconn[0m[1m{[0m[3mid[0m[2m=[0m2[1m}[0m[2m:[0m [2mmoq_net::lite::publisher[0m[2m:[0m finished group [3msequence[0m[2m=[0m40
[2m2026-09-06T17:45:20.041777Z[0m [34mDEBUG[0m [1mconn[0m[1m{[0m[3mid[0m[2m=[0m2[1m}[0m[2m:[0m [2mmoq_net::lite::publisher[0m[2m:[0m finished group [3msequence[0m[2m=[0m40
[2m2026-09-06T17:45:22.557576Z[0m [34mDEBUG[0m [1mconn[0m[1m{[0m[3mid[0m[2m=[0m2[1m}[0m[2m:[0m [2mmoq_net::lite::publisher[0m[2m:[0m serving group [3msubscribe[0m[2m=[0m2 [3mtrack[0m[2m=[0m0.m4s [3msequence[0m[2m=[0m42
[2m2026-09-06T17:45:22.557715Z[0m [34mDEBUG[0m [1mconn[0m[1m{[0m[3mid[0m[2m=[0m2[1m}[0m[2m:[0m [2mmoq_net::lite::publisher[0m[2m:[0m serving group [3msubscribe[0m[2m=[0m1 [3mtrack[0m[2m=[0m1.m4s [3msequence[0m[2m=[0m42
[2m2026-09-06T17:45:22.558727Z[0m [34mDEBUG[0m [1mconn[0m[1m{[0m[3mid[0m[2m=[0m2[1m}[0m[2m:[0m [2mmoq_net::lite::publisher[0m[2m:[0m finished group [3msequence[0m[2m=[0m41
[2m2026-09-06T17:45:22.558805Z[0m [34mDEBUG[0m [1mconn[0m[1m{[0m[3mid[0m[2m=[0m2[1m}[0m[2m:[0m [2mmoq_net::lite::publisher[0m[2m:[0m finished group [3msequence[0m[2m=[0m41
[2m2026-09-06T17:45:25.082288Z[0m [34mDEBUG[0m [1mconn[0m[1m{[0m[3mid[0m[2m=[0m2[1m}[0m[2m:[0m [2mmoq_net::lite::publisher[0m[2m:[0m serving group [3msubscribe[0m[2m=[0m2 [3mtrack[0m[2m=[0m0.m4s [3msequence[0m[2m=[0m43
[2m2026-09-06T17:45:25.082718Z[0m [34mDEBUG[0m [1mconn[0m[1m{[0m[3mid[0m[2m=[0m2[1m}[0m[2m:[0m [2mmoq_net::lite::publisher[0m[2m:[0m serving group [3msubscribe[0m[2m=[0m1 [3mtrack[0m[2m=[0m1.m4s [3msequence[0m[2m=[0m43
[2m2026-09-06T17:45:25.085217Z[0m [34mDEBUG[0m [1mconn[0m[1m{[0m[3mid[0m[2m=[0m2[1m}[0m[2m:[0m [2mmoq_net::lite::publisher[0m[2m:[0m finished group [3msequence[0m[2m=[0m42
[2m2026-09-06T17:45:25.085347Z[0m [34mDEBUG[0m [1mconn[0m[1m{[0m[3mid[0m[2m=[0m2[1m}[0m[2m:[0m [2mmoq_net::lite::publisher[0m[2m:[0m finished group [3msequence[0m[2m=[0m42
[2m2026-09-06T17:45:27.538563Z[0m [34mDEBUG[0m [1mconn[0m[1m{[0m[3mid[0m[2m=[0m2[1m}[0m[2m:[0m [2mmoq_net::lite::publisher[0m[2m:[0m serving group [3msubscribe[0m[2m=[0m2 [3mtrack[0m[2m=[0m0.m4s [3msequence[0m[2m=[0m44
[2m2026-09-06T17:45:27.539665Z[0m [34mDEBUG[0m [1mconn[0m[1m{[0m[3mid[0m[2m=[0m2[1m}[0m[2m:[0m [2mmoq_net::lite::publisher[0m[2m:[0m finished group [3msequence[0m[2m=[0m43
[2m2026-09-06T17:45:27.539743Z[0m [34mDEBUG[0m [1mconn[0m[1m{[0m[3mid[0m[2m=[0m2[1m}[0m[2m:[0m [2mmoq_net::lite::publisher[0m[2m:[0m serving group [3msubscribe[0m[2m=[0m1 [3mtrack[0m[2m=[0m1.m4s [3msequence[0m[2m=[0m44
[2m2026-09-06T17:45:27.539828Z[0m [34mDEBUG[0m [1mconn[0m[1m{[0m[3mid[0m[2m=[0m2[1m}[0m[2m:[0m [2mmoq_net::lite::publisher[0m[2m:[0m finished group [3msequence[0m[2m=[0m43
[2m2026-09-06T17:45:30.044623Z[0m [34mDEBUG[0m [1mconn[0m[1m{[0m[3mid[0m[2m=[0m2[1m}[0m[2m:[0m [2mmoq_net::lite::publisher[0m[2m:[0m serving group [3msubscribe[0m[2m=[0m2 [3mtrack[0m[2m=[0m0.m4s [3msequence[0m[2m=[0m45
[2m2026-09-06T17:45:30.044774Z[0m [34mDEBUG[0m [1mconn[0m[1m{[0m[3mid[0m[2m=[0m2[1m}[0m[2m:[0m [2mmoq_net::lite::publisher[0m[2m:[0m serving group [3msubscribe[0m[2m=[0m1 [3mtrack[0m[2m=[0m1.m4s [3msequence[0m[2m=[0m45
[2m2026-09-06T17:45:30.045797Z[0m [34mDEBUG[0m [1mconn[0m[1m{[0m[3mid[0m[2m=[0m2[1m}[0m[2m:[0m [2mmoq_net::lite::publisher[0m[2m:[0m finished group [3msequence[0m[2m=[0m44
[2m2026-09-06T17:45:30.045851Z[0m [34mDEBUG[0m [1mconn[0m[1m{[0m[3mid[0m[2m=[0m2[1m}[0m[2m:[0m [2mmoq_net::lite::publisher[0m[2m:[0m finished group [3msequence[0m[2m=[0m44
[2m2026-09-06T17:45:32.544009Z[0m [34mDEBUG[0m [1mconn[0m[1m{[0m[3mid[0m[2m=[0m2[1m}[0m[2m:[0m [2mmoq_net::lite::publisher[0m[2m:[0m serving group [3msubscribe[0m[2m=[0m1 [3mtrack[0m[2m=[0m1.m4s [3msequence[0m[2m=[0m46
[2m2026-09-06T17:45:32.544103Z[0m [34mDEBUG[0m [1mconn[0m[1m{[0m[3mid[0m[2m=[0m2[1m}[0m[2m:[0m [2mmoq_net::lite::publisher[0m[2m:[0m serving group [3msubscribe[0m[2m=[0m2 [3mtrack[0m[2m=[0m0.m4s [3msequence[0m[2m=[0m46
[2m2026-09-06T17:45:32.544850Z[0m [34mDEBUG[0m [1mconn[0m[1m{[0m[3mid[0m[2m=[0m2[1m}[0m[2m:[0m [2mmoq_net::lite::publisher[0m[2m:[0m finished group [3msequence[0m[2m=[0m45
[2m2026-09-06T17:45:32.544930Z[0m [34mDEBUG[0m [1mconn[0m[1m{[0m[3mid[0m[2m=[0m2[1m}[0m[2m:[0m [2mmoq_net::lite::publisher[0m[2m:[0m finished group [3msequence[0m[2m=[0m45
[2m2026-09-06T17:45:35.034963Z[0m [34mDEBUG[0m [1mconn[0m[1m{[0m[3mid[0m[2m=[0m2[1m}[0m[2m:[0m [2mmoq_net::lite::publisher[0m[2m:[0m serving group [3msubscribe[0m[2m=[0m2 [3mtrack[0m[2m=[0m0.m4s [3msequence[0m[2m=[0m47
[2m2026-09-06T17:45:35.036470Z[0m [34mDEBUG[0m [1mconn[0m[1m{[0m[3mid[0m[2m=[0m2[1m}[0m[2m:[0m [2mmoq_net::lite::publisher[0m[2m:[0m serving group [3msubscribe[0m[2m=[0m1 [3mtrack[0m[2m=[0m1.m4s [3msequence[0m[2m=[0m47
[2m2026-09-06T17:45:35.036956Z[0m [34mDEBUG[0m [1mconn[0m[1m{[0m[3mid[0m[2m=[0m2[1m}[0m[2m:[0m [2mmoq_net::lite::publisher[0m[2m:[0m finished group [3msequence[0m[2m=[0m46
[2m2026-09-06T17:45:35.037449Z[0m [34mDEBUG[0m [1mconn[0m[1m{[0m[3mid[0m[2m=[0m2[1m}[0m[2m:[0m [2mmoq_net::lite::publisher[0m[2m:[0m finished group [3msequence[0m[2m=[0m46
[2m2026-09-06T17:45:36.316796Z[0m [34mDEBUG[0m [1mconn[0m[1m{[0m[3mid[0m[2m=[0m2[1m}[0m[2m:[0m [2mmoq_net::lite::publisher[0m[2m:[0m finished group [3msequence[0m[2m=[0m47
[2m2026-09-06T17:45:36.316853Z[0m [34mDEBUG[0m [1mconn[0m[1m{[0m[3mid[0m[2m=[0m2[1m}[0m[2m:[0m [2mmoq_net::lite::publisher[0m[2m:[0m serving group [3msubscribe[0m[2m=[0m2 [3mtrack[0m[2m=[0m0.m4s [3msequence[0m[2m=[0m48
[2m2026-09-06T17:45:36.316964Z[0m [34mDEBUG[0m [1mconn[0m[1m{[0m[3mid[0m[2m=[0m2[1m}[0m[2m:[0m [2mmoq_net::lite::publisher[0m[2m:[0m finished group [3msequence[0m[2m=[0m47
[2m2026-09-06T17:45:36.316989Z[0m [34mDEBUG[0m [1mconn[0m[1m{[0m[3mid[0m[2m=[0m2[1m}[0m[2m:[0m [2mmoq_net::lite::publisher[0m[2m:[0m serving group [3msubscribe[0m[2m=[0m1 [3mtrack[0m[2m=[0m1.m4s [3msequence[0m[2m=[0m48
[2m2026-09-06T17:45:38.832140Z[0m [34mDEBUG[0m [1mconn[0m[1m{[0m[3mid[0m[2m=[0m2[1m}[0m[2m:[0m [2mmoq_net::lite::publisher[0m[2m:[0m serving group [3msubscribe[0m[2m=[0m2 [3mtrack[0m[2m=[0m0.m4s [3msequence[0m[2m=[0m49
[2m2026-09-06T17:45:38.833167Z[0m [34mDEBUG[0m [1mconn[0m[1m{[0m[3mid[0m[2m=[0m2[1m}[0m[2m:[0m [2mmoq_net::lite::publisher[0m[2m:[0m finished group [3msequence[0m[2m=[0m48
[2m2026-09-06T17:45:38.833211Z[0m [34mDEBUG[0m [1mconn[0m[1m{[0m[3mid[0m[2m=[0m2[1m}[0m[2m:[0m [2mmoq_net::lite::publisher[0m[2m:[0m finished group [3msequence[0m[2m=[0m48
[2m2026-09-06T17:45:38.836112Z[0m [34mDEBUG[0m [1mconn[0m[1m{[0m[3mid[0m[2m=[0m2[1m}[0m[2m:[0m [2mmoq_net::lite::publisher[0m[2m:[0m serving group [3msubscribe[0m[2m=[0m1 [3mtrack[0m[2m=[0m1.m4s [3msequence[0m[2m=[0m49
[2m2026-09-06T17:45:41.328424Z[0m [34mDEBUG[0m [1mconn[0m[1m{[0m[3mid[0m[2m=[0m2[1m}[0m[2m:[0m [2mmoq_net::lite::publisher[0m[2m:[0m finished group [3msequence[0m[2m=[0m49
[2m2026-09-06T17:45:41.328484Z[0m [34mDEBUG[0m [1mconn[0m[1m{[0m[3mid[0m[2m=[0m2[1m}[0m[2m:[0m [2mmoq_net::lite::publisher[0m[2m:[0m serving group [3msubscribe[0m[2m=[0m2 [3mtrack[0m[2m=[0m0.m4s [3msequence[0m[2m=[0m50
[2m2026-09-06T17:45:41.328593Z[0m [34mDEBUG[0m [1mconn[0m[1m{[0m[3mid[0m[2m=[0m2[1m}[0m[2m:[0m [2mmoq_net::lite::publisher[0m[2m:[0m finished group [3msequence[0m[2m=[0m49
[2m2026-09-06T17:45:41.328619Z[0m [34mDEBUG[0m [1mconn[0m[1m{[0m[3mid[0m[2m=[0m2[1m}[0m[2m:[0m [2mmoq_net::lite::publisher[0m[2m:[0m serving group [3msubscribe[0m[2m=[0m1 [3mtrack[0m[2m=[0m1.m4s [3msequence[0m[2m=[0m50
[2m2026-09-06T17:45:43.804630Z[0m [34mDEBUG[0m [1mconn[0m[1m{[0m[3mid[0m[2m=[0m2[1m}[0m[2m:[0m [2mmoq_net::lite::publisher[0m[2m:[0m serving group [3msubscribe[0m[2m=[0m2 [3mtrack[0m[2m=[0m0.m4s [3msequence[0m[2m=[0m51
[2m2026-09-06T17:45:43.804797Z[0m [34mDEBUG[0m [1mconn[0m[1m{[0m[3mid[0m[2m=[0m2[1m}[0m[2m:[0m [2mmoq_net::lite::publisher[0m[2m:[0m serving group [3msubscribe[0m[2m=[0m1 [3mtrack[0m[2m=[0m1.m4s [3msequence[0m[2m=[0m51
[2m2026-09-06T17:45:43.806464Z[0m [34mDEBUG[0m [1mconn[0m[1m{[0m[3mid[0m[2m=[0m2[1m}[0m[2m:[0m [2mmoq_net::lite::publisher[0m[2m:[0m finished group [3msequence[0m[2m=[0m50
[2m2026-09-06T17:45:43.806513Z[0m [34mDEBUG[0m [1mconn[0m[1m{[0m[3mid[0m[2m=[0m2[1m}[0m[2m:[0m [2mmoq_net::lite::publisher[0m[2m:[0m finished group [3msequence[0m[2m=[0m50
[2m2026-09-06T17:45:46.300955Z[0m [34mDEBUG[0m [1mconn[0m[1m{[0m[3mid[0m[2m=[0m2[1m}[0m[2m:[0m [2mmoq_net::lite::publisher[0m[2m:[0m serving group [3msubscribe[0m[2m=[0m2 [3mtrack[0m[2m=[0m0.m4s [3msequence[0m[2m=[0m52
[2m2026-09-06T17:45:46.301927Z[0m [34mDEBUG[0m [1mconn[0m[1m{[0m[3mid[0m[2m=[0m2[1m}[0m[2m:[0m [2mmoq_net::lite::publisher[0m[2m:[0m finished group [3msequence[0m[2m=[0m51
[2m2026-09-06T17:45:46.301968Z[0m [34mDEBUG[0m [1mconn[0m[1m{[0m[3mid[0m[2m=[0m2[1m}[0m[2m:[0m [2mmoq_net::lite::publisher[0m[2m:[0m serving group [3msubscribe[0m[2m=[0m1 [3mtrack[0m[2m=[0m1.m4s [3msequence[0m[2m=[0m52
[2m2026-09-06T17:45:46.302034Z[0m [34mDEBUG[0m [1mconn[0m[1m{[0m[3mid[0m[2m=[0m2[1m}[0m[2m:[0m [2mmoq_net::lite::publisher[0m[2m:[0m finished group [3msequence[0m[2m=[0m51
[2m2026-09-06T17:45:48.809242Z[0m [34mDEBUG[0m [1mconn[0m[1m{[0m[3mid[0m[2m=[0m2[1m}[0m[2m:[0m [2mmoq_net::lite::publisher[0m[2m:[0m serving group [3msubscribe[0m[2m=[0m2 [3mtrack[0m[2m=[0m0.m4s [3msequence[0m[2m=[0m53
[2m2026-09-06T17:45:48.812063Z[0m [34mDEBUG[0m [1mconn[0m[1m{[0m[3mid[0m[2m=[0m2[1m}[0m[2m:[0m [2mmoq_net::lite::publisher[0m[2m:[0m finished group [3msequence[0m[2m=[0m52
[2m2026-09-06T17:45:48.812162Z[0m [34mDEBUG[0m [1mconn[0m[1m{[0m[3mid[0m[2m=[0m2[1m}[0m[2m:[0m [2mmoq_net::lite::publisher[0m[2m:[0m serving group [3msubscribe[0m[2m=[0m1 [3mtrack[0m[2m=[0m1.m4s [3msequence[0m[2m=[0m53
[2m2026-09-06T17:45:48.812342Z[0m [34mDEBUG[0m [1mconn[0m[1m{[0m[3mid[0m[2m=[0m2[1m}[0m[2m:[0m [2mmoq_net::lite::publisher[0m[2m:[0m finished group [3msequence[0m[2m=[0m52
[2m2026-09-06T17:45:50.508418Z[0m [34mDEBUG[0m [1mconn[0m[1m{[0m[3mid[0m[2m=[0m2[1m}[0m[2m:[0m [2mmoq_net::lite::publisher[0m[2m:[0m serving group [3msubscribe[0m[2m=[0m2 [3mtrack[0m[2m=[0m0.m4s [3msequence[0m[2m=[0m54
[2m2026-09-06T17:45:50.508901Z[0m [34mDEBUG[0m [1mconn[0m[1m{[0m[3mid[0m[2m=[0m2[1m}[0m[2m:[0m [2mmoq_net::lite::publisher[0m[2m:[0m finished group [3msequence[0m[2m=[0m53
[2m2026-09-06T17:45:50.508947Z[0m [34mDEBUG[0m [1mconn[0m[1m{[0m[3mid[0m[2m=[0m2[1m}[0m[2m:[0m [2mmoq_net::lite::publisher[0m[2m:[0m finished group [3msequence[0m[2m=[0m53
[2m2026-09-06T17:45:50.510956Z[0m [34mDEBUG[0m [1mconn[0m[1m{[0m[3mid[0m[2m=[0m2[1m}[0m[2m:[0m [2mmoq_net::lite::publisher[0m[2m:[0m serving group [3msubscribe[0m[2m=[0m1 [3mtrack[0m[2m=[0m1.m4s [3msequence[0m[2m=[0m54
[2m2026-09-06T17:45:53.022318Z[0m [34mDEBUG[0m [1mconn[0m[1m{[0m[3mid[0m[2m=[0m2[1m}[0m[2m:[0m [2mmoq_net::lite::publisher[0m[2m:[0m finished group [3msequence[0m[2m=[0m54
[2m2026-09-06T17:45:53.022458Z[0m [34mDEBUG[0m [1mconn[0m[1m{[0m[3mid[0m[2m=[0m2[1m}[0m[2m:[0m [2mmoq_net::lite::publisher[0m[2m:[0m serving group [3msubscribe[0m[2m=[0m2 [3mtrack[0m[2m=[0m0.m4s [3msequence[0m[2m=[0m55
[2m2026-09-06T17:45:53.022558Z[0m [34mDEBUG[0m [1mconn[0m[1m{[0m[3mid[0m[2m=[0m2[1m}[0m[2m:[0m [2mmoq_net::lite::publisher[0m[2m:[0m finished group [3msequence[0m[2m=[0m54
[2m2026-09-06T17:45:53.022585Z[0m [34mDEBUG[0m [1mconn[0m[1m{[0m[3mid[0m[2m=[0m2[1m}[0m[2m:[0m [2mmoq_net::lite::publisher[0m[2m:[0m serving group [3msubscribe[0m[2m=[0m1 [3mtrack[0m[2m=[0m1.m4s [3msequence[0m[2m=[0m55
[2m2026-09-06T17:45:54.470491Z[0m [33m WARN[0m [2mmoq_relay::relay[0m[2m:[0m connection closed [3merr[0m[2m=[0mcancelled
[2m2026-09-06T17:45:54.470484Z[0m [32m INFO[0m [1mconn[0m[1m{[0m[3mid[0m[2m=[0m2[1m}[0m[2m:[0m [2mmoq_net::lite::publisher[0m[2m:[0m subscribed cancelled [3mid[0m[2m=[0m1 [3mbroadcast[0m[2m=[0mbbb.hang [3mtrack[0m[2m=[0m1.m4s
[2m2026-09-06T17:45:54.470745Z[0m [34mDEBUG[0m [1mconn[0m[1m{[0m[3mid[0m[2m=[0m2[1m}[0m[2m:[0m [2mmoq_net::lite::publisher[0m[2m:[0m announcing cancelled [3mprefix[0m[2m=[0m
[2m2026-09-06T17:45:54.470757Z[0m [32m INFO[0m [1mconn[0m[1m{[0m[3mid[0m[2m=[0m0[1m}[0m[2m:[0m [2mmoq_net::lite::subscriber[0m[2m:[0m subscribe canceled (idle) [3mtrack[0m[2m=[0m1.m4s
[2m2026-09-06T17:45:54.470831Z[0m [33m WARN[0m [1mconn[0m[1m{[0m[3mid[0m[2m=[0m2[1m}[0m[2m:[0m [2mmoq_net::lite::publisher[0m[2m:[0m probe stream error [3merr[0m[2m=[0mcancelled
[2m2026-09-06T17:45:54.470876Z[0m [32m INFO[0m [1mconn[0m[1m{[0m[3mid[0m[2m=[0m2[1m}[0m[2m:[0m [2mmoq_net::lite::publisher[0m[2m:[0m subscribed cancelled [3mid[0m[2m=[0m0 [3mbroadcast[0m[2m=[0mbbb.hang [3mtrack[0m[2m=[0mcatalog.json
[2m2026-09-06T17:45:54.471034Z[0m [32m INFO[0m [1mconn[0m[1m{[0m[3mid[0m[2m=[0m0[1m}[0m[2m:[0m [2mmoq_net::lite::subscriber[0m[2m:[0m subscribe canceled (idle) [3mtrack[0m[2m=[0mcatalog.json
[2m2026-09-06T17:45:54.471034Z[0m [32m INFO[0m [1mconn[0m[1m{[0m[3mid[0m[2m=[0m2[1m}[0m[2m:[0m [2mmoq_net::lite::publisher[0m[2m:[0m subscribed cancelled [3mid[0m[2m=[0m2 [3mbroadcast[0m[2m=[0mbbb.hang [3mtrack[0m[2m=[0m0.m4s
[2m2026-09-06T17:45:54.471203Z[0m [33m WARN[0m [1mconn[0m[1m{[0m[3mid[0m[2m=[0m2[1m}[0m[2m:[0m [2mmoq_net::lite::session[0m[2m:[0m session error [3merr[0m[2m=[0mcancelled
[2m2026-09-06T17:45:54.471281Z[0m [32m INFO[0m [1mconn[0m[1m{[0m[3mid[0m[2m=[0m0[1m}[0m[2m:[0m [2mmoq_net::lite::subscriber[0m[2m:[0m subscribe canceled (idle) [3mtrack[0m[2m=[0m0.m4s
[2m2026-09-06T17:45:57.681796Z[0m [32m INFO[0m [1mconn[0m[1m{[0m[3mid[0m[2m=[0m3[1m}[0m[2m:[0m [2mmoq_relay::connection[0m[2m:[0m session accepted [3mtransport[0m[2m=[0mquic [3mrole[0m[2m=[0mNone [3mtier[0m[2m=[0m [3mroot[0m[2m=[0m [3mpublish[0m[2m=[0m [3msubscribe[0m[2m=[0m
[2m2026-09-06T17:45:57.681961Z[0m [32m INFO[0m [1mconn[0m[1m{[0m[3mid[0m[2m=[0m3[1m}[0m[2m:[0m [2mmoq_relay::connection[0m[2m:[0m negotiated [3mversion[0m[2m=[0mmoq-lite-05 [3mtransport[0m[2m=[0mquic
[2m2026-09-06T17:45:57.682160Z[0m [34mDEBUG[0m [1mconn[0m[1m{[0m[3mid[0m[2m=[0m3[1m}[0m[2m:[0m [2mmoq_net::lite::publisher[0m[2m:[0m announce [3mroute[0m[2m=[0m.stats/node/local/host
[2m2026-09-06T17:45:57.682185Z[0m [34mDEBUG[0m [1mconn[0m[1m{[0m[3mid[0m[2m=[0m3[1m}[0m[2m:[0m [2mmoq_net::lite::publisher[0m[2m:[0m announce [3mroute[0m[2m=[0mbbb.hang
[2m2026-09-06T17:45:57.682297Z[0m [34mDEBUG[0m [1mconn[0m[1m{[0m[3mid[0m[2m=[0m3[1m}[0m[2m:[0m [2mmoq_net::lite::subscriber[0m[2m:[0m peer does not support probing; skipping probe stream
[2m2026-09-06T17:45:57.684562Z[0m [34mDEBUG[0m [1mconn[0m[1m{[0m[3mid[0m[2m=[0m3[1m}[0m[2m:[0m [2mmoq_net::lite::publisher[0m[2m:[0m track info requested [3mbroadcast[0m[2m=[0mbbb.hang [3mtrack[0m[2m=[0mcatalog.json
[2m2026-09-06T17:45:57.685666Z[0m [32m INFO[0m [1mconn[0m[1m{[0m[3mid[0m[2m=[0m3[1m}[0m[2m:[0m [2mmoq_net::lite::publisher[0m[2m:[0m subscribed started [3mid[0m[2m=[0m0 [3mbroadcast[0m[2m=[0mbbb.hang [3mtrack[0m[2m=[0mcatalog.json
[2m2026-09-06T17:45:57.685765Z[0m [34mDEBUG[0m [1mconn[0m[1m{[0m[3mid[0m[2m=[0m3[1m}[0m[2m:[0m [2mmoq_net::lite::publisher[0m[2m:[0m serving group [3msubscribe[0m[2m=[0m0 [3mtrack[0m[2m=[0mcatalog.json [3msequence[0m[2m=[0m6
[2m2026-09-06T17:45:57.685828Z[0m [32m INFO[0m [1mconn[0m[1m{[0m[3mid[0m[2m=[0m0[1m}[0m[2m:[0m [2mmoq_net::lite::subscriber[0m[2m:[0m subscribe started [3mid[0m[2m=[0m6 [3mbroadcast[0m[2m=[0mbbb.hang [3mtrack[0m[2m=[0mcatalog.json
[2m2026-09-06T17:45:57.692488Z[0m [34mDEBUG[0m [1mconn[0m[1m{[0m[3mid[0m[2m=[0m3[1m}[0m[2m:[0m [2mmoq_net::lite::publisher[0m[2m:[0m finished group [3msequence[0m[2m=[0m6
[2m2026-09-06T17:45:57.693163Z[0m [34mDEBUG[0m [1mconn[0m[1m{[0m[3mid[0m[2m=[0m3[1m}[0m[2m:[0m [2mmoq_net::lite::publisher[0m[2m:[0m track info requested [3mbroadcast[0m[2m=[0mbbb.hang [3mtrack[0m[2m=[0m0.m4s
[2m2026-09-06T17:45:57.693239Z[0m [34mDEBUG[0m [1mconn[0m[1m{[0m[3mid[0m[2m=[0m3[1m}[0m[2m:[0m [2mmoq_net::lite::publisher[0m[2m:[0m track info requested [3mbroadcast[0m[2m=[0mbbb.hang [3mtrack[0m[2m=[0m1.m4s
[2m2026-09-06T17:45:57.694522Z[0m [32m INFO[0m [1mconn[0m[1m{[0m[3mid[0m[2m=[0m3[1m}[0m[2m:[0m [2mmoq_net::lite::publisher[0m[2m:[0m subscribed started [3mid[0m[2m=[0m1 [3mbroadcast[0m[2m=[0mbbb.hang [3mtrack[0m[2m=[0m1.m4s
[2m2026-09-06T17:45:57.694702Z[0m [32m INFO[0m [1mconn[0m[1m{[0m[3mid[0m[2m=[0m3[1m}[0m[2m:[0m [2mmoq_net::lite::publisher[0m[2m:[0m subscribed started [3mid[0m[2m=[0m2 [3mbroadcast[0m[2m=[0mbbb.hang [3mtrack[0m[2m=[0m0.m4s
[2m2026-09-06T17:45:57.694759Z[0m [32m INFO[0m [1mconn[0m[1m{[0m[3mid[0m[2m=[0m0[1m}[0m[2m:[0m [2mmoq_net::lite::subscriber[0m[2m:[0m subscribe started [3mid[0m[2m=[0m7 [3mbroadcast[0m[2m=[0mbbb.hang [3mtrack[0m[2m=[0m1.m4s
[2m2026-09-06T17:45:57.694853Z[0m [32m INFO[0m [1mconn[0m[1m{[0m[3mid[0m[2m=[0m0[1m}[0m[2m:[0m [2mmoq_net::lite::subscriber[0m[2m:[0m subscribe started [3mid[0m[2m=[0m8 [3mbroadcast[0m[2m=[0mbbb.hang [3mtrack[0m[2m=[0m0.m4s
[2m2026-09-06T17:45:57.697289Z[0m [34mDEBUG[0m [1mconn[0m[1m{[0m[3mid[0m[2m=[0m3[1m}[0m[2m:[0m [2mmoq_net::lite::publisher[0m[2m:[0m serving group [3msubscribe[0m[2m=[0m1 [3mtrack[0m[2m=[0m1.m4s [3msequence[0m[2m=[0m56
[2m2026-09-06T17:45:57.704920Z[0m [34mDEBUG[0m [1mconn[0m[1m{[0m[3mid[0m[2m=[0m3[1m}[0m[2m:[0m [2mmoq_net::lite::publisher[0m[2m:[0m serving group [3msubscribe[0m[2m=[0m2 [3mtrack[0m[2m=[0m0.m4s [3msequence[0m[2m=[0m56
[2m2026-09-06T17:45:58.006461Z[0m [34mDEBUG[0m [1mconn[0m[1m{[0m[3mid[0m[2m=[0m3[1m}[0m[2m:[0m [2mmoq_net::lite::publisher[0m[2m:[0m serving group [3msubscribe[0m[2m=[0m2 [3mtrack[0m[2m=[0m0.m4s [3msequence[0m[2m=[0m57
[2m2026-09-06T17:45:58.007866Z[0m [34mDEBUG[0m [1mconn[0m[1m{[0m[3mid[0m[2m=[0m3[1m}[0m[2m:[0m [2mmoq_net::lite::publisher[0m[2m:[0m finished group [3msequence[0m[2m=[0m56
[2m2026-09-06T17:45:58.008902Z[0m [34mDEBUG[0m [1mconn[0m[1m{[0m[3mid[0m[2m=[0m3[1m}[0m[2m:[0m [2mmoq_net::lite::publisher[0m[2m:[0m serving group [3msubscribe[0m[2m=[0m1 [3mtrack[0m[2m=[0m1.m4s [3msequence[0m[2m=[0m57
[2m2026-09-06T17:45:58.009067Z[0m [34mDEBUG[0m [1mconn[0m[1m{[0m[3mid[0m[2m=[0m3[1m}[0m[2m:[0m [2mmoq_net::lite::publisher[0m[2m:[0m finished group [3msequence[0m[2m=[0m56
[2m2026-09-06T17:46:00.521329Z[0m [34mDEBUG[0m [1mconn[0m[1m{[0m[3mid[0m[2m=[0m3[1m}[0m[2m:[0m [2mmoq_net::lite::publisher[0m[2m:[0m serving group [3msubscribe[0m[2m=[0m2 [3mtrack[0m[2m=[0m0.m4s [3msequence[0m[2m=[0m58
[2m2026-09-06T17:46:00.522145Z[0m [34mDEBUG[0m [1mconn[0m[1m{[0m[3mid[0m[2m=[0m3[1m}[0m[2m:[0m [2mmoq_net::lite::publisher[0m[2m:[0m serving group [3msubscribe[0m[2m=[0m1 [3mtrack[0m[2m=[0m1.m4s [3msequence[0m[2m=[0m58
[2m2026-09-06T17:46:00.523773Z[0m [34mDEBUG[0m [1mconn[0m[1m{[0m[3mid[0m[2m=[0m3[1m}[0m[2m:[0m [2mmoq_net::lite::publisher[0m[2m:[0m finished group [3msequence[0m[2m=[0m57
[2m2026-09-06T17:46:00.523840Z[0m [34mDEBUG[0m [1mconn[0m[1m{[0m[3mid[0m[2m=[0m3[1m}[0m[2m:[0m [2mmoq_net::lite::publisher[0m[2m:[0m finished group [3msequence[0m[2m=[0m57
[2m2026-09-06T17:46:03.002011Z[0m [34mDEBUG[0m [1mconn[0m[1m{[0m[3mid[0m[2m=[0m3[1m}[0m[2m:[0m [2mmoq_net::lite::publisher[0m[2m:[0m serving group [3msubscribe[0m[2m=[0m2 [3mtrack[0m[2m=[0m0.m4s [3msequence[0m[2m=[0m59
[2m2026-09-06T17:46:03.002174Z[0m [34mDEBUG[0m [1mconn[0m[1m{[0m[3mid[0m[2m=[0m3[1m}[0m[2m:[0m [2mmoq_net::lite::publisher[0m[2m:[0m serving group [3msubscribe[0m[2m=[0m1 [3mtrack[0m[2m=[0m1.m4s [3msequence[0m[2m=[0m59
[2m2026-09-06T17:46:03.004289Z[0m [34mDEBUG[0m [1mconn[0m[1m{[0m[3mid[0m[2m=[0m3[1m}[0m[2m:[0m [2mmoq_net::lite::publisher[0m[2m:[0m finished group [3msequence[0m[2m=[0m58
[2m2026-09-06T17:46:03.004373Z[0m [34mDEBUG[0m [1mconn[0m[1m{[0m[3mid[0m[2m=[0m3[1m}[0m[2m:[0m [2mmoq_net::lite::publisher[0m[2m:[0m finished group [3msequence[0m[2m=[0m58
[2m2026-09-06T17:46:05.507282Z[0m [34mDEBUG[0m [1mconn[0m[1m{[0m[3mid[0m[2m=[0m3[1m}[0m[2m:[0m [2mmoq_net::lite::publisher[0m[2m:[0m finished group [3msequence[0m[2m=[0m59
[2m2026-09-06T17:46:05.507342Z[0m [34mDEBUG[0m [1mconn[0m[1m{[0m[3mid[0m[2m=[0m3[1m}[0m[2m:[0m [2mmoq_net::lite::publisher[0m[2m:[0m serving group [3msubscribe[0m[2m=[0m2 [3mtrack[0m[2m=[0m0.m4s [3msequence[0m[2m=[0m60
[2m2026-09-06T17:46:05.510097Z[0m [34mDEBUG[0m [1mconn[0m[1m{[0m[3mid[0m[2m=[0m3[1m}[0m[2m:[0m [2mmoq_net::lite::publisher[0m[2m:[0m finished group [3msequence[0m[2m=[0m59
[2m2026-09-06T17:46:05.510501Z[0m [34mDEBUG[0m [1mconn[0m[1m{[0m[3mid[0m[2m=[0m3[1m}[0m[2m:[0m [2mmoq_net::lite::publisher[0m[2m:[0m serving group [3msubscribe[0m[2m=[0m1 [3mtrack[0m[2m=[0m1.m4s [3msequence[0m[2m=[0m60
[2m2026-09-06T17:46:08.022003Z[0m [34mDEBUG[0m [1mconn[0m[1m{[0m[3mid[0m[2m=[0m3[1m}[0m[2m:[0m [2mmoq_net::lite::publisher[0m[2m:[0m serving group [3msubscribe[0m[2m=[0m2 [3mtrack[0m[2m=[0m0.m4s [3msequence[0m[2m=[0m61
[2m2026-09-06T17:46:08.022896Z[0m [34mDEBUG[0m [1mconn[0m[1m{[0m[3mid[0m[2m=[0m3[1m}[0m[2m:[0m [2mmoq_net::lite::publisher[0m[2m:[0m finished group [3msequence[0m[2m=[0m60
[2m2026-09-06T17:46:08.022964Z[0m [34mDEBUG[0m [1mconn[0m[1m{[0m[3mid[0m[2m=[0m3[1m}[0m[2m:[0m [2mmoq_net::lite::publisher[0m[2m:[0m serving group [3msubscribe[0m[2m=[0m1 [3mtrack[0m[2m=[0m1.m4s [3msequence[0m[2m=[0m61
[2m2026-09-06T17:46:08.023043Z[0m [34mDEBUG[0m [1mconn[0m[1m{[0m[3mid[0m[2m=[0m3[1m}[0m[2m:[0m [2mmoq_net::lite::publisher[0m[2m:[0m finished group [3msequence[0m[2m=[0m60
[2m2026-09-06T17:46:10.042392Z[0m [34mDEBUG[0m [1mconn[0m[1m{[0m[3mid[0m[2m=[0m3[1m}[0m[2m:[0m [2mmoq_net::lite::publisher[0m[2m:[0m serving group [3msubscribe[0m[2m=[0m2 [3mtrack[0m[2m=[0m0.m4s [3msequence[0m[2m=[0m62
[2m2026-09-06T17:46:10.043199Z[0m [34mDEBUG[0m [1mconn[0m[1m{[0m[3mid[0m[2m=[0m3[1m}[0m[2m:[0m [2mmoq_net::lite::publisher[0m[2m:[0m finished group [3msequence[0m[2m=[0m61
[2m2026-09-06T17:46:10.043235Z[0m [34mDEBUG[0m [1mconn[0m[1m{[0m[3mid[0m[2m=[0m3[1m}[0m[2m:[0m [2mmoq_net::lite::publisher[0m[2m:[0m finished group [3msequence[0m[2m=[0m61
[2m2026-09-06T17:46:10.046438Z[0m [34mDEBUG[0m [1mconn[0m[1m{[0m[3mid[0m[2m=[0m3[1m}[0m[2m:[0m [2mmoq_net::lite::publisher[0m[2m:[0m serving group [3msubscribe[0m[2m=[0m1 [3mtrack[0m[2m=[0m1.m4s [3msequence[0m[2m=[0m62
[2m2026-09-06T17:46:12.580106Z[0m [34mDEBUG[0m [1mconn[0m[1m{[0m[3mid[0m[2m=[0m3[1m}[0m[2m:[0m [2mmoq_net::lite::publisher[0m[2m:[0m serving group [3msubscribe[0m[2m=[0m2 [3mtrack[0m[2m=[0m0.m4s [3msequence[0m[2m=[0m63
[2m2026-09-06T17:46:12.581389Z[0m [34mDEBUG[0m [1mconn[0m[1m{[0m[3mid[0m[2m=[0m3[1m}[0m[2m:[0m [2mmoq_net::lite::publisher[0m[2m:[0m finished group [3msequence[0m[2m=[0m62
[2m2026-09-06T17:46:12.581475Z[0m [34mDEBUG[0m [1mconn[0m[1m{[0m[3mid[0m[2m=[0m3[1m}[0m[2m:[0m [2mmoq_net::lite::publisher[0m[2m:[0m finished group [3msequence[0m[2m=[0m62
[2m2026-09-06T17:46:12.586189Z[0m [34mDEBUG[0m [1mconn[0m[1m{[0m[3mid[0m[2m=[0m3[1m}[0m[2m:[0m [2mmoq_net::lite::publisher[0m[2m:[0m serving group [3msubscribe[0m[2m=[0m1 [3mtrack[0m[2m=[0m1.m4s [3msequence[0m[2m=[0m63
[2m2026-09-06T17:46:15.013538Z[0m [34mDEBUG[0m [1mconn[0m[1m{[0m[3mid[0m[2m=[0m3[1m}[0m[2m:[0m [2mmoq_net::lite::publisher[0m[2m:[0m serving group [3msubscribe[0m[2m=[0m2 [3mtrack[0m[2m=[0m0.m4s [3msequence[0m[2m=[0m64
[2m2026-09-06T17:46:15.016134Z[0m [34mDEBUG[0m [1mconn[0m[1m{[0m[3mid[0m[2m=[0m3[1m}[0m[2m:[0m [2mmoq_net::lite::publisher[0m[2m:[0m finished group [3msequence[0m[2m=[0m63
[2m2026-09-06T17:46:15.016294Z[0m [34mDEBUG[0m [1mconn[0m[1m{[0m[3mid[0m[2m=[0m3[1m}[0m[2m:[0m [2mmoq_net::lite::publisher[0m[2m:[0m serving group [3msubscribe[0m[2m=[0m1 [3mtrack[0m[2m=[0m1.m4s [3msequence[0m[2m=[0m64
[2m2026-09-06T17:46:15.016726Z[0m [34mDEBUG[0m [1mconn[0m[1m{[0m[3mid[0m[2m=[0m3[1m}[0m[2m:[0m [2mmoq_net::lite::publisher[0m[2m:[0m finished group [3msequence[0m[2m=[0m63
[2m2026-09-06T17:46:17.515274Z[0m [34mDEBUG[0m [1mconn[0m[1m{[0m[3mid[0m[2m=[0m3[1m}[0m[2m:[0m [2mmoq_net::lite::publisher[0m[2m:[0m serving group [3msubscribe[0m[2m=[0m2 [3mtrack[0m[2m=[0m0.m4s [3msequence[0m[2m=[0m65
[2m2026-09-06T17:46:17.517334Z[0m [34mDEBUG[0m [1mconn[0m[1m{[0m[3mid[0m[2m=[0m3[1m}[0m[2m:[0m [2mmoq_net::lite::publisher[0m[2m:[0m serving group [3msubscribe[0m[2m=[0m1 [3mtrack[0m[2m=[0m1.m4s [3msequence[0m[2m=[0m65
[2m2026-09-06T17:46:17.518734Z[0m [34mDEBUG[0m [1mconn[0m[1m{[0m[3mid[0m[2m=[0m3[1m}[0m[2m:[0m [2mmoq_net::lite::publisher[0m[2m:[0m finished group [3msequence[0m[2m=[0m64
[2m2026-09-06T17:46:17.518807Z[0m [34mDEBUG[0m [1mconn[0m[1m{[0m[3mid[0m[2m=[0m3[1m}[0m[2m:[0m [2mmoq_net::lite::publisher[0m[2m:[0m finished group [3msequence[0m[2m=[0m64
[2m2026-09-06T17:46:19.630189Z[0m [34mDEBUG[0m [1mconn[0m[1m{[0m[3mid[0m[2m=[0m3[1m}[0m[2m:[0m [2mmoq_net::lite::publisher[0m[2m:[0m serving group [3msubscribe[0m[2m=[0m2 [3mtrack[0m[2m=[0m0.m4s [3msequence[0m[2m=[0m66
[2m2026-09-06T17:46:19.630593Z[0m [34mDEBUG[0m [1mconn[0m[1m{[0m[3mid[0m[2m=[0m3[1m}[0m[2m:[0m [2mmoq_net::lite::publisher[0m[2m:[0m serving group [3msubscribe[0m[2m=[0m1 [3mtrack[0m[2m=[0m1.m4s [3msequence[0m[2m=[0m66
[2m2026-09-06T17:46:19.631378Z[0m [34mDEBUG[0m [1mconn[0m[1m{[0m[3mid[0m[2m=[0m3[1m}[0m[2m:[0m [2mmoq_net::lite::publisher[0m[2m:[0m finished group [3msequence[0m[2m=[0m65
[2m2026-09-06T17:46:19.631463Z[0m [34mDEBUG[0m [1mconn[0m[1m{[0m[3mid[0m[2m=[0m3[1m}[0m[2m:[0m [2mmoq_net::lite::publisher[0m[2m:[0m finished group [3msequence[0m[2m=[0m65
[2m2026-09-06T17:46:22.152812Z[0m [34mDEBUG[0m [1mconn[0m[1m{[0m[3mid[0m[2m=[0m3[1m}[0m[2m:[0m [2mmoq_net::lite::publisher[0m[2m:[0m serving group [3msubscribe[0m[2m=[0m2 [3mtrack[0m[2m=[0m0.m4s [3msequence[0m[2m=[0m67
[2m2026-09-06T17:46:22.152917Z[0m [34mDEBUG[0m [1mconn[0m[1m{[0m[3mid[0m[2m=[0m3[1m}[0m[2m:[0m [2mmoq_net::lite::publisher[0m[2m:[0m serving group [3msubscribe[0m[2m=[0m1 [3mtrack[0m[2m=[0m1.m4s [3msequence[0m[2m=[0m67
[2m2026-09-06T17:46:22.153135Z[0m [34mDEBUG[0m [1mconn[0m[1m{[0m[3mid[0m[2m=[0m3[1m}[0m[2m:[0m [2mmoq_net::lite::publisher[0m[2m:[0m finished group [3msequence[0m[2m=[0m66
[2m2026-09-06T17:46:22.153237Z[0m [34mDEBUG[0m [1mconn[0m[1m{[0m[3mid[0m[2m=[0m3[1m}[0m[2m:[0m [2mmoq_net::lite::publisher[0m[2m:[0m finished group [3msequence[0m[2m=[0m66
[2m2026-09-06T17:46:24.481818Z[0m [34mDEBUG[0m [1mconn[0m[1m{[0m[3mid[0m[2m=[0m3[1m}[0m[2m:[0m [2mmoq_net::lite::publisher[0m[2m:[0m finished group [3msequence[0m[2m=[0m67
[2m2026-09-06T17:46:24.481889Z[0m [34mDEBUG[0m [1mconn[0m[1m{[0m[3mid[0m[2m=[0m3[1m}[0m[2m:[0m [2mmoq_net::lite::publisher[0m[2m:[0m serving group [3msubscribe[0m[2m=[0m2 [3mtrack[0m[2m=[0m0.m4s [3msequence[0m[2m=[0m68
[2m2026-09-06T17:46:24.482062Z[0m [34mDEBUG[0m [1mconn[0m[1m{[0m[3mid[0m[2m=[0m3[1m}[0m[2m:[0m [2mmoq_net::lite::publisher[0m[2m:[0m serving group [3msubscribe[0m[2m=[0m1 [3mtrack[0m[2m=[0m1.m4s [3msequence[0m[2m=[0m68
[2m2026-09-06T17:46:24.485885Z[0m [34mDEBUG[0m [1mconn[0m[1m{[0m[3mid[0m[2m=[0m3[1m}[0m[2m:[0m [2mmoq_net::lite::publisher[0m[2m:[0m finished group [3msequence[0m[2m=[0m67
[2m2026-09-06T17:46:25.903576Z[0m [34mDEBUG[0m [1mconn[0m[1m{[0m[3mid[0m[2m=[0m3[1m}[0m[2m:[0m [2mmoq_net::lite::publisher[0m[2m:[0m serving group [3msubscribe[0m[2m=[0m2 [3mtrack[0m[2m=[0m0.m4s [3msequence[0m[2m=[0m69
[2m2026-09-06T17:46:25.904654Z[0m [34mDEBUG[0m [1mconn[0m[1m{[0m[3mid[0m[2m=[0m3[1m}[0m[2m:[0m [2mmoq_net::lite::publisher[0m[2m:[0m finished group [3msequence[0m[2m=[0m68
[2m2026-09-06T17:46:25.911621Z[0m [34mDEBUG[0m [1mconn[0m[1m{[0m[3mid[0m[2m=[0m3[1m}[0m[2m:[0m [2mmoq_net::lite::publisher[0m[2m:[0m serving group [3msubscribe[0m[2m=[0m1 [3mtrack[0m[2m=[0m1.m4s [3msequence[0m[2m=[0m69
[2m2026-09-06T17:46:25.913059Z[0m [34mDEBUG[0m [1mconn[0m[1m{[0m[3mid[0m[2m=[0m3[1m}[0m[2m:[0m [2mmoq_net::lite::publisher[0m[2m:[0m finished group [3msequence[0m[2m=[0m68
[2m2026-09-06T17:46:28.439555Z[0m [34mDEBUG[0m [1mconn[0m[1m{[0m[3mid[0m[2m=[0m3[1m}[0m[2m:[0m [2mmoq_net::lite::publisher[0m[2m:[0m finished group [3msequence[0m[2m=[0m69
[2m2026-09-06T17:46:28.439635Z[0m [34mDEBUG[0m [1mconn[0m[1m{[0m[3mid[0m[2m=[0m3[1m}[0m[2m:[0m [2mmoq_net::lite::publisher[0m[2m:[0m finished group [3msequence[0m[2m=[0m69
[2m2026-09-06T17:46:28.439679Z[0m [34mDEBUG[0m [1mconn[0m[1m{[0m[3mid[0m[2m=[0m3[1m}[0m[2m:[0m [2mmoq_net::lite::publisher[0m[2m:[0m serving group [3msubscribe[0m[2m=[0m2 [3mtrack[0m[2m=[0m0.m4s [3msequence[0m[2m=[0m70
[2m2026-09-06T17:46:28.440981Z[0m [34mDEBUG[0m [1mconn[0m[1m{[0m[3mid[0m[2m=[0m3[1m}[0m[2m:[0m [2mmoq_net::lite::publisher[0m[2m:[0m serving group [3msubscribe[0m[2m=[0m1 [3mtrack[0m[2m=[0m1.m4s [3msequence[0m[2m=[0m70
[2m2026-09-06T17:46:29.829282Z[0m [34mDEBUG[0m [1mconn[0m[1m{[0m[3mid[0m[2m=[0m3[1m}[0m[2m:[0m [2mmoq_net::lite::publisher[0m[2m:[0m serving group [3msubscribe[0m[2m=[0m2 [3mtrack[0m[2m=[0m0.m4s [3msequence[0m[2m=[0m71
[2m2026-09-06T17:46:29.829380Z[0m [34mDEBUG[0m [1mconn[0m[1m{[0m[3mid[0m[2m=[0m3[1m}[0m[2m:[0m [2mmoq_net::lite::publisher[0m[2m:[0m serving group [3msubscribe[0m[2m=[0m1 [3mtrack[0m[2m=[0m1.m4s [3msequence[0m[2m=[0m71
[2m2026-09-06T17:46:29.830344Z[0m [34mDEBUG[0m [1mconn[0m[1m{[0m[3mid[0m[2m=[0m3[1m}[0m[2m:[0m [2mmoq_net::lite::publisher[0m[2m:[0m finished group [3msequence[0m[2m=[0m70
[2m2026-09-06T17:46:29.830472Z[0m [34mDEBUG[0m [1mconn[0m[1m{[0m[3mid[0m[2m=[0m3[1m}[0m[2m:[0m [2mmoq_net::lite::publisher[0m[2m:[0m finished group [3msequence[0m[2m=[0m70
[2m2026-09-06T17:46:31.640775Z[0m [34mDEBUG[0m [1mconn[0m[1m{[0m[3mid[0m[2m=[0m3[1m}[0m[2m:[0m [2mmoq_net::lite::publisher[0m[2m:[0m finished group [3msequence[0m[2m=[0m71
[2m2026-09-06T17:46:31.640888Z[0m [34mDEBUG[0m [1mconn[0m[1m{[0m[3mid[0m[2m=[0m3[1m}[0m[2m:[0m [2mmoq_net::lite::publisher[0m[2m:[0m serving group [3msubscribe[0m[2m=[0m2 [3mtrack[0m[2m=[0m0.m4s [3msequence[0m[2m=[0m72
[2m2026-09-06T17:46:31.640988Z[0m [34mDEBUG[0m [1mconn[0m[1m{[0m[3mid[0m[2m=[0m3[1m}[0m[2m:[0m [2mmoq_net::lite::publisher[0m[2m:[0m finished group [3msequence[0m[2m=[0m71
[2m2026-09-06T17:46:31.641013Z[0m [34mDEBUG[0m [1mconn[0m[1m{[0m[3mid[0m[2m=[0m3[1m}[0m[2m:[0m [2mmoq_net::lite::publisher[0m[2m:[0m serving group [3msubscribe[0m[2m=[0m1 [3mtrack[0m[2m=[0m1.m4s [3msequence[0m[2m=[0m72
[2m2026-09-06T17:46:33.174967Z[0m [34mDEBUG[0m [1mconn[0m[1m{[0m[3mid[0m[2m=[0m3[1m}[0m[2m:[0m [2mmoq_net::lite::publisher[0m[2m:[0m serving group [3msubscribe[0m[2m=[0m2 [3mtrack[0m[2m=[0m0.m4s [3msequence[0m[2m=[0m73
[2m2026-09-06T17:46:33.176238Z[0m [34mDEBUG[0m [1mconn[0m[1m{[0m[3mid[0m[2m=[0m3[1m}[0m[2m:[0m [2mmoq_net::lite::publisher[0m[2m:[0m finished group [3msequence[0m[2m=[0m72
[2m2026-09-06T17:46:33.186421Z[0m [34mDEBUG[0m [1mconn[0m[1m{[0m[3mid[0m[2m=[0m3[1m}[0m[2m:[0m [2mmoq_net::lite::publisher[0m[2m:[0m serving group [3msubscribe[0m[2m=[0m1 [3mtrack[0m[2m=[0m1.m4s [3msequence[0m[2m=[0m73
[2m2026-09-06T17:46:33.187714Z[0m [34mDEBUG[0m [1mconn[0m[1m{[0m[3mid[0m[2m=[0m3[1m}[0m[2m:[0m [2mmoq_net::lite::publisher[0m[2m:[0m finished group [3msequence[0m[2m=[0m72
[2m2026-09-06T17:46:35.658909Z[0m [34mDEBUG[0m [1mconn[0m[1m{[0m[3mid[0m[2m=[0m3[1m}[0m[2m:[0m [2mmoq_net::lite::publisher[0m[2m:[0m serving group [3msubscribe[0m[2m=[0m2 [3mtrack[0m[2m=[0m0.m4s [3msequence[0m[2m=[0m74
[2m2026-09-06T17:46:35.660694Z[0m [34mDEBUG[0m [1mconn[0m[1m{[0m[3mid[0m[2m=[0m3[1m}[0m[2m:[0m [2mmoq_net::lite::publisher[0m[2m:[0m finished group [3msequence[0m[2m=[0m73
[2m2026-09-06T17:46:35.661391Z[0m [34mDEBUG[0m [1mconn[0m[1m{[0m[3mid[0m[2m=[0m3[1m}[0m[2m:[0m [2mmoq_net::lite::publisher[0m[2m:[0m serving group [3msubscribe[0m[2m=[0m1 [3mtrack[0m[2m=[0m1.m4s [3msequence[0m[2m=[0m74
[2m2026-09-06T17:46:35.662264Z[0m [34mDEBUG[0m [1mconn[0m[1m{[0m[3mid[0m[2m=[0m3[1m}[0m[2m:[0m [2mmoq_net::lite::publisher[0m[2m:[0m finished group [3msequence[0m[2m=[0m73
[2m2026-09-06T17:46:38.166833Z[0m [34mDEBUG[0m [1mconn[0m[1m{[0m[3mid[0m[2m=[0m3[1m}[0m[2m:[0m [2mmoq_net::lite::publisher[0m[2m:[0m serving group [3msubscribe[0m[2m=[0m2 [3mtrack[0m[2m=[0m0.m4s [3msequence[0m[2m=[0m75
[2m2026-09-06T17:46:38.167119Z[0m [34mDEBUG[0m [1mconn[0m[1m{[0m[3mid[0m[2m=[0m3[1m}[0m[2m:[0m [2mmoq_net::lite::publisher[0m[2m:[0m serving group [3msubscribe[0m[2m=[0m1 [3mtrack[0m[2m=[0m1.m4s [3msequence[0m[2m=[0m75
[2m2026-09-06T17:46:38.168731Z[0m [34mDEBUG[0m [1mconn[0m[1m{[0m[3mid[0m[2m=[0m3[1m}[0m[2m:[0m [2mmoq_net::lite::publisher[0m[2m:[0m finished group [3msequence[0m[2m=[0m74
[2m2026-09-06T17:46:38.168809Z[0m [34mDEBUG[0m [1mconn[0m[1m{[0m[3mid[0m[2m=[0m3[1m}[0m[2m:[0m [2mmoq_net::lite::publisher[0m[2m:[0m finished group [3msequence[0m[2m=[0m74
[2m2026-09-06T17:46:39.751843Z[0m [34mDEBUG[0m [1mconn[0m[1m{[0m[3mid[0m[2m=[0m3[1m}[0m[2m:[0m [2mmoq_net::lite::publisher[0m[2m:[0m serving group [3msubscribe[0m[2m=[0m1 [3mtrack[0m[2m=[0m1.m4s [3msequence[0m[2m=[0m76
[2m2026-09-06T17:46:39.752070Z[0m [34mDEBUG[0m [1mconn[0m[1m{[0m[3mid[0m[2m=[0m3[1m}[0m[2m:[0m [2mmoq_net::lite::publisher[0m[2m:[0m serving group [3msubscribe[0m[2m=[0m2 [3mtrack[0m[2m=[0m0.m4s [3msequence[0m[2m=[0m76
[2m2026-09-06T17:46:39.753507Z[0m [34mDEBUG[0m [1mconn[0m[1m{[0m[3mid[0m[2m=[0m3[1m}[0m[2m:[0m [2mmoq_net::lite::publisher[0m[2m:[0m finished group [3msequence[0m[2m=[0m75
[2m2026-09-06T17:46:39.753589Z[0m [34mDEBUG[0m [1mconn[0m[1m{[0m[3mid[0m[2m=[0m3[1m}[0m[2m:[0m [2mmoq_net::lite::publisher[0m[2m:[0m finished group [3msequence[0m[2m=[0m75
[2m2026-09-06T17:46:41.381810Z[0m [34mDEBUG[0m [1mconn[0m[1m{[0m[3mid[0m[2m=[0m3[1m}[0m[2m:[0m [2mmoq_net::lite::publisher[0m[2m:[0m serving group [3msubscribe[0m[2m=[0m1 [3mtrack[0m[2m=[0m1.m4s [3msequence[0m[2m=[0m77
[2m2026-09-06T17:46:41.381936Z[0m [34mDEBUG[0m [1mconn[0m[1m{[0m[3mid[0m[2m=[0m3[1m}[0m[2m:[0m [2mmoq_net::lite::publisher[0m[2m:[0m serving group [3msubscribe[0m[2m=[0m2 [3mtrack[0m[2m=[0m0.m4s [3msequence[0m[2m=[0m77
[2m2026-09-06T17:46:41.382699Z[0m [34mDEBUG[0m [1mconn[0m[1m{[0m[3mid[0m[2m=[0m3[1m}[0m[2m:[0m [2mmoq_net::lite::publisher[0m[2m:[0m finished group [3msequence[0m[2m=[0m76
[2m2026-09-06T17:46:41.382744Z[0m [34mDEBUG[0m [1mconn[0m[1m{[0m[3mid[0m[2m=[0m3[1m}[0m[2m:[0m [2mmoq_net::lite::publisher[0m[2m:[0m finished group [3msequence[0m[2m=[0m76
[2m2026-09-06T17:46:43.888077Z[0m [34mDEBUG[0m [1mconn[0m[1m{[0m[3mid[0m[2m=[0m3[1m}[0m[2m:[0m [2mmoq_net::lite::publisher[0m[2m:[0m serving group [3msubscribe[0m[2m=[0m2 [3mtrack[0m[2m=[0m0.m4s [3msequence[0m[2m=[0m78
[2m2026-09-06T17:46:43.888224Z[0m [34mDEBUG[0m [1mconn[0m[1m{[0m[3mid[0m[2m=[0m3[1m}[0m[2m:[0m [2mmoq_net::lite::publisher[0m[2m:[0m serving group [3msubscribe[0m[2m=[0m1 [3mtrack[0m[2m=[0m1.m4s [3msequence[0m[2m=[0m78
[2m2026-09-06T17:46:43.889314Z[0m [34mDEBUG[0m [1mconn[0m[1m{[0m[3mid[0m[2m=[0m3[1m}[0m[2m:[0m [2mmoq_net::lite::publisher[0m[2m:[0m finished group [3msequence[0m[2m=[0m77
[2m2026-09-06T17:46:43.889362Z[0m [34mDEBUG[0m [1mconn[0m[1m{[0m[3mid[0m[2m=[0m3[1m}[0m[2m:[0m [2mmoq_net::lite::publisher[0m[2m:[0m finished group [3msequence[0m[2m=[0m77
[2m2026-09-06T17:46:46.357272Z[0m [34mDEBUG[0m [1mconn[0m[1m{[0m[3mid[0m[2m=[0m3[1m}[0m[2m:[0m [2mmoq_net::lite::publisher[0m[2m:[0m serving group [3msubscribe[0m[2m=[0m2 [3mtrack[0m[2m=[0m0.m4s [3msequence[0m[2m=[0m79
[2m2026-09-06T17:46:46.358914Z[0m [34mDEBUG[0m [1mconn[0m[1m{[0m[3mid[0m[2m=[0m3[1m}[0m[2m:[0m [2mmoq_net::lite::publisher[0m[2m:[0m finished group [3msequence[0m[2m=[0m78
[2m2026-09-06T17:46:46.371582Z[0m [34mDEBUG[0m [1mconn[0m[1m{[0m[3mid[0m[2m=[0m3[1m}[0m[2m:[0m [2mmoq_net::lite::publisher[0m[2m:[0m serving group [3msubscribe[0m[2m=[0m1 [3mtrack[0m[2m=[0m1.m4s [3msequence[0m[2m=[0m79
[2m2026-09-06T17:46:46.372338Z[0m [34mDEBUG[0m [1mconn[0m[1m{[0m[3mid[0m[2m=[0m3[1m}[0m[2m:[0m [2mmoq_net::lite::publisher[0m[2m:[0m finished group [3msequence[0m[2m=[0m78
[2m2026-09-06T17:46:46.372491Z[0m [34mDEBUG[0m [1mconn[0m[1m{[0m[3mid[0m[2m=[0m3[1m}[0m[2m:[0m [2mmoq_net::lite::publisher[0m[2m:[0m serving group [3msubscribe[0m[2m=[0m0 [3mtrack[0m[2m=[0mcatalog.json [3msequence[0m[2m=[0m7
[2m2026-09-06T17:46:46.372821Z[0m [34mDEBUG[0m [1mconn[0m[1m{[0m[3mid[0m[2m=[0m3[1m}[0m[2m:[0m [2mmoq_net::lite::publisher[0m[2m:[0m finished group [3msequence[0m[2m=[0m7
[2m2026-09-06T17:46:46.377789Z[0m [32m INFO[0m [1mconn[0m[1m{[0m[3mid[0m[2m=[0m3[1m}[0m[2m:[0m [2mmoq_net::lite::publisher[0m[2m:[0m subscribed cancelled [3mid[0m[2m=[0m1 [3mbroadcast[0m[2m=[0mbbb.hang [3mtrack[0m[2m=[0m1.m4s
[2m2026-09-06T17:46:46.377918Z[0m [32m INFO[0m [1mconn[0m[1m{[0m[3mid[0m[2m=[0m0[1m}[0m[2m:[0m [2mmoq_net::lite::subscriber[0m[2m:[0m subscribe canceled (idle) [3mtrack[0m[2m=[0m1.m4s
[2m2026-09-06T17:46:46.379618Z[0m [34mDEBUG[0m [1mconn[0m[1m{[0m[3mid[0m[2m=[0m3[1m}[0m[2m:[0m [2mmoq_net::lite::publisher[0m[2m:[0m track info requested [3mbroadcast[0m[2m=[0mbbb.hang [3mtrack[0m[2m=[0m1.m4s
[2m2026-09-06T17:46:46.380346Z[0m [32m INFO[0m [1mconn[0m[1m{[0m[3mid[0m[2m=[0m3[1m}[0m[2m:[0m [2mmoq_net::lite::publisher[0m[2m:[0m subscribed started [3mid[0m[2m=[0m3 [3mbroadcast[0m[2m=[0mbbb.hang [3mtrack[0m[2m=[0m1.m4s
[2m2026-09-06T17:46:46.380515Z[0m [32m INFO[0m [1mconn[0m[1m{[0m[3mid[0m[2m=[0m0[1m}[0m[2m:[0m [2mmoq_net::lite::subscriber[0m[2m:[0m subscribe started [3mid[0m[2m=[0m9 [3mbroadcast[0m[2m=[0mbbb.hang [3mtrack[0m[2m=[0m1.m4s
[2m2026-09-06T17:46:46.381446Z[0m [34mDEBUG[0m [1mconn[0m[1m{[0m[3mid[0m[2m=[0m3[1m}[0m[2m:[0m [2mmoq_net::lite::publisher[0m[2m:[0m serving group [3msubscribe[0m[2m=[0m3 [3mtrack[0m[2m=[0m1.m4s [3msequence[0m[2m=[0m79
[2m2026-09-06T17:46:48.878248Z[0m [34mDEBUG[0m [1mconn[0m[1m{[0m[3mid[0m[2m=[0m3[1m}[0m[2m:[0m [2mmoq_net::lite::publisher[0m[2m:[0m serving group [3msubscribe[0m[2m=[0m2 [3mtrack[0m[2m=[0m0.m4s [3msequence[0m[2m=[0m80
[2m2026-09-06T17:46:48.878367Z[0m [34mDEBUG[0m [1mconn[0m[1m{[0m[3mid[0m[2m=[0m3[1m}[0m[2m:[0m [2mmoq_net::lite::publisher[0m[2m:[0m serving group [3msubscribe[0m[2m=[0m3 [3mtrack[0m[2m=[0m1.m4s [3msequence[0m[2m=[0m80
[2m2026-09-06T17:46:48.879737Z[0m [34mDEBUG[0m [1mconn[0m[1m{[0m[3mid[0m[2m=[0m3[1m}[0m[2m:[0m [2mmoq_net::lite::publisher[0m[2m:[0m finished group [3msequence[0m[2m=[0m79
[2m2026-09-06T17:46:48.879782Z[0m [34mDEBUG[0m [1mconn[0m[1m{[0m[3mid[0m[2m=[0m3[1m}[0m[2m:[0m [2mmoq_net::lite::publisher[0m[2m:[0m finished group [3msequence[0m[2m=[0m79
[2m2026-09-06T17:46:51.377093Z[0m [34mDEBUG[0m [1mconn[0m[1m{[0m[3mid[0m[2m=[0m3[1m}[0m[2m:[0m [2mmoq_net::lite::publisher[0m[2m:[0m serving group [3msubscribe[0m[2m=[0m2 [3mtrack[0m[2m=[0m0.m4s [3msequence[0m[2m=[0m81
[2m2026-09-06T17:46:51.377351Z[0m [34mDEBUG[0m [1mconn[0m[1m{[0m[3mid[0m[2m=[0m3[1m}[0m[2m:[0m [2mmoq_net::lite::publisher[0m[2m:[0m serving group [3msubscribe[0m[2m=[0m3 [3mtrack[0m[2m=[0m1.m4s [3msequence[0m[2m=[0m81
[2m2026-09-06T17:46:51.378221Z[0m [34mDEBUG[0m [1mconn[0m[1m{[0m[3mid[0m[2m=[0m3[1m}[0m[2m:[0m [2mmoq_net::lite::publisher[0m[2m:[0m finished group [3msequence[0m[2m=[0m80
[2m2026-09-06T17:46:51.378283Z[0m [34mDEBUG[0m [1mconn[0m[1m{[0m[3mid[0m[2m=[0m3[1m}[0m[2m:[0m [2mmoq_net::lite::publisher[0m[2m:[0m finished group [3msequence[0m[2m=[0m80
[2m2026-09-06T17:46:52.966438Z[0m [34mDEBUG[0m [1mconn[0m[1m{[0m[3mid[0m[2m=[0m3[1m}[0m[2m:[0m [2mmoq_net::lite::publisher[0m[2m:[0m serving group [3msubscribe[0m[2m=[0m2 [3mtrack[0m[2m=[0m0.m4s [3msequence[0m[2m=[0m82
[2m2026-09-06T17:46:52.967754Z[0m [34mDEBUG[0m [1mconn[0m[1m{[0m[3mid[0m[2m=[0m3[1m}[0m[2m:[0m [2mmoq_net::lite::publisher[0m[2m:[0m finished group [3msequence[0m[2m=[0m81
[2m2026-09-06T17:46:52.967805Z[0m [34mDEBUG[0m [1mconn[0m[1m{[0m[3mid[0m[2m=[0m3[1m}[0m[2m:[0m [2mmoq_net::lite::publisher[0m[2m:[0m serving group [3msubscribe[0m[2m=[0m3 [3mtrack[0m[2m=[0m1.m4s [3msequence[0m[2m=[0m82
[2m2026-09-06T17:46:52.967867Z[0m [34mDEBUG[0m [1mconn[0m[1m{[0m[3mid[0m[2m=[0m3[1m}[0m[2m:[0m [2mmoq_net::lite::publisher[0m[2m:[0m finished group [3msequence[0m[2m=[0m81
[2m2026-09-06T17:46:55.485237Z[0m [34mDEBUG[0m [1mconn[0m[1m{[0m[3mid[0m[2m=[0m3[1m}[0m[2m:[0m [2mmoq_net::lite::publisher[0m[2m:[0m serving group [3msubscribe[0m[2m=[0m2 [3mtrack[0m[2m=[0m0.m4s [3msequence[0m[2m=[0m83
[2m2026-09-06T17:46:55.485368Z[0m [34mDEBUG[0m [1mconn[0m[1m{[0m[3mid[0m[2m=[0m3[1m}[0m[2m:[0m [2mmoq_net::lite::publisher[0m[2m:[0m finished group [3msequence[0m[2m=[0m82
[2m2026-09-06T17:46:55.485398Z[0m [34mDEBUG[0m [1mconn[0m[1m{[0m[3mid[0m[2m=[0m3[1m}[0m[2m:[0m [2mmoq_net::lite::publisher[0m[2m:[0m finished group [3msequence[0m[2m=[0m82
[2m2026-09-06T17:46:55.485423Z[0m [34mDEBUG[0m [1mconn[0m[1m{[0m[3mid[0m[2m=[0m3[1m}[0m[2m:[0m [2mmoq_net::lite::publisher[0m[2m:[0m serving group [3msubscribe[0m[2m=[0m3 [3mtrack[0m[2m=[0m1.m4s [3msequence[0m[2m=[0m83
[2m2026-09-06T17:46:57.952804Z[0m [34mDEBUG[0m [1mconn[0m[1m{[0m[3mid[0m[2m=[0m3[1m}[0m[2m:[0m [2mmoq_net::lite::publisher[0m[2m:[0m serving group [3msubscribe[0m[2m=[0m2 [3mtrack[0m[2m=[0m0.m4s [3msequence[0m[2m=[0m84
[2m2026-09-06T17:46:57.953737Z[0m [34mDEBUG[0m [1mconn[0m[1m{[0m[3mid[0m[2m=[0m3[1m}[0m[2m:[0m [2mmoq_net::lite::publisher[0m[2m:[0m finished group [3msequence[0m[2m=[0m83
[2m2026-09-06T17:46:57.953794Z[0m [34mDEBUG[0m [1mconn[0m[1m{[0m[3mid[0m[2m=[0m3[1m}[0m[2m:[0m [2mmoq_net::lite::publisher[0m[2m:[0m serving group [3msubscribe[0m[2m=[0m3 [3mtrack[0m[2m=[0m1.m4s [3msequence[0m[2m=[0m84
[2m2026-09-06T17:46:57.953859Z[0m [34mDEBUG[0m [1mconn[0m[1m{[0m[3mid[0m[2m=[0m3[1m}[0m[2m:[0m [2mmoq_net::lite::publisher[0m[2m:[0m finished group [3msequence[0m[2m=[0m83
[2m2026-09-06T17:46:58.077695Z[0m [34mDEBUG[0m [1mconn[0m[1m{[0m[3mid[0m[2m=[0m3[1m}[0m[2m:[0m [2mmoq_net::lite::publisher[0m[2m:[0m announcing cancelled [3mprefix[0m[2m=[0m
[2m2026-09-06T17:46:58.077840Z[0m [33m WARN[0m [1mconn[0m[1m{[0m[3mid[0m[2m=[0m3[1m}[0m[2m:[0m [2mmoq_net::lite::publisher[0m[2m:[0m probe stream error [3merr[0m[2m=[0mcancelled
[2m2026-09-06T17:46:58.077885Z[0m [33m WARN[0m [2mmoq_relay::relay[0m[2m:[0m connection closed [3merr[0m[2m=[0mcancelled
[2m2026-09-06T17:46:58.077906Z[0m [32m INFO[0m [1mconn[0m[1m{[0m[3mid[0m[2m=[0m3[1m}[0m[2m:[0m [2mmoq_net::lite::publisher[0m[2m:[0m subscribed cancelled [3mid[0m[2m=[0m0 [3mbroadcast[0m[2m=[0mbbb.hang [3mtrack[0m[2m=[0mcatalog.json
[2m2026-09-06T17:46:58.078055Z[0m [32m INFO[0m [1mconn[0m[1m{[0m[3mid[0m[2m=[0m3[1m}[0m[2m:[0m [2mmoq_net::lite::publisher[0m[2m:[0m subscribed cancelled [3mid[0m[2m=[0m3 [3mbroadcast[0m[2m=[0mbbb.hang [3mtrack[0m[2m=[0m1.m4s
[2m2026-09-06T17:46:58.078126Z[0m [32m INFO[0m [1mconn[0m[1m{[0m[3mid[0m[2m=[0m0[1m}[0m[2m:[0m [2mmoq_net::lite::subscriber[0m[2m:[0m subscribe canceled (idle) [3mtrack[0m[2m=[0mcatalog.json
[2m2026-09-06T17:46:58.078189Z[0m [32m INFO[0m [1mconn[0m[1m{[0m[3mid[0m[2m=[0m0[1m}[0m[2m:[0m [2mmoq_net::lite::subscriber[0m[2m:[0m subscribe canceled (idle) [3mtrack[0m[2m=[0m1.m4s
[2m2026-09-06T17:46:58.078222Z[0m [32m INFO[0m [1mconn[0m[1m{[0m[3mid[0m[2m=[0m3[1m}[0m[2m:[0m [2mmoq_net::lite::publisher[0m[2m:[0m subscribed cancelled [3mid[0m[2m=[0m2 [3mbroadcast[0m[2m=[0mbbb.hang [3mtrack[0m[2m=[0m0.m4s
[2m2026-09-06T17:46:58.078324Z[0m [33m WARN[0m [1mconn[0m[1m{[0m[3mid[0m[2m=[0m3[1m}[0m[2m:[0m [2mmoq_net::lite::session[0m[2m:[0m session error [3merr[0m[2m=[0mcancelled
[2m2026-09-06T17:46:58.078484Z[0m [32m INFO[0m [1mconn[0m[1m{[0m[3mid[0m[2m=[0m0[1m}[0m[2m:[0m [2mmoq_net::lite::subscriber[0m[2m:[0m subscribe canceled (idle) [3mtrack[0m[2m=[0m0.m4s
[2m2026-09-06T17:47:01.266137Z[0m [32m INFO[0m [1mconn[0m[1m{[0m[3mid[0m[2m=[0m4[1m}[0m[2m:[0m [2mmoq_relay::connection[0m[2m:[0m session accepted [3mtransport[0m[2m=[0mquic [3mrole[0m[2m=[0mNone [3mtier[0m[2m=[0m [3mroot[0m[2m=[0m [3mpublish[0m[2m=[0m [3msubscribe[0m[2m=[0m
[2m2026-09-06T17:47:01.266263Z[0m [32m INFO[0m [1mconn[0m[1m{[0m[3mid[0m[2m=[0m4[1m}[0m[2m:[0m [2mmoq_relay::connection[0m[2m:[0m negotiated [3mversion[0m[2m=[0mmoq-lite-05 [3mtransport[0m[2m=[0mquic
[2m2026-09-06T17:47:01.266409Z[0m [34mDEBUG[0m [1mconn[0m[1m{[0m[3mid[0m[2m=[0m4[1m}[0m[2m:[0m [2mmoq_net::lite::publisher[0m[2m:[0m announce [3mroute[0m[2m=[0m.stats/node/local/host
[2m2026-09-06T17:47:01.266428Z[0m [34mDEBUG[0m [1mconn[0m[1m{[0m[3mid[0m[2m=[0m4[1m}[0m[2m:[0m [2mmoq_net::lite::publisher[0m[2m:[0m announce [3mroute[0m[2m=[0mbbb.hang
[2m2026-09-06T17:47:01.266480Z[0m [34mDEBUG[0m [1mconn[0m[1m{[0m[3mid[0m[2m=[0m4[1m}[0m[2m:[0m [2mmoq_net::lite::subscriber[0m[2m:[0m peer does not support probing; skipping probe stream
[2m2026-09-06T17:47:01.268299Z[0m [34mDEBUG[0m [1mconn[0m[1m{[0m[3mid[0m[2m=[0m4[1m}[0m[2m:[0m [2mmoq_net::lite::publisher[0m[2m:[0m track info requested [3mbroadcast[0m[2m=[0mbbb.hang [3mtrack[0m[2m=[0mcatalog.json
[2m2026-09-06T17:47:01.269033Z[0m [32m INFO[0m [1mconn[0m[1m{[0m[3mid[0m[2m=[0m4[1m}[0m[2m:[0m [2mmoq_net::lite::publisher[0m[2m:[0m subscribed started [3mid[0m[2m=[0m0 [3mbroadcast[0m[2m=[0mbbb.hang [3mtrack[0m[2m=[0mcatalog.json
[2m2026-09-06T17:47:01.269103Z[0m [34mDEBUG[0m [1mconn[0m[1m{[0m[3mid[0m[2m=[0m4[1m}[0m[2m:[0m [2mmoq_net::lite::publisher[0m[2m:[0m serving group [3msubscribe[0m[2m=[0m0 [3mtrack[0m[2m=[0mcatalog.json [3msequence[0m[2m=[0m7
[2m2026-09-06T17:47:01.269153Z[0m [32m INFO[0m [1mconn[0m[1m{[0m[3mid[0m[2m=[0m0[1m}[0m[2m:[0m [2mmoq_net::lite::subscriber[0m[2m:[0m subscribe started [3mid[0m[2m=[0m10 [3mbroadcast[0m[2m=[0mbbb.hang [3mtrack[0m[2m=[0mcatalog.json
[2m2026-09-06T17:47:01.274817Z[0m [34mDEBUG[0m [1mconn[0m[1m{[0m[3mid[0m[2m=[0m4[1m}[0m[2m:[0m [2mmoq_net::lite::publisher[0m[2m:[0m finished group [3msequence[0m[2m=[0m7
[2m2026-09-06T17:47:01.276616Z[0m [34mDEBUG[0m [1mconn[0m[1m{[0m[3mid[0m[2m=[0m4[1m}[0m[2m:[0m [2mmoq_net::lite::publisher[0m[2m:[0m track info requested [3mbroadcast[0m[2m=[0mbbb.hang [3mtrack[0m[2m=[0m0.m4s
[2m2026-09-06T17:47:01.276719Z[0m [34mDEBUG[0m [1mconn[0m[1m{[0m[3mid[0m[2m=[0m4[1m}[0m[2m:[0m [2mmoq_net::lite::publisher[0m[2m:[0m track info requested [3mbroadcast[0m[2m=[0mbbb.hang [3mtrack[0m[2m=[0m1.m4s
[2m2026-09-06T17:47:01.278277Z[0m [32m INFO[0m [1mconn[0m[1m{[0m[3mid[0m[2m=[0m4[1m}[0m[2m:[0m [2mmoq_net::lite::publisher[0m[2m:[0m subscribed started [3mid[0m[2m=[0m1 [3mbroadcast[0m[2m=[0mbbb.hang [3mtrack[0m[2m=[0m1.m4s
[2m2026-09-06T17:47:01.278515Z[0m [32m INFO[0m [1mconn[0m[1m{[0m[3mid[0m[2m=[0m4[1m}[0m[2m:[0m [2mmoq_net::lite::publisher[0m[2m:[0m subscribed started [3mid[0m[2m=[0m2 [3mbroadcast[0m[2m=[0mbbb.hang [3mtrack[0m[2m=[0m0.m4s
[2m2026-09-06T17:47:01.278529Z[0m [32m INFO[0m [1mconn[0m[1m{[0m[3mid[0m[2m=[0m0[1m}[0m[2m:[0m [2mmoq_net::lite::subscriber[0m[2m:[0m subscribe started [3mid[0m[2m=[0m11 [3mbroadcast[0m[2m=[0mbbb.hang [3mtrack[0m[2m=[0m1.m4s
[2m2026-09-06T17:47:01.278590Z[0m [32m INFO[0m [1mconn[0m[1m{[0m[3mid[0m[2m=[0m0[1m}[0m[2m:[0m [2mmoq_net::lite::subscriber[0m[2m:[0m subscribe started [3mid[0m[2m=[0m12 [3mbroadcast[0m[2m=[0mbbb.hang [3mtrack[0m[2m=[0m0.m4s
[2m2026-09-06T17:47:01.279739Z[0m [34mDEBUG[0m [1mconn[0m[1m{[0m[3mid[0m[2m=[0m4[1m}[0m[2m:[0m [2mmoq_net::lite::publisher[0m[2m:[0m serving group [3msubscribe[0m[2m=[0m1 [3mtrack[0m[2m=[0m1.m4s [3msequence[0m[2m=[0m86
[2m2026-09-06T17:47:01.281698Z[0m [34mDEBUG[0m [1mconn[0m[1m{[0m[3mid[0m[2m=[0m4[1m}[0m[2m:[0m [2mmoq_net::lite::publisher[0m[2m:[0m serving group [3msubscribe[0m[2m=[0m2 [3mtrack[0m[2m=[0m0.m4s [3msequence[0m[2m=[0m86
[2m2026-09-06T17:47:03.048962Z[0m [34mDEBUG[0m [1mconn[0m[1m{[0m[3mid[0m[2m=[0m4[1m}[0m[2m:[0m [2mmoq_net::lite::publisher[0m[2m:[0m serving group [3msubscribe[0m[2m=[0m2 [3mtrack[0m[2m=[0m0.m4s [3msequence[0m[2m=[0m87
[2m2026-09-06T17:47:03.049406Z[0m [34mDEBUG[0m [1mconn[0m[1m{[0m[3mid[0m[2m=[0m4[1m}[0m[2m:[0m [2mmoq_net::lite::publisher[0m[2m:[0m serving group [3msubscribe[0m[2m=[0m1 [3mtrack[0m[2m=[0m1.m4s [3msequence[0m[2m=[0m87
[2m2026-09-06T17:47:03.052374Z[0m [34mDEBUG[0m [1mconn[0m[1m{[0m[3mid[0m[2m=[0m4[1m}[0m[2m:[0m [2mmoq_net::lite::publisher[0m[2m:[0m finished group [3msequence[0m[2m=[0m86
[2m2026-09-06T17:47:03.052437Z[0m [34mDEBUG[0m [1mconn[0m[1m{[0m[3mid[0m[2m=[0m4[1m}[0m[2m:[0m [2mmoq_net::lite::publisher[0m[2m:[0m finished group [3msequence[0m[2m=[0m86
[2m2026-09-06T17:47:05.549330Z[0m [34mDEBUG[0m [1mconn[0m[1m{[0m[3mid[0m[2m=[0m4[1m}[0m[2m:[0m [2mmoq_net::lite::publisher[0m[2m:[0m serving group [3msubscribe[0m[2m=[0m2 [3mtrack[0m[2m=[0m0.m4s [3msequence[0m[2m=[0m88
[2m2026-09-06T17:47:05.549450Z[0m [34mDEBUG[0m [1mconn[0m[1m{[0m[3mid[0m[2m=[0m4[1m}[0m[2m:[0m [2mmoq_net::lite::publisher[0m[2m:[0m serving group [3msubscribe[0m[2m=[0m1 [3mtrack[0m[2m=[0m1.m4s [3msequence[0m[2m=[0m88
[2m2026-09-06T17:47:05.550713Z[0m [34mDEBUG[0m [1mconn[0m[1m{[0m[3mid[0m[2m=[0m4[1m}[0m[2m:[0m [2mmoq_net::lite::publisher[0m[2m:[0m finished group [3msequence[0m[2m=[0m87
[2m2026-09-06T17:47:05.550751Z[0m [34mDEBUG[0m [1mconn[0m[1m{[0m[3mid[0m[2m=[0m4[1m}[0m[2m:[0m [2mmoq_net::lite::publisher[0m[2m:[0m finished group [3msequence[0m[2m=[0m87
[2m2026-09-06T17:47:07.796566Z[0m [34mDEBUG[0m [1mconn[0m[1m{[0m[3mid[0m[2m=[0m4[1m}[0m[2m:[0m [2mmoq_net::lite::publisher[0m[2m:[0m serving group [3msubscribe[0m[2m=[0m2 [3mtrack[0m[2m=[0m0.m4s [3msequence[0m[2m=[0m89
[2m2026-09-06T17:47:07.797762Z[0m [34mDEBUG[0m [1mconn[0m[1m{[0m[3mid[0m[2m=[0m4[1m}[0m[2m:[0m [2mmoq_net::lite::publisher[0m[2m:[0m finished group [3msequence[0m[2m=[0m88
[2m2026-09-06T17:47:07.798158Z[0m [34mDEBUG[0m [1mconn[0m[1m{[0m[3mid[0m[2m=[0m4[1m}[0m[2m:[0m [2mmoq_net::lite::publisher[0m[2m:[0m serving group [3msubscribe[0m[2m=[0m1 [3mtrack[0m[2m=[0m1.m4s [3msequence[0m[2m=[0m89
[2m2026-09-06T17:47:07.798299Z[0m [34mDEBUG[0m [1mconn[0m[1m{[0m[3mid[0m[2m=[0m4[1m}[0m[2m:[0m [2mmoq_net::lite::publisher[0m[2m:[0m finished group [3msequence[0m[2m=[0m88
[2m2026-09-06T17:47:09.541061Z[0m [34mDEBUG[0m [1mconn[0m[1m{[0m[3mid[0m[2m=[0m4[1m}[0m[2m:[0m [2mmoq_net::lite::publisher[0m[2m:[0m serving group [3msubscribe[0m[2m=[0m2 [3mtrack[0m[2m=[0m0.m4s [3msequence[0m[2m=[0m90
[2m2026-09-06T17:47:09.541175Z[0m [34mDEBUG[0m [1mconn[0m[1m{[0m[3mid[0m[2m=[0m4[1m}[0m[2m:[0m [2mmoq_net::lite::publisher[0m[2m:[0m serving group [3msubscribe[0m[2m=[0m1 [3mtrack[0m[2m=[0m1.m4s [3msequence[0m[2m=[0m90
[2m2026-09-06T17:47:09.543830Z[0m [34mDEBUG[0m [1mconn[0m[1m{[0m[3mid[0m[2m=[0m4[1m}[0m[2m:[0m [2mmoq_net::lite::publisher[0m[2m:[0m finished group [3msequence[0m[2m=[0m89
[2m2026-09-06T17:47:09.543949Z[0m [34mDEBUG[0m [1mconn[0m[1m{[0m[3mid[0m[2m=[0m4[1m}[0m[2m:[0m [2mmoq_net::lite::publisher[0m[2m:[0m finished group [3msequence[0m[2m=[0m89
[2m2026-09-06T17:47:11.089414Z[0m [34mDEBUG[0m [1mconn[0m[1m{[0m[3mid[0m[2m=[0m4[1m}[0m[2m:[0m [2mmoq_net::lite::publisher[0m[2m:[0m serving group [3msubscribe[0m[2m=[0m2 [3mtrack[0m[2m=[0m0.m4s [3msequence[0m[2m=[0m91
[2m2026-09-06T17:47:11.090402Z[0m [34mDEBUG[0m [1mconn[0m[1m{[0m[3mid[0m[2m=[0m4[1m}[0m[2m:[0m [2mmoq_net::lite::publisher[0m[2m:[0m finished group [3msequence[0m[2m=[0m90
[2m2026-09-06T17:47:11.105220Z[0m [34mDEBUG[0m [1mconn[0m[1m{[0m[3mid[0m[2m=[0m4[1m}[0m[2m:[0m [2mmoq_net::lite::publisher[0m[2m:[0m serving group [3msubscribe[0m[2m=[0m1 [3mtrack[0m[2m=[0m1.m4s [3msequence[0m[2m=[0m91
[2m2026-09-06T17:47:11.107118Z[0m [34mDEBUG[0m [1mconn[0m[1m{[0m[3mid[0m[2m=[0m4[1m}[0m[2m:[0m [2mmoq_net::lite::publisher[0m[2m:[0m finished group [3msequence[0m[2m=[0m90
[2m2026-09-06T17:47:12.508917Z[0m [34mDEBUG[0m [1mconn[0m[1m{[0m[3mid[0m[2m=[0m4[1m}[0m[2m:[0m [2mmoq_net::lite::publisher[0m[2m:[0m serving group [3msubscribe[0m[2m=[0m2 [3mtrack[0m[2m=[0m0.m4s [3msequence[0m[2m=[0m92
[2m2026-09-06T17:47:12.512863Z[0m [34mDEBUG[0m [1mconn[0m[1m{[0m[3mid[0m[2m=[0m4[1m}[0m[2m:[0m [2mmoq_net::lite::publisher[0m[2m:[0m finished group [3msequence[0m[2m=[0m91
[2m2026-09-06T17:47:12.522267Z[0m [34mDEBUG[0m [1mconn[0m[1m{[0m[3mid[0m[2m=[0m4[1m}[0m[2m:[0m [2mmoq_net::lite::publisher[0m[2m:[0m serving group [3msubscribe[0m[2m=[0m1 [3mtrack[0m[2m=[0m1.m4s [3msequence[0m[2m=[0m92
[2m2026-09-06T17:47:12.523601Z[0m [34mDEBUG[0m [1mconn[0m[1m{[0m[3mid[0m[2m=[0m4[1m}[0m[2m:[0m [2mmoq_net::lite::publisher[0m[2m:[0m finished group [3msequence[0m[2m=[0m91
[2m2026-09-06T17:47:15.000771Z[0m [34mDEBUG[0m [1mconn[0m[1m{[0m[3mid[0m[2m=[0m4[1m}[0m[2m:[0m [2mmoq_net::lite::publisher[0m[2m:[0m serving group [3msubscribe[0m[2m=[0m2 [3mtrack[0m[2m=[0m0.m4s [3msequence[0m[2m=[0m93
[2m2026-09-06T17:47:15.000931Z[0m [34mDEBUG[0m [1mconn[0m[1m{[0m[3mid[0m[2m=[0m4[1m}[0m[2m:[0m [2mmoq_net::lite::publisher[0m[2m:[0m serving group [3msubscribe[0m[2m=[0m1 [3mtrack[0m[2m=[0m1.m4s [3msequence[0m[2m=[0m93
[2m2026-09-06T17:47:15.002058Z[0m [34mDEBUG[0m [1mconn[0m[1m{[0m[3mid[0m[2m=[0m4[1m}[0m[2m:[0m [2mmoq_net::lite::publisher[0m[2m:[0m finished group [3msequence[0m[2m=[0m92
[2m2026-09-06T17:47:15.002131Z[0m [34mDEBUG[0m [1mconn[0m[1m{[0m[3mid[0m[2m=[0m4[1m}[0m[2m:[0m [2mmoq_net::lite::publisher[0m[2m:[0m finished group [3msequence[0m[2m=[0m92
[2m2026-09-06T17:47:17.408021Z[0m [34mDEBUG[0m [1mconn[0m[1m{[0m[3mid[0m[2m=[0m4[1m}[0m[2m:[0m [2mmoq_net::lite::publisher[0m[2m:[0m serving group [3msubscribe[0m[2m=[0m2 [3mtrack[0m[2m=[0m0.m4s [3msequence[0m[2m=[0m94
[2m2026-09-06T17:47:17.408921Z[0m [34mDEBUG[0m [1mconn[0m[1m{[0m[3mid[0m[2m=[0m4[1m}[0m[2m:[0m [2mmoq_net::lite::publisher[0m[2m:[0m finished group [3msequence[0m[2m=[0m93
[2m2026-09-06T17:47:17.409034Z[0m [34mDEBUG[0m [1mconn[0m[1m{[0m[3mid[0m[2m=[0m4[1m}[0m[2m:[0m [2mmoq_net::lite::publisher[0m[2m:[0m serving group [3msubscribe[0m[2m=[0m1 [3mtrack[0m[2m=[0m1.m4s [3msequence[0m[2m=[0m94
[2m2026-09-06T17:47:17.410174Z[0m [34mDEBUG[0m [1mconn[0m[1m{[0m[3mid[0m[2m=[0m4[1m}[0m[2m:[0m [2mmoq_net::lite::publisher[0m[2m:[0m finished group [3msequence[0m[2m=[0m93
[2m2026-09-06T17:47:19.922362Z[0m [34mDEBUG[0m [1mconn[0m[1m{[0m[3mid[0m[2m=[0m4[1m}[0m[2m:[0m [2mmoq_net::lite::publisher[0m[2m:[0m serving group [3msubscribe[0m[2m=[0m2 [3mtrack[0m[2m=[0m0.m4s [3msequence[0m[2m=[0m95
[2m2026-09-06T17:47:19.922563Z[0m [34mDEBUG[0m [1mconn[0m[1m{[0m[3mid[0m[2m=[0m4[1m}[0m[2m:[0m [2mmoq_net::lite::publisher[0m[2m:[0m serving group [3msubscribe[0m[2m=[0m1 [3mtrack[0m[2m=[0m1.m4s [3msequence[0m[2m=[0m95
[2m2026-09-06T17:47:19.923878Z[0m [34mDEBUG[0m [1mconn[0m[1m{[0m[3mid[0m[2m=[0m4[1m}[0m[2m:[0m [2mmoq_net::lite::publisher[0m[2m:[0m finished group [3msequence[0m[2m=[0m94
[2m2026-09-06T17:47:19.923922Z[0m [34mDEBUG[0m [1mconn[0m[1m{[0m[3mid[0m[2m=[0m4[1m}[0m[2m:[0m [2mmoq_net::lite::publisher[0m[2m:[0m finished group [3msequence[0m[2m=[0m94
[2m2026-09-06T17:47:22.434487Z[0m [34mDEBUG[0m [1mconn[0m[1m{[0m[3mid[0m[2m=[0m4[1m}[0m[2m:[0m [2mmoq_net::lite::publisher[0m[2m:[0m serving group [3msubscribe[0m[2m=[0m2 [3mtrack[0m[2m=[0m0.m4s [3msequence[0m[2m=[0m96
[2m2026-09-06T17:47:22.435847Z[0m [34mDEBUG[0m [1mconn[0m[1m{[0m[3mid[0m[2m=[0m4[1m}[0m[2m:[0m [2mmoq_net::lite::publisher[0m[2m:[0m finished group [3msequence[0m[2m=[0m95
[2m2026-09-06T17:47:22.436434Z[0m [34mDEBUG[0m [1mconn[0m[1m{[0m[3mid[0m[2m=[0m4[1m}[0m[2m:[0m [2mmoq_net::lite::publisher[0m[2m:[0m serving group [3msubscribe[0m[2m=[0m1 [3mtrack[0m[2m=[0m1.m4s [3msequence[0m[2m=[0m96
[2m2026-09-06T17:47:22.437668Z[0m [34mDEBUG[0m [1mconn[0m[1m{[0m[3mid[0m[2m=[0m4[1m}[0m[2m:[0m [2mmoq_net::lite::publisher[0m[2m:[0m finished group [3msequence[0m[2m=[0m95
[2m2026-09-06T17:47:24.119162Z[0m [34mDEBUG[0m [1mconn[0m[1m{[0m[3mid[0m[2m=[0m4[1m}[0m[2m:[0m [2mmoq_net::lite::publisher[0m[2m:[0m serving group [3msubscribe[0m[2m=[0m2 [3mtrack[0m[2m=[0m0.m4s [3msequence[0m[2m=[0m97
[2m2026-09-06T17:47:24.120422Z[0m [34mDEBUG[0m [1mconn[0m[1m{[0m[3mid[0m[2m=[0m4[1m}[0m[2m:[0m [2mmoq_net::lite::publisher[0m[2m:[0m finished group [3msequence[0m[2m=[0m96
[2m2026-09-06T17:47:24.120537Z[0m [34mDEBUG[0m [1mconn[0m[1m{[0m[3mid[0m[2m=[0m4[1m}[0m[2m:[0m [2mmoq_net::lite::publisher[0m[2m:[0m serving group [3msubscribe[0m[2m=[0m1 [3mtrack[0m[2m=[0m1.m4s [3msequence[0m[2m=[0m97
[2m2026-09-06T17:47:24.120889Z[0m [34mDEBUG[0m [1mconn[0m[1m{[0m[3mid[0m[2m=[0m4[1m}[0m[2m:[0m [2mmoq_net::lite::publisher[0m[2m:[0m finished group [3msequence[0m[2m=[0m96
[2m2026-09-06T17:47:26.655489Z[0m [34mDEBUG[0m [1mconn[0m[1m{[0m[3mid[0m[2m=[0m4[1m}[0m[2m:[0m [2mmoq_net::lite::publisher[0m[2m:[0m finished group [3msequence[0m[2m=[0m97
[2m2026-09-06T17:47:26.655563Z[0m [34mDEBUG[0m [1mconn[0m[1m{[0m[3mid[0m[2m=[0m4[1m}[0m[2m:[0m [2mmoq_net::lite::publisher[0m[2m:[0m serving group [3msubscribe[0m[2m=[0m2 [3mtrack[0m[2m=[0m0.m4s [3msequence[0m[2m=[0m98
[2m2026-09-06T17:47:26.655671Z[0m [34mDEBUG[0m [1mconn[0m[1m{[0m[3mid[0m[2m=[0m4[1m}[0m[2m:[0m [2mmoq_net::lite::publisher[0m[2m:[0m finished group [3msequence[0m[2m=[0m97
[2m2026-09-06T17:47:26.655701Z[0m [34mDEBUG[0m [1mconn[0m[1m{[0m[3mid[0m[2m=[0m4[1m}[0m[2m:[0m [2mmoq_net::lite::publisher[0m[2m:[0m serving group [3msubscribe[0m[2m=[0m1 [3mtrack[0m[2m=[0m1.m4s [3msequence[0m[2m=[0m98
[2m2026-09-06T17:47:29.183511Z[0m [34mDEBUG[0m [1mconn[0m[1m{[0m[3mid[0m[2m=[0m4[1m}[0m[2m:[0m [2mmoq_net::lite::publisher[0m[2m:[0m finished group [3msequence[0m[2m=[0m98
[2m2026-09-06T17:47:29.183570Z[0m [34mDEBUG[0m [1mconn[0m[1m{[0m[3mid[0m[2m=[0m4[1m}[0m[2m:[0m [2mmoq_net::lite::publisher[0m[2m:[0m serving group [3msubscribe[0m[2m=[0m2 [3mtrack[0m[2m=[0m0.m4s [3msequence[0m[2m=[0m99
[2m2026-09-06T17:47:29.183675Z[0m [34mDEBUG[0m [1mconn[0m[1m{[0m[3mid[0m[2m=[0m4[1m}[0m[2m:[0m [2mmoq_net::lite::publisher[0m[2m:[0m finished group [3msequence[0m[2m=[0m98
[2m2026-09-06T17:47:29.183699Z[0m [34mDEBUG[0m [1mconn[0m[1m{[0m[3mid[0m[2m=[0m4[1m}[0m[2m:[0m [2mmoq_net::lite::publisher[0m[2m:[0m serving group [3msubscribe[0m[2m=[0m1 [3mtrack[0m[2m=[0m1.m4s [3msequence[0m[2m=[0m99
[2m2026-09-06T17:47:31.626386Z[0m [34mDEBUG[0m [1mconn[0m[1m{[0m[3mid[0m[2m=[0m4[1m}[0m[2m:[0m [2mmoq_net::lite::publisher[0m[2m:[0m serving group [3msubscribe[0m[2m=[0m2 [3mtrack[0m[2m=[0m0.m4s [3msequence[0m[2m=[0m100
[2m2026-09-06T17:47:31.626553Z[0m [34mDEBUG[0m [1mconn[0m[1m{[0m[3mid[0m[2m=[0m4[1m}[0m[2m:[0m [2mmoq_net::lite::publisher[0m[2m:[0m serving group [3msubscribe[0m[2m=[0m1 [3mtrack[0m[2m=[0m1.m4s [3msequence[0m[2m=[0m100
[2m2026-09-06T17:47:31.628055Z[0m [34mDEBUG[0m [1mconn[0m[1m{[0m[3mid[0m[2m=[0m4[1m}[0m[2m:[0m [2mmoq_net::lite::publisher[0m[2m:[0m finished group [3msequence[0m[2m=[0m99
[2m2026-09-06T17:47:31.628140Z[0m [34mDEBUG[0m [1mconn[0m[1m{[0m[3mid[0m[2m=[0m4[1m}[0m[2m:[0m [2mmoq_net::lite::publisher[0m[2m:[0m finished group [3msequence[0m[2m=[0m99
[2m2026-09-06T17:47:33.573650Z[0m [34mDEBUG[0m [1mconn[0m[1m{[0m[3mid[0m[2m=[0m4[1m}[0m[2m:[0m [2mmoq_net::lite::publisher[0m[2m:[0m finished group [3msequence[0m[2m=[0m100
[2m2026-09-06T17:47:33.573787Z[0m [34mDEBUG[0m [1mconn[0m[1m{[0m[3mid[0m[2m=[0m4[1m}[0m[2m:[0m [2mmoq_net::lite::publisher[0m[2m:[0m serving group [3msubscribe[0m[2m=[0m2 [3mtrack[0m[2m=[0m0.m4s [3msequence[0m[2m=[0m101
[2m2026-09-06T17:47:33.573893Z[0m [34mDEBUG[0m [1mconn[0m[1m{[0m[3mid[0m[2m=[0m4[1m}[0m[2m:[0m [2mmoq_net::lite::publisher[0m[2m:[0m finished group [3msequence[0m[2m=[0m100
[2m2026-09-06T17:47:33.573922Z[0m [34mDEBUG[0m [1mconn[0m[1m{[0m[3mid[0m[2m=[0m4[1m}[0m[2m:[0m [2mmoq_net::lite::publisher[0m[2m:[0m serving group [3msubscribe[0m[2m=[0m1 [3mtrack[0m[2m=[0m1.m4s [3msequence[0m[2m=[0m101
[2m2026-09-06T17:47:36.068744Z[0m [34mDEBUG[0m [1mconn[0m[1m{[0m[3mid[0m[2m=[0m4[1m}[0m[2m:[0m [2mmoq_net::lite::publisher[0m[2m:[0m serving group [3msubscribe[0m[2m=[0m2 [3mtrack[0m[2m=[0m0.m4s [3msequence[0m[2m=[0m102
[2m2026-09-06T17:47:36.068857Z[0m [34mDEBUG[0m [1mconn[0m[1m{[0m[3mid[0m[2m=[0m4[1m}[0m[2m:[0m [2mmoq_net::lite::publisher[0m[2m:[0m serving group [3msubscribe[0m[2m=[0m1 [3mtrack[0m[2m=[0m1.m4s [3msequence[0m[2m=[0m102
[2m2026-09-06T17:47:36.071063Z[0m [34mDEBUG[0m [1mconn[0m[1m{[0m[3mid[0m[2m=[0m4[1m}[0m[2m:[0m [2mmoq_net::lite::publisher[0m[2m:[0m finished group [3msequence[0m[2m=[0m101
[2m2026-09-06T17:47:36.071246Z[0m [34mDEBUG[0m [1mconn[0m[1m{[0m[3mid[0m[2m=[0m4[1m}[0m[2m:[0m [2mmoq_net::lite::publisher[0m[2m:[0m finished group [3msequence[0m[2m=[0m101
[2m2026-09-06T17:47:38.553342Z[0m [34mDEBUG[0m [1mconn[0m[1m{[0m[3mid[0m[2m=[0m4[1m}[0m[2m:[0m [2mmoq_net::lite::publisher[0m[2m:[0m serving group [3msubscribe[0m[2m=[0m2 [3mtrack[0m[2m=[0m0.m4s [3msequence[0m[2m=[0m103
[2m2026-09-06T17:47:38.553486Z[0m [34mDEBUG[0m [1mconn[0m[1m{[0m[3mid[0m[2m=[0m4[1m}[0m[2m:[0m [2mmoq_net::lite::publisher[0m[2m:[0m serving group [3msubscribe[0m[2m=[0m1 [3mtrack[0m[2m=[0m1.m4s [3msequence[0m[2m=[0m103
[2m2026-09-06T17:47:38.555326Z[0m [34mDEBUG[0m [1mconn[0m[1m{[0m[3mid[0m[2m=[0m4[1m}[0m[2m:[0m [2mmoq_net::lite::publisher[0m[2m:[0m finished group [3msequence[0m[2m=[0m102
[2m2026-09-06T17:47:38.555393Z[0m [34mDEBUG[0m [1mconn[0m[1m{[0m[3mid[0m[2m=[0m4[1m}[0m[2m:[0m [2mmoq_net::lite::publisher[0m[2m:[0m finished group [3msequence[0m[2m=[0m102
[2m2026-09-06T17:47:41.061765Z[0m [34mDEBUG[0m [1mconn[0m[1m{[0m[3mid[0m[2m=[0m4[1m}[0m[2m:[0m [2mmoq_net::lite::publisher[0m[2m:[0m finished group [3msequence[0m[2m=[0m103
[2m2026-09-06T17:47:41.061866Z[0m [34mDEBUG[0m [1mconn[0m[1m{[0m[3mid[0m[2m=[0m4[1m}[0m[2m:[0m [2mmoq_net::lite::publisher[0m[2m:[0m serving group [3msubscribe[0m[2m=[0m2 [3mtrack[0m[2m=[0m0.m4s [3msequence[0m[2m=[0m104
[2m2026-09-06T17:47:41.061990Z[0m [34mDEBUG[0m [1mconn[0m[1m{[0m[3mid[0m[2m=[0m4[1m}[0m[2m:[0m [2mmoq_net::lite::publisher[0m[2m:[0m finished group [3msequence[0m[2m=[0m103
[2m2026-09-06T17:47:41.062024Z[0m [34mDEBUG[0m [1mconn[0m[1m{[0m[3mid[0m[2m=[0m4[1m}[0m[2m:[0m [2mmoq_net::lite::publisher[0m[2m:[0m serving group [3msubscribe[0m[2m=[0m1 [3mtrack[0m[2m=[0m1.m4s [3msequence[0m[2m=[0m104
[2m2026-09-06T17:47:43.541878Z[0m [34mDEBUG[0m [1mconn[0m[1m{[0m[3mid[0m[2m=[0m4[1m}[0m[2m:[0m [2mmoq_net::lite::publisher[0m[2m:[0m serving group [3msubscribe[0m[2m=[0m2 [3mtrack[0m[2m=[0m0.m4s [3msequence[0m[2m=[0m105
[2m2026-09-06T17:47:43.542392Z[0m [34mDEBUG[0m [1mconn[0m[1m{[0m[3mid[0m[2m=[0m4[1m}[0m[2m:[0m [2mmoq_net::lite::publisher[0m[2m:[0m serving group [3msubscribe[0m[2m=[0m1 [3mtrack[0m[2m=[0m1.m4s [3msequence[0m[2m=[0m105
[2m2026-09-06T17:47:43.544118Z[0m [34mDEBUG[0m [1mconn[0m[1m{[0m[3mid[0m[2m=[0m4[1m}[0m[2m:[0m [2mmoq_net::lite::publisher[0m[2m:[0m finished group [3msequence[0m[2m=[0m104
[2m2026-09-06T17:47:43.544168Z[0m [34mDEBUG[0m [1mconn[0m[1m{[0m[3mid[0m[2m=[0m4[1m}[0m[2m:[0m [2mmoq_net::lite::publisher[0m[2m:[0m finished group [3msequence[0m[2m=[0m104
[2m2026-09-06T17:47:45.707099Z[0m [34mDEBUG[0m [1mconn[0m[1m{[0m[3mid[0m[2m=[0m4[1m}[0m[2m:[0m [2mmoq_net::lite::publisher[0m[2m:[0m serving group [3msubscribe[0m[2m=[0m2 [3mtrack[0m[2m=[0m0.m4s [3msequence[0m[2m=[0m106
[2m2026-09-06T17:47:45.708099Z[0m [34mDEBUG[0m [1mconn[0m[1m{[0m[3mid[0m[2m=[0m4[1m}[0m[2m:[0m [2mmoq_net::lite::publisher[0m[2m:[0m finished group [3msequence[0m[2m=[0m105
[2m2026-09-06T17:47:45.708144Z[0m [34mDEBUG[0m [1mconn[0m[1m{[0m[3mid[0m[2m=[0m4[1m}[0m[2m:[0m [2mmoq_net::lite::publisher[0m[2m:[0m serving group [3msubscribe[0m[2m=[0m1 [3mtrack[0m[2m=[0m1.m4s [3msequence[0m[2m=[0m106
[2m2026-09-06T17:47:45.708198Z[0m [34mDEBUG[0m [1mconn[0m[1m{[0m[3mid[0m[2m=[0m4[1m}[0m[2m:[0m [2mmoq_net::lite::publisher[0m[2m:[0m finished group [3msequence[0m[2m=[0m105
[2m2026-09-06T17:47:47.147077Z[0m [34mDEBUG[0m [1mconn[0m[1m{[0m[3mid[0m[2m=[0m4[1m}[0m[2m:[0m [2mmoq_net::lite::publisher[0m[2m:[0m serving group [3msubscribe[0m[2m=[0m1 [3mtrack[0m[2m=[0m1.m4s [3msequence[0m[2m=[0m107
[2m2026-09-06T17:47:47.147191Z[0m [34mDEBUG[0m [1mconn[0m[1m{[0m[3mid[0m[2m=[0m4[1m}[0m[2m:[0m [2mmoq_net::lite::publisher[0m[2m:[0m serving group [3msubscribe[0m[2m=[0m2 [3mtrack[0m[2m=[0m0.m4s [3msequence[0m[2m=[0m107
[2m2026-09-06T17:47:47.148398Z[0m [34mDEBUG[0m [1mconn[0m[1m{[0m[3mid[0m[2m=[0m4[1m}[0m[2m:[0m [2mmoq_net::lite::publisher[0m[2m:[0m finished group [3msequence[0m[2m=[0m106
[2m2026-09-06T17:47:47.148454Z[0m [34mDEBUG[0m [1mconn[0m[1m{[0m[3mid[0m[2m=[0m4[1m}[0m[2m:[0m [2mmoq_net::lite::publisher[0m[2m:[0m finished group [3msequence[0m[2m=[0m106
[2m2026-09-06T17:47:49.625445Z[0m [34mDEBUG[0m [1mconn[0m[1m{[0m[3mid[0m[2m=[0m4[1m}[0m[2m:[0m [2mmoq_net::lite::publisher[0m[2m:[0m serving group [3msubscribe[0m[2m=[0m2 [3mtrack[0m[2m=[0m0.m4s [3msequence[0m[2m=[0m108
[2m2026-09-06T17:47:49.626166Z[0m [34mDEBUG[0m [1mconn[0m[1m{[0m[3mid[0m[2m=[0m4[1m}[0m[2m:[0m [2mmoq_net::lite::publisher[0m[2m:[0m serving group [3msubscribe[0m[2m=[0m1 [3mtrack[0m[2m=[0m1.m4s [3msequence[0m[2m=[0m108
[2m2026-09-06T17:47:49.627531Z[0m [34mDEBUG[0m [1mconn[0m[1m{[0m[3mid[0m[2m=[0m4[1m}[0m[2m:[0m [2mmoq_net::lite::publisher[0m[2m:[0m finished group [3msequence[0m[2m=[0m107
[2m2026-09-06T17:47:49.627631Z[0m [34mDEBUG[0m [1mconn[0m[1m{[0m[3mid[0m[2m=[0m4[1m}[0m[2m:[0m [2mmoq_net::lite::publisher[0m[2m:[0m finished group [3msequence[0m[2m=[0m107
[2m2026-09-06T17:47:52.127067Z[0m [34mDEBUG[0m [1mconn[0m[1m{[0m[3mid[0m[2m=[0m4[1m}[0m[2m:[0m [2mmoq_net::lite::publisher[0m[2m:[0m serving group [3msubscribe[0m[2m=[0m2 [3mtrack[0m[2m=[0m0.m4s [3msequence[0m[2m=[0m109
[2m2026-09-06T17:47:52.127291Z[0m [34mDEBUG[0m [1mconn[0m[1m{[0m[3mid[0m[2m=[0m4[1m}[0m[2m:[0m [2mmoq_net::lite::publisher[0m[2m:[0m serving group [3msubscribe[0m[2m=[0m1 [3mtrack[0m[2m=[0m1.m4s [3msequence[0m[2m=[0m109
[2m2026-09-06T17:47:52.128515Z[0m [34mDEBUG[0m [1mconn[0m[1m{[0m[3mid[0m[2m=[0m4[1m}[0m[2m:[0m [2mmoq_net::lite::publisher[0m[2m:[0m finished group [3msequence[0m[2m=[0m108
[2m2026-09-06T17:47:52.128569Z[0m [34mDEBUG[0m [1mconn[0m[1m{[0m[3mid[0m[2m=[0m4[1m}[0m[2m:[0m [2mmoq_net::lite::publisher[0m[2m:[0m finished group [3msequence[0m[2m=[0m108
[2m2026-09-06T17:47:54.370473Z[0m [34mDEBUG[0m [1mconn[0m[1m{[0m[3mid[0m[2m=[0m4[1m}[0m[2m:[0m [2mmoq_net::lite::publisher[0m[2m:[0m serving group [3msubscribe[0m[2m=[0m2 [3mtrack[0m[2m=[0m0.m4s [3msequence[0m[2m=[0m110
[2m2026-09-06T17:47:54.370675Z[0m [34mDEBUG[0m [1mconn[0m[1m{[0m[3mid[0m[2m=[0m4[1m}[0m[2m:[0m [2mmoq_net::lite::publisher[0m[2m:[0m serving group [3msubscribe[0m[2m=[0m1 [3mtrack[0m[2m=[0m1.m4s [3msequence[0m[2m=[0m110
[2m2026-09-06T17:47:54.372809Z[0m [34mDEBUG[0m [1mconn[0m[1m{[0m[3mid[0m[2m=[0m4[1m}[0m[2m:[0m [2mmoq_net::lite::publisher[0m[2m:[0m finished group [3msequence[0m[2m=[0m109
[2m2026-09-06T17:47:54.373055Z[0m [34mDEBUG[0m [1mconn[0m[1m{[0m[3mid[0m[2m=[0m4[1m}[0m[2m:[0m [2mmoq_net::lite::publisher[0m[2m:[0m finished group [3msequence[0m[2m=[0m109
[2m2026-09-06T17:47:55.628942Z[0m [34mDEBUG[0m [1mconn[0m[1m{[0m[3mid[0m[2m=[0m4[1m}[0m[2m:[0m [2mmoq_net::lite::publisher[0m[2m:[0m finished group [3msequence[0m[2m=[0m110
[2m2026-09-06T17:47:55.629302Z[0m [34mDEBUG[0m [1mconn[0m[1m{[0m[3mid[0m[2m=[0m4[1m}[0m[2m:[0m [2mmoq_net::lite::publisher[0m[2m:[0m serving group [3msubscribe[0m[2m=[0m2 [3mtrack[0m[2m=[0m0.m4s [3msequence[0m[2m=[0m111
[2m2026-09-06T17:47:55.629420Z[0m [34mDEBUG[0m [1mconn[0m[1m{[0m[3mid[0m[2m=[0m4[1m}[0m[2m:[0m [2mmoq_net::lite::publisher[0m[2m:[0m serving group [3msubscribe[0m[2m=[0m1 [3mtrack[0m[2m=[0m1.m4s [3msequence[0m[2m=[0m111
[2m2026-09-06T17:47:55.630475Z[0m [34mDEBUG[0m [1mconn[0m[1m{[0m[3mid[0m[2m=[0m4[1m}[0m[2m:[0m [2mmoq_net::lite::publisher[0m[2m:[0m finished group [3msequence[0m[2m=[0m110
[2m2026-09-06T17:47:57.316821Z[0m [34mDEBUG[0m [1mconn[0m[1m{[0m[3mid[0m[2m=[0m4[1m}[0m[2m:[0m [2mmoq_net::lite::publisher[0m[2m:[0m serving group [3msubscribe[0m[2m=[0m2 [3mtrack[0m[2m=[0m0.m4s [3msequence[0m[2m=[0m112
[2m2026-09-06T17:47:57.317081Z[0m [34mDEBUG[0m [1mconn[0m[1m{[0m[3mid[0m[2m=[0m4[1m}[0m[2m:[0m [2mmoq_net::lite::publisher[0m[2m:[0m serving group [3msubscribe[0m[2m=[0m1 [3mtrack[0m[2m=[0m1.m4s [3msequence[0m[2m=[0m112
[2m2026-09-06T17:47:57.318734Z[0m [34mDEBUG[0m [1mconn[0m[1m{[0m[3mid[0m[2m=[0m4[1m}[0m[2m:[0m [2mmoq_net::lite::publisher[0m[2m:[0m finished group [3msequence[0m[2m=[0m111
[2m2026-09-06T17:47:57.318809Z[0m [34mDEBUG[0m [1mconn[0m[1m{[0m[3mid[0m[2m=[0m4[1m}[0m[2m:[0m [2mmoq_net::lite::publisher[0m[2m:[0m finished group [3msequence[0m[2m=[0m111
[2m2026-09-06T17:47:58.946238Z[0m [34mDEBUG[0m [1mconn[0m[1m{[0m[3mid[0m[2m=[0m4[1m}[0m[2m:[0m [2mmoq_net::lite::publisher[0m[2m:[0m serving group [3msubscribe[0m[2m=[0m2 [3mtrack[0m[2m=[0m0.m4s [3msequence[0m[2m=[0m113
[2m2026-09-06T17:47:58.947016Z[0m [34mDEBUG[0m [1mconn[0m[1m{[0m[3mid[0m[2m=[0m4[1m}[0m[2m:[0m [2mmoq_net::lite::publisher[0m[2m:[0m finished group [3msequence[0m[2m=[0m112
[2m2026-09-06T17:47:58.952626Z[0m [34mDEBUG[0m [1mconn[0m[1m{[0m[3mid[0m[2m=[0m4[1m}[0m[2m:[0m [2mmoq_net::lite::publisher[0m[2m:[0m serving group [3msubscribe[0m[2m=[0m1 [3mtrack[0m[2m=[0m1.m4s [3msequence[0m[2m=[0m113
[2m2026-09-06T17:47:58.954018Z[0m [34mDEBUG[0m [1mconn[0m[1m{[0m[3mid[0m[2m=[0m4[1m}[0m[2m:[0m [2mmoq_net::lite::publisher[0m[2m:[0m finished group [3msequence[0m[2m=[0m112
[2m2026-09-06T17:48:00.634605Z[0m [34mDEBUG[0m [1mconn[0m[1m{[0m[3mid[0m[2m=[0m4[1m}[0m[2m:[0m [2mmoq_net::lite::publisher[0m[2m:[0m serving group [3msubscribe[0m[2m=[0m2 [3mtrack[0m[2m=[0m0.m4s [3msequence[0m[2m=[0m114
[2m2026-09-06T17:48:00.635162Z[0m [34mDEBUG[0m [1mconn[0m[1m{[0m[3mid[0m[2m=[0m4[1m}[0m[2m:[0m [2mmoq_net::lite::publisher[0m[2m:[0m serving group [3msubscribe[0m[2m=[0m1 [3mtrack[0m[2m=[0m1.m4s [3msequence[0m[2m=[0m114
[2m2026-09-06T17:48:00.636679Z[0m [34mDEBUG[0m [1mconn[0m[1m{[0m[3mid[0m[2m=[0m4[1m}[0m[2m:[0m [2mmoq_net::lite::publisher[0m[2m:[0m finished group [3msequence[0m[2m=[0m113
[2m2026-09-06T17:48:00.636739Z[0m [34mDEBUG[0m [1mconn[0m[1m{[0m[3mid[0m[2m=[0m4[1m}[0m[2m:[0m [2mmoq_net::lite::publisher[0m[2m:[0m finished group [3msequence[0m[2m=[0m113
[2m2026-09-06T17:48:01.677104Z[0m [32m INFO[0m [1mconn[0m[1m{[0m[3mid[0m[2m=[0m4[1m}[0m[2m:[0m [2mmoq_net::lite::publisher[0m[2m:[0m subscribed cancelled [3mid[0m[2m=[0m0 [3mbroadcast[0m[2m=[0mbbb.hang [3mtrack[0m[2m=[0mcatalog.json
[2m2026-09-06T17:48:01.677204Z[0m [33m WARN[0m [2mmoq_relay::relay[0m[2m:[0m connection closed [3merr[0m[2m=[0mcancelled
[2m2026-09-06T17:48:01.677284Z[0m [32m INFO[0m [1mconn[0m[1m{[0m[3mid[0m[2m=[0m4[1m}[0m[2m:[0m [2mmoq_net::lite::publisher[0m[2m:[0m subscribed cancelled [3mid[0m[2m=[0m1 [3mbroadcast[0m[2m=[0mbbb.hang [3mtrack[0m[2m=[0m1.m4s
[2m2026-09-06T17:48:01.677363Z[0m [32m INFO[0m [1mconn[0m[1m{[0m[3mid[0m[2m=[0m0[1m}[0m[2m:[0m [2mmoq_net::lite::subscriber[0m[2m:[0m subscribe canceled (idle) [3mtrack[0m[2m=[0mcatalog.json
[2m2026-09-06T17:48:01.677432Z[0m [32m INFO[0m [1mconn[0m[1m{[0m[3mid[0m[2m=[0m0[1m}[0m[2m:[0m [2mmoq_net::lite::subscriber[0m[2m:[0m subscribe canceled (idle) [3mtrack[0m[2m=[0m1.m4s
[2m2026-09-06T17:48:01.677450Z[0m [32m INFO[0m [1mconn[0m[1m{[0m[3mid[0m[2m=[0m4[1m}[0m[2m:[0m [2mmoq_net::lite::publisher[0m[2m:[0m subscribed cancelled [3mid[0m[2m=[0m2 [3mbroadcast[0m[2m=[0mbbb.hang [3mtrack[0m[2m=[0m0.m4s
[2m2026-09-06T17:48:01.677547Z[0m [34mDEBUG[0m [1mconn[0m[1m{[0m[3mid[0m[2m=[0m4[1m}[0m[2m:[0m [2mmoq_net::lite::publisher[0m[2m:[0m announcing cancelled [3mprefix[0m[2m=[0m
[2m2026-09-06T17:48:01.677625Z[0m [33m WARN[0m [1mconn[0m[1m{[0m[3mid[0m[2m=[0m4[1m}[0m[2m:[0m [2mmoq_net::lite::publisher[0m[2m:[0m probe stream error [3merr[0m[2m=[0mcancelled
[2m2026-09-06T17:48:01.677665Z[0m [33m WARN[0m [1mconn[0m[1m{[0m[3mid[0m[2m=[0m4[1m}[0m[2m:[0m [2mmoq_net::lite::session[0m[2m:[0m session error [3merr[0m[2m=[0mcancelled
[2m2026-09-06T17:48:01.677721Z[0m [32m INFO[0m [1mconn[0m[1m{[0m[3mid[0m[2m=[0m0[1m}[0m[2m:[0m [2mmoq_net::lite::subscriber[0m[2m:[0m subscribe canceled (idle) [3mtrack[0m[2m=[0m0.m4s
[2m2026-09-06T17:48:04.678473Z[0m [32m INFO[0m [2mmoq_relay::relay[0m[2m:[0m shutdown signal received; draining sessions (signal again to exit immediately) [3mwindow[0m[2m=[0m10s
[2m2026-09-06T17:48:04.678661Z[0m [32m INFO[0m [1mconn[0m[1m{[0m[3mid[0m[2m=[0m0[1m}[0m[2m:[0m [2mmoq_relay::connection[0m[2m:[0m relay shutting down; draining session
[2m2026-09-06T17:48:15.681433Z[0m [32m INFO[0m [2mmoq_relay::relay[0m[2m:[0m drain window elapsed; exiting
[2m2026-09-06T17:48:15.682106Z[0m [33m WARN[0m [2mmoq_net::model::broadcast[0m[2m:[0m broadcast::Producer dropped without finish(). Keep the producer alive while publishing, then call finish().
[2m2026-09-06T17:48:15.682231Z[0m [33m WARN[0m [2mmoq_net::model::track[0m[2m:[0m track::Producer dropped without finish() or abort() [3mtrack[0m[2m=[0mpublisher.json
[2m2026-09-06T17:48:15.682106Z[0m [33m WARN[0m [2mmoq_net::model::broadcast[0m[2m:[0m broadcast::Producer dropped without finish(). Keep the producer alive while publishing, then call finish().
[2m2026-09-06T17:48:15.682360Z[0m [33m WARN[0m [2mmoq_net::model::track[0m[2m:[0m track::Producer dropped without finish() or abort() [3mtrack[0m[2m=[0mpublisher.json.z
[2m2026-09-06T17:48:15.682383Z[0m [33m WARN[0m [2mmoq_net::model::group[0m[2m:[0m group::Producer dropped without finish() or abort() [3msequence[0m[2m=[0m5
[2m2026-09-06T17:48:15.682375Z[0m [33m WARN[0m [2mmoq_net::model::broadcast[0m[2m:[0m broadcast::Producer dropped without finish(). Keep the producer alive while publishing, then call finish().
[2m2026-09-06T17:48:15.682412Z[0m [33m WARN[0m [2mmoq_net::model::track[0m[2m:[0m track::Producer dropped without finish() or abort() [3mtrack[0m[2m=[0msubscriber.json
[2m2026-09-06T17:48:15.682468Z[0m [33m WARN[0m [2mmoq_net::model::broadcast[0m[2m:[0m broadcast::Producer dropped without finish(). Keep the producer alive while publishing, then call finish().
[2m2026-09-06T17:48:15.682414Z[0m [33m WARN[0m [1mconn[0m[1m{[0m[3mid[0m[2m=[0m0[1m}[0m[2m:[0m [2mmoq_net::model::track[0m[2m:[0m track::Producer dropped without finish() or abort() [3mtrack[0m[2m=[0mcatalog.json
[2m2026-09-06T17:48:15.682511Z[0m [33m WARN[0m [2mmoq_net::model::broadcast[0m[2m:[0m broadcast::Producer dropped without finish(). Keep the producer alive while publishing, then call finish().
[2m2026-09-06T17:48:15.682528Z[0m [33m WARN[0m [2mmoq_net::model::track[0m[2m:[0m track::Producer dropped without finish() or abort() [3mtrack[0m[2m=[0msubscriber.json.z
[2m2026-09-06T17:48:15.682537Z[0m [33m WARN[0m [1mconn[0m[1m{[0m[3mid[0m[2m=[0m0[1m}[0m[2m:[0m [2mmoq_net::model::track[0m[2m:[0m track::Producer dropped without finish() or abort() [3mtrack[0m[2m=[0m1.m4s
[2m2026-09-06T17:48:15.682551Z[0m [33m WARN[0m [2mmoq_net::model::group[0m[2m:[0m group::Producer dropped without finish() or abort() [3msequence[0m[2m=[0m5
[2m2026-09-06T17:48:15.682580Z[0m [33m WARN[0m [2mmoq_net::model::track[0m[2m:[0m track::Producer dropped without finish() or abort() [3mtrack[0m[2m=[0msessions.json
[2m2026-09-06T17:48:15.682603Z[0m [33m WARN[0m [2mmoq_net::model::track[0m[2m:[0m track::Producer dropped without finish() or abort() [3mtrack[0m[2m=[0msessions.json.z
[2m2026-09-06T17:48:15.682619Z[0m [33m WARN[0m [2mmoq_net::model::group[0m[2m:[0m group::Producer dropped without finish() or abort() [3msequence[0m[2m=[0m1
[2m2026-09-06T17:48:15.682776Z[0m [33m WARN[0m [1mconn[0m[1m{[0m[3mid[0m[2m=[0m0[1m}[0m[2m:[0m [2mmoq_net::model::track[0m[2m:[0m track::Producer dropped without finish() or abort() [3mtrack[0m[2m=[0m0.m4s
