[2m2026-09-06T18:07:17.724048Z[0m [32m INFO[0m [2mmoq_relay::cluster[0m[2m:[0m cluster initialized [3mhop_id[0m[2m=[0m4049304748448308 [3mconfigured[0m[2m=[0mfalse
[2m2026-09-06T18:07:17.724272Z[0m [32m INFO[0m [2mmoq_relay::stats[0m[2m:[0m stats publishing enabled [3mprefix[0m[2m=[0m".stats" [3minterval_secs[0m[2m=[0m1 [3mnode[0m[2m=[0mSome(Path("local/host")) [3mdepth[0m[2m=[0m0
[2m2026-09-06T18:07:17.724348Z[0m [32m INFO[0m [2mmoq_relay::relay[0m[2m:[0m listening [3maddr[0m[2m=[0m[::]:4443
[2m2026-09-06T18:07:17.724376Z[0m [32m INFO[0m [2mmoq_relay::cluster[0m[2m:[0m no cluster peers configured; running standalone
[2m2026-09-06T18:07:20.372557Z[0m [32m INFO[0m [1mconn[0m[1m{[0m[3mid[0m[2m=[0m0[1m}[0m[2m:[0m [2mmoq_relay::connection[0m[2m:[0m session accepted [3mtransport[0m[2m=[0mquic [3mrole[0m[2m=[0mSome(Publisher) [3mtier[0m[2m=[0m [3mroot[0m[2m=[0m [3mpublish[0m[2m=[0m [3msubscribe[0m[2m=[0m
[2m2026-09-06T18:07:20.372718Z[0m [32m INFO[0m [1mconn[0m[1m{[0m[3mid[0m[2m=[0m0[1m}[0m[2m:[0m [2mmoq_relay::connection[0m[2m:[0m negotiated [3mversion[0m[2m=[0mmoq-lite-05 [3mtransport[0m[2m=[0mquic
[2m2026-09-06T18:07:20.375201Z[0m [34mDEBUG[0m [1mconn[0m[1m{[0m[3mid[0m[2m=[0m0[1m}[0m[2m:[0m [2mmoq_net::lite::subscriber[0m[2m:[0m announce [3mroute[0m[2m=[0mbbb.hang [3mhops[0m[2m=[0m1
[2m2026-09-06T18:07:26.926100Z[0m [32m INFO[0m [1mconn[0m[1m{[0m[3mid[0m[2m=[0m1[1m}[0m[2m:[0m [2mmoq_relay::connection[0m[2m:[0m session accepted [3mtransport[0m[2m=[0mquic [3mrole[0m[2m=[0mNone [3mtier[0m[2m=[0m [3mroot[0m[2m=[0m [3mpublish[0m[2m=[0m [3msubscribe[0m[2m=[0m
[2m2026-09-06T18:07:26.926381Z[0m [32m INFO[0m [1mconn[0m[1m{[0m[3mid[0m[2m=[0m1[1m}[0m[2m:[0m [2mmoq_relay::connection[0m[2m:[0m negotiated [3mversion[0m[2m=[0mmoq-lite-05 [3mtransport[0m[2m=[0mquic
[2m2026-09-06T18:07:26.926535Z[0m [34mDEBUG[0m [1mconn[0m[1m{[0m[3mid[0m[2m=[0m1[1m}[0m[2m:[0m [2mmoq_net::lite::publisher[0m[2m:[0m announce [3mroute[0m[2m=[0m.stats/node/local/host
[2m2026-09-06T18:07:26.926552Z[0m [34mDEBUG[0m [1mconn[0m[1m{[0m[3mid[0m[2m=[0m1[1m}[0m[2m:[0m [2mmoq_net::lite::publisher[0m[2m:[0m announce [3mroute[0m[2m=[0mbbb.hang
[2m2026-09-06T18:07:26.926600Z[0m [34mDEBUG[0m [1mconn[0m[1m{[0m[3mid[0m[2m=[0m1[1m}[0m[2m:[0m [2mmoq_net::lite::subscriber[0m[2m:[0m peer does not support probing; skipping probe stream
[2m2026-09-06T18:07:26.928974Z[0m [34mDEBUG[0m [1mconn[0m[1m{[0m[3mid[0m[2m=[0m1[1m}[0m[2m:[0m [2mmoq_net::lite::publisher[0m[2m:[0m track info requested [3mbroadcast[0m[2m=[0mbbb.hang [3mtrack[0m[2m=[0mcatalog.json
[2m2026-09-06T18:07:26.930887Z[0m [32m INFO[0m [1mconn[0m[1m{[0m[3mid[0m[2m=[0m1[1m}[0m[2m:[0m [2mmoq_net::lite::publisher[0m[2m:[0m subscribed started [3mid[0m[2m=[0m0 [3mbroadcast[0m[2m=[0mbbb.hang [3mtrack[0m[2m=[0mcatalog.json
[2m2026-09-06T18:07:26.930985Z[0m [32m INFO[0m [1mconn[0m[1m{[0m[3mid[0m[2m=[0m0[1m}[0m[2m:[0m [2mmoq_net::lite::subscriber[0m[2m:[0m subscribe started [3mid[0m[2m=[0m0 [3mbroadcast[0m[2m=[0mbbb.hang [3mtrack[0m[2m=[0mcatalog.json
[2m2026-09-06T18:07:26.932302Z[0m [34mDEBUG[0m [1mconn[0m[1m{[0m[3mid[0m[2m=[0m1[1m}[0m[2m:[0m [2mmoq_net::lite::publisher[0m[2m:[0m serving group [3msubscribe[0m[2m=[0m0 [3mtrack[0m[2m=[0mcatalog.json [3msequence[0m[2m=[0m5
[2m2026-09-06T18:07:26.937926Z[0m [34mDEBUG[0m [1mconn[0m[1m{[0m[3mid[0m[2m=[0m1[1m}[0m[2m:[0m [2mmoq_net::lite::publisher[0m[2m:[0m finished group [3msequence[0m[2m=[0m5
[2m2026-09-06T18:07:26.938987Z[0m [34mDEBUG[0m [1mconn[0m[1m{[0m[3mid[0m[2m=[0m1[1m}[0m[2m:[0m [2mmoq_net::lite::publisher[0m[2m:[0m track info requested [3mbroadcast[0m[2m=[0mbbb.hang [3mtrack[0m[2m=[0m1.m4s
[2m2026-09-06T18:07:26.939088Z[0m [34mDEBUG[0m [1mconn[0m[1m{[0m[3mid[0m[2m=[0m1[1m}[0m[2m:[0m [2mmoq_net::lite::publisher[0m[2m:[0m track info requested [3mbroadcast[0m[2m=[0mbbb.hang [3mtrack[0m[2m=[0m0.m4s
[2m2026-09-06T18:07:26.946296Z[0m [32m INFO[0m [1mconn[0m[1m{[0m[3mid[0m[2m=[0m1[1m}[0m[2m:[0m [2mmoq_net::lite::publisher[0m[2m:[0m subscribed started [3mid[0m[2m=[0m2 [3mbroadcast[0m[2m=[0mbbb.hang [3mtrack[0m[2m=[0m0.m4s
[2m2026-09-06T18:07:26.946416Z[0m [32m INFO[0m [1mconn[0m[1m{[0m[3mid[0m[2m=[0m1[1m}[0m[2m:[0m [2mmoq_net::lite::publisher[0m[2m:[0m subscribed started [3mid[0m[2m=[0m1 [3mbroadcast[0m[2m=[0mbbb.hang [3mtrack[0m[2m=[0m1.m4s
[2m2026-09-06T18:07:26.946434Z[0m [32m INFO[0m [1mconn[0m[1m{[0m[3mid[0m[2m=[0m0[1m}[0m[2m:[0m [2mmoq_net::lite::subscriber[0m[2m:[0m subscribe started [3mid[0m[2m=[0m1 [3mbroadcast[0m[2m=[0mbbb.hang [3mtrack[0m[2m=[0m0.m4s
[2m2026-09-06T18:07:26.946532Z[0m [32m INFO[0m [1mconn[0m[1m{[0m[3mid[0m[2m=[0m0[1m}[0m[2m:[0m [2mmoq_net::lite::subscriber[0m[2m:[0m subscribe started [3mid[0m[2m=[0m2 [3mbroadcast[0m[2m=[0mbbb.hang [3mtrack[0m[2m=[0m1.m4s
[2m2026-09-06T18:07:26.948300Z[0m [34mDEBUG[0m [1mconn[0m[1m{[0m[3mid[0m[2m=[0m1[1m}[0m[2m:[0m [2mmoq_net::lite::publisher[0m[2m:[0m serving group [3msubscribe[0m[2m=[0m1 [3mtrack[0m[2m=[0m1.m4s [3msequence[0m[2m=[0m2
[2m2026-09-06T18:07:26.948724Z[0m [34mDEBUG[0m [1mconn[0m[1m{[0m[3mid[0m[2m=[0m1[1m}[0m[2m:[0m [2mmoq_net::lite::publisher[0m[2m:[0m serving group [3msubscribe[0m[2m=[0m2 [3mtrack[0m[2m=[0m0.m4s [3msequence[0m[2m=[0m2
[2m2026-09-06T18:07:27.696775Z[0m [34mDEBUG[0m [1mconn[0m[1m{[0m[3mid[0m[2m=[0m1[1m}[0m[2m:[0m [2mmoq_net::lite::publisher[0m[2m:[0m finished group [3msequence[0m[2m=[0m2
[2m2026-09-06T18:07:27.696861Z[0m [34mDEBUG[0m [1mconn[0m[1m{[0m[3mid[0m[2m=[0m1[1m}[0m[2m:[0m [2mmoq_net::lite::publisher[0m[2m:[0m serving group [3msubscribe[0m[2m=[0m1 [3mtrack[0m[2m=[0m1.m4s [3msequence[0m[2m=[0m3
[2m2026-09-06T18:07:27.696949Z[0m [34mDEBUG[0m [1mconn[0m[1m{[0m[3mid[0m[2m=[0m1[1m}[0m[2m:[0m [2mmoq_net::lite::publisher[0m[2m:[0m finished group [3msequence[0m[2m=[0m2
[2m2026-09-06T18:07:27.696975Z[0m [34mDEBUG[0m [1mconn[0m[1m{[0m[3mid[0m[2m=[0m1[1m}[0m[2m:[0m [2mmoq_net::lite::publisher[0m[2m:[0m serving group [3msubscribe[0m[2m=[0m2 [3mtrack[0m[2m=[0m0.m4s [3msequence[0m[2m=[0m3
[2m2026-09-06T18:07:30.217370Z[0m [34mDEBUG[0m [1mconn[0m[1m{[0m[3mid[0m[2m=[0m1[1m}[0m[2m:[0m [2mmoq_net::lite::publisher[0m[2m:[0m serving group [3msubscribe[0m[2m=[0m2 [3mtrack[0m[2m=[0m0.m4s [3msequence[0m[2m=[0m4
[2m2026-09-06T18:07:30.219175Z[0m [34mDEBUG[0m [1mconn[0m[1m{[0m[3mid[0m[2m=[0m1[1m}[0m[2m:[0m [2mmoq_net::lite::publisher[0m[2m:[0m finished group [3msequence[0m[2m=[0m3
[2m2026-09-06T18:07:30.219287Z[0m [34mDEBUG[0m [1mconn[0m[1m{[0m[3mid[0m[2m=[0m1[1m}[0m[2m:[0m [2mmoq_net::lite::publisher[0m[2m:[0m serving group [3msubscribe[0m[2m=[0m1 [3mtrack[0m[2m=[0m1.m4s [3msequence[0m[2m=[0m4
[2m2026-09-06T18:07:30.219366Z[0m [34mDEBUG[0m [1mconn[0m[1m{[0m[3mid[0m[2m=[0m1[1m}[0m[2m:[0m [2mmoq_net::lite::publisher[0m[2m:[0m finished group [3msequence[0m[2m=[0m3
[2m2026-09-06T18:07:32.114502Z[0m [34mDEBUG[0m [1mconn[0m[1m{[0m[3mid[0m[2m=[0m1[1m}[0m[2m:[0m [2mmoq_net::lite::publisher[0m[2m:[0m finished group [3msequence[0m[2m=[0m4
[2m2026-09-06T18:07:32.114566Z[0m [34mDEBUG[0m [1mconn[0m[1m{[0m[3mid[0m[2m=[0m1[1m}[0m[2m:[0m [2mmoq_net::lite::publisher[0m[2m:[0m serving group [3msubscribe[0m[2m=[0m2 [3mtrack[0m[2m=[0m0.m4s [3msequence[0m[2m=[0m5
[2m2026-09-06T18:07:32.114670Z[0m [34mDEBUG[0m [1mconn[0m[1m{[0m[3mid[0m[2m=[0m1[1m}[0m[2m:[0m [2mmoq_net::lite::publisher[0m[2m:[0m finished group [3msequence[0m[2m=[0m4
[2m2026-09-06T18:07:32.114711Z[0m [34mDEBUG[0m [1mconn[0m[1m{[0m[3mid[0m[2m=[0m1[1m}[0m[2m:[0m [2mmoq_net::lite::publisher[0m[2m:[0m serving group [3msubscribe[0m[2m=[0m1 [3mtrack[0m[2m=[0m1.m4s [3msequence[0m[2m=[0m5
[2m2026-09-06T18:07:34.615528Z[0m [34mDEBUG[0m [1mconn[0m[1m{[0m[3mid[0m[2m=[0m1[1m}[0m[2m:[0m [2mmoq_net::lite::publisher[0m[2m:[0m serving group [3msubscribe[0m[2m=[0m2 [3mtrack[0m[2m=[0m0.m4s [3msequence[0m[2m=[0m6
[2m2026-09-06T18:07:34.615649Z[0m [34mDEBUG[0m [1mconn[0m[1m{[0m[3mid[0m[2m=[0m1[1m}[0m[2m:[0m [2mmoq_net::lite::publisher[0m[2m:[0m finished group [3msequence[0m[2m=[0m5
[2m2026-09-06T18:07:34.615679Z[0m [34mDEBUG[0m [1mconn[0m[1m{[0m[3mid[0m[2m=[0m1[1m}[0m[2m:[0m [2mmoq_net::lite::publisher[0m[2m:[0m finished group [3msequence[0m[2m=[0m5
[2m2026-09-06T18:07:34.615702Z[0m [34mDEBUG[0m [1mconn[0m[1m{[0m[3mid[0m[2m=[0m1[1m}[0m[2m:[0m [2mmoq_net::lite::publisher[0m[2m:[0m serving group [3msubscribe[0m[2m=[0m1 [3mtrack[0m[2m=[0m1.m4s [3msequence[0m[2m=[0m6
[2m2026-09-06T18:07:35.970031Z[0m [34mDEBUG[0m [1mconn[0m[1m{[0m[3mid[0m[2m=[0m1[1m}[0m[2m:[0m [2mmoq_net::lite::publisher[0m[2m:[0m serving group [3msubscribe[0m[2m=[0m2 [3mtrack[0m[2m=[0m0.m4s [3msequence[0m[2m=[0m7
[2m2026-09-06T18:07:35.971381Z[0m [34mDEBUG[0m [1mconn[0m[1m{[0m[3mid[0m[2m=[0m1[1m}[0m[2m:[0m [2mmoq_net::lite::publisher[0m[2m:[0m finished group [3msequence[0m[2m=[0m6
[2m2026-09-06T18:07:35.974297Z[0m [34mDEBUG[0m [1mconn[0m[1m{[0m[3mid[0m[2m=[0m1[1m}[0m[2m:[0m [2mmoq_net::lite::publisher[0m[2m:[0m serving group [3msubscribe[0m[2m=[0m1 [3mtrack[0m[2m=[0m1.m4s [3msequence[0m[2m=[0m7
[2m2026-09-06T18:07:35.975657Z[0m [34mDEBUG[0m [1mconn[0m[1m{[0m[3mid[0m[2m=[0m1[1m}[0m[2m:[0m [2mmoq_net::lite::publisher[0m[2m:[0m finished group [3msequence[0m[2m=[0m6
[2m2026-09-06T18:07:38.488775Z[0m [34mDEBUG[0m [1mconn[0m[1m{[0m[3mid[0m[2m=[0m1[1m}[0m[2m:[0m [2mmoq_net::lite::publisher[0m[2m:[0m serving group [3msubscribe[0m[2m=[0m2 [3mtrack[0m[2m=[0m0.m4s [3msequence[0m[2m=[0m8
[2m2026-09-06T18:07:38.490165Z[0m [34mDEBUG[0m [1mconn[0m[1m{[0m[3mid[0m[2m=[0m1[1m}[0m[2m:[0m [2mmoq_net::lite::publisher[0m[2m:[0m finished group [3msequence[0m[2m=[0m7
[2m2026-09-06T18:07:38.490259Z[0m [34mDEBUG[0m [1mconn[0m[1m{[0m[3mid[0m[2m=[0m1[1m}[0m[2m:[0m [2mmoq_net::lite::publisher[0m[2m:[0m serving group [3msubscribe[0m[2m=[0m1 [3mtrack[0m[2m=[0m1.m4s [3msequence[0m[2m=[0m8
[2m2026-09-06T18:07:38.490384Z[0m [34mDEBUG[0m [1mconn[0m[1m{[0m[3mid[0m[2m=[0m1[1m}[0m[2m:[0m [2mmoq_net::lite::publisher[0m[2m:[0m finished group [3msequence[0m[2m=[0m7
[2m2026-09-06T18:07:40.992937Z[0m [34mDEBUG[0m [1mconn[0m[1m{[0m[3mid[0m[2m=[0m1[1m}[0m[2m:[0m [2mmoq_net::lite::publisher[0m[2m:[0m serving group [3msubscribe[0m[2m=[0m2 [3mtrack[0m[2m=[0m0.m4s [3msequence[0m[2m=[0m9
[2m2026-09-06T18:07:40.993126Z[0m [34mDEBUG[0m [1mconn[0m[1m{[0m[3mid[0m[2m=[0m1[1m}[0m[2m:[0m [2mmoq_net::lite::publisher[0m[2m:[0m serving group [3msubscribe[0m[2m=[0m1 [3mtrack[0m[2m=[0m1.m4s [3msequence[0m[2m=[0m9
[2m2026-09-06T18:07:40.994502Z[0m [34mDEBUG[0m [1mconn[0m[1m{[0m[3mid[0m[2m=[0m1[1m}[0m[2m:[0m [2mmoq_net::lite::publisher[0m[2m:[0m finished group [3msequence[0m[2m=[0m8
[2m2026-09-06T18:07:40.994545Z[0m [34mDEBUG[0m [1mconn[0m[1m{[0m[3mid[0m[2m=[0m1[1m}[0m[2m:[0m [2mmoq_net::lite::publisher[0m[2m:[0m finished group [3msequence[0m[2m=[0m8
[2m2026-09-06T18:07:43.331554Z[0m [34mDEBUG[0m [1mconn[0m[1m{[0m[3mid[0m[2m=[0m1[1m}[0m[2m:[0m [2mmoq_net::lite::publisher[0m[2m:[0m serving group [3msubscribe[0m[2m=[0m2 [3mtrack[0m[2m=[0m0.m4s [3msequence[0m[2m=[0m10
[2m2026-09-06T18:07:43.332896Z[0m [34mDEBUG[0m [1mconn[0m[1m{[0m[3mid[0m[2m=[0m1[1m}[0m[2m:[0m [2mmoq_net::lite::publisher[0m[2m:[0m finished group [3msequence[0m[2m=[0m9
[2m2026-09-06T18:07:43.332961Z[0m [34mDEBUG[0m [1mconn[0m[1m{[0m[3mid[0m[2m=[0m1[1m}[0m[2m:[0m [2mmoq_net::lite::publisher[0m[2m:[0m serving group [3msubscribe[0m[2m=[0m1 [3mtrack[0m[2m=[0m1.m4s [3msequence[0m[2m=[0m10
[2m2026-09-06T18:07:43.333277Z[0m [34mDEBUG[0m [1mconn[0m[1m{[0m[3mid[0m[2m=[0m1[1m}[0m[2m:[0m [2mmoq_net::lite::publisher[0m[2m:[0m finished group [3msequence[0m[2m=[0m9
[2m2026-09-06T18:07:45.788867Z[0m [34mDEBUG[0m [1mconn[0m[1m{[0m[3mid[0m[2m=[0m1[1m}[0m[2m:[0m [2mmoq_net::lite::publisher[0m[2m:[0m serving group [3msubscribe[0m[2m=[0m0 [3mtrack[0m[2m=[0mcatalog.json [3msequence[0m[2m=[0m6
[2m2026-09-06T18:07:45.789381Z[0m [34mDEBUG[0m [1mconn[0m[1m{[0m[3mid[0m[2m=[0m1[1m}[0m[2m:[0m [2mmoq_net::lite::publisher[0m[2m:[0m serving group [3msubscribe[0m[2m=[0m2 [3mtrack[0m[2m=[0m0.m4s [3msequence[0m[2m=[0m11
[2m2026-09-06T18:07:45.791041Z[0m [34mDEBUG[0m [1mconn[0m[1m{[0m[3mid[0m[2m=[0m1[1m}[0m[2m:[0m [2mmoq_net::lite::publisher[0m[2m:[0m finished group [3msequence[0m[2m=[0m6
[2m2026-09-06T18:07:45.791076Z[0m [34mDEBUG[0m [1mconn[0m[1m{[0m[3mid[0m[2m=[0m1[1m}[0m[2m:[0m [2mmoq_net::lite::publisher[0m[2m:[0m finished group [3msequence[0m[2m=[0m10
[2m2026-09-06T18:07:45.791148Z[0m [34mDEBUG[0m [1mconn[0m[1m{[0m[3mid[0m[2m=[0m1[1m}[0m[2m:[0m [2mmoq_net::lite::publisher[0m[2m:[0m serving group [3msubscribe[0m[2m=[0m1 [3mtrack[0m[2m=[0m1.m4s [3msequence[0m[2m=[0m11
[2m2026-09-06T18:07:45.793718Z[0m [34mDEBUG[0m [1mconn[0m[1m{[0m[3mid[0m[2m=[0m1[1m}[0m[2m:[0m [2mmoq_net::lite::publisher[0m[2m:[0m finished group [3msequence[0m[2m=[0m10
[2m2026-09-06T18:07:48.301459Z[0m [34mDEBUG[0m [1mconn[0m[1m{[0m[3mid[0m[2m=[0m1[1m}[0m[2m:[0m [2mmoq_net::lite::publisher[0m[2m:[0m finished group [3msequence[0m[2m=[0m11
[2m2026-09-06T18:07:48.301530Z[0m [34mDEBUG[0m [1mconn[0m[1m{[0m[3mid[0m[2m=[0m1[1m}[0m[2m:[0m [2mmoq_net::lite::publisher[0m[2m:[0m serving group [3msubscribe[0m[2m=[0m1 [3mtrack[0m[2m=[0m1.m4s [3msequence[0m[2m=[0m12
[2m2026-09-06T18:07:48.301620Z[0m [34mDEBUG[0m [1mconn[0m[1m{[0m[3mid[0m[2m=[0m1[1m}[0m[2m:[0m [2mmoq_net::lite::publisher[0m[2m:[0m finished group [3msequence[0m[2m=[0m11
[2m2026-09-06T18:07:48.301645Z[0m [34mDEBUG[0m [1mconn[0m[1m{[0m[3mid[0m[2m=[0m1[1m}[0m[2m:[0m [2mmoq_net::lite::publisher[0m[2m:[0m serving group [3msubscribe[0m[2m=[0m2 [3mtrack[0m[2m=[0m0.m4s [3msequence[0m[2m=[0m12
[2m2026-09-06T18:07:50.781593Z[0m [34mDEBUG[0m [1mconn[0m[1m{[0m[3mid[0m[2m=[0m1[1m}[0m[2m:[0m [2mmoq_net::lite::publisher[0m[2m:[0m finished group [3msequence[0m[2m=[0m12
[2m2026-09-06T18:07:50.781823Z[0m [34mDEBUG[0m [1mconn[0m[1m{[0m[3mid[0m[2m=[0m1[1m}[0m[2m:[0m [2mmoq_net::lite::publisher[0m[2m:[0m serving group [3msubscribe[0m[2m=[0m2 [3mtrack[0m[2m=[0m0.m4s [3msequence[0m[2m=[0m13
[2m2026-09-06T18:07:50.782030Z[0m [34mDEBUG[0m [1mconn[0m[1m{[0m[3mid[0m[2m=[0m1[1m}[0m[2m:[0m [2mmoq_net::lite::publisher[0m[2m:[0m finished group [3msequence[0m[2m=[0m12
[2m2026-09-06T18:07:50.782060Z[0m [34mDEBUG[0m [1mconn[0m[1m{[0m[3mid[0m[2m=[0m1[1m}[0m[2m:[0m [2mmoq_net::lite::publisher[0m[2m:[0m serving group [3msubscribe[0m[2m=[0m1 [3mtrack[0m[2m=[0m1.m4s [3msequence[0m[2m=[0m13
[2m2026-09-06T18:07:53.279170Z[0m [34mDEBUG[0m [1mconn[0m[1m{[0m[3mid[0m[2m=[0m1[1m}[0m[2m:[0m [2mmoq_net::lite::publisher[0m[2m:[0m serving group [3msubscribe[0m[2m=[0m2 [3mtrack[0m[2m=[0m0.m4s [3msequence[0m[2m=[0m14
[2m2026-09-06T18:07:53.279314Z[0m [34mDEBUG[0m [1mconn[0m[1m{[0m[3mid[0m[2m=[0m1[1m}[0m[2m:[0m [2mmoq_net::lite::publisher[0m[2m:[0m serving group [3msubscribe[0m[2m=[0m1 [3mtrack[0m[2m=[0m1.m4s [3msequence[0m[2m=[0m14
[2m2026-09-06T18:07:53.282303Z[0m [34mDEBUG[0m [1mconn[0m[1m{[0m[3mid[0m[2m=[0m1[1m}[0m[2m:[0m [2mmoq_net::lite::publisher[0m[2m:[0m finished group [3msequence[0m[2m=[0m13
[2m2026-09-06T18:07:53.282422Z[0m [34mDEBUG[0m [1mconn[0m[1m{[0m[3mid[0m[2m=[0m1[1m}[0m[2m:[0m [2mmoq_net::lite::publisher[0m[2m:[0m finished group [3msequence[0m[2m=[0m13
[2m2026-09-06T18:07:55.788157Z[0m [34mDEBUG[0m [1mconn[0m[1m{[0m[3mid[0m[2m=[0m1[1m}[0m[2m:[0m [2mmoq_net::lite::publisher[0m[2m:[0m serving group [3msubscribe[0m[2m=[0m2 [3mtrack[0m[2m=[0m0.m4s [3msequence[0m[2m=[0m15
[2m2026-09-06T18:07:55.788404Z[0m [34mDEBUG[0m [1mconn[0m[1m{[0m[3mid[0m[2m=[0m1[1m}[0m[2m:[0m [2mmoq_net::lite::publisher[0m[2m:[0m serving group [3msubscribe[0m[2m=[0m1 [3mtrack[0m[2m=[0m1.m4s [3msequence[0m[2m=[0m15
[2m2026-09-06T18:07:55.789994Z[0m [34mDEBUG[0m [1mconn[0m[1m{[0m[3mid[0m[2m=[0m1[1m}[0m[2m:[0m [2mmoq_net::lite::publisher[0m[2m:[0m finished group [3msequence[0m[2m=[0m14
[2m2026-09-06T18:07:55.790048Z[0m [34mDEBUG[0m [1mconn[0m[1m{[0m[3mid[0m[2m=[0m1[1m}[0m[2m:[0m [2mmoq_net::lite::publisher[0m[2m:[0m finished group [3msequence[0m[2m=[0m14
[2m2026-09-06T18:07:58.280741Z[0m [34mDEBUG[0m [1mconn[0m[1m{[0m[3mid[0m[2m=[0m1[1m}[0m[2m:[0m [2mmoq_net::lite::publisher[0m[2m:[0m serving group [3msubscribe[0m[2m=[0m2 [3mtrack[0m[2m=[0m0.m4s [3msequence[0m[2m=[0m16
[2m2026-09-06T18:07:58.280970Z[0m [34mDEBUG[0m [1mconn[0m[1m{[0m[3mid[0m[2m=[0m1[1m}[0m[2m:[0m [2mmoq_net::lite::publisher[0m[2m:[0m serving group [3msubscribe[0m[2m=[0m1 [3mtrack[0m[2m=[0m1.m4s [3msequence[0m[2m=[0m16
[2m2026-09-06T18:07:58.282824Z[0m [34mDEBUG[0m [1mconn[0m[1m{[0m[3mid[0m[2m=[0m1[1m}[0m[2m:[0m [2mmoq_net::lite::publisher[0m[2m:[0m finished group [3msequence[0m[2m=[0m15
[2m2026-09-06T18:07:58.282890Z[0m [34mDEBUG[0m [1mconn[0m[1m{[0m[3mid[0m[2m=[0m1[1m}[0m[2m:[0m [2mmoq_net::lite::publisher[0m[2m:[0m finished group [3msequence[0m[2m=[0m15
[2m2026-09-06T18:08:00.779625Z[0m [34mDEBUG[0m [1mconn[0m[1m{[0m[3mid[0m[2m=[0m1[1m}[0m[2m:[0m [2mmoq_net::lite::publisher[0m[2m:[0m serving group [3msubscribe[0m[2m=[0m2 [3mtrack[0m[2m=[0m0.m4s [3msequence[0m[2m=[0m17
[2m2026-09-06T18:08:00.779920Z[0m [34mDEBUG[0m [1mconn[0m[1m{[0m[3mid[0m[2m=[0m1[1m}[0m[2m:[0m [2mmoq_net::lite::publisher[0m[2m:[0m serving group [3msubscribe[0m[2m=[0m1 [3mtrack[0m[2m=[0m1.m4s [3msequence[0m[2m=[0m17
[2m2026-09-06T18:08:00.781570Z[0m [34mDEBUG[0m [1mconn[0m[1m{[0m[3mid[0m[2m=[0m1[1m}[0m[2m:[0m [2mmoq_net::lite::publisher[0m[2m:[0m finished group [3msequence[0m[2m=[0m16
[2m2026-09-06T18:08:00.781622Z[0m [34mDEBUG[0m [1mconn[0m[1m{[0m[3mid[0m[2m=[0m1[1m}[0m[2m:[0m [2mmoq_net::lite::publisher[0m[2m:[0m finished group [3msequence[0m[2m=[0m16
[2m2026-09-06T18:08:03.294999Z[0m [34mDEBUG[0m [1mconn[0m[1m{[0m[3mid[0m[2m=[0m1[1m}[0m[2m:[0m [2mmoq_net::lite::publisher[0m[2m:[0m serving group [3msubscribe[0m[2m=[0m2 [3mtrack[0m[2m=[0m0.m4s [3msequence[0m[2m=[0m18
[2m2026-09-06T18:08:03.295885Z[0m [34mDEBUG[0m [1mconn[0m[1m{[0m[3mid[0m[2m=[0m1[1m}[0m[2m:[0m [2mmoq_net::lite::publisher[0m[2m:[0m finished group [3msequence[0m[2m=[0m17
[2m2026-09-06T18:08:03.295941Z[0m [34mDEBUG[0m [1mconn[0m[1m{[0m[3mid[0m[2m=[0m1[1m}[0m[2m:[0m [2mmoq_net::lite::publisher[0m[2m:[0m serving group [3msubscribe[0m[2m=[0m1 [3mtrack[0m[2m=[0m1.m4s [3msequence[0m[2m=[0m18
[2m2026-09-06T18:08:03.296020Z[0m [34mDEBUG[0m [1mconn[0m[1m{[0m[3mid[0m[2m=[0m1[1m}[0m[2m:[0m [2mmoq_net::lite::publisher[0m[2m:[0m finished group [3msequence[0m[2m=[0m17
[2m2026-09-06T18:08:05.774100Z[0m [34mDEBUG[0m [1mconn[0m[1m{[0m[3mid[0m[2m=[0m1[1m}[0m[2m:[0m [2mmoq_net::lite::publisher[0m[2m:[0m serving group [3msubscribe[0m[2m=[0m2 [3mtrack[0m[2m=[0m0.m4s [3msequence[0m[2m=[0m19
[2m2026-09-06T18:08:05.774296Z[0m [34mDEBUG[0m [1mconn[0m[1m{[0m[3mid[0m[2m=[0m1[1m}[0m[2m:[0m [2mmoq_net::lite::publisher[0m[2m:[0m serving group [3msubscribe[0m[2m=[0m1 [3mtrack[0m[2m=[0m1.m4s [3msequence[0m[2m=[0m19
[2m2026-09-06T18:08:05.776126Z[0m [34mDEBUG[0m [1mconn[0m[1m{[0m[3mid[0m[2m=[0m1[1m}[0m[2m:[0m [2mmoq_net::lite::publisher[0m[2m:[0m finished group [3msequence[0m[2m=[0m18
[2m2026-09-06T18:08:05.776171Z[0m [34mDEBUG[0m [1mconn[0m[1m{[0m[3mid[0m[2m=[0m1[1m}[0m[2m:[0m [2mmoq_net::lite::publisher[0m[2m:[0m finished group [3msequence[0m[2m=[0m18
[2m2026-09-06T18:08:07.968394Z[0m [34mDEBUG[0m [1mconn[0m[1m{[0m[3mid[0m[2m=[0m1[1m}[0m[2m:[0m [2mmoq_net::lite::publisher[0m[2m:[0m finished group [3msequence[0m[2m=[0m19
[2m2026-09-06T18:08:07.968499Z[0m [34mDEBUG[0m [1mconn[0m[1m{[0m[3mid[0m[2m=[0m1[1m}[0m[2m:[0m [2mmoq_net::lite::publisher[0m[2m:[0m serving group [3msubscribe[0m[2m=[0m2 [3mtrack[0m[2m=[0m0.m4s [3msequence[0m[2m=[0m20
[2m2026-09-06T18:08:07.968593Z[0m [34mDEBUG[0m [1mconn[0m[1m{[0m[3mid[0m[2m=[0m1[1m}[0m[2m:[0m [2mmoq_net::lite::publisher[0m[2m:[0m finished group [3msequence[0m[2m=[0m19
[2m2026-09-06T18:08:07.968617Z[0m [34mDEBUG[0m [1mconn[0m[1m{[0m[3mid[0m[2m=[0m1[1m}[0m[2m:[0m [2mmoq_net::lite::publisher[0m[2m:[0m serving group [3msubscribe[0m[2m=[0m1 [3mtrack[0m[2m=[0m1.m4s [3msequence[0m[2m=[0m20
[2m2026-09-06T18:08:10.449797Z[0m [34mDEBUG[0m [1mconn[0m[1m{[0m[3mid[0m[2m=[0m1[1m}[0m[2m:[0m [2mmoq_net::lite::publisher[0m[2m:[0m finished group [3msequence[0m[2m=[0m20
[2m2026-09-06T18:08:10.449869Z[0m [34mDEBUG[0m [1mconn[0m[1m{[0m[3mid[0m[2m=[0m1[1m}[0m[2m:[0m [2mmoq_net::lite::publisher[0m[2m:[0m serving group [3msubscribe[0m[2m=[0m2 [3mtrack[0m[2m=[0m0.m4s [3msequence[0m[2m=[0m21
[2m2026-09-06T18:08:10.449978Z[0m [34mDEBUG[0m [1mconn[0m[1m{[0m[3mid[0m[2m=[0m1[1m}[0m[2m:[0m [2mmoq_net::lite::publisher[0m[2m:[0m finished group [3msequence[0m[2m=[0m20
[2m2026-09-06T18:08:10.450007Z[0m [34mDEBUG[0m [1mconn[0m[1m{[0m[3mid[0m[2m=[0m1[1m}[0m[2m:[0m [2mmoq_net::lite::publisher[0m[2m:[0m serving group [3msubscribe[0m[2m=[0m1 [3mtrack[0m[2m=[0m1.m4s [3msequence[0m[2m=[0m21
[2m2026-09-06T18:08:12.967599Z[0m [34mDEBUG[0m [1mconn[0m[1m{[0m[3mid[0m[2m=[0m1[1m}[0m[2m:[0m [2mmoq_net::lite::publisher[0m[2m:[0m finished group [3msequence[0m[2m=[0m21
[2m2026-09-06T18:08:12.967657Z[0m [34mDEBUG[0m [1mconn[0m[1m{[0m[3mid[0m[2m=[0m1[1m}[0m[2m:[0m [2mmoq_net::lite::publisher[0m[2m:[0m serving group [3msubscribe[0m[2m=[0m2 [3mtrack[0m[2m=[0m0.m4s [3msequence[0m[2m=[0m22
[2m2026-09-06T18:08:12.967766Z[0m [34mDEBUG[0m [1mconn[0m[1m{[0m[3mid[0m[2m=[0m1[1m}[0m[2m:[0m [2mmoq_net::lite::publisher[0m[2m:[0m finished group [3msequence[0m[2m=[0m21
[2m2026-09-06T18:08:12.967792Z[0m [34mDEBUG[0m [1mconn[0m[1m{[0m[3mid[0m[2m=[0m1[1m}[0m[2m:[0m [2mmoq_net::lite::publisher[0m[2m:[0m serving group [3msubscribe[0m[2m=[0m1 [3mtrack[0m[2m=[0m1.m4s [3msequence[0m[2m=[0m22
[2m2026-09-06T18:08:15.470177Z[0m [34mDEBUG[0m [1mconn[0m[1m{[0m[3mid[0m[2m=[0m1[1m}[0m[2m:[0m [2mmoq_net::lite::publisher[0m[2m:[0m serving group [3msubscribe[0m[2m=[0m2 [3mtrack[0m[2m=[0m0.m4s [3msequence[0m[2m=[0m23
[2m2026-09-06T18:08:15.470847Z[0m [34mDEBUG[0m [1mconn[0m[1m{[0m[3mid[0m[2m=[0m1[1m}[0m[2m:[0m [2mmoq_net::lite::publisher[0m[2m:[0m serving group [3msubscribe[0m[2m=[0m1 [3mtrack[0m[2m=[0m1.m4s [3msequence[0m[2m=[0m23
[2m2026-09-06T18:08:15.473099Z[0m [34mDEBUG[0m [1mconn[0m[1m{[0m[3mid[0m[2m=[0m1[1m}[0m[2m:[0m [2mmoq_net::lite::publisher[0m[2m:[0m finished group [3msequence[0m[2m=[0m22
[2m2026-09-06T18:08:15.474066Z[0m [34mDEBUG[0m [1mconn[0m[1m{[0m[3mid[0m[2m=[0m1[1m}[0m[2m:[0m [2mmoq_net::lite::publisher[0m[2m:[0m finished group [3msequence[0m[2m=[0m22
[2m2026-09-06T18:08:17.942840Z[0m [34mDEBUG[0m [1mconn[0m[1m{[0m[3mid[0m[2m=[0m1[1m}[0m[2m:[0m [2mmoq_net::lite::publisher[0m[2m:[0m serving group [3msubscribe[0m[2m=[0m2 [3mtrack[0m[2m=[0m0.m4s [3msequence[0m[2m=[0m24
[2m2026-09-06T18:08:17.943711Z[0m [34mDEBUG[0m [1mconn[0m[1m{[0m[3mid[0m[2m=[0m1[1m}[0m[2m:[0m [2mmoq_net::lite::publisher[0m[2m:[0m serving group [3msubscribe[0m[2m=[0m1 [3mtrack[0m[2m=[0m1.m4s [3msequence[0m[2m=[0m24
[2m2026-09-06T18:08:17.944884Z[0m [34mDEBUG[0m [1mconn[0m[1m{[0m[3mid[0m[2m=[0m1[1m}[0m[2m:[0m [2mmoq_net::lite::publisher[0m[2m:[0m finished group [3msequence[0m[2m=[0m23
[2m2026-09-06T18:08:17.944938Z[0m [34mDEBUG[0m [1mconn[0m[1m{[0m[3mid[0m[2m=[0m1[1m}[0m[2m:[0m [2mmoq_net::lite::publisher[0m[2m:[0m finished group [3msequence[0m[2m=[0m23
[2m2026-09-06T18:08:20.443720Z[0m [34mDEBUG[0m [1mconn[0m[1m{[0m[3mid[0m[2m=[0m1[1m}[0m[2m:[0m [2mmoq_net::lite::publisher[0m[2m:[0m serving group [3msubscribe[0m[2m=[0m2 [3mtrack[0m[2m=[0m0.m4s [3msequence[0m[2m=[0m25
[2m2026-09-06T18:08:20.443912Z[0m [34mDEBUG[0m [1mconn[0m[1m{[0m[3mid[0m[2m=[0m1[1m}[0m[2m:[0m [2mmoq_net::lite::publisher[0m[2m:[0m serving group [3msubscribe[0m[2m=[0m1 [3mtrack[0m[2m=[0m1.m4s [3msequence[0m[2m=[0m25
[2m2026-09-06T18:08:20.446001Z[0m [34mDEBUG[0m [1mconn[0m[1m{[0m[3mid[0m[2m=[0m1[1m}[0m[2m:[0m [2mmoq_net::lite::publisher[0m[2m:[0m finished group [3msequence[0m[2m=[0m24
[2m2026-09-06T18:08:20.446211Z[0m [34mDEBUG[0m [1mconn[0m[1m{[0m[3mid[0m[2m=[0m1[1m}[0m[2m:[0m [2mmoq_net::lite::publisher[0m[2m:[0m finished group [3msequence[0m[2m=[0m24
[2m2026-09-06T18:08:22.954439Z[0m [34mDEBUG[0m [1mconn[0m[1m{[0m[3mid[0m[2m=[0m1[1m}[0m[2m:[0m [2mmoq_net::lite::publisher[0m[2m:[0m finished group [3msequence[0m[2m=[0m25
[2m2026-09-06T18:08:22.954954Z[0m [34mDEBUG[0m [1mconn[0m[1m{[0m[3mid[0m[2m=[0m1[1m}[0m[2m:[0m [2mmoq_net::lite::publisher[0m[2m:[0m serving group [3msubscribe[0m[2m=[0m2 [3mtrack[0m[2m=[0m0.m4s [3msequence[0m[2m=[0m26
[2m2026-09-06T18:08:22.955074Z[0m [34mDEBUG[0m [1mconn[0m[1m{[0m[3mid[0m[2m=[0m1[1m}[0m[2m:[0m [2mmoq_net::lite::publisher[0m[2m:[0m serving group [3msubscribe[0m[2m=[0m1 [3mtrack[0m[2m=[0m1.m4s [3msequence[0m[2m=[0m26
[2m2026-09-06T18:08:22.956596Z[0m [34mDEBUG[0m [1mconn[0m[1m{[0m[3mid[0m[2m=[0m1[1m}[0m[2m:[0m [2mmoq_net::lite::publisher[0m[2m:[0m finished group [3msequence[0m[2m=[0m25
[2m2026-09-06T18:08:24.045096Z[0m [34mDEBUG[0m [1mconn[0m[1m{[0m[3mid[0m[2m=[0m1[1m}[0m[2m:[0m [2mmoq_net::lite::publisher[0m[2m:[0m finished group [3msequence[0m[2m=[0m26
[2m2026-09-06T18:08:24.045166Z[0m [34mDEBUG[0m [1mconn[0m[1m{[0m[3mid[0m[2m=[0m1[1m}[0m[2m:[0m [2mmoq_net::lite::publisher[0m[2m:[0m serving group [3msubscribe[0m[2m=[0m2 [3mtrack[0m[2m=[0m0.m4s [3msequence[0m[2m=[0m27
[2m2026-09-06T18:08:24.045262Z[0m [34mDEBUG[0m [1mconn[0m[1m{[0m[3mid[0m[2m=[0m1[1m}[0m[2m:[0m [2mmoq_net::lite::publisher[0m[2m:[0m finished group [3msequence[0m[2m=[0m26
[2m2026-09-06T18:08:24.045289Z[0m [34mDEBUG[0m [1mconn[0m[1m{[0m[3mid[0m[2m=[0m1[1m}[0m[2m:[0m [2mmoq_net::lite::publisher[0m[2m:[0m serving group [3msubscribe[0m[2m=[0m1 [3mtrack[0m[2m=[0m1.m4s [3msequence[0m[2m=[0m27
[2m2026-09-06T18:08:26.525358Z[0m [34mDEBUG[0m [1mconn[0m[1m{[0m[3mid[0m[2m=[0m1[1m}[0m[2m:[0m [2mmoq_net::lite::publisher[0m[2m:[0m serving group [3msubscribe[0m[2m=[0m2 [3mtrack[0m[2m=[0m0.m4s [3msequence[0m[2m=[0m28
[2m2026-09-06T18:08:26.526700Z[0m [34mDEBUG[0m [1mconn[0m[1m{[0m[3mid[0m[2m=[0m1[1m}[0m[2m:[0m [2mmoq_net::lite::publisher[0m[2m:[0m finished group [3msequence[0m[2m=[0m27
[2m2026-09-06T18:08:26.526915Z[0m [34mDEBUG[0m [1mconn[0m[1m{[0m[3mid[0m[2m=[0m1[1m}[0m[2m:[0m [2mmoq_net::lite::publisher[0m[2m:[0m serving group [3msubscribe[0m[2m=[0m1 [3mtrack[0m[2m=[0m1.m4s [3msequence[0m[2m=[0m28
[2m2026-09-06T18:08:26.527117Z[0m [34mDEBUG[0m [1mconn[0m[1m{[0m[3mid[0m[2m=[0m1[1m}[0m[2m:[0m [2mmoq_net::lite::publisher[0m[2m:[0m finished group [3msequence[0m[2m=[0m27
[2m2026-09-06T18:08:27.332784Z[0m [32m INFO[0m [1mconn[0m[1m{[0m[3mid[0m[2m=[0m1[1m}[0m[2m:[0m [2mmoq_net::lite::publisher[0m[2m:[0m subscribed cancelled [3mid[0m[2m=[0m0 [3mbroadcast[0m[2m=[0mbbb.hang [3mtrack[0m[2m=[0mcatalog.json
[2m2026-09-06T18:08:27.332904Z[0m [32m INFO[0m [1mconn[0m[1m{[0m[3mid[0m[2m=[0m1[1m}[0m[2m:[0m [2mmoq_net::lite::publisher[0m[2m:[0m subscribed cancelled [3mid[0m[2m=[0m2 [3mbroadcast[0m[2m=[0mbbb.hang [3mtrack[0m[2m=[0m0.m4s
[2m2026-09-06T18:08:27.332978Z[0m [32m INFO[0m [1mconn[0m[1m{[0m[3mid[0m[2m=[0m1[1m}[0m[2m:[0m [2mmoq_net::lite::publisher[0m[2m:[0m subscribed cancelled [3mid[0m[2m=[0m1 [3mbroadcast[0m[2m=[0mbbb.hang [3mtrack[0m[2m=[0m1.m4s
[2m2026-09-06T18:08:27.332975Z[0m [33m WARN[0m [2mmoq_relay::relay[0m[2m:[0m connection closed [3merr[0m[2m=[0mcancelled
[2m2026-09-06T18:08:27.333115Z[0m [34mDEBUG[0m [1mconn[0m[1m{[0m[3mid[0m[2m=[0m1[1m}[0m[2m:[0m [2mmoq_net::lite::publisher[0m[2m:[0m announcing cancelled [3mprefix[0m[2m=[0m
[2m2026-09-06T18:08:27.333012Z[0m [32m INFO[0m [1mconn[0m[1m{[0m[3mid[0m[2m=[0m0[1m}[0m[2m:[0m [2mmoq_net::lite::subscriber[0m[2m:[0m subscribe canceled (idle) [3mtrack[0m[2m=[0mcatalog.json
[2m2026-09-06T18:08:27.333189Z[0m [33m WARN[0m [1mconn[0m[1m{[0m[3mid[0m[2m=[0m1[1m}[0m[2m:[0m [2mmoq_net::lite::publisher[0m[2m:[0m probe stream error [3merr[0m[2m=[0mcancelled
[2m2026-09-06T18:08:27.333198Z[0m [32m INFO[0m [1mconn[0m[1m{[0m[3mid[0m[2m=[0m0[1m}[0m[2m:[0m [2mmoq_net::lite::subscriber[0m[2m:[0m subscribe canceled (idle) [3mtrack[0m[2m=[0m0.m4s
[2m2026-09-06T18:08:27.333245Z[0m [32m INFO[0m [1mconn[0m[1m{[0m[3mid[0m[2m=[0m0[1m}[0m[2m:[0m [2mmoq_net::lite::subscriber[0m[2m:[0m subscribe canceled (idle) [3mtrack[0m[2m=[0m1.m4s
[2m2026-09-06T18:08:27.333250Z[0m [33m WARN[0m [1mconn[0m[1m{[0m[3mid[0m[2m=[0m1[1m}[0m[2m:[0m [2mmoq_net::lite::session[0m[2m:[0m session error [3merr[0m[2m=[0mcancelled
[2m2026-09-06T18:08:30.549358Z[0m [32m INFO[0m [1mconn[0m[1m{[0m[3mid[0m[2m=[0m2[1m}[0m[2m:[0m [2mmoq_relay::connection[0m[2m:[0m session accepted [3mtransport[0m[2m=[0mquic [3mrole[0m[2m=[0mNone [3mtier[0m[2m=[0m [3mroot[0m[2m=[0m [3mpublish[0m[2m=[0m [3msubscribe[0m[2m=[0m
[2m2026-09-06T18:08:30.549488Z[0m [32m INFO[0m [1mconn[0m[1m{[0m[3mid[0m[2m=[0m2[1m}[0m[2m:[0m [2mmoq_relay::connection[0m[2m:[0m negotiated [3mversion[0m[2m=[0mmoq-lite-05 [3mtransport[0m[2m=[0mquic
[2m2026-09-06T18:08:30.549639Z[0m [34mDEBUG[0m [1mconn[0m[1m{[0m[3mid[0m[2m=[0m2[1m}[0m[2m:[0m [2mmoq_net::lite::publisher[0m[2m:[0m announce [3mroute[0m[2m=[0m.stats/node/local/host
[2m2026-09-06T18:08:30.549657Z[0m [34mDEBUG[0m [1mconn[0m[1m{[0m[3mid[0m[2m=[0m2[1m}[0m[2m:[0m [2mmoq_net::lite::publisher[0m[2m:[0m announce [3mroute[0m[2m=[0mbbb.hang
[2m2026-09-06T18:08:30.549708Z[0m [34mDEBUG[0m [1mconn[0m[1m{[0m[3mid[0m[2m=[0m2[1m}[0m[2m:[0m [2mmoq_net::lite::subscriber[0m[2m:[0m peer does not support probing; skipping probe stream
[2m2026-09-06T18:08:30.551882Z[0m [34mDEBUG[0m [1mconn[0m[1m{[0m[3mid[0m[2m=[0m2[1m}[0m[2m:[0m [2mmoq_net::lite::publisher[0m[2m:[0m track info requested [3mbroadcast[0m[2m=[0mbbb.hang [3mtrack[0m[2m=[0mcatalog.json
[2m2026-09-06T18:08:30.553256Z[0m [32m INFO[0m [1mconn[0m[1m{[0m[3mid[0m[2m=[0m2[1m}[0m[2m:[0m [2mmoq_net::lite::publisher[0m[2m:[0m subscribed started [3mid[0m[2m=[0m0 [3mbroadcast[0m[2m=[0mbbb.hang [3mtrack[0m[2m=[0mcatalog.json
[2m2026-09-06T18:08:30.553357Z[0m [34mDEBUG[0m [1mconn[0m[1m{[0m[3mid[0m[2m=[0m2[1m}[0m[2m:[0m [2mmoq_net::lite::publisher[0m[2m:[0m serving group [3msubscribe[0m[2m=[0m0 [3mtrack[0m[2m=[0mcatalog.json [3msequence[0m[2m=[0m6
[2m2026-09-06T18:08:30.553408Z[0m [32m INFO[0m [1mconn[0m[1m{[0m[3mid[0m[2m=[0m0[1m}[0m[2m:[0m [2mmoq_net::lite::subscriber[0m[2m:[0m subscribe started [3mid[0m[2m=[0m3 [3mbroadcast[0m[2m=[0mbbb.hang [3mtrack[0m[2m=[0mcatalog.json
[2m2026-09-06T18:08:30.560545Z[0m [34mDEBUG[0m [1mconn[0m[1m{[0m[3mid[0m[2m=[0m2[1m}[0m[2m:[0m [2mmoq_net::lite::publisher[0m[2m:[0m finished group [3msequence[0m[2m=[0m6
[2m2026-09-06T18:08:30.562012Z[0m [34mDEBUG[0m [1mconn[0m[1m{[0m[3mid[0m[2m=[0m2[1m}[0m[2m:[0m [2mmoq_net::lite::publisher[0m[2m:[0m track info requested [3mbroadcast[0m[2m=[0mbbb.hang [3mtrack[0m[2m=[0m1.m4s
[2m2026-09-06T18:08:30.562322Z[0m [34mDEBUG[0m [1mconn[0m[1m{[0m[3mid[0m[2m=[0m2[1m}[0m[2m:[0m [2mmoq_net::lite::publisher[0m[2m:[0m track info requested [3mbroadcast[0m[2m=[0mbbb.hang [3mtrack[0m[2m=[0m0.m4s
[2m2026-09-06T18:08:30.566535Z[0m [32m INFO[0m [1mconn[0m[1m{[0m[3mid[0m[2m=[0m2[1m}[0m[2m:[0m [2mmoq_net::lite::publisher[0m[2m:[0m subscribed started [3mid[0m[2m=[0m2 [3mbroadcast[0m[2m=[0mbbb.hang [3mtrack[0m[2m=[0m0.m4s
[2m2026-09-06T18:08:30.566662Z[0m [32m INFO[0m [1mconn[0m[1m{[0m[3mid[0m[2m=[0m2[1m}[0m[2m:[0m [2mmoq_net::lite::publisher[0m[2m:[0m subscribed started [3mid[0m[2m=[0m1 [3mbroadcast[0m[2m=[0mbbb.hang [3mtrack[0m[2m=[0m1.m4s
[2m2026-09-06T18:08:30.566707Z[0m [32m INFO[0m [1mconn[0m[1m{[0m[3mid[0m[2m=[0m0[1m}[0m[2m:[0m [2mmoq_net::lite::subscriber[0m[2m:[0m subscribe started [3mid[0m[2m=[0m4 [3mbroadcast[0m[2m=[0mbbb.hang [3mtrack[0m[2m=[0m0.m4s
[2m2026-09-06T18:08:30.566817Z[0m [32m INFO[0m [1mconn[0m[1m{[0m[3mid[0m[2m=[0m0[1m}[0m[2m:[0m [2mmoq_net::lite::subscriber[0m[2m:[0m subscribe started [3mid[0m[2m=[0m5 [3mbroadcast[0m[2m=[0mbbb.hang [3mtrack[0m[2m=[0m1.m4s
[2m2026-09-06T18:08:30.568608Z[0m [34mDEBUG[0m [1mconn[0m[1m{[0m[3mid[0m[2m=[0m2[1m}[0m[2m:[0m [2mmoq_net::lite::publisher[0m[2m:[0m serving group [3msubscribe[0m[2m=[0m1 [3mtrack[0m[2m=[0m1.m4s [3msequence[0m[2m=[0m29
[2m2026-09-06T18:08:30.569327Z[0m [34mDEBUG[0m [1mconn[0m[1m{[0m[3mid[0m[2m=[0m2[1m}[0m[2m:[0m [2mmoq_net::lite::publisher[0m[2m:[0m serving group [3msubscribe[0m[2m=[0m2 [3mtrack[0m[2m=[0m0.m4s [3msequence[0m[2m=[0m29
[2m2026-09-06T18:08:31.538828Z[0m [34mDEBUG[0m [1mconn[0m[1m{[0m[3mid[0m[2m=[0m2[1m}[0m[2m:[0m [2mmoq_net::lite::publisher[0m[2m:[0m finished group [3msequence[0m[2m=[0m29
[2m2026-09-06T18:08:31.538889Z[0m [34mDEBUG[0m [1mconn[0m[1m{[0m[3mid[0m[2m=[0m2[1m}[0m[2m:[0m [2mmoq_net::lite::publisher[0m[2m:[0m serving group [3msubscribe[0m[2m=[0m2 [3mtrack[0m[2m=[0m0.m4s [3msequence[0m[2m=[0m30
[2m2026-09-06T18:08:31.539110Z[0m [34mDEBUG[0m [1mconn[0m[1m{[0m[3mid[0m[2m=[0m2[1m}[0m[2m:[0m [2mmoq_net::lite::publisher[0m[2m:[0m finished group [3msequence[0m[2m=[0m29
[2m2026-09-06T18:08:31.539139Z[0m [34mDEBUG[0m [1mconn[0m[1m{[0m[3mid[0m[2m=[0m2[1m}[0m[2m:[0m [2mmoq_net::lite::publisher[0m[2m:[0m serving group [3msubscribe[0m[2m=[0m1 [3mtrack[0m[2m=[0m1.m4s [3msequence[0m[2m=[0m30
[2m2026-09-06T18:08:33.707855Z[0m [34mDEBUG[0m [1mconn[0m[1m{[0m[3mid[0m[2m=[0m2[1m}[0m[2m:[0m [2mmoq_net::lite::publisher[0m[2m:[0m serving group [3msubscribe[0m[2m=[0m2 [3mtrack[0m[2m=[0m0.m4s [3msequence[0m[2m=[0m31
[2m2026-09-06T18:08:33.709867Z[0m [34mDEBUG[0m [1mconn[0m[1m{[0m[3mid[0m[2m=[0m2[1m}[0m[2m:[0m [2mmoq_net::lite::publisher[0m[2m:[0m serving group [3msubscribe[0m[2m=[0m1 [3mtrack[0m[2m=[0m1.m4s [3msequence[0m[2m=[0m31
[2m2026-09-06T18:08:33.710065Z[0m [34mDEBUG[0m [1mconn[0m[1m{[0m[3mid[0m[2m=[0m2[1m}[0m[2m:[0m [2mmoq_net::lite::publisher[0m[2m:[0m finished group [3msequence[0m[2m=[0m30
[2m2026-09-06T18:08:33.710213Z[0m [34mDEBUG[0m [1mconn[0m[1m{[0m[3mid[0m[2m=[0m2[1m}[0m[2m:[0m [2mmoq_net::lite::publisher[0m[2m:[0m finished group [3msequence[0m[2m=[0m30
[2m2026-09-06T18:08:35.780476Z[0m [34mDEBUG[0m [1mconn[0m[1m{[0m[3mid[0m[2m=[0m2[1m}[0m[2m:[0m [2mmoq_net::lite::publisher[0m[2m:[0m finished group [3msequence[0m[2m=[0m31
[2m2026-09-06T18:08:35.780708Z[0m [34mDEBUG[0m [1mconn[0m[1m{[0m[3mid[0m[2m=[0m2[1m}[0m[2m:[0m [2mmoq_net::lite::publisher[0m[2m:[0m serving group [3msubscribe[0m[2m=[0m2 [3mtrack[0m[2m=[0m0.m4s [3msequence[0m[2m=[0m32
[2m2026-09-06T18:08:35.780817Z[0m [34mDEBUG[0m [1mconn[0m[1m{[0m[3mid[0m[2m=[0m2[1m}[0m[2m:[0m [2mmoq_net::lite::publisher[0m[2m:[0m finished group [3msequence[0m[2m=[0m31
[2m2026-09-06T18:08:35.780841Z[0m [34mDEBUG[0m [1mconn[0m[1m{[0m[3mid[0m[2m=[0m2[1m}[0m[2m:[0m [2mmoq_net::lite::publisher[0m[2m:[0m serving group [3msubscribe[0m[2m=[0m1 [3mtrack[0m[2m=[0m1.m4s [3msequence[0m[2m=[0m32
[2m2026-09-06T18:08:38.274258Z[0m [34mDEBUG[0m [1mconn[0m[1m{[0m[3mid[0m[2m=[0m2[1m}[0m[2m:[0m [2mmoq_net::lite::publisher[0m[2m:[0m serving group [3msubscribe[0m[2m=[0m2 [3mtrack[0m[2m=[0m0.m4s [3msequence[0m[2m=[0m33
[2m2026-09-06T18:08:38.275292Z[0m [34mDEBUG[0m [1mconn[0m[1m{[0m[3mid[0m[2m=[0m2[1m}[0m[2m:[0m [2mmoq_net::lite::publisher[0m[2m:[0m finished group [3msequence[0m[2m=[0m32
[2m2026-09-06T18:08:38.275418Z[0m [34mDEBUG[0m [1mconn[0m[1m{[0m[3mid[0m[2m=[0m2[1m}[0m[2m:[0m [2mmoq_net::lite::publisher[0m[2m:[0m serving group [3msubscribe[0m[2m=[0m1 [3mtrack[0m[2m=[0m1.m4s [3msequence[0m[2m=[0m33
[2m2026-09-06T18:08:38.275634Z[0m [34mDEBUG[0m [1mconn[0m[1m{[0m[3mid[0m[2m=[0m2[1m}[0m[2m:[0m [2mmoq_net::lite::publisher[0m[2m:[0m finished group [3msequence[0m[2m=[0m32
[2m2026-09-06T18:08:40.192118Z[0m [34mDEBUG[0m [1mconn[0m[1m{[0m[3mid[0m[2m=[0m2[1m}[0m[2m:[0m [2mmoq_net::lite::publisher[0m[2m:[0m serving group [3msubscribe[0m[2m=[0m2 [3mtrack[0m[2m=[0m0.m4s [3msequence[0m[2m=[0m34
[2m2026-09-06T18:08:40.193001Z[0m [34mDEBUG[0m [1mconn[0m[1m{[0m[3mid[0m[2m=[0m2[1m}[0m[2m:[0m [2mmoq_net::lite::publisher[0m[2m:[0m finished group [3msequence[0m[2m=[0m33
[2m2026-09-06T18:08:40.208876Z[0m [34mDEBUG[0m [1mconn[0m[1m{[0m[3mid[0m[2m=[0m2[1m}[0m[2m:[0m [2mmoq_net::lite::publisher[0m[2m:[0m serving group [3msubscribe[0m[2m=[0m1 [3mtrack[0m[2m=[0m1.m4s [3msequence[0m[2m=[0m34
[2m2026-09-06T18:08:40.210039Z[0m [34mDEBUG[0m [1mconn[0m[1m{[0m[3mid[0m[2m=[0m2[1m}[0m[2m:[0m [2mmoq_net::lite::publisher[0m[2m:[0m finished group [3msequence[0m[2m=[0m33
[2m2026-09-06T18:08:42.691011Z[0m [34mDEBUG[0m [1mconn[0m[1m{[0m[3mid[0m[2m=[0m2[1m}[0m[2m:[0m [2mmoq_net::lite::publisher[0m[2m:[0m serving group [3msubscribe[0m[2m=[0m1 [3mtrack[0m[2m=[0m1.m4s [3msequence[0m[2m=[0m35
[2m2026-09-06T18:08:42.691186Z[0m [34mDEBUG[0m [1mconn[0m[1m{[0m[3mid[0m[2m=[0m2[1m}[0m[2m:[0m [2mmoq_net::lite::publisher[0m[2m:[0m serving group [3msubscribe[0m[2m=[0m2 [3mtrack[0m[2m=[0m0.m4s [3msequence[0m[2m=[0m35
[2m2026-09-06T18:08:42.693110Z[0m [34mDEBUG[0m [1mconn[0m[1m{[0m[3mid[0m[2m=[0m2[1m}[0m[2m:[0m [2mmoq_net::lite::publisher[0m[2m:[0m finished group [3msequence[0m[2m=[0m34
[2m2026-09-06T18:08:42.693187Z[0m [34mDEBUG[0m [1mconn[0m[1m{[0m[3mid[0m[2m=[0m2[1m}[0m[2m:[0m [2mmoq_net::lite::publisher[0m[2m:[0m finished group [3msequence[0m[2m=[0m34
[2m2026-09-06T18:08:45.210402Z[0m [34mDEBUG[0m [1mconn[0m[1m{[0m[3mid[0m[2m=[0m2[1m}[0m[2m:[0m [2mmoq_net::lite::publisher[0m[2m:[0m finished group [3msequence[0m[2m=[0m35
[2m2026-09-06T18:08:45.210573Z[0m [34mDEBUG[0m [1mconn[0m[1m{[0m[3mid[0m[2m=[0m2[1m}[0m[2m:[0m [2mmoq_net::lite::publisher[0m[2m:[0m serving group [3msubscribe[0m[2m=[0m2 [3mtrack[0m[2m=[0m0.m4s [3msequence[0m[2m=[0m36
[2m2026-09-06T18:08:45.210954Z[0m [34mDEBUG[0m [1mconn[0m[1m{[0m[3mid[0m[2m=[0m2[1m}[0m[2m:[0m [2mmoq_net::lite::publisher[0m[2m:[0m finished group [3msequence[0m[2m=[0m35
[2m2026-09-06T18:08:45.211001Z[0m [34mDEBUG[0m [1mconn[0m[1m{[0m[3mid[0m[2m=[0m2[1m}[0m[2m:[0m [2mmoq_net::lite::publisher[0m[2m:[0m serving group [3msubscribe[0m[2m=[0m1 [3mtrack[0m[2m=[0m1.m4s [3msequence[0m[2m=[0m36
[2m2026-09-06T18:08:47.705809Z[0m [34mDEBUG[0m [1mconn[0m[1m{[0m[3mid[0m[2m=[0m2[1m}[0m[2m:[0m [2mmoq_net::lite::publisher[0m[2m:[0m serving group [3msubscribe[0m[2m=[0m2 [3mtrack[0m[2m=[0m0.m4s [3msequence[0m[2m=[0m37
[2m2026-09-06T18:08:47.707691Z[0m [34mDEBUG[0m [1mconn[0m[1m{[0m[3mid[0m[2m=[0m2[1m}[0m[2m:[0m [2mmoq_net::lite::publisher[0m[2m:[0m finished group [3msequence[0m[2m=[0m36
[2m2026-09-06T18:08:47.708143Z[0m [34mDEBUG[0m [1mconn[0m[1m{[0m[3mid[0m[2m=[0m2[1m}[0m[2m:[0m [2mmoq_net::lite::publisher[0m[2m:[0m serving group [3msubscribe[0m[2m=[0m1 [3mtrack[0m[2m=[0m1.m4s [3msequence[0m[2m=[0m37
[2m2026-09-06T18:08:47.708815Z[0m [34mDEBUG[0m [1mconn[0m[1m{[0m[3mid[0m[2m=[0m2[1m}[0m[2m:[0m [2mmoq_net::lite::publisher[0m[2m:[0m finished group [3msequence[0m[2m=[0m36
[2m2026-09-06T18:08:50.021724Z[0m [34mDEBUG[0m [1mconn[0m[1m{[0m[3mid[0m[2m=[0m2[1m}[0m[2m:[0m [2mmoq_net::lite::publisher[0m[2m:[0m serving group [3msubscribe[0m[2m=[0m2 [3mtrack[0m[2m=[0m0.m4s [3msequence[0m[2m=[0m38
[2m2026-09-06T18:08:50.022183Z[0m [34mDEBUG[0m [1mconn[0m[1m{[0m[3mid[0m[2m=[0m2[1m}[0m[2m:[0m [2mmoq_net::lite::publisher[0m[2m:[0m serving group [3msubscribe[0m[2m=[0m1 [3mtrack[0m[2m=[0m1.m4s [3msequence[0m[2m=[0m38
[2m2026-09-06T18:08:50.022721Z[0m [34mDEBUG[0m [1mconn[0m[1m{[0m[3mid[0m[2m=[0m2[1m}[0m[2m:[0m [2mmoq_net::lite::publisher[0m[2m:[0m finished group [3msequence[0m[2m=[0m37
[2m2026-09-06T18:08:50.022764Z[0m [34mDEBUG[0m [1mconn[0m[1m{[0m[3mid[0m[2m=[0m2[1m}[0m[2m:[0m [2mmoq_net::lite::publisher[0m[2m:[0m finished group [3msequence[0m[2m=[0m37
[2m2026-09-06T18:08:51.659937Z[0m [34mDEBUG[0m [1mconn[0m[1m{[0m[3mid[0m[2m=[0m2[1m}[0m[2m:[0m [2mmoq_net::lite::publisher[0m[2m:[0m serving group [3msubscribe[0m[2m=[0m2 [3mtrack[0m[2m=[0m0.m4s [3msequence[0m[2m=[0m39
[2m2026-09-06T18:08:51.660103Z[0m [34mDEBUG[0m [1mconn[0m[1m{[0m[3mid[0m[2m=[0m2[1m}[0m[2m:[0m [2mmoq_net::lite::publisher[0m[2m:[0m serving group [3msubscribe[0m[2m=[0m1 [3mtrack[0m[2m=[0m1.m4s [3msequence[0m[2m=[0m39
[2m2026-09-06T18:08:51.662246Z[0m [34mDEBUG[0m [1mconn[0m[1m{[0m[3mid[0m[2m=[0m2[1m}[0m[2m:[0m [2mmoq_net::lite::publisher[0m[2m:[0m finished group [3msequence[0m[2m=[0m38
[2m2026-09-06T18:08:51.662323Z[0m [34mDEBUG[0m [1mconn[0m[1m{[0m[3mid[0m[2m=[0m2[1m}[0m[2m:[0m [2mmoq_net::lite::publisher[0m[2m:[0m finished group [3msequence[0m[2m=[0m38
[2m2026-09-06T18:08:54.171935Z[0m [34mDEBUG[0m [1mconn[0m[1m{[0m[3mid[0m[2m=[0m2[1m}[0m[2m:[0m [2mmoq_net::lite::publisher[0m[2m:[0m serving group [3msubscribe[0m[2m=[0m2 [3mtrack[0m[2m=[0m0.m4s [3msequence[0m[2m=[0m40
[2m2026-09-06T18:08:54.172062Z[0m [34mDEBUG[0m [1mconn[0m[1m{[0m[3mid[0m[2m=[0m2[1m}[0m[2m:[0m [2mmoq_net::lite::publisher[0m[2m:[0m serving group [3msubscribe[0m[2m=[0m1 [3mtrack[0m[2m=[0m1.m4s [3msequence[0m[2m=[0m40
[2m2026-09-06T18:08:54.172453Z[0m [34mDEBUG[0m [1mconn[0m[1m{[0m[3mid[0m[2m=[0m2[1m}[0m[2m:[0m [2mmoq_net::lite::publisher[0m[2m:[0m finished group [3msequence[0m[2m=[0m39
[2m2026-09-06T18:08:54.173613Z[0m [34mDEBUG[0m [1mconn[0m[1m{[0m[3mid[0m[2m=[0m2[1m}[0m[2m:[0m [2mmoq_net::lite::publisher[0m[2m:[0m finished group [3msequence[0m[2m=[0m39
[2m2026-09-06T18:08:56.649275Z[0m [34mDEBUG[0m [1mconn[0m[1m{[0m[3mid[0m[2m=[0m2[1m}[0m[2m:[0m [2mmoq_net::lite::publisher[0m[2m:[0m serving group [3msubscribe[0m[2m=[0m2 [3mtrack[0m[2m=[0m0.m4s [3msequence[0m[2m=[0m41
[2m2026-09-06T18:08:56.649505Z[0m [34mDEBUG[0m [1mconn[0m[1m{[0m[3mid[0m[2m=[0m2[1m}[0m[2m:[0m [2mmoq_net::lite::publisher[0m[2m:[0m finished group [3msequence[0m[2m=[0m40
[2m2026-09-06T18:08:56.652190Z[0m [34mDEBUG[0m [1mconn[0m[1m{[0m[3mid[0m[2m=[0m2[1m}[0m[2m:[0m [2mmoq_net::lite::publisher[0m[2m:[0m serving group [3msubscribe[0m[2m=[0m1 [3mtrack[0m[2m=[0m1.m4s [3msequence[0m[2m=[0m41
[2m2026-09-06T18:08:56.652763Z[0m [34mDEBUG[0m [1mconn[0m[1m{[0m[3mid[0m[2m=[0m2[1m}[0m[2m:[0m [2mmoq_net::lite::publisher[0m[2m:[0m finished group [3msequence[0m[2m=[0m40
[2m2026-09-06T18:08:59.172280Z[0m [34mDEBUG[0m [1mconn[0m[1m{[0m[3mid[0m[2m=[0m2[1m}[0m[2m:[0m [2mmoq_net::lite::publisher[0m[2m:[0m finished group [3msequence[0m[2m=[0m41
[2m2026-09-06T18:08:59.172343Z[0m [34mDEBUG[0m [1mconn[0m[1m{[0m[3mid[0m[2m=[0m2[1m}[0m[2m:[0m [2mmoq_net::lite::publisher[0m[2m:[0m serving group [3msubscribe[0m[2m=[0m2 [3mtrack[0m[2m=[0m0.m4s [3msequence[0m[2m=[0m42
[2m2026-09-06T18:08:59.174289Z[0m [34mDEBUG[0m [1mconn[0m[1m{[0m[3mid[0m[2m=[0m2[1m}[0m[2m:[0m [2mmoq_net::lite::publisher[0m[2m:[0m finished group [3msequence[0m[2m=[0m41
[2m2026-09-06T18:08:59.174348Z[0m [34mDEBUG[0m [1mconn[0m[1m{[0m[3mid[0m[2m=[0m2[1m}[0m[2m:[0m [2mmoq_net::lite::publisher[0m[2m:[0m serving group [3msubscribe[0m[2m=[0m1 [3mtrack[0m[2m=[0m1.m4s [3msequence[0m[2m=[0m42
[2m2026-09-06T18:09:01.683933Z[0m [34mDEBUG[0m [1mconn[0m[1m{[0m[3mid[0m[2m=[0m2[1m}[0m[2m:[0m [2mmoq_net::lite::publisher[0m[2m:[0m serving group [3msubscribe[0m[2m=[0m2 [3mtrack[0m[2m=[0m0.m4s [3msequence[0m[2m=[0m43
[2m2026-09-06T18:09:01.684857Z[0m [34mDEBUG[0m [1mconn[0m[1m{[0m[3mid[0m[2m=[0m2[1m}[0m[2m:[0m [2mmoq_net::lite::publisher[0m[2m:[0m serving group [3msubscribe[0m[2m=[0m1 [3mtrack[0m[2m=[0m1.m4s [3msequence[0m[2m=[0m43
[2m2026-09-06T18:09:01.686735Z[0m [34mDEBUG[0m [1mconn[0m[1m{[0m[3mid[0m[2m=[0m2[1m}[0m[2m:[0m [2mmoq_net::lite::publisher[0m[2m:[0m finished group [3msequence[0m[2m=[0m42
[2m2026-09-06T18:09:01.686826Z[0m [34mDEBUG[0m [1mconn[0m[1m{[0m[3mid[0m[2m=[0m2[1m}[0m[2m:[0m [2mmoq_net::lite::publisher[0m[2m:[0m finished group [3msequence[0m[2m=[0m42
[2m2026-09-06T18:09:04.142422Z[0m [34mDEBUG[0m [1mconn[0m[1m{[0m[3mid[0m[2m=[0m2[1m}[0m[2m:[0m [2mmoq_net::lite::publisher[0m[2m:[0m serving group [3msubscribe[0m[2m=[0m2 [3mtrack[0m[2m=[0m0.m4s [3msequence[0m[2m=[0m44
[2m2026-09-06T18:09:04.142664Z[0m [34mDEBUG[0m [1mconn[0m[1m{[0m[3mid[0m[2m=[0m2[1m}[0m[2m:[0m [2mmoq_net::lite::publisher[0m[2m:[0m serving group [3msubscribe[0m[2m=[0m1 [3mtrack[0m[2m=[0m1.m4s [3msequence[0m[2m=[0m44
[2m2026-09-06T18:09:04.144093Z[0m [34mDEBUG[0m [1mconn[0m[1m{[0m[3mid[0m[2m=[0m2[1m}[0m[2m:[0m [2mmoq_net::lite::publisher[0m[2m:[0m finished group [3msequence[0m[2m=[0m43
[2m2026-09-06T18:09:04.144271Z[0m [34mDEBUG[0m [1mconn[0m[1m{[0m[3mid[0m[2m=[0m2[1m}[0m[2m:[0m [2mmoq_net::lite::publisher[0m[2m:[0m finished group [3msequence[0m[2m=[0m43
[2m2026-09-06T18:09:06.644379Z[0m [34mDEBUG[0m [1mconn[0m[1m{[0m[3mid[0m[2m=[0m2[1m}[0m[2m:[0m [2mmoq_net::lite::publisher[0m[2m:[0m serving group [3msubscribe[0m[2m=[0m2 [3mtrack[0m[2m=[0m0.m4s [3msequence[0m[2m=[0m45
[2m2026-09-06T18:09:06.645807Z[0m [34mDEBUG[0m [1mconn[0m[1m{[0m[3mid[0m[2m=[0m2[1m}[0m[2m:[0m [2mmoq_net::lite::publisher[0m[2m:[0m finished group [3msequence[0m[2m=[0m44
[2m2026-09-06T18:09:06.645890Z[0m [34mDEBUG[0m [1mconn[0m[1m{[0m[3mid[0m[2m=[0m2[1m}[0m[2m:[0m [2mmoq_net::lite::publisher[0m[2m:[0m serving group [3msubscribe[0m[2m=[0m1 [3mtrack[0m[2m=[0m1.m4s [3msequence[0m[2m=[0m45
[2m2026-09-06T18:09:06.645987Z[0m [34mDEBUG[0m [1mconn[0m[1m{[0m[3mid[0m[2m=[0m2[1m}[0m[2m:[0m [2mmoq_net::lite::publisher[0m[2m:[0m finished group [3msequence[0m[2m=[0m44
[2m2026-09-06T18:09:09.149522Z[0m [34mDEBUG[0m [1mconn[0m[1m{[0m[3mid[0m[2m=[0m2[1m}[0m[2m:[0m [2mmoq_net::lite::publisher[0m[2m:[0m serving group [3msubscribe[0m[2m=[0m2 [3mtrack[0m[2m=[0m0.m4s [3msequence[0m[2m=[0m46
[2m2026-09-06T18:09:09.149675Z[0m [34mDEBUG[0m [1mconn[0m[1m{[0m[3mid[0m[2m=[0m2[1m}[0m[2m:[0m [2mmoq_net::lite::publisher[0m[2m:[0m serving group [3msubscribe[0m[2m=[0m1 [3mtrack[0m[2m=[0m1.m4s [3msequence[0m[2m=[0m46
[2m2026-09-06T18:09:09.150864Z[0m [34mDEBUG[0m [1mconn[0m[1m{[0m[3mid[0m[2m=[0m2[1m}[0m[2m:[0m [2mmoq_net::lite::publisher[0m[2m:[0m finished group [3msequence[0m[2m=[0m45
[2m2026-09-06T18:09:09.150916Z[0m [34mDEBUG[0m [1mconn[0m[1m{[0m[3mid[0m[2m=[0m2[1m}[0m[2m:[0m [2mmoq_net::lite::publisher[0m[2m:[0m finished group [3msequence[0m[2m=[0m45
[2m2026-09-06T18:09:11.640072Z[0m [34mDEBUG[0m [1mconn[0m[1m{[0m[3mid[0m[2m=[0m2[1m}[0m[2m:[0m [2mmoq_net::lite::publisher[0m[2m:[0m serving group [3msubscribe[0m[2m=[0m2 [3mtrack[0m[2m=[0m0.m4s [3msequence[0m[2m=[0m47
[2m2026-09-06T18:09:11.641600Z[0m [34mDEBUG[0m [1mconn[0m[1m{[0m[3mid[0m[2m=[0m2[1m}[0m[2m:[0m [2mmoq_net::lite::publisher[0m[2m:[0m serving group [3msubscribe[0m[2m=[0m1 [3mtrack[0m[2m=[0m1.m4s [3msequence[0m[2m=[0m47
[2m2026-09-06T18:09:11.642113Z[0m [34mDEBUG[0m [1mconn[0m[1m{[0m[3mid[0m[2m=[0m2[1m}[0m[2m:[0m [2mmoq_net::lite::publisher[0m[2m:[0m finished group [3msequence[0m[2m=[0m46
[2m2026-09-06T18:09:11.643015Z[0m [34mDEBUG[0m [1mconn[0m[1m{[0m[3mid[0m[2m=[0m2[1m}[0m[2m:[0m [2mmoq_net::lite::publisher[0m[2m:[0m finished group [3msequence[0m[2m=[0m46
[2m2026-09-06T18:09:12.915063Z[0m [34mDEBUG[0m [1mconn[0m[1m{[0m[3mid[0m[2m=[0m2[1m}[0m[2m:[0m [2mmoq_net::lite::publisher[0m[2m:[0m serving group [3msubscribe[0m[2m=[0m2 [3mtrack[0m[2m=[0m0.m4s [3msequence[0m[2m=[0m48
[2m2026-09-06T18:09:12.917057Z[0m [34mDEBUG[0m [1mconn[0m[1m{[0m[3mid[0m[2m=[0m2[1m}[0m[2m:[0m [2mmoq_net::lite::publisher[0m[2m:[0m finished group [3msequence[0m[2m=[0m47
[2m2026-09-06T18:09:12.917240Z[0m [34mDEBUG[0m [1mconn[0m[1m{[0m[3mid[0m[2m=[0m2[1m}[0m[2m:[0m [2mmoq_net::lite::publisher[0m[2m:[0m serving group [3msubscribe[0m[2m=[0m1 [3mtrack[0m[2m=[0m1.m4s [3msequence[0m[2m=[0m48
[2m2026-09-06T18:09:12.919918Z[0m [34mDEBUG[0m [1mconn[0m[1m{[0m[3mid[0m[2m=[0m2[1m}[0m[2m:[0m [2mmoq_net::lite::publisher[0m[2m:[0m finished group [3msequence[0m[2m=[0m47
[2m2026-09-06T18:09:15.432427Z[0m [34mDEBUG[0m [1mconn[0m[1m{[0m[3mid[0m[2m=[0m2[1m}[0m[2m:[0m [2mmoq_net::lite::publisher[0m[2m:[0m finished group [3msequence[0m[2m=[0m48
[2m2026-09-06T18:09:15.432493Z[0m [34mDEBUG[0m [1mconn[0m[1m{[0m[3mid[0m[2m=[0m2[1m}[0m[2m:[0m [2mmoq_net::lite::publisher[0m[2m:[0m serving group [3msubscribe[0m[2m=[0m2 [3mtrack[0m[2m=[0m0.m4s [3msequence[0m[2m=[0m49
[2m2026-09-06T18:09:15.432641Z[0m [34mDEBUG[0m [1mconn[0m[1m{[0m[3mid[0m[2m=[0m2[1m}[0m[2m:[0m [2mmoq_net::lite::publisher[0m[2m:[0m serving group [3msubscribe[0m[2m=[0m1 [3mtrack[0m[2m=[0m1.m4s [3msequence[0m[2m=[0m49
[2m2026-09-06T18:09:15.436604Z[0m [34mDEBUG[0m [1mconn[0m[1m{[0m[3mid[0m[2m=[0m2[1m}[0m[2m:[0m [2mmoq_net::lite::publisher[0m[2m:[0m finished group [3msequence[0m[2m=[0m48
[2m2026-09-06T18:09:17.924129Z[0m [34mDEBUG[0m [1mconn[0m[1m{[0m[3mid[0m[2m=[0m2[1m}[0m[2m:[0m [2mmoq_net::lite::publisher[0m[2m:[0m finished group [3msequence[0m[2m=[0m49
[2m2026-09-06T18:09:17.924192Z[0m [34mDEBUG[0m [1mconn[0m[1m{[0m[3mid[0m[2m=[0m2[1m}[0m[2m:[0m [2mmoq_net::lite::publisher[0m[2m:[0m serving group [3msubscribe[0m[2m=[0m2 [3mtrack[0m[2m=[0m0.m4s [3msequence[0m[2m=[0m50
[2m2026-09-06T18:09:17.927423Z[0m [34mDEBUG[0m [1mconn[0m[1m{[0m[3mid[0m[2m=[0m2[1m}[0m[2m:[0m [2mmoq_net::lite::publisher[0m[2m:[0m finished group [3msequence[0m[2m=[0m49
[2m2026-09-06T18:09:17.927519Z[0m [34mDEBUG[0m [1mconn[0m[1m{[0m[3mid[0m[2m=[0m2[1m}[0m[2m:[0m [2mmoq_net::lite::publisher[0m[2m:[0m serving group [3msubscribe[0m[2m=[0m1 [3mtrack[0m[2m=[0m1.m4s [3msequence[0m[2m=[0m50
[2m2026-09-06T18:09:20.401212Z[0m [34mDEBUG[0m [1mconn[0m[1m{[0m[3mid[0m[2m=[0m2[1m}[0m[2m:[0m [2mmoq_net::lite::publisher[0m[2m:[0m serving group [3msubscribe[0m[2m=[0m2 [3mtrack[0m[2m=[0m0.m4s [3msequence[0m[2m=[0m51
[2m2026-09-06T18:09:20.401313Z[0m [34mDEBUG[0m [1mconn[0m[1m{[0m[3mid[0m[2m=[0m2[1m}[0m[2m:[0m [2mmoq_net::lite::publisher[0m[2m:[0m serving group [3msubscribe[0m[2m=[0m1 [3mtrack[0m[2m=[0m1.m4s [3msequence[0m[2m=[0m51
[2m2026-09-06T18:09:20.405176Z[0m [34mDEBUG[0m [1mconn[0m[1m{[0m[3mid[0m[2m=[0m2[1m}[0m[2m:[0m [2mmoq_net::lite::publisher[0m[2m:[0m finished group [3msequence[0m[2m=[0m50
[2m2026-09-06T18:09:20.405386Z[0m [34mDEBUG[0m [1mconn[0m[1m{[0m[3mid[0m[2m=[0m2[1m}[0m[2m:[0m [2mmoq_net::lite::publisher[0m[2m:[0m finished group [3msequence[0m[2m=[0m50
[2m2026-09-06T18:09:22.907804Z[0m [34mDEBUG[0m [1mconn[0m[1m{[0m[3mid[0m[2m=[0m2[1m}[0m[2m:[0m [2mmoq_net::lite::publisher[0m[2m:[0m serving group [3msubscribe[0m[2m=[0m2 [3mtrack[0m[2m=[0m0.m4s [3msequence[0m[2m=[0m52
[2m2026-09-06T18:09:22.908068Z[0m [34mDEBUG[0m [1mconn[0m[1m{[0m[3mid[0m[2m=[0m2[1m}[0m[2m:[0m [2mmoq_net::lite::publisher[0m[2m:[0m serving group [3msubscribe[0m[2m=[0m1 [3mtrack[0m[2m=[0m1.m4s [3msequence[0m[2m=[0m52
[2m2026-09-06T18:09:22.909542Z[0m [34mDEBUG[0m [1mconn[0m[1m{[0m[3mid[0m[2m=[0m2[1m}[0m[2m:[0m [2mmoq_net::lite::publisher[0m[2m:[0m finished group [3msequence[0m[2m=[0m51
[2m2026-09-06T18:09:22.909596Z[0m [34mDEBUG[0m [1mconn[0m[1m{[0m[3mid[0m[2m=[0m2[1m}[0m[2m:[0m [2mmoq_net::lite::publisher[0m[2m:[0m finished group [3msequence[0m[2m=[0m51
[2m2026-09-06T18:09:25.420738Z[0m [34mDEBUG[0m [1mconn[0m[1m{[0m[3mid[0m[2m=[0m2[1m}[0m[2m:[0m [2mmoq_net::lite::publisher[0m[2m:[0m finished group [3msequence[0m[2m=[0m52
[2m2026-09-06T18:09:25.420934Z[0m [34mDEBUG[0m [1mconn[0m[1m{[0m[3mid[0m[2m=[0m2[1m}[0m[2m:[0m [2mmoq_net::lite::publisher[0m[2m:[0m serving group [3msubscribe[0m[2m=[0m2 [3mtrack[0m[2m=[0m0.m4s [3msequence[0m[2m=[0m53
[2m2026-09-06T18:09:25.421047Z[0m [34mDEBUG[0m [1mconn[0m[1m{[0m[3mid[0m[2m=[0m2[1m}[0m[2m:[0m [2mmoq_net::lite::publisher[0m[2m:[0m finished group [3msequence[0m[2m=[0m52
[2m2026-09-06T18:09:25.421076Z[0m [34mDEBUG[0m [1mconn[0m[1m{[0m[3mid[0m[2m=[0m2[1m}[0m[2m:[0m [2mmoq_net::lite::publisher[0m[2m:[0m serving group [3msubscribe[0m[2m=[0m1 [3mtrack[0m[2m=[0m1.m4s [3msequence[0m[2m=[0m53
[2m2026-09-06T18:09:25.529661Z[0m [32m INFO[0m [1mconn[0m[1m{[0m[3mid[0m[2m=[0m2[1m}[0m[2m:[0m [2mmoq_net::lite::publisher[0m[2m:[0m subscribed cancelled [3mid[0m[2m=[0m2 [3mbroadcast[0m[2m=[0mbbb.hang [3mtrack[0m[2m=[0m0.m4s
[2m2026-09-06T18:09:25.529866Z[0m [32m INFO[0m [1mconn[0m[1m{[0m[3mid[0m[2m=[0m0[1m}[0m[2m:[0m [2mmoq_net::lite::subscriber[0m[2m:[0m subscribe canceled (idle) [3mtrack[0m[2m=[0m0.m4s
[2m2026-09-06T18:09:27.113458Z[0m [34mDEBUG[0m [1mconn[0m[1m{[0m[3mid[0m[2m=[0m2[1m}[0m[2m:[0m [2mmoq_net::lite::publisher[0m[2m:[0m serving group [3msubscribe[0m[2m=[0m1 [3mtrack[0m[2m=[0m1.m4s [3msequence[0m[2m=[0m54
[2m2026-09-06T18:09:27.114746Z[0m [34mDEBUG[0m [1mconn[0m[1m{[0m[3mid[0m[2m=[0m2[1m}[0m[2m:[0m [2mmoq_net::lite::publisher[0m[2m:[0m finished group [3msequence[0m[2m=[0m53
[2m2026-09-06T18:09:29.638508Z[0m [34mDEBUG[0m [1mconn[0m[1m{[0m[3mid[0m[2m=[0m2[1m}[0m[2m:[0m [2mmoq_net::lite::publisher[0m[2m:[0m serving group [3msubscribe[0m[2m=[0m1 [3mtrack[0m[2m=[0m1.m4s [3msequence[0m[2m=[0m55
[2m2026-09-06T18:09:29.639772Z[0m [34mDEBUG[0m [1mconn[0m[1m{[0m[3mid[0m[2m=[0m2[1m}[0m[2m:[0m [2mmoq_net::lite::publisher[0m[2m:[0m finished group [3msequence[0m[2m=[0m54
[2m2026-09-06T18:09:30.947330Z[0m [34mDEBUG[0m [1mconn[0m[1m{[0m[3mid[0m[2m=[0m2[1m}[0m[2m:[0m [2mmoq_net::lite::publisher[0m[2m:[0m announcing cancelled [3mprefix[0m[2m=[0m
[2m2026-09-06T18:09:30.947369Z[0m [33m WARN[0m [2mmoq_relay::relay[0m[2m:[0m connection closed [3merr[0m[2m=[0mcancelled
[2m2026-09-06T18:09:30.947480Z[0m [33m WARN[0m [1mconn[0m[1m{[0m[3mid[0m[2m=[0m2[1m}[0m[2m:[0m [2mmoq_net::lite::publisher[0m[2m:[0m probe stream error [3merr[0m[2m=[0mcancelled
[2m2026-09-06T18:09:30.947550Z[0m [32m INFO[0m [1mconn[0m[1m{[0m[3mid[0m[2m=[0m2[1m}[0m[2m:[0m [2mmoq_net::lite::publisher[0m[2m:[0m subscribed cancelled [3mid[0m[2m=[0m0 [3mbroadcast[0m[2m=[0mbbb.hang [3mtrack[0m[2m=[0mcatalog.json
[2m2026-09-06T18:09:30.947771Z[0m [32m INFO[0m [1mconn[0m[1m{[0m[3mid[0m[2m=[0m2[1m}[0m[2m:[0m [2mmoq_net::lite::publisher[0m[2m:[0m subscribed cancelled [3mid[0m[2m=[0m1 [3mbroadcast[0m[2m=[0mbbb.hang [3mtrack[0m[2m=[0m1.m4s
[2m2026-09-06T18:09:30.947867Z[0m [32m INFO[0m [1mconn[0m[1m{[0m[3mid[0m[2m=[0m0[1m}[0m[2m:[0m [2mmoq_net::lite::subscriber[0m[2m:[0m subscribe canceled (idle) [3mtrack[0m[2m=[0mcatalog.json
[2m2026-09-06T18:09:30.947957Z[0m [32m INFO[0m [1mconn[0m[1m{[0m[3mid[0m[2m=[0m0[1m}[0m[2m:[0m [2mmoq_net::lite::subscriber[0m[2m:[0m subscribe canceled (idle) [3mtrack[0m[2m=[0m1.m4s
[2m2026-09-06T18:09:30.947981Z[0m [33m WARN[0m [1mconn[0m[1m{[0m[3mid[0m[2m=[0m2[1m}[0m[2m:[0m [2mmoq_net::lite::session[0m[2m:[0m session error [3merr[0m[2m=[0mcancelled
[2m2026-09-06T18:09:34.172052Z[0m [32m INFO[0m [1mconn[0m[1m{[0m[3mid[0m[2m=[0m3[1m}[0m[2m:[0m [2mmoq_relay::connection[0m[2m:[0m session accepted [3mtransport[0m[2m=[0mquic [3mrole[0m[2m=[0mNone [3mtier[0m[2m=[0m [3mroot[0m[2m=[0m [3mpublish[0m[2m=[0m [3msubscribe[0m[2m=[0m
[2m2026-09-06T18:09:34.172423Z[0m [32m INFO[0m [1mconn[0m[1m{[0m[3mid[0m[2m=[0m3[1m}[0m[2m:[0m [2mmoq_relay::connection[0m[2m:[0m negotiated [3mversion[0m[2m=[0mmoq-lite-05 [3mtransport[0m[2m=[0mquic
[2m2026-09-06T18:09:34.172616Z[0m [34mDEBUG[0m [1mconn[0m[1m{[0m[3mid[0m[2m=[0m3[1m}[0m[2m:[0m [2mmoq_net::lite::publisher[0m[2m:[0m announce [3mroute[0m[2m=[0m.stats/node/local/host
[2m2026-09-06T18:09:34.172641Z[0m [34mDEBUG[0m [1mconn[0m[1m{[0m[3mid[0m[2m=[0m3[1m}[0m[2m:[0m [2mmoq_net::lite::publisher[0m[2m:[0m announce [3mroute[0m[2m=[0mbbb.hang
[2m2026-09-06T18:09:34.172801Z[0m [34mDEBUG[0m [1mconn[0m[1m{[0m[3mid[0m[2m=[0m3[1m}[0m[2m:[0m [2mmoq_net::lite::subscriber[0m[2m:[0m peer does not support probing; skipping probe stream
[2m2026-09-06T18:09:34.175496Z[0m [34mDEBUG[0m [1mconn[0m[1m{[0m[3mid[0m[2m=[0m3[1m}[0m[2m:[0m [2mmoq_net::lite::publisher[0m[2m:[0m track info requested [3mbroadcast[0m[2m=[0mbbb.hang [3mtrack[0m[2m=[0mcatalog.json
[2m2026-09-06T18:09:34.176180Z[0m [32m INFO[0m [1mconn[0m[1m{[0m[3mid[0m[2m=[0m3[1m}[0m[2m:[0m [2mmoq_net::lite::publisher[0m[2m:[0m subscribed started [3mid[0m[2m=[0m0 [3mbroadcast[0m[2m=[0mbbb.hang [3mtrack[0m[2m=[0mcatalog.json
[2m2026-09-06T18:09:34.176260Z[0m [34mDEBUG[0m [1mconn[0m[1m{[0m[3mid[0m[2m=[0m3[1m}[0m[2m:[0m [2mmoq_net::lite::publisher[0m[2m:[0m serving group [3msubscribe[0m[2m=[0m0 [3mtrack[0m[2m=[0mcatalog.json [3msequence[0m[2m=[0m6
[2m2026-09-06T18:09:34.176302Z[0m [32m INFO[0m [1mconn[0m[1m{[0m[3mid[0m[2m=[0m0[1m}[0m[2m:[0m [2mmoq_net::lite::subscriber[0m[2m:[0m subscribe started [3mid[0m[2m=[0m6 [3mbroadcast[0m[2m=[0mbbb.hang [3mtrack[0m[2m=[0mcatalog.json
[2m2026-09-06T18:09:34.176542Z[0m [34mDEBUG[0m [1mconn[0m[1m{[0m[3mid[0m[2m=[0m3[1m}[0m[2m:[0m [2mmoq_net::lite::publisher[0m[2m:[0m finished group [3msequence[0m[2m=[0m6
[2m2026-09-06T18:09:34.183077Z[0m [34mDEBUG[0m [1mconn[0m[1m{[0m[3mid[0m[2m=[0m3[1m}[0m[2m:[0m [2mmoq_net::lite::publisher[0m[2m:[0m track info requested [3mbroadcast[0m[2m=[0mbbb.hang [3mtrack[0m[2m=[0m0.m4s
[2m2026-09-06T18:09:34.183171Z[0m [34mDEBUG[0m [1mconn[0m[1m{[0m[3mid[0m[2m=[0m3[1m}[0m[2m:[0m [2mmoq_net::lite::publisher[0m[2m:[0m track info requested [3mbroadcast[0m[2m=[0mbbb.hang [3mtrack[0m[2m=[0m1.m4s
[2m2026-09-06T18:09:34.190710Z[0m [32m INFO[0m [1mconn[0m[1m{[0m[3mid[0m[2m=[0m3[1m}[0m[2m:[0m [2mmoq_net::lite::publisher[0m[2m:[0m subscribed started [3mid[0m[2m=[0m1 [3mbroadcast[0m[2m=[0mbbb.hang [3mtrack[0m[2m=[0m1.m4s
[2m2026-09-06T18:09:34.191071Z[0m [32m INFO[0m [1mconn[0m[1m{[0m[3mid[0m[2m=[0m0[1m}[0m[2m:[0m [2mmoq_net::lite::subscriber[0m[2m:[0m subscribe started [3mid[0m[2m=[0m7 [3mbroadcast[0m[2m=[0mbbb.hang [3mtrack[0m[2m=[0m1.m4s
[2m2026-09-06T18:09:34.194010Z[0m [34mDEBUG[0m [1mconn[0m[1m{[0m[3mid[0m[2m=[0m3[1m}[0m[2m:[0m [2mmoq_net::lite::publisher[0m[2m:[0m serving group [3msubscribe[0m[2m=[0m1 [3mtrack[0m[2m=[0m1.m4s [3msequence[0m[2m=[0m56
[2m2026-09-06T18:09:34.197110Z[0m [32m INFO[0m [1mconn[0m[1m{[0m[3mid[0m[2m=[0m3[1m}[0m[2m:[0m [2mmoq_net::lite::publisher[0m[2m:[0m subscribed started [3mid[0m[2m=[0m2 [3mbroadcast[0m[2m=[0mbbb.hang [3mtrack[0m[2m=[0m0.m4s
[2m2026-09-06T18:09:34.197272Z[0m [32m INFO[0m [1mconn[0m[1m{[0m[3mid[0m[2m=[0m0[1m}[0m[2m:[0m [2mmoq_net::lite::subscriber[0m[2m:[0m subscribe started [3mid[0m[2m=[0m8 [3mbroadcast[0m[2m=[0mbbb.hang [3mtrack[0m[2m=[0m0.m4s
[2m2026-09-06T18:09:34.199206Z[0m [34mDEBUG[0m [1mconn[0m[1m{[0m[3mid[0m[2m=[0m3[1m}[0m[2m:[0m [2mmoq_net::lite::publisher[0m[2m:[0m serving group [3msubscribe[0m[2m=[0m2 [3mtrack[0m[2m=[0m0.m4s [3msequence[0m[2m=[0m56
[2m2026-09-06T18:09:34.615456Z[0m [34mDEBUG[0m [1mconn[0m[1m{[0m[3mid[0m[2m=[0m3[1m}[0m[2m:[0m [2mmoq_net::lite::publisher[0m[2m:[0m serving group [3msubscribe[0m[2m=[0m2 [3mtrack[0m[2m=[0m0.m4s [3msequence[0m[2m=[0m57
[2m2026-09-06T18:09:34.616488Z[0m [34mDEBUG[0m [1mconn[0m[1m{[0m[3mid[0m[2m=[0m3[1m}[0m[2m:[0m [2mmoq_net::lite::publisher[0m[2m:[0m serving group [3msubscribe[0m[2m=[0m1 [3mtrack[0m[2m=[0m1.m4s [3msequence[0m[2m=[0m57
[2m2026-09-06T18:09:34.616580Z[0m [34mDEBUG[0m [1mconn[0m[1m{[0m[3mid[0m[2m=[0m3[1m}[0m[2m:[0m [2mmoq_net::lite::publisher[0m[2m:[0m finished group [3msequence[0m[2m=[0m56
[2m2026-09-06T18:09:34.619261Z[0m [34mDEBUG[0m [1mconn[0m[1m{[0m[3mid[0m[2m=[0m3[1m}[0m[2m:[0m [2mmoq_net::lite::publisher[0m[2m:[0m finished group [3msequence[0m[2m=[0m56
[2m2026-09-06T18:09:37.131647Z[0m [34mDEBUG[0m [1mconn[0m[1m{[0m[3mid[0m[2m=[0m3[1m}[0m[2m:[0m [2mmoq_net::lite::publisher[0m[2m:[0m finished group [3msequence[0m[2m=[0m57
[2m2026-09-06T18:09:37.131704Z[0m [34mDEBUG[0m [1mconn[0m[1m{[0m[3mid[0m[2m=[0m3[1m}[0m[2m:[0m [2mmoq_net::lite::publisher[0m[2m:[0m serving group [3msubscribe[0m[2m=[0m2 [3mtrack[0m[2m=[0m0.m4s [3msequence[0m[2m=[0m58
[2m2026-09-06T18:09:37.131807Z[0m [34mDEBUG[0m [1mconn[0m[1m{[0m[3mid[0m[2m=[0m3[1m}[0m[2m:[0m [2mmoq_net::lite::publisher[0m[2m:[0m finished group [3msequence[0m[2m=[0m57
[2m2026-09-06T18:09:37.131835Z[0m [34mDEBUG[0m [1mconn[0m[1m{[0m[3mid[0m[2m=[0m3[1m}[0m[2m:[0m [2mmoq_net::lite::publisher[0m[2m:[0m serving group [3msubscribe[0m[2m=[0m1 [3mtrack[0m[2m=[0m1.m4s [3msequence[0m[2m=[0m58
[2m2026-09-06T18:09:39.605981Z[0m [34mDEBUG[0m [1mconn[0m[1m{[0m[3mid[0m[2m=[0m3[1m}[0m[2m:[0m [2mmoq_net::lite::publisher[0m[2m:[0m serving group [3msubscribe[0m[2m=[0m1 [3mtrack[0m[2m=[0m1.m4s [3msequence[0m[2m=[0m59
[2m2026-09-06T18:09:39.606506Z[0m [34mDEBUG[0m [1mconn[0m[1m{[0m[3mid[0m[2m=[0m3[1m}[0m[2m:[0m [2mmoq_net::lite::publisher[0m[2m:[0m finished group [3msequence[0m[2m=[0m58
[2m2026-09-06T18:09:39.606545Z[0m [34mDEBUG[0m [1mconn[0m[1m{[0m[3mid[0m[2m=[0m3[1m}[0m[2m:[0m [2mmoq_net::lite::publisher[0m[2m:[0m serving group [3msubscribe[0m[2m=[0m2 [3mtrack[0m[2m=[0m0.m4s [3msequence[0m[2m=[0m59
[2m2026-09-06T18:09:39.607684Z[0m [34mDEBUG[0m [1mconn[0m[1m{[0m[3mid[0m[2m=[0m3[1m}[0m[2m:[0m [2mmoq_net::lite::publisher[0m[2m:[0m finished group [3msequence[0m[2m=[0m58
[2m2026-09-06T18:09:42.116845Z[0m [34mDEBUG[0m [1mconn[0m[1m{[0m[3mid[0m[2m=[0m3[1m}[0m[2m:[0m [2mmoq_net::lite::publisher[0m[2m:[0m serving group [3msubscribe[0m[2m=[0m2 [3mtrack[0m[2m=[0m0.m4s [3msequence[0m[2m=[0m60
[2m2026-09-06T18:09:42.117152Z[0m [34mDEBUG[0m [1mconn[0m[1m{[0m[3mid[0m[2m=[0m3[1m}[0m[2m:[0m [2mmoq_net::lite::publisher[0m[2m:[0m finished group [3msequence[0m[2m=[0m59
[2m2026-09-06T18:09:42.117184Z[0m [34mDEBUG[0m [1mconn[0m[1m{[0m[3mid[0m[2m=[0m3[1m}[0m[2m:[0m [2mmoq_net::lite::publisher[0m[2m:[0m finished group [3msequence[0m[2m=[0m59
[2m2026-09-06T18:09:42.117212Z[0m [34mDEBUG[0m [1mconn[0m[1m{[0m[3mid[0m[2m=[0m3[1m}[0m[2m:[0m [2mmoq_net::lite::publisher[0m[2m:[0m serving group [3msubscribe[0m[2m=[0m1 [3mtrack[0m[2m=[0m1.m4s [3msequence[0m[2m=[0m60
[2m2026-09-06T18:09:44.625180Z[0m [34mDEBUG[0m [1mconn[0m[1m{[0m[3mid[0m[2m=[0m3[1m}[0m[2m:[0m [2mmoq_net::lite::publisher[0m[2m:[0m serving group [3msubscribe[0m[2m=[0m2 [3mtrack[0m[2m=[0m0.m4s [3msequence[0m[2m=[0m61
[2m2026-09-06T18:09:44.625290Z[0m [34mDEBUG[0m [1mconn[0m[1m{[0m[3mid[0m[2m=[0m3[1m}[0m[2m:[0m [2mmoq_net::lite::publisher[0m[2m:[0m serving group [3msubscribe[0m[2m=[0m1 [3mtrack[0m[2m=[0m1.m4s [3msequence[0m[2m=[0m61
[2m2026-09-06T18:09:44.626856Z[0m [34mDEBUG[0m [1mconn[0m[1m{[0m[3mid[0m[2m=[0m3[1m}[0m[2m:[0m [2mmoq_net::lite::publisher[0m[2m:[0m finished group [3msequence[0m[2m=[0m60
[2m2026-09-06T18:09:44.627183Z[0m [34mDEBUG[0m [1mconn[0m[1m{[0m[3mid[0m[2m=[0m3[1m}[0m[2m:[0m [2mmoq_net::lite::publisher[0m[2m:[0m finished group [3msequence[0m[2m=[0m60
[2m2026-09-06T18:09:46.654053Z[0m [34mDEBUG[0m [1mconn[0m[1m{[0m[3mid[0m[2m=[0m3[1m}[0m[2m:[0m [2mmoq_net::lite::publisher[0m[2m:[0m finished group [3msequence[0m[2m=[0m61
[2m2026-09-06T18:09:46.654160Z[0m [34mDEBUG[0m [1mconn[0m[1m{[0m[3mid[0m[2m=[0m3[1m}[0m[2m:[0m [2mmoq_net::lite::publisher[0m[2m:[0m serving group [3msubscribe[0m[2m=[0m2 [3mtrack[0m[2m=[0m0.m4s [3msequence[0m[2m=[0m62
[2m2026-09-06T18:09:46.654283Z[0m [34mDEBUG[0m [1mconn[0m[1m{[0m[3mid[0m[2m=[0m3[1m}[0m[2m:[0m [2mmoq_net::lite::publisher[0m[2m:[0m finished group [3msequence[0m[2m=[0m61
[2m2026-09-06T18:09:46.654306Z[0m [34mDEBUG[0m [1mconn[0m[1m{[0m[3mid[0m[2m=[0m3[1m}[0m[2m:[0m [2mmoq_net::lite::publisher[0m[2m:[0m serving group [3msubscribe[0m[2m=[0m1 [3mtrack[0m[2m=[0m1.m4s [3msequence[0m[2m=[0m62
[2m2026-09-06T18:09:49.167590Z[0m [34mDEBUG[0m [1mconn[0m[1m{[0m[3mid[0m[2m=[0m3[1m}[0m[2m:[0m [2mmoq_net::lite::publisher[0m[2m:[0m serving group [3msubscribe[0m[2m=[0m1 [3mtrack[0m[2m=[0m1.m4s [3msequence[0m[2m=[0m63
[2m2026-09-06T18:09:49.167852Z[0m [34mDEBUG[0m [1mconn[0m[1m{[0m[3mid[0m[2m=[0m3[1m}[0m[2m:[0m [2mmoq_net::lite::publisher[0m[2m:[0m serving group [3msubscribe[0m[2m=[0m2 [3mtrack[0m[2m=[0m0.m4s [3msequence[0m[2m=[0m63
[2m2026-09-06T18:09:49.170109Z[0m [34mDEBUG[0m [1mconn[0m[1m{[0m[3mid[0m[2m=[0m3[1m}[0m[2m:[0m [2mmoq_net::lite::publisher[0m[2m:[0m finished group [3msequence[0m[2m=[0m62
[2m2026-09-06T18:09:49.170206Z[0m [34mDEBUG[0m [1mconn[0m[1m{[0m[3mid[0m[2m=[0m3[1m}[0m[2m:[0m [2mmoq_net::lite::publisher[0m[2m:[0m finished group [3msequence[0m[2m=[0m62
[2m2026-09-06T18:09:51.611024Z[0m [34mDEBUG[0m [1mconn[0m[1m{[0m[3mid[0m[2m=[0m3[1m}[0m[2m:[0m [2mmoq_net::lite::publisher[0m[2m:[0m finished group [3msequence[0m[2m=[0m63
[2m2026-09-06T18:09:51.611235Z[0m [34mDEBUG[0m [1mconn[0m[1m{[0m[3mid[0m[2m=[0m3[1m}[0m[2m:[0m [2mmoq_net::lite::publisher[0m[2m:[0m serving group [3msubscribe[0m[2m=[0m2 [3mtrack[0m[2m=[0m0.m4s [3msequence[0m[2m=[0m64
[2m2026-09-06T18:09:51.611399Z[0m [34mDEBUG[0m [1mconn[0m[1m{[0m[3mid[0m[2m=[0m3[1m}[0m[2m:[0m [2mmoq_net::lite::publisher[0m[2m:[0m finished group [3msequence[0m[2m=[0m63
[2m2026-09-06T18:09:51.611437Z[0m [34mDEBUG[0m [1mconn[0m[1m{[0m[3mid[0m[2m=[0m3[1m}[0m[2m:[0m [2mmoq_net::lite::publisher[0m[2m:[0m serving group [3msubscribe[0m[2m=[0m1 [3mtrack[0m[2m=[0m1.m4s [3msequence[0m[2m=[0m64
[2m2026-09-06T18:09:54.119536Z[0m [34mDEBUG[0m [1mconn[0m[1m{[0m[3mid[0m[2m=[0m3[1m}[0m[2m:[0m [2mmoq_net::lite::publisher[0m[2m:[0m serving group [3msubscribe[0m[2m=[0m2 [3mtrack[0m[2m=[0m0.m4s [3msequence[0m[2m=[0m65
[2m2026-09-06T18:09:54.119679Z[0m [34mDEBUG[0m [1mconn[0m[1m{[0m[3mid[0m[2m=[0m3[1m}[0m[2m:[0m [2mmoq_net::lite::publisher[0m[2m:[0m serving group [3msubscribe[0m[2m=[0m1 [3mtrack[0m[2m=[0m1.m4s [3msequence[0m[2m=[0m65
[2m2026-09-06T18:09:54.121332Z[0m [34mDEBUG[0m [1mconn[0m[1m{[0m[3mid[0m[2m=[0m3[1m}[0m[2m:[0m [2mmoq_net::lite::publisher[0m[2m:[0m finished group [3msequence[0m[2m=[0m64
[2m2026-09-06T18:09:54.121383Z[0m [34mDEBUG[0m [1mconn[0m[1m{[0m[3mid[0m[2m=[0m3[1m}[0m[2m:[0m [2mmoq_net::lite::publisher[0m[2m:[0m finished group [3msequence[0m[2m=[0m64
[2m2026-09-06T18:09:56.238968Z[0m [34mDEBUG[0m [1mconn[0m[1m{[0m[3mid[0m[2m=[0m3[1m}[0m[2m:[0m [2mmoq_net::lite::publisher[0m[2m:[0m serving group [3msubscribe[0m[2m=[0m2 [3mtrack[0m[2m=[0m0.m4s [3msequence[0m[2m=[0m66
[2m2026-09-06T18:09:56.239476Z[0m [34mDEBUG[0m [1mconn[0m[1m{[0m[3mid[0m[2m=[0m3[1m}[0m[2m:[0m [2mmoq_net::lite::publisher[0m[2m:[0m serving group [3msubscribe[0m[2m=[0m1 [3mtrack[0m[2m=[0m1.m4s [3msequence[0m[2m=[0m66
[2m2026-09-06T18:09:56.239735Z[0m [34mDEBUG[0m [1mconn[0m[1m{[0m[3mid[0m[2m=[0m3[1m}[0m[2m:[0m [2mmoq_net::lite::publisher[0m[2m:[0m finished group [3msequence[0m[2m=[0m65
[2m2026-09-06T18:09:56.239785Z[0m [34mDEBUG[0m [1mconn[0m[1m{[0m[3mid[0m[2m=[0m3[1m}[0m[2m:[0m [2mmoq_net::lite::publisher[0m[2m:[0m finished group [3msequence[0m[2m=[0m65
[2m2026-09-06T18:09:58.749783Z[0m [34mDEBUG[0m [1mconn[0m[1m{[0m[3mid[0m[2m=[0m3[1m}[0m[2m:[0m [2mmoq_net::lite::publisher[0m[2m:[0m serving group [3msubscribe[0m[2m=[0m2 [3mtrack[0m[2m=[0m0.m4s [3msequence[0m[2m=[0m67
[2m2026-09-06T18:09:58.750082Z[0m [34mDEBUG[0m [1mconn[0m[1m{[0m[3mid[0m[2m=[0m3[1m}[0m[2m:[0m [2mmoq_net::lite::publisher[0m[2m:[0m finished group [3msequence[0m[2m=[0m66
[2m2026-09-06T18:09:58.750109Z[0m [34mDEBUG[0m [1mconn[0m[1m{[0m[3mid[0m[2m=[0m3[1m}[0m[2m:[0m [2mmoq_net::lite::publisher[0m[2m:[0m finished group [3msequence[0m[2m=[0m66
[2m2026-09-06T18:09:58.750128Z[0m [34mDEBUG[0m [1mconn[0m[1m{[0m[3mid[0m[2m=[0m3[1m}[0m[2m:[0m [2mmoq_net::lite::publisher[0m[2m:[0m serving group [3msubscribe[0m[2m=[0m1 [3mtrack[0m[2m=[0m1.m4s [3msequence[0m[2m=[0m67
[2m2026-09-06T18:10:01.082499Z[0m [34mDEBUG[0m [1mconn[0m[1m{[0m[3mid[0m[2m=[0m3[1m}[0m[2m:[0m [2mmoq_net::lite::publisher[0m[2m:[0m serving group [3msubscribe[0m[2m=[0m2 [3mtrack[0m[2m=[0m0.m4s [3msequence[0m[2m=[0m68
[2m2026-09-06T18:10:01.082621Z[0m [34mDEBUG[0m [1mconn[0m[1m{[0m[3mid[0m[2m=[0m3[1m}[0m[2m:[0m [2mmoq_net::lite::publisher[0m[2m:[0m serving group [3msubscribe[0m[2m=[0m1 [3mtrack[0m[2m=[0m1.m4s [3msequence[0m[2m=[0m68
[2m2026-09-06T18:10:01.083570Z[0m [34mDEBUG[0m [1mconn[0m[1m{[0m[3mid[0m[2m=[0m3[1m}[0m[2m:[0m [2mmoq_net::lite::publisher[0m[2m:[0m finished group [3msequence[0m[2m=[0m67
[2m2026-09-06T18:10:01.083625Z[0m [34mDEBUG[0m [1mconn[0m[1m{[0m[3mid[0m[2m=[0m3[1m}[0m[2m:[0m [2mmoq_net::lite::publisher[0m[2m:[0m finished group [3msequence[0m[2m=[0m67
[2m2026-09-06T18:10:02.512907Z[0m [34mDEBUG[0m [1mconn[0m[1m{[0m[3mid[0m[2m=[0m3[1m}[0m[2m:[0m [2mmoq_net::lite::publisher[0m[2m:[0m serving group [3msubscribe[0m[2m=[0m2 [3mtrack[0m[2m=[0m0.m4s [3msequence[0m[2m=[0m69
[2m2026-09-06T18:10:02.513976Z[0m [34mDEBUG[0m [1mconn[0m[1m{[0m[3mid[0m[2m=[0m3[1m}[0m[2m:[0m [2mmoq_net::lite::publisher[0m[2m:[0m finished group [3msequence[0m[2m=[0m68
[2m2026-09-06T18:10:02.515686Z[0m [34mDEBUG[0m [1mconn[0m[1m{[0m[3mid[0m[2m=[0m3[1m}[0m[2m:[0m [2mmoq_net::lite::publisher[0m[2m:[0m serving group [3msubscribe[0m[2m=[0m1 [3mtrack[0m[2m=[0m1.m4s [3msequence[0m[2m=[0m69
[2m2026-09-06T18:10:02.517071Z[0m [34mDEBUG[0m [1mconn[0m[1m{[0m[3mid[0m[2m=[0m3[1m}[0m[2m:[0m [2mmoq_net::lite::publisher[0m[2m:[0m finished group [3msequence[0m[2m=[0m68
[2m2026-09-06T18:10:05.034958Z[0m [34mDEBUG[0m [1mconn[0m[1m{[0m[3mid[0m[2m=[0m3[1m}[0m[2m:[0m [2mmoq_net::lite::publisher[0m[2m:[0m serving group [3msubscribe[0m[2m=[0m2 [3mtrack[0m[2m=[0m0.m4s [3msequence[0m[2m=[0m70
[2m2026-09-06T18:10:05.035103Z[0m [34mDEBUG[0m [1mconn[0m[1m{[0m[3mid[0m[2m=[0m3[1m}[0m[2m:[0m [2mmoq_net::lite::publisher[0m[2m:[0m serving group [3msubscribe[0m[2m=[0m1 [3mtrack[0m[2m=[0m1.m4s [3msequence[0m[2m=[0m70
[2m2026-09-06T18:10:05.037237Z[0m [34mDEBUG[0m [1mconn[0m[1m{[0m[3mid[0m[2m=[0m3[1m}[0m[2m:[0m [2mmoq_net::lite::publisher[0m[2m:[0m finished group [3msequence[0m[2m=[0m69
[2m2026-09-06T18:10:05.037301Z[0m [34mDEBUG[0m [1mconn[0m[1m{[0m[3mid[0m[2m=[0m3[1m}[0m[2m:[0m [2mmoq_net::lite::publisher[0m[2m:[0m finished group [3msequence[0m[2m=[0m69
[2m2026-09-06T18:10:06.436245Z[0m [34mDEBUG[0m [1mconn[0m[1m{[0m[3mid[0m[2m=[0m3[1m}[0m[2m:[0m [2mmoq_net::lite::publisher[0m[2m:[0m serving group [3msubscribe[0m[2m=[0m2 [3mtrack[0m[2m=[0m0.m4s [3msequence[0m[2m=[0m71
[2m2026-09-06T18:10:06.436413Z[0m [34mDEBUG[0m [1mconn[0m[1m{[0m[3mid[0m[2m=[0m3[1m}[0m[2m:[0m [2mmoq_net::lite::publisher[0m[2m:[0m serving group [3msubscribe[0m[2m=[0m1 [3mtrack[0m[2m=[0m1.m4s [3msequence[0m[2m=[0m71
[2m2026-09-06T18:10:06.437233Z[0m [34mDEBUG[0m [1mconn[0m[1m{[0m[3mid[0m[2m=[0m3[1m}[0m[2m:[0m [2mmoq_net::lite::publisher[0m[2m:[0m finished group [3msequence[0m[2m=[0m70
[2m2026-09-06T18:10:06.437271Z[0m [34mDEBUG[0m [1mconn[0m[1m{[0m[3mid[0m[2m=[0m3[1m}[0m[2m:[0m [2mmoq_net::lite::publisher[0m[2m:[0m finished group [3msequence[0m[2m=[0m70
[2m2026-09-06T18:10:08.247419Z[0m [34mDEBUG[0m [1mconn[0m[1m{[0m[3mid[0m[2m=[0m3[1m}[0m[2m:[0m [2mmoq_net::lite::publisher[0m[2m:[0m serving group [3msubscribe[0m[2m=[0m2 [3mtrack[0m[2m=[0m0.m4s [3msequence[0m[2m=[0m72
[2m2026-09-06T18:10:08.248357Z[0m [34mDEBUG[0m [1mconn[0m[1m{[0m[3mid[0m[2m=[0m3[1m}[0m[2m:[0m [2mmoq_net::lite::publisher[0m[2m:[0m finished group [3msequence[0m[2m=[0m71
[2m2026-09-06T18:10:08.248402Z[0m [34mDEBUG[0m [1mconn[0m[1m{[0m[3mid[0m[2m=[0m3[1m}[0m[2m:[0m [2mmoq_net::lite::publisher[0m[2m:[0m serving group [3msubscribe[0m[2m=[0m1 [3mtrack[0m[2m=[0m1.m4s [3msequence[0m[2m=[0m72
[2m2026-09-06T18:10:08.248468Z[0m [34mDEBUG[0m [1mconn[0m[1m{[0m[3mid[0m[2m=[0m3[1m}[0m[2m:[0m [2mmoq_net::lite::publisher[0m[2m:[0m finished group [3msequence[0m[2m=[0m71
[2m2026-09-06T18:10:09.773502Z[0m [34mDEBUG[0m [1mconn[0m[1m{[0m[3mid[0m[2m=[0m3[1m}[0m[2m:[0m [2mmoq_net::lite::publisher[0m[2m:[0m serving group [3msubscribe[0m[2m=[0m2 [3mtrack[0m[2m=[0m0.m4s [3msequence[0m[2m=[0m73
[2m2026-09-06T18:10:09.774413Z[0m [34mDEBUG[0m [1mconn[0m[1m{[0m[3mid[0m[2m=[0m3[1m}[0m[2m:[0m [2mmoq_net::lite::publisher[0m[2m:[0m finished group [3msequence[0m[2m=[0m72
[2m2026-09-06T18:10:09.791456Z[0m [34mDEBUG[0m [1mconn[0m[1m{[0m[3mid[0m[2m=[0m3[1m}[0m[2m:[0m [2mmoq_net::lite::publisher[0m[2m:[0m serving group [3msubscribe[0m[2m=[0m1 [3mtrack[0m[2m=[0m1.m4s [3msequence[0m[2m=[0m73
[2m2026-09-06T18:10:09.792816Z[0m [34mDEBUG[0m [1mconn[0m[1m{[0m[3mid[0m[2m=[0m3[1m}[0m[2m:[0m [2mmoq_net::lite::publisher[0m[2m:[0m finished group [3msequence[0m[2m=[0m72
[2m2026-09-06T18:10:12.266360Z[0m [34mDEBUG[0m [1mconn[0m[1m{[0m[3mid[0m[2m=[0m3[1m}[0m[2m:[0m [2mmoq_net::lite::publisher[0m[2m:[0m serving group [3msubscribe[0m[2m=[0m2 [3mtrack[0m[2m=[0m0.m4s [3msequence[0m[2m=[0m74
[2m2026-09-06T18:10:12.266541Z[0m [34mDEBUG[0m [1mconn[0m[1m{[0m[3mid[0m[2m=[0m3[1m}[0m[2m:[0m [2mmoq_net::lite::publisher[0m[2m:[0m serving group [3msubscribe[0m[2m=[0m1 [3mtrack[0m[2m=[0m1.m4s [3msequence[0m[2m=[0m74
[2m2026-09-06T18:10:12.267828Z[0m [34mDEBUG[0m [1mconn[0m[1m{[0m[3mid[0m[2m=[0m3[1m}[0m[2m:[0m [2mmoq_net::lite::publisher[0m[2m:[0m finished group [3msequence[0m[2m=[0m73
[2m2026-09-06T18:10:12.267888Z[0m [34mDEBUG[0m [1mconn[0m[1m{[0m[3mid[0m[2m=[0m3[1m}[0m[2m:[0m [2mmoq_net::lite::publisher[0m[2m:[0m finished group [3msequence[0m[2m=[0m73
[2m2026-09-06T18:10:14.768711Z[0m [34mDEBUG[0m [1mconn[0m[1m{[0m[3mid[0m[2m=[0m3[1m}[0m[2m:[0m [2mmoq_net::lite::publisher[0m[2m:[0m serving group [3msubscribe[0m[2m=[0m2 [3mtrack[0m[2m=[0m0.m4s [3msequence[0m[2m=[0m75
[2m2026-09-06T18:10:14.768961Z[0m [34mDEBUG[0m [1mconn[0m[1m{[0m[3mid[0m[2m=[0m3[1m}[0m[2m:[0m [2mmoq_net::lite::publisher[0m[2m:[0m serving group [3msubscribe[0m[2m=[0m1 [3mtrack[0m[2m=[0m1.m4s [3msequence[0m[2m=[0m75
[2m2026-09-06T18:10:14.771396Z[0m [34mDEBUG[0m [1mconn[0m[1m{[0m[3mid[0m[2m=[0m3[1m}[0m[2m:[0m [2mmoq_net::lite::publisher[0m[2m:[0m finished group [3msequence[0m[2m=[0m74
[2m2026-09-06T18:10:14.771531Z[0m [34mDEBUG[0m [1mconn[0m[1m{[0m[3mid[0m[2m=[0m3[1m}[0m[2m:[0m [2mmoq_net::lite::publisher[0m[2m:[0m finished group [3msequence[0m[2m=[0m74
[2m2026-09-06T18:10:16.375033Z[0m [34mDEBUG[0m [1mconn[0m[1m{[0m[3mid[0m[2m=[0m3[1m}[0m[2m:[0m [2mmoq_net::lite::publisher[0m[2m:[0m serving group [3msubscribe[0m[2m=[0m1 [3mtrack[0m[2m=[0m1.m4s [3msequence[0m[2m=[0m76
[2m2026-09-06T18:10:16.375157Z[0m [34mDEBUG[0m [1mconn[0m[1m{[0m[3mid[0m[2m=[0m3[1m}[0m[2m:[0m [2mmoq_net::lite::publisher[0m[2m:[0m serving group [3msubscribe[0m[2m=[0m2 [3mtrack[0m[2m=[0m0.m4s [3msequence[0m[2m=[0m76
[2m2026-09-06T18:10:16.377219Z[0m [34mDEBUG[0m [1mconn[0m[1m{[0m[3mid[0m[2m=[0m3[1m}[0m[2m:[0m [2mmoq_net::lite::publisher[0m[2m:[0m finished group [3msequence[0m[2m=[0m75
[2m2026-09-06T18:10:16.377366Z[0m [34mDEBUG[0m [1mconn[0m[1m{[0m[3mid[0m[2m=[0m3[1m}[0m[2m:[0m [2mmoq_net::lite::publisher[0m[2m:[0m finished group [3msequence[0m[2m=[0m75
[2m2026-09-06T18:10:17.980905Z[0m [34mDEBUG[0m [1mconn[0m[1m{[0m[3mid[0m[2m=[0m3[1m}[0m[2m:[0m [2mmoq_net::lite::publisher[0m[2m:[0m serving group [3msubscribe[0m[2m=[0m2 [3mtrack[0m[2m=[0m0.m4s [3msequence[0m[2m=[0m77
[2m2026-09-06T18:10:17.982065Z[0m [34mDEBUG[0m [1mconn[0m[1m{[0m[3mid[0m[2m=[0m3[1m}[0m[2m:[0m [2mmoq_net::lite::publisher[0m[2m:[0m serving group [3msubscribe[0m[2m=[0m1 [3mtrack[0m[2m=[0m1.m4s [3msequence[0m[2m=[0m77
[2m2026-09-06T18:10:17.982162Z[0m [34mDEBUG[0m [1mconn[0m[1m{[0m[3mid[0m[2m=[0m3[1m}[0m[2m:[0m [2mmoq_net::lite::publisher[0m[2m:[0m finished group [3msequence[0m[2m=[0m76
[2m2026-09-06T18:10:17.983025Z[0m [34mDEBUG[0m [1mconn[0m[1m{[0m[3mid[0m[2m=[0m3[1m}[0m[2m:[0m [2mmoq_net::lite::publisher[0m[2m:[0m finished group [3msequence[0m[2m=[0m76
[2m2026-09-06T18:10:20.502326Z[0m [34mDEBUG[0m [1mconn[0m[1m{[0m[3mid[0m[2m=[0m3[1m}[0m[2m:[0m [2mmoq_net::lite::publisher[0m[2m:[0m serving group [3msubscribe[0m[2m=[0m2 [3mtrack[0m[2m=[0m0.m4s [3msequence[0m[2m=[0m78
[2m2026-09-06T18:10:20.503236Z[0m [34mDEBUG[0m [1mconn[0m[1m{[0m[3mid[0m[2m=[0m3[1m}[0m[2m:[0m [2mmoq_net::lite::publisher[0m[2m:[0m serving group [3msubscribe[0m[2m=[0m1 [3mtrack[0m[2m=[0m1.m4s [3msequence[0m[2m=[0m78
[2m2026-09-06T18:10:20.504782Z[0m [34mDEBUG[0m [1mconn[0m[1m{[0m[3mid[0m[2m=[0m3[1m}[0m[2m:[0m [2mmoq_net::lite::publisher[0m[2m:[0m finished group [3msequence[0m[2m=[0m77
[2m2026-09-06T18:10:20.504829Z[0m [34mDEBUG[0m [1mconn[0m[1m{[0m[3mid[0m[2m=[0m3[1m}[0m[2m:[0m [2mmoq_net::lite::publisher[0m[2m:[0m finished group [3msequence[0m[2m=[0m77
[2m2026-09-06T18:10:22.959021Z[0m [34mDEBUG[0m [1mconn[0m[1m{[0m[3mid[0m[2m=[0m3[1m}[0m[2m:[0m [2mmoq_net::lite::publisher[0m[2m:[0m serving group [3msubscribe[0m[2m=[0m2 [3mtrack[0m[2m=[0m0.m4s [3msequence[0m[2m=[0m79
[2m2026-09-06T18:10:22.960785Z[0m [34mDEBUG[0m [1mconn[0m[1m{[0m[3mid[0m[2m=[0m3[1m}[0m[2m:[0m [2mmoq_net::lite::publisher[0m[2m:[0m finished group [3msequence[0m[2m=[0m78
[2m2026-09-06T18:10:22.976187Z[0m [34mDEBUG[0m [1mconn[0m[1m{[0m[3mid[0m[2m=[0m3[1m}[0m[2m:[0m [2mmoq_net::lite::publisher[0m[2m:[0m serving group [3msubscribe[0m[2m=[0m1 [3mtrack[0m[2m=[0m1.m4s [3msequence[0m[2m=[0m79
[2m2026-09-06T18:10:22.976538Z[0m [34mDEBUG[0m [1mconn[0m[1m{[0m[3mid[0m[2m=[0m3[1m}[0m[2m:[0m [2mmoq_net::lite::publisher[0m[2m:[0m serving group [3msubscribe[0m[2m=[0m0 [3mtrack[0m[2m=[0mcatalog.json [3msequence[0m[2m=[0m7
[2m2026-09-06T18:10:22.977028Z[0m [34mDEBUG[0m [1mconn[0m[1m{[0m[3mid[0m[2m=[0m3[1m}[0m[2m:[0m [2mmoq_net::lite::publisher[0m[2m:[0m finished group [3msequence[0m[2m=[0m78
[2m2026-09-06T18:10:22.977064Z[0m [34mDEBUG[0m [1mconn[0m[1m{[0m[3mid[0m[2m=[0m3[1m}[0m[2m:[0m [2mmoq_net::lite::publisher[0m[2m:[0m finished group [3msequence[0m[2m=[0m7
[2m2026-09-06T18:10:22.978729Z[0m [32m INFO[0m [1mconn[0m[1m{[0m[3mid[0m[2m=[0m3[1m}[0m[2m:[0m [2mmoq_net::lite::publisher[0m[2m:[0m subscribed cancelled [3mid[0m[2m=[0m1 [3mbroadcast[0m[2m=[0mbbb.hang [3mtrack[0m[2m=[0m1.m4s
[2m2026-09-06T18:10:22.978905Z[0m [32m INFO[0m [1mconn[0m[1m{[0m[3mid[0m[2m=[0m0[1m}[0m[2m:[0m [2mmoq_net::lite::subscriber[0m[2m:[0m subscribe canceled (idle) [3mtrack[0m[2m=[0m1.m4s
[2m2026-09-06T18:10:22.980394Z[0m [34mDEBUG[0m [1mconn[0m[1m{[0m[3mid[0m[2m=[0m3[1m}[0m[2m:[0m [2mmoq_net::lite::publisher[0m[2m:[0m track info requested [3mbroadcast[0m[2m=[0mbbb.hang [3mtrack[0m[2m=[0m1.m4s
[2m2026-09-06T18:10:22.981191Z[0m [34mDEBUG[0m [1mconn[0m[1m{[0m[3mid[0m[2m=[0m3[1m}[0m[2m:[0m [2mmoq_net::lite::publisher[0m[2m:[0m track info cancelled [3mbroadcast[0m[2m=[0mbbb.hang [3mtrack[0m[2m=[0m1.m4s
[2m2026-09-06T18:10:22.981551Z[0m [32m INFO[0m [1mconn[0m[1m{[0m[3mid[0m[2m=[0m3[1m}[0m[2m:[0m [2mmoq_net::lite::publisher[0m[2m:[0m subscribed started [3mid[0m[2m=[0m3 [3mbroadcast[0m[2m=[0mbbb.hang [3mtrack[0m[2m=[0m1.m4s
[2m2026-09-06T18:10:22.981728Z[0m [32m INFO[0m [1mconn[0m[1m{[0m[3mid[0m[2m=[0m0[1m}[0m[2m:[0m [2mmoq_net::lite::subscriber[0m[2m:[0m subscribe started [3mid[0m[2m=[0m9 [3mbroadcast[0m[2m=[0mbbb.hang [3mtrack[0m[2m=[0m1.m4s
[2m2026-09-06T18:10:22.982671Z[0m [34mDEBUG[0m [1mconn[0m[1m{[0m[3mid[0m[2m=[0m3[1m}[0m[2m:[0m [2mmoq_net::lite::publisher[0m[2m:[0m serving group [3msubscribe[0m[2m=[0m3 [3mtrack[0m[2m=[0m1.m4s [3msequence[0m[2m=[0m79
[2m2026-09-06T18:10:25.487616Z[0m [34mDEBUG[0m [1mconn[0m[1m{[0m[3mid[0m[2m=[0m3[1m}[0m[2m:[0m [2mmoq_net::lite::publisher[0m[2m:[0m finished group [3msequence[0m[2m=[0m79
[2m2026-09-06T18:10:25.487714Z[0m [34mDEBUG[0m [1mconn[0m[1m{[0m[3mid[0m[2m=[0m3[1m}[0m[2m:[0m [2mmoq_net::lite::publisher[0m[2m:[0m serving group [3msubscribe[0m[2m=[0m2 [3mtrack[0m[2m=[0m0.m4s [3msequence[0m[2m=[0m80
[2m2026-09-06T18:10:25.487883Z[0m [34mDEBUG[0m [1mconn[0m[1m{[0m[3mid[0m[2m=[0m3[1m}[0m[2m:[0m [2mmoq_net::lite::publisher[0m[2m:[0m finished group [3msequence[0m[2m=[0m79
[2m2026-09-06T18:10:25.487918Z[0m [34mDEBUG[0m [1mconn[0m[1m{[0m[3mid[0m[2m=[0m3[1m}[0m[2m:[0m [2mmoq_net::lite::publisher[0m[2m:[0m serving group [3msubscribe[0m[2m=[0m3 [3mtrack[0m[2m=[0m1.m4s [3msequence[0m[2m=[0m80
[2m2026-09-06T18:10:27.983388Z[0m [34mDEBUG[0m [1mconn[0m[1m{[0m[3mid[0m[2m=[0m3[1m}[0m[2m:[0m [2mmoq_net::lite::publisher[0m[2m:[0m serving group [3msubscribe[0m[2m=[0m2 [3mtrack[0m[2m=[0m0.m4s [3msequence[0m[2m=[0m81
[2m2026-09-06T18:10:27.983540Z[0m [34mDEBUG[0m [1mconn[0m[1m{[0m[3mid[0m[2m=[0m3[1m}[0m[2m:[0m [2mmoq_net::lite::publisher[0m[2m:[0m serving group [3msubscribe[0m[2m=[0m3 [3mtrack[0m[2m=[0m1.m4s [3msequence[0m[2m=[0m81
[2m2026-09-06T18:10:27.984967Z[0m [34mDEBUG[0m [1mconn[0m[1m{[0m[3mid[0m[2m=[0m3[1m}[0m[2m:[0m [2mmoq_net::lite::publisher[0m[2m:[0m finished group [3msequence[0m[2m=[0m80
[2m2026-09-06T18:10:27.985040Z[0m [34mDEBUG[0m [1mconn[0m[1m{[0m[3mid[0m[2m=[0m3[1m}[0m[2m:[0m [2mmoq_net::lite::publisher[0m[2m:[0m finished group [3msequence[0m[2m=[0m80
[2m2026-09-06T18:10:29.573478Z[0m [34mDEBUG[0m [1mconn[0m[1m{[0m[3mid[0m[2m=[0m3[1m}[0m[2m:[0m [2mmoq_net::lite::publisher[0m[2m:[0m serving group [3msubscribe[0m[2m=[0m2 [3mtrack[0m[2m=[0m0.m4s [3msequence[0m[2m=[0m82
[2m2026-09-06T18:10:29.573997Z[0m [34mDEBUG[0m [1mconn[0m[1m{[0m[3mid[0m[2m=[0m3[1m}[0m[2m:[0m [2mmoq_net::lite::publisher[0m[2m:[0m serving group [3msubscribe[0m[2m=[0m3 [3mtrack[0m[2m=[0m1.m4s [3msequence[0m[2m=[0m82
[2m2026-09-06T18:10:29.575846Z[0m [34mDEBUG[0m [1mconn[0m[1m{[0m[3mid[0m[2m=[0m3[1m}[0m[2m:[0m [2mmoq_net::lite::publisher[0m[2m:[0m finished group [3msequence[0m[2m=[0m81
[2m2026-09-06T18:10:29.575903Z[0m [34mDEBUG[0m [1mconn[0m[1m{[0m[3mid[0m[2m=[0m3[1m}[0m[2m:[0m [2mmoq_net::lite::publisher[0m[2m:[0m finished group [3msequence[0m[2m=[0m81
[2m2026-09-06T18:10:32.125885Z[0m [34mDEBUG[0m [1mconn[0m[1m{[0m[3mid[0m[2m=[0m3[1m}[0m[2m:[0m [2mmoq_net::lite::publisher[0m[2m:[0m finished group [3msequence[0m[2m=[0m82
[2m2026-09-06T18:10:32.126184Z[0m [34mDEBUG[0m [1mconn[0m[1m{[0m[3mid[0m[2m=[0m3[1m}[0m[2m:[0m [2mmoq_net::lite::publisher[0m[2m:[0m serving group [3msubscribe[0m[2m=[0m2 [3mtrack[0m[2m=[0m0.m4s [3msequence[0m[2m=[0m83
[2m2026-09-06T18:10:32.126386Z[0m [34mDEBUG[0m [1mconn[0m[1m{[0m[3mid[0m[2m=[0m3[1m}[0m[2m:[0m [2mmoq_net::lite::publisher[0m[2m:[0m finished group [3msequence[0m[2m=[0m82
[2m2026-09-06T18:10:32.126412Z[0m [34mDEBUG[0m [1mconn[0m[1m{[0m[3mid[0m[2m=[0m3[1m}[0m[2m:[0m [2mmoq_net::lite::publisher[0m[2m:[0m serving group [3msubscribe[0m[2m=[0m3 [3mtrack[0m[2m=[0m1.m4s [3msequence[0m[2m=[0m83
[2m2026-09-06T18:10:34.557440Z[0m [32m INFO[0m [1mconn[0m[1m{[0m[3mid[0m[2m=[0m3[1m}[0m[2m:[0m [2mmoq_net::lite::publisher[0m[2m:[0m subscribed cancelled [3mid[0m[2m=[0m2 [3mbroadcast[0m[2m=[0mbbb.hang [3mtrack[0m[2m=[0m0.m4s
[2m2026-09-06T18:10:34.557594Z[0m [34mDEBUG[0m [1mconn[0m[1m{[0m[3mid[0m[2m=[0m3[1m}[0m[2m:[0m [2mmoq_net::lite::publisher[0m[2m:[0m announcing cancelled [3mprefix[0m[2m=[0m
[2m2026-09-06T18:10:34.557593Z[0m [33m WARN[0m [2mmoq_relay::relay[0m[2m:[0m connection closed [3merr[0m[2m=[0mcancelled
[2m2026-09-06T18:10:34.557658Z[0m [32m INFO[0m [1mconn[0m[1m{[0m[3mid[0m[2m=[0m0[1m}[0m[2m:[0m [2mmoq_net::lite::subscriber[0m[2m:[0m subscribe canceled (idle) [3mtrack[0m[2m=[0m0.m4s
[2m2026-09-06T18:10:34.557773Z[0m [33m WARN[0m [1mconn[0m[1m{[0m[3mid[0m[2m=[0m3[1m}[0m[2m:[0m [2mmoq_net::lite::publisher[0m[2m:[0m probe stream error [3merr[0m[2m=[0mcancelled
[2m2026-09-06T18:10:34.557845Z[0m [32m INFO[0m [1mconn[0m[1m{[0m[3mid[0m[2m=[0m3[1m}[0m[2m:[0m [2mmoq_net::lite::publisher[0m[2m:[0m subscribed cancelled [3mid[0m[2m=[0m0 [3mbroadcast[0m[2m=[0mbbb.hang [3mtrack[0m[2m=[0mcatalog.json
[2m2026-09-06T18:10:34.557929Z[0m [32m INFO[0m [1mconn[0m[1m{[0m[3mid[0m[2m=[0m3[1m}[0m[2m:[0m [2mmoq_net::lite::publisher[0m[2m:[0m subscribed cancelled [3mid[0m[2m=[0m3 [3mbroadcast[0m[2m=[0mbbb.hang [3mtrack[0m[2m=[0m1.m4s
[2m2026-09-06T18:10:34.557946Z[0m [32m INFO[0m [1mconn[0m[1m{[0m[3mid[0m[2m=[0m0[1m}[0m[2m:[0m [2mmoq_net::lite::subscriber[0m[2m:[0m subscribe canceled (idle) [3mtrack[0m[2m=[0mcatalog.json
[2m2026-09-06T18:10:34.557970Z[0m [32m INFO[0m [1mconn[0m[1m{[0m[3mid[0m[2m=[0m0[1m}[0m[2m:[0m [2mmoq_net::lite::subscriber[0m[2m:[0m subscribe canceled (idle) [3mtrack[0m[2m=[0m1.m4s
[2m2026-09-06T18:10:34.557982Z[0m [33m WARN[0m [1mconn[0m[1m{[0m[3mid[0m[2m=[0m3[1m}[0m[2m:[0m [2mmoq_net::lite::session[0m[2m:[0m session error [3merr[0m[2m=[0mcancelled
[2m2026-09-06T18:10:37.763205Z[0m [32m INFO[0m [1mconn[0m[1m{[0m[3mid[0m[2m=[0m4[1m}[0m[2m:[0m [2mmoq_relay::connection[0m[2m:[0m session accepted [3mtransport[0m[2m=[0mquic [3mrole[0m[2m=[0mNone [3mtier[0m[2m=[0m [3mroot[0m[2m=[0m [3mpublish[0m[2m=[0m [3msubscribe[0m[2m=[0m
[2m2026-09-06T18:10:37.763355Z[0m [32m INFO[0m [1mconn[0m[1m{[0m[3mid[0m[2m=[0m4[1m}[0m[2m:[0m [2mmoq_relay::connection[0m[2m:[0m negotiated [3mversion[0m[2m=[0mmoq-lite-05 [3mtransport[0m[2m=[0mquic
[2m2026-09-06T18:10:37.763602Z[0m [34mDEBUG[0m [1mconn[0m[1m{[0m[3mid[0m[2m=[0m4[1m}[0m[2m:[0m [2mmoq_net::lite::publisher[0m[2m:[0m announce [3mroute[0m[2m=[0m.stats/node/local/host
[2m2026-09-06T18:10:37.763627Z[0m [34mDEBUG[0m [1mconn[0m[1m{[0m[3mid[0m[2m=[0m4[1m}[0m[2m:[0m [2mmoq_net::lite::publisher[0m[2m:[0m announce [3mroute[0m[2m=[0mbbb.hang
[2m2026-09-06T18:10:37.763687Z[0m [34mDEBUG[0m [1mconn[0m[1m{[0m[3mid[0m[2m=[0m4[1m}[0m[2m:[0m [2mmoq_net::lite::subscriber[0m[2m:[0m peer does not support probing; skipping probe stream
[2m2026-09-06T18:10:37.765556Z[0m [34mDEBUG[0m [1mconn[0m[1m{[0m[3mid[0m[2m=[0m4[1m}[0m[2m:[0m [2mmoq_net::lite::publisher[0m[2m:[0m track info requested [3mbroadcast[0m[2m=[0mbbb.hang [3mtrack[0m[2m=[0mcatalog.json
[2m2026-09-06T18:10:37.766289Z[0m [32m INFO[0m [1mconn[0m[1m{[0m[3mid[0m[2m=[0m4[1m}[0m[2m:[0m [2mmoq_net::lite::publisher[0m[2m:[0m subscribed started [3mid[0m[2m=[0m0 [3mbroadcast[0m[2m=[0mbbb.hang [3mtrack[0m[2m=[0mcatalog.json
[2m2026-09-06T18:10:37.766372Z[0m [34mDEBUG[0m [1mconn[0m[1m{[0m[3mid[0m[2m=[0m4[1m}[0m[2m:[0m [2mmoq_net::lite::publisher[0m[2m:[0m serving group [3msubscribe[0m[2m=[0m0 [3mtrack[0m[2m=[0mcatalog.json [3msequence[0m[2m=[0m7
[2m2026-09-06T18:10:37.766433Z[0m [32m INFO[0m [1mconn[0m[1m{[0m[3mid[0m[2m=[0m0[1m}[0m[2m:[0m [2mmoq_net::lite::subscriber[0m[2m:[0m subscribe started [3mid[0m[2m=[0m10 [3mbroadcast[0m[2m=[0mbbb.hang [3mtrack[0m[2m=[0mcatalog.json
[2m2026-09-06T18:10:37.773020Z[0m [34mDEBUG[0m [1mconn[0m[1m{[0m[3mid[0m[2m=[0m4[1m}[0m[2m:[0m [2mmoq_net::lite::publisher[0m[2m:[0m finished group [3msequence[0m[2m=[0m7
[2m2026-09-06T18:10:37.774995Z[0m [34mDEBUG[0m [1mconn[0m[1m{[0m[3mid[0m[2m=[0m4[1m}[0m[2m:[0m [2mmoq_net::lite::publisher[0m[2m:[0m track info requested [3mbroadcast[0m[2m=[0mbbb.hang [3mtrack[0m[2m=[0m1.m4s
[2m2026-09-06T18:10:37.775093Z[0m [34mDEBUG[0m [1mconn[0m[1m{[0m[3mid[0m[2m=[0m4[1m}[0m[2m:[0m [2mmoq_net::lite::publisher[0m[2m:[0m track info requested [3mbroadcast[0m[2m=[0mbbb.hang [3mtrack[0m[2m=[0m0.m4s
[2m2026-09-06T18:10:37.776132Z[0m [32m INFO[0m [1mconn[0m[1m{[0m[3mid[0m[2m=[0m4[1m}[0m[2m:[0m [2mmoq_net::lite::publisher[0m[2m:[0m subscribed started [3mid[0m[2m=[0m1 [3mbroadcast[0m[2m=[0mbbb.hang [3mtrack[0m[2m=[0m1.m4s
[2m2026-09-06T18:10:37.776402Z[0m [32m INFO[0m [1mconn[0m[1m{[0m[3mid[0m[2m=[0m0[1m}[0m[2m:[0m [2mmoq_net::lite::subscriber[0m[2m:[0m subscribe started [3mid[0m[2m=[0m11 [3mbroadcast[0m[2m=[0mbbb.hang [3mtrack[0m[2m=[0m1.m4s
[2m2026-09-06T18:10:37.778541Z[0m [34mDEBUG[0m [1mconn[0m[1m{[0m[3mid[0m[2m=[0m4[1m}[0m[2m:[0m [2mmoq_net::lite::publisher[0m[2m:[0m serving group [3msubscribe[0m[2m=[0m1 [3mtrack[0m[2m=[0m1.m4s [3msequence[0m[2m=[0m86
[2m2026-09-06T18:10:37.780426Z[0m [32m INFO[0m [1mconn[0m[1m{[0m[3mid[0m[2m=[0m4[1m}[0m[2m:[0m [2mmoq_net::lite::publisher[0m[2m:[0m subscribed started [3mid[0m[2m=[0m2 [3mbroadcast[0m[2m=[0mbbb.hang [3mtrack[0m[2m=[0m0.m4s
[2m2026-09-06T18:10:37.780791Z[0m [32m INFO[0m [1mconn[0m[1m{[0m[3mid[0m[2m=[0m0[1m}[0m[2m:[0m [2mmoq_net::lite::subscriber[0m[2m:[0m subscribe started [3mid[0m[2m=[0m12 [3mbroadcast[0m[2m=[0mbbb.hang [3mtrack[0m[2m=[0m0.m4s
[2m2026-09-06T18:10:37.785752Z[0m [34mDEBUG[0m [1mconn[0m[1m{[0m[3mid[0m[2m=[0m4[1m}[0m[2m:[0m [2mmoq_net::lite::publisher[0m[2m:[0m serving group [3msubscribe[0m[2m=[0m2 [3mtrack[0m[2m=[0m0.m4s [3msequence[0m[2m=[0m86
[2m2026-09-06T18:10:39.642170Z[0m [34mDEBUG[0m [1mconn[0m[1m{[0m[3mid[0m[2m=[0m4[1m}[0m[2m:[0m [2mmoq_net::lite::publisher[0m[2m:[0m serving group [3msubscribe[0m[2m=[0m2 [3mtrack[0m[2m=[0m0.m4s [3msequence[0m[2m=[0m87
[2m2026-09-06T18:10:39.642338Z[0m [34mDEBUG[0m [1mconn[0m[1m{[0m[3mid[0m[2m=[0m4[1m}[0m[2m:[0m [2mmoq_net::lite::publisher[0m[2m:[0m serving group [3msubscribe[0m[2m=[0m1 [3mtrack[0m[2m=[0m1.m4s [3msequence[0m[2m=[0m87
[2m2026-09-06T18:10:39.643650Z[0m [34mDEBUG[0m [1mconn[0m[1m{[0m[3mid[0m[2m=[0m4[1m}[0m[2m:[0m [2mmoq_net::lite::publisher[0m[2m:[0m finished group [3msequence[0m[2m=[0m86
[2m2026-09-06T18:10:39.643708Z[0m [34mDEBUG[0m [1mconn[0m[1m{[0m[3mid[0m[2m=[0m4[1m}[0m[2m:[0m [2mmoq_net::lite::publisher[0m[2m:[0m finished group [3msequence[0m[2m=[0m86
[2m2026-09-06T18:10:42.161342Z[0m [34mDEBUG[0m [1mconn[0m[1m{[0m[3mid[0m[2m=[0m4[1m}[0m[2m:[0m [2mmoq_net::lite::publisher[0m[2m:[0m serving group [3msubscribe[0m[2m=[0m2 [3mtrack[0m[2m=[0m0.m4s [3msequence[0m[2m=[0m88
[2m2026-09-06T18:10:42.162077Z[0m [34mDEBUG[0m [1mconn[0m[1m{[0m[3mid[0m[2m=[0m4[1m}[0m[2m:[0m [2mmoq_net::lite::publisher[0m[2m:[0m serving group [3msubscribe[0m[2m=[0m1 [3mtrack[0m[2m=[0m1.m4s [3msequence[0m[2m=[0m88
[2m2026-09-06T18:10:42.163584Z[0m [34mDEBUG[0m [1mconn[0m[1m{[0m[3mid[0m[2m=[0m4[1m}[0m[2m:[0m [2mmoq_net::lite::publisher[0m[2m:[0m finished group [3msequence[0m[2m=[0m87
[2m2026-09-06T18:10:42.163651Z[0m [34mDEBUG[0m [1mconn[0m[1m{[0m[3mid[0m[2m=[0m4[1m}[0m[2m:[0m [2mmoq_net::lite::publisher[0m[2m:[0m finished group [3msequence[0m[2m=[0m87
[2m2026-09-06T18:10:44.401416Z[0m [34mDEBUG[0m [1mconn[0m[1m{[0m[3mid[0m[2m=[0m4[1m}[0m[2m:[0m [2mmoq_net::lite::publisher[0m[2m:[0m serving group [3msubscribe[0m[2m=[0m2 [3mtrack[0m[2m=[0m0.m4s [3msequence[0m[2m=[0m89
[2m2026-09-06T18:10:44.401518Z[0m [34mDEBUG[0m [1mconn[0m[1m{[0m[3mid[0m[2m=[0m4[1m}[0m[2m:[0m [2mmoq_net::lite::publisher[0m[2m:[0m serving group [3msubscribe[0m[2m=[0m1 [3mtrack[0m[2m=[0m1.m4s [3msequence[0m[2m=[0m89
[2m2026-09-06T18:10:44.403134Z[0m [34mDEBUG[0m [1mconn[0m[1m{[0m[3mid[0m[2m=[0m4[1m}[0m[2m:[0m [2mmoq_net::lite::publisher[0m[2m:[0m finished group [3msequence[0m[2m=[0m88
[2m2026-09-06T18:10:44.403214Z[0m [34mDEBUG[0m [1mconn[0m[1m{[0m[3mid[0m[2m=[0m4[1m}[0m[2m:[0m [2mmoq_net::lite::publisher[0m[2m:[0m finished group [3msequence[0m[2m=[0m88
[2m2026-09-06T18:10:46.152331Z[0m [34mDEBUG[0m [1mconn[0m[1m{[0m[3mid[0m[2m=[0m4[1m}[0m[2m:[0m [2mmoq_net::lite::publisher[0m[2m:[0m finished group [3msequence[0m[2m=[0m89
[2m2026-09-06T18:10:46.152539Z[0m [34mDEBUG[0m [1mconn[0m[1m{[0m[3mid[0m[2m=[0m4[1m}[0m[2m:[0m [2mmoq_net::lite::publisher[0m[2m:[0m serving group [3msubscribe[0m[2m=[0m2 [3mtrack[0m[2m=[0m0.m4s [3msequence[0m[2m=[0m90
[2m2026-09-06T18:10:46.152693Z[0m [34mDEBUG[0m [1mconn[0m[1m{[0m[3mid[0m[2m=[0m4[1m}[0m[2m:[0m [2mmoq_net::lite::publisher[0m[2m:[0m finished group [3msequence[0m[2m=[0m89
[2m2026-09-06T18:10:46.152730Z[0m [34mDEBUG[0m [1mconn[0m[1m{[0m[3mid[0m[2m=[0m4[1m}[0m[2m:[0m [2mmoq_net::lite::publisher[0m[2m:[0m serving group [3msubscribe[0m[2m=[0m1 [3mtrack[0m[2m=[0m1.m4s [3msequence[0m[2m=[0m90
[2m2026-09-06T18:10:47.694412Z[0m [34mDEBUG[0m [1mconn[0m[1m{[0m[3mid[0m[2m=[0m4[1m}[0m[2m:[0m [2mmoq_net::lite::publisher[0m[2m:[0m serving group [3msubscribe[0m[2m=[0m2 [3mtrack[0m[2m=[0m0.m4s [3msequence[0m[2m=[0m91
[2m2026-09-06T18:10:47.695653Z[0m [34mDEBUG[0m [1mconn[0m[1m{[0m[3mid[0m[2m=[0m4[1m}[0m[2m:[0m [2mmoq_net::lite::publisher[0m[2m:[0m finished group [3msequence[0m[2m=[0m90
[2m2026-09-06T18:10:47.708789Z[0m [34mDEBUG[0m [1mconn[0m[1m{[0m[3mid[0m[2m=[0m4[1m}[0m[2m:[0m [2mmoq_net::lite::publisher[0m[2m:[0m serving group [3msubscribe[0m[2m=[0m1 [3mtrack[0m[2m=[0m1.m4s [3msequence[0m[2m=[0m91
[2m2026-09-06T18:10:47.710032Z[0m [34mDEBUG[0m [1mconn[0m[1m{[0m[3mid[0m[2m=[0m4[1m}[0m[2m:[0m [2mmoq_net::lite::publisher[0m[2m:[0m finished group [3msequence[0m[2m=[0m90
[2m2026-09-06T18:10:49.111972Z[0m [34mDEBUG[0m [1mconn[0m[1m{[0m[3mid[0m[2m=[0m4[1m}[0m[2m:[0m [2mmoq_net::lite::publisher[0m[2m:[0m serving group [3msubscribe[0m[2m=[0m2 [3mtrack[0m[2m=[0m0.m4s [3msequence[0m[2m=[0m92
[2m2026-09-06T18:10:49.113739Z[0m [34mDEBUG[0m [1mconn[0m[1m{[0m[3mid[0m[2m=[0m4[1m}[0m[2m:[0m [2mmoq_net::lite::publisher[0m[2m:[0m finished group [3msequence[0m[2m=[0m91
[2m2026-09-06T18:10:49.127339Z[0m [34mDEBUG[0m [1mconn[0m[1m{[0m[3mid[0m[2m=[0m4[1m}[0m[2m:[0m [2mmoq_net::lite::publisher[0m[2m:[0m serving group [3msubscribe[0m[2m=[0m1 [3mtrack[0m[2m=[0m1.m4s [3msequence[0m[2m=[0m92
[2m2026-09-06T18:10:49.128734Z[0m [34mDEBUG[0m [1mconn[0m[1m{[0m[3mid[0m[2m=[0m4[1m}[0m[2m:[0m [2mmoq_net::lite::publisher[0m[2m:[0m finished group [3msequence[0m[2m=[0m91
[2m2026-09-06T18:10:51.635426Z[0m [34mDEBUG[0m [1mconn[0m[1m{[0m[3mid[0m[2m=[0m4[1m}[0m[2m:[0m [2mmoq_net::lite::publisher[0m[2m:[0m serving group [3msubscribe[0m[2m=[0m1 [3mtrack[0m[2m=[0m1.m4s [3msequence[0m[2m=[0m93
[2m2026-09-06T18:10:51.635596Z[0m [34mDEBUG[0m [1mconn[0m[1m{[0m[3mid[0m[2m=[0m4[1m}[0m[2m:[0m [2mmoq_net::lite::publisher[0m[2m:[0m serving group [3msubscribe[0m[2m=[0m2 [3mtrack[0m[2m=[0m0.m4s [3msequence[0m[2m=[0m93
[2m2026-09-06T18:10:51.637166Z[0m [34mDEBUG[0m [1mconn[0m[1m{[0m[3mid[0m[2m=[0m4[1m}[0m[2m:[0m [2mmoq_net::lite::publisher[0m[2m:[0m finished group [3msequence[0m[2m=[0m92
[2m2026-09-06T18:10:51.637276Z[0m [34mDEBUG[0m [1mconn[0m[1m{[0m[3mid[0m[2m=[0m4[1m}[0m[2m:[0m [2mmoq_net::lite::publisher[0m[2m:[0m finished group [3msequence[0m[2m=[0m92
[2m2026-09-06T18:10:54.015262Z[0m [34mDEBUG[0m [1mconn[0m[1m{[0m[3mid[0m[2m=[0m4[1m}[0m[2m:[0m [2mmoq_net::lite::publisher[0m[2m:[0m serving group [3msubscribe[0m[2m=[0m2 [3mtrack[0m[2m=[0m0.m4s [3msequence[0m[2m=[0m94
[2m2026-09-06T18:10:54.015343Z[0m [34mDEBUG[0m [1mconn[0m[1m{[0m[3mid[0m[2m=[0m4[1m}[0m[2m:[0m [2mmoq_net::lite::publisher[0m[2m:[0m serving group [3msubscribe[0m[2m=[0m1 [3mtrack[0m[2m=[0m1.m4s [3msequence[0m[2m=[0m94
[2m2026-09-06T18:10:54.016193Z[0m [34mDEBUG[0m [1mconn[0m[1m{[0m[3mid[0m[2m=[0m4[1m}[0m[2m:[0m [2mmoq_net::lite::publisher[0m[2m:[0m finished group [3msequence[0m[2m=[0m93
[2m2026-09-06T18:10:54.016238Z[0m [34mDEBUG[0m [1mconn[0m[1m{[0m[3mid[0m[2m=[0m4[1m}[0m[2m:[0m [2mmoq_net::lite::publisher[0m[2m:[0m finished group [3msequence[0m[2m=[0m93
[2m2026-09-06T18:10:56.531955Z[0m [34mDEBUG[0m [1mconn[0m[1m{[0m[3mid[0m[2m=[0m4[1m}[0m[2m:[0m [2mmoq_net::lite::publisher[0m[2m:[0m serving group [3msubscribe[0m[2m=[0m2 [3mtrack[0m[2m=[0m0.m4s [3msequence[0m[2m=[0m95
[2m2026-09-06T18:10:56.532095Z[0m [34mDEBUG[0m [1mconn[0m[1m{[0m[3mid[0m[2m=[0m4[1m}[0m[2m:[0m [2mmoq_net::lite::publisher[0m[2m:[0m serving group [3msubscribe[0m[2m=[0m1 [3mtrack[0m[2m=[0m1.m4s [3msequence[0m[2m=[0m95
[2m2026-09-06T18:10:56.533220Z[0m [34mDEBUG[0m [1mconn[0m[1m{[0m[3mid[0m[2m=[0m4[1m}[0m[2m:[0m [2mmoq_net::lite::publisher[0m[2m:[0m finished group [3msequence[0m[2m=[0m94
[2m2026-09-06T18:10:56.533257Z[0m [34mDEBUG[0m [1mconn[0m[1m{[0m[3mid[0m[2m=[0m4[1m}[0m[2m:[0m [2mmoq_net::lite::publisher[0m[2m:[0m finished group [3msequence[0m[2m=[0m94
[2m2026-09-06T18:10:59.036905Z[0m [34mDEBUG[0m [1mconn[0m[1m{[0m[3mid[0m[2m=[0m4[1m}[0m[2m:[0m [2mmoq_net::lite::publisher[0m[2m:[0m serving group [3msubscribe[0m[2m=[0m2 [3mtrack[0m[2m=[0m0.m4s [3msequence[0m[2m=[0m96
[2m2026-09-06T18:10:59.038433Z[0m [34mDEBUG[0m [1mconn[0m[1m{[0m[3mid[0m[2m=[0m4[1m}[0m[2m:[0m [2mmoq_net::lite::publisher[0m[2m:[0m finished group [3msequence[0m[2m=[0m95
[2m2026-09-06T18:10:59.042606Z[0m [34mDEBUG[0m [1mconn[0m[1m{[0m[3mid[0m[2m=[0m4[1m}[0m[2m:[0m [2mmoq_net::lite::publisher[0m[2m:[0m serving group [3msubscribe[0m[2m=[0m1 [3mtrack[0m[2m=[0m1.m4s [3msequence[0m[2m=[0m96
[2m2026-09-06T18:10:59.043786Z[0m [34mDEBUG[0m [1mconn[0m[1m{[0m[3mid[0m[2m=[0m4[1m}[0m[2m:[0m [2mmoq_net::lite::publisher[0m[2m:[0m finished group [3msequence[0m[2m=[0m95
[2m2026-09-06T18:11:00.725371Z[0m [34mDEBUG[0m [1mconn[0m[1m{[0m[3mid[0m[2m=[0m4[1m}[0m[2m:[0m [2mmoq_net::lite::publisher[0m[2m:[0m serving group [3msubscribe[0m[2m=[0m2 [3mtrack[0m[2m=[0m0.m4s [3msequence[0m[2m=[0m97
[2m2026-09-06T18:11:00.725520Z[0m [34mDEBUG[0m [1mconn[0m[1m{[0m[3mid[0m[2m=[0m4[1m}[0m[2m:[0m [2mmoq_net::lite::publisher[0m[2m:[0m serving group [3msubscribe[0m[2m=[0m1 [3mtrack[0m[2m=[0m1.m4s [3msequence[0m[2m=[0m97
[2m2026-09-06T18:11:00.727450Z[0m [34mDEBUG[0m [1mconn[0m[1m{[0m[3mid[0m[2m=[0m4[1m}[0m[2m:[0m [2mmoq_net::lite::publisher[0m[2m:[0m finished group [3msequence[0m[2m=[0m96
[2m2026-09-06T18:11:00.727665Z[0m [34mDEBUG[0m [1mconn[0m[1m{[0m[3mid[0m[2m=[0m4[1m}[0m[2m:[0m [2mmoq_net::lite::publisher[0m[2m:[0m finished group [3msequence[0m[2m=[0m96
[2m2026-09-06T18:11:03.261879Z[0m [34mDEBUG[0m [1mconn[0m[1m{[0m[3mid[0m[2m=[0m4[1m}[0m[2m:[0m [2mmoq_net::lite::publisher[0m[2m:[0m finished group [3msequence[0m[2m=[0m97
[2m2026-09-06T18:11:03.262032Z[0m [34mDEBUG[0m [1mconn[0m[1m{[0m[3mid[0m[2m=[0m4[1m}[0m[2m:[0m [2mmoq_net::lite::publisher[0m[2m:[0m serving group [3msubscribe[0m[2m=[0m2 [3mtrack[0m[2m=[0m0.m4s [3msequence[0m[2m=[0m98
[2m2026-09-06T18:11:03.262273Z[0m [34mDEBUG[0m [1mconn[0m[1m{[0m[3mid[0m[2m=[0m4[1m}[0m[2m:[0m [2mmoq_net::lite::publisher[0m[2m:[0m finished group [3msequence[0m[2m=[0m97
[2m2026-09-06T18:11:03.262371Z[0m [34mDEBUG[0m [1mconn[0m[1m{[0m[3mid[0m[2m=[0m4[1m}[0m[2m:[0m [2mmoq_net::lite::publisher[0m[2m:[0m serving group [3msubscribe[0m[2m=[0m1 [3mtrack[0m[2m=[0m1.m4s [3msequence[0m[2m=[0m98
[2m2026-09-06T18:11:05.785526Z[0m [34mDEBUG[0m [1mconn[0m[1m{[0m[3mid[0m[2m=[0m4[1m}[0m[2m:[0m [2mmoq_net::lite::publisher[0m[2m:[0m finished group [3msequence[0m[2m=[0m98
[2m2026-09-06T18:11:05.785582Z[0m [34mDEBUG[0m [1mconn[0m[1m{[0m[3mid[0m[2m=[0m4[1m}[0m[2m:[0m [2mmoq_net::lite::publisher[0m[2m:[0m serving group [3msubscribe[0m[2m=[0m2 [3mtrack[0m[2m=[0m0.m4s [3msequence[0m[2m=[0m99
[2m2026-09-06T18:11:05.785679Z[0m [34mDEBUG[0m [1mconn[0m[1m{[0m[3mid[0m[2m=[0m4[1m}[0m[2m:[0m [2mmoq_net::lite::publisher[0m[2m:[0m finished group [3msequence[0m[2m=[0m98
[2m2026-09-06T18:11:05.785702Z[0m [34mDEBUG[0m [1mconn[0m[1m{[0m[3mid[0m[2m=[0m4[1m}[0m[2m:[0m [2mmoq_net::lite::publisher[0m[2m:[0m serving group [3msubscribe[0m[2m=[0m1 [3mtrack[0m[2m=[0m1.m4s [3msequence[0m[2m=[0m99
[2m2026-09-06T18:11:08.226836Z[0m [34mDEBUG[0m [1mconn[0m[1m{[0m[3mid[0m[2m=[0m4[1m}[0m[2m:[0m [2mmoq_net::lite::publisher[0m[2m:[0m serving group [3msubscribe[0m[2m=[0m1 [3mtrack[0m[2m=[0m1.m4s [3msequence[0m[2m=[0m100
[2m2026-09-06T18:11:08.227233Z[0m [34mDEBUG[0m [1mconn[0m[1m{[0m[3mid[0m[2m=[0m4[1m}[0m[2m:[0m [2mmoq_net::lite::publisher[0m[2m:[0m serving group [3msubscribe[0m[2m=[0m2 [3mtrack[0m[2m=[0m0.m4s [3msequence[0m[2m=[0m100
[2m2026-09-06T18:11:08.229347Z[0m [34mDEBUG[0m [1mconn[0m[1m{[0m[3mid[0m[2m=[0m4[1m}[0m[2m:[0m [2mmoq_net::lite::publisher[0m[2m:[0m finished group [3msequence[0m[2m=[0m99
[2m2026-09-06T18:11:08.229514Z[0m [34mDEBUG[0m [1mconn[0m[1m{[0m[3mid[0m[2m=[0m4[1m}[0m[2m:[0m [2mmoq_net::lite::publisher[0m[2m:[0m finished group [3msequence[0m[2m=[0m99
[2m2026-09-06T18:11:10.178948Z[0m [34mDEBUG[0m [1mconn[0m[1m{[0m[3mid[0m[2m=[0m4[1m}[0m[2m:[0m [2mmoq_net::lite::publisher[0m[2m:[0m finished group [3msequence[0m[2m=[0m100
[2m2026-09-06T18:11:10.179015Z[0m [34mDEBUG[0m [1mconn[0m[1m{[0m[3mid[0m[2m=[0m4[1m}[0m[2m:[0m [2mmoq_net::lite::publisher[0m[2m:[0m serving group [3msubscribe[0m[2m=[0m2 [3mtrack[0m[2m=[0m0.m4s [3msequence[0m[2m=[0m101
[2m2026-09-06T18:11:10.179123Z[0m [34mDEBUG[0m [1mconn[0m[1m{[0m[3mid[0m[2m=[0m4[1m}[0m[2m:[0m [2mmoq_net::lite::publisher[0m[2m:[0m finished group [3msequence[0m[2m=[0m100
[2m2026-09-06T18:11:10.179148Z[0m [34mDEBUG[0m [1mconn[0m[1m{[0m[3mid[0m[2m=[0m4[1m}[0m[2m:[0m [2mmoq_net::lite::publisher[0m[2m:[0m serving group [3msubscribe[0m[2m=[0m1 [3mtrack[0m[2m=[0m1.m4s [3msequence[0m[2m=[0m101
[2m2026-09-06T18:11:12.669970Z[0m [34mDEBUG[0m [1mconn[0m[1m{[0m[3mid[0m[2m=[0m4[1m}[0m[2m:[0m [2mmoq_net::lite::publisher[0m[2m:[0m serving group [3msubscribe[0m[2m=[0m2 [3mtrack[0m[2m=[0m0.m4s [3msequence[0m[2m=[0m102
[2m2026-09-06T18:11:12.670083Z[0m [34mDEBUG[0m [1mconn[0m[1m{[0m[3mid[0m[2m=[0m4[1m}[0m[2m:[0m [2mmoq_net::lite::publisher[0m[2m:[0m serving group [3msubscribe[0m[2m=[0m1 [3mtrack[0m[2m=[0m1.m4s [3msequence[0m[2m=[0m102
[2m2026-09-06T18:11:12.671141Z[0m [34mDEBUG[0m [1mconn[0m[1m{[0m[3mid[0m[2m=[0m4[1m}[0m[2m:[0m [2mmoq_net::lite::publisher[0m[2m:[0m finished group [3msequence[0m[2m=[0m101
[2m2026-09-06T18:11:12.671202Z[0m [34mDEBUG[0m [1mconn[0m[1m{[0m[3mid[0m[2m=[0m4[1m}[0m[2m:[0m [2mmoq_net::lite::publisher[0m[2m:[0m finished group [3msequence[0m[2m=[0m101
[2m2026-09-06T18:11:15.154095Z[0m [34mDEBUG[0m [1mconn[0m[1m{[0m[3mid[0m[2m=[0m4[1m}[0m[2m:[0m [2mmoq_net::lite::publisher[0m[2m:[0m serving group [3msubscribe[0m[2m=[0m1 [3mtrack[0m[2m=[0m1.m4s [3msequence[0m[2m=[0m103
[2m2026-09-06T18:11:15.154392Z[0m [34mDEBUG[0m [1mconn[0m[1m{[0m[3mid[0m[2m=[0m4[1m}[0m[2m:[0m [2mmoq_net::lite::publisher[0m[2m:[0m serving group [3msubscribe[0m[2m=[0m2 [3mtrack[0m[2m=[0m0.m4s [3msequence[0m[2m=[0m103
[2m2026-09-06T18:11:15.156380Z[0m [34mDEBUG[0m [1mconn[0m[1m{[0m[3mid[0m[2m=[0m4[1m}[0m[2m:[0m [2mmoq_net::lite::publisher[0m[2m:[0m finished group [3msequence[0m[2m=[0m102
[2m2026-09-06T18:11:15.156891Z[0m [34mDEBUG[0m [1mconn[0m[1m{[0m[3mid[0m[2m=[0m4[1m}[0m[2m:[0m [2mmoq_net::lite::publisher[0m[2m:[0m finished group [3msequence[0m[2m=[0m102
[2m2026-09-06T18:11:17.664238Z[0m [34mDEBUG[0m [1mconn[0m[1m{[0m[3mid[0m[2m=[0m4[1m}[0m[2m:[0m [2mmoq_net::lite::publisher[0m[2m:[0m serving group [3msubscribe[0m[2m=[0m2 [3mtrack[0m[2m=[0m0.m4s [3msequence[0m[2m=[0m104
[2m2026-09-06T18:11:17.664401Z[0m [34mDEBUG[0m [1mconn[0m[1m{[0m[3mid[0m[2m=[0m4[1m}[0m[2m:[0m [2mmoq_net::lite::publisher[0m[2m:[0m serving group [3msubscribe[0m[2m=[0m1 [3mtrack[0m[2m=[0m1.m4s [3msequence[0m[2m=[0m104
[2m2026-09-06T18:11:17.666016Z[0m [34mDEBUG[0m [1mconn[0m[1m{[0m[3mid[0m[2m=[0m4[1m}[0m[2m:[0m [2mmoq_net::lite::publisher[0m[2m:[0m finished group [3msequence[0m[2m=[0m103
[2m2026-09-06T18:11:17.666072Z[0m [34mDEBUG[0m [1mconn[0m[1m{[0m[3mid[0m[2m=[0m4[1m}[0m[2m:[0m [2mmoq_net::lite::publisher[0m[2m:[0m finished group [3msequence[0m[2m=[0m103
[2m2026-09-06T18:11:20.148178Z[0m [34mDEBUG[0m [1mconn[0m[1m{[0m[3mid[0m[2m=[0m4[1m}[0m[2m:[0m [2mmoq_net::lite::publisher[0m[2m:[0m serving group [3msubscribe[0m[2m=[0m2 [3mtrack[0m[2m=[0m0.m4s [3msequence[0m[2m=[0m105
[2m2026-09-06T18:11:20.148265Z[0m [34mDEBUG[0m [1mconn[0m[1m{[0m[3mid[0m[2m=[0m4[1m}[0m[2m:[0m [2mmoq_net::lite::publisher[0m[2m:[0m serving group [3msubscribe[0m[2m=[0m1 [3mtrack[0m[2m=[0m1.m4s [3msequence[0m[2m=[0m105
[2m2026-09-06T18:11:20.149468Z[0m [34mDEBUG[0m [1mconn[0m[1m{[0m[3mid[0m[2m=[0m4[1m}[0m[2m:[0m [2mmoq_net::lite::publisher[0m[2m:[0m finished group [3msequence[0m[2m=[0m104
[2m2026-09-06T18:11:20.149519Z[0m [34mDEBUG[0m [1mconn[0m[1m{[0m[3mid[0m[2m=[0m4[1m}[0m[2m:[0m [2mmoq_net::lite::publisher[0m[2m:[0m finished group [3msequence[0m[2m=[0m104
[2m2026-09-06T18:11:22.312001Z[0m [34mDEBUG[0m [1mconn[0m[1m{[0m[3mid[0m[2m=[0m4[1m}[0m[2m:[0m [2mmoq_net::lite::publisher[0m[2m:[0m finished group [3msequence[0m[2m=[0m105
[2m2026-09-06T18:11:22.312361Z[0m [34mDEBUG[0m [1mconn[0m[1m{[0m[3mid[0m[2m=[0m4[1m}[0m[2m:[0m [2mmoq_net::lite::publisher[0m[2m:[0m serving group [3msubscribe[0m[2m=[0m2 [3mtrack[0m[2m=[0m0.m4s [3msequence[0m[2m=[0m106
[2m2026-09-06T18:11:22.312459Z[0m [34mDEBUG[0m [1mconn[0m[1m{[0m[3mid[0m[2m=[0m4[1m}[0m[2m:[0m [2mmoq_net::lite::publisher[0m[2m:[0m finished group [3msequence[0m[2m=[0m105
[2m2026-09-06T18:11:22.312481Z[0m [34mDEBUG[0m [1mconn[0m[1m{[0m[3mid[0m[2m=[0m4[1m}[0m[2m:[0m [2mmoq_net::lite::publisher[0m[2m:[0m serving group [3msubscribe[0m[2m=[0m1 [3mtrack[0m[2m=[0m1.m4s [3msequence[0m[2m=[0m106
[2m2026-09-06T18:11:23.743296Z[0m [34mDEBUG[0m [1mconn[0m[1m{[0m[3mid[0m[2m=[0m4[1m}[0m[2m:[0m [2mmoq_net::lite::publisher[0m[2m:[0m serving group [3msubscribe[0m[2m=[0m2 [3mtrack[0m[2m=[0m0.m4s [3msequence[0m[2m=[0m107
[2m2026-09-06T18:11:23.744294Z[0m [34mDEBUG[0m [1mconn[0m[1m{[0m[3mid[0m[2m=[0m4[1m}[0m[2m:[0m [2mmoq_net::lite::publisher[0m[2m:[0m finished group [3msequence[0m[2m=[0m106
[2m2026-09-06T18:11:23.744363Z[0m [34mDEBUG[0m [1mconn[0m[1m{[0m[3mid[0m[2m=[0m4[1m}[0m[2m:[0m [2mmoq_net::lite::publisher[0m[2m:[0m serving group [3msubscribe[0m[2m=[0m1 [3mtrack[0m[2m=[0m1.m4s [3msequence[0m[2m=[0m107
[2m2026-09-06T18:11:23.744449Z[0m [34mDEBUG[0m [1mconn[0m[1m{[0m[3mid[0m[2m=[0m4[1m}[0m[2m:[0m [2mmoq_net::lite::publisher[0m[2m:[0m finished group [3msequence[0m[2m=[0m106
[2m2026-09-06T18:11:26.229554Z[0m [34mDEBUG[0m [1mconn[0m[1m{[0m[3mid[0m[2m=[0m4[1m}[0m[2m:[0m [2mmoq_net::lite::publisher[0m[2m:[0m serving group [3msubscribe[0m[2m=[0m2 [3mtrack[0m[2m=[0m0.m4s [3msequence[0m[2m=[0m108
[2m2026-09-06T18:11:26.229711Z[0m [34mDEBUG[0m [1mconn[0m[1m{[0m[3mid[0m[2m=[0m4[1m}[0m[2m:[0m [2mmoq_net::lite::publisher[0m[2m:[0m serving group [3msubscribe[0m[2m=[0m1 [3mtrack[0m[2m=[0m1.m4s [3msequence[0m[2m=[0m108
[2m2026-09-06T18:11:26.230936Z[0m [34mDEBUG[0m [1mconn[0m[1m{[0m[3mid[0m[2m=[0m4[1m}[0m[2m:[0m [2mmoq_net::lite::publisher[0m[2m:[0m finished group [3msequence[0m[2m=[0m107
[2m2026-09-06T18:11:26.231022Z[0m [34mDEBUG[0m [1mconn[0m[1m{[0m[3mid[0m[2m=[0m4[1m}[0m[2m:[0m [2mmoq_net::lite::publisher[0m[2m:[0m finished group [3msequence[0m[2m=[0m107
[2m2026-09-06T18:11:28.730949Z[0m [34mDEBUG[0m [1mconn[0m[1m{[0m[3mid[0m[2m=[0m4[1m}[0m[2m:[0m [2mmoq_net::lite::publisher[0m[2m:[0m serving group [3msubscribe[0m[2m=[0m2 [3mtrack[0m[2m=[0m0.m4s [3msequence[0m[2m=[0m109
[2m2026-09-06T18:11:28.731045Z[0m [34mDEBUG[0m [1mconn[0m[1m{[0m[3mid[0m[2m=[0m4[1m}[0m[2m:[0m [2mmoq_net::lite::publisher[0m[2m:[0m serving group [3msubscribe[0m[2m=[0m1 [3mtrack[0m[2m=[0m1.m4s [3msequence[0m[2m=[0m109
[2m2026-09-06T18:11:28.732072Z[0m [34mDEBUG[0m [1mconn[0m[1m{[0m[3mid[0m[2m=[0m4[1m}[0m[2m:[0m [2mmoq_net::lite::publisher[0m[2m:[0m finished group [3msequence[0m[2m=[0m108
[2m2026-09-06T18:11:28.732109Z[0m [34mDEBUG[0m [1mconn[0m[1m{[0m[3mid[0m[2m=[0m4[1m}[0m[2m:[0m [2mmoq_net::lite::publisher[0m[2m:[0m finished group [3msequence[0m[2m=[0m108
[2m2026-09-06T18:11:30.977242Z[0m [34mDEBUG[0m [1mconn[0m[1m{[0m[3mid[0m[2m=[0m4[1m}[0m[2m:[0m [2mmoq_net::lite::publisher[0m[2m:[0m serving group [3msubscribe[0m[2m=[0m2 [3mtrack[0m[2m=[0m0.m4s [3msequence[0m[2m=[0m110
[2m2026-09-06T18:11:30.977363Z[0m [34mDEBUG[0m [1mconn[0m[1m{[0m[3mid[0m[2m=[0m4[1m}[0m[2m:[0m [2mmoq_net::lite::publisher[0m[2m:[0m serving group [3msubscribe[0m[2m=[0m1 [3mtrack[0m[2m=[0m1.m4s [3msequence[0m[2m=[0m110
[2m2026-09-06T18:11:30.978083Z[0m [34mDEBUG[0m [1mconn[0m[1m{[0m[3mid[0m[2m=[0m4[1m}[0m[2m:[0m [2mmoq_net::lite::publisher[0m[2m:[0m finished group [3msequence[0m[2m=[0m109
[2m2026-09-06T18:11:30.978125Z[0m [34mDEBUG[0m [1mconn[0m[1m{[0m[3mid[0m[2m=[0m4[1m}[0m[2m:[0m [2mmoq_net::lite::publisher[0m[2m:[0m finished group [3msequence[0m[2m=[0m109
[2m2026-09-06T18:11:32.231404Z[0m [34mDEBUG[0m [1mconn[0m[1m{[0m[3mid[0m[2m=[0m4[1m}[0m[2m:[0m [2mmoq_net::lite::publisher[0m[2m:[0m serving group [3msubscribe[0m[2m=[0m2 [3mtrack[0m[2m=[0m0.m4s [3msequence[0m[2m=[0m111
[2m2026-09-06T18:11:32.231569Z[0m [34mDEBUG[0m [1mconn[0m[1m{[0m[3mid[0m[2m=[0m4[1m}[0m[2m:[0m [2mmoq_net::lite::publisher[0m[2m:[0m finished group [3msequence[0m[2m=[0m110
[2m2026-09-06T18:11:32.231602Z[0m [34mDEBUG[0m [1mconn[0m[1m{[0m[3mid[0m[2m=[0m4[1m}[0m[2m:[0m [2mmoq_net::lite::publisher[0m[2m:[0m finished group [3msequence[0m[2m=[0m110
[2m2026-09-06T18:11:32.232347Z[0m [34mDEBUG[0m [1mconn[0m[1m{[0m[3mid[0m[2m=[0m4[1m}[0m[2m:[0m [2mmoq_net::lite::publisher[0m[2m:[0m serving group [3msubscribe[0m[2m=[0m1 [3mtrack[0m[2m=[0m1.m4s [3msequence[0m[2m=[0m111
[2m2026-09-06T18:11:33.921228Z[0m [34mDEBUG[0m [1mconn[0m[1m{[0m[3mid[0m[2m=[0m4[1m}[0m[2m:[0m [2mmoq_net::lite::publisher[0m[2m:[0m serving group [3msubscribe[0m[2m=[0m2 [3mtrack[0m[2m=[0m0.m4s [3msequence[0m[2m=[0m112
[2m2026-09-06T18:11:33.921535Z[0m [34mDEBUG[0m [1mconn[0m[1m{[0m[3mid[0m[2m=[0m4[1m}[0m[2m:[0m [2mmoq_net::lite::publisher[0m[2m:[0m serving group [3msubscribe[0m[2m=[0m1 [3mtrack[0m[2m=[0m1.m4s [3msequence[0m[2m=[0m112
[2m2026-09-06T18:11:33.922840Z[0m [34mDEBUG[0m [1mconn[0m[1m{[0m[3mid[0m[2m=[0m4[1m}[0m[2m:[0m [2mmoq_net::lite::publisher[0m[2m:[0m finished group [3msequence[0m[2m=[0m111
[2m2026-09-06T18:11:33.922910Z[0m [34mDEBUG[0m [1mconn[0m[1m{[0m[3mid[0m[2m=[0m4[1m}[0m[2m:[0m [2mmoq_net::lite::publisher[0m[2m:[0m finished group [3msequence[0m[2m=[0m111
[2m2026-09-06T18:11:35.553612Z[0m [34mDEBUG[0m [1mconn[0m[1m{[0m[3mid[0m[2m=[0m4[1m}[0m[2m:[0m [2mmoq_net::lite::publisher[0m[2m:[0m serving group [3msubscribe[0m[2m=[0m2 [3mtrack[0m[2m=[0m0.m4s [3msequence[0m[2m=[0m113
[2m2026-09-06T18:11:35.554396Z[0m [34mDEBUG[0m [1mconn[0m[1m{[0m[3mid[0m[2m=[0m4[1m}[0m[2m:[0m [2mmoq_net::lite::publisher[0m[2m:[0m finished group [3msequence[0m[2m=[0m112
[2m2026-09-06T18:11:35.557156Z[0m [34mDEBUG[0m [1mconn[0m[1m{[0m[3mid[0m[2m=[0m4[1m}[0m[2m:[0m [2mmoq_net::lite::publisher[0m[2m:[0m serving group [3msubscribe[0m[2m=[0m1 [3mtrack[0m[2m=[0m1.m4s [3msequence[0m[2m=[0m113
[2m2026-09-06T18:11:35.558390Z[0m [34mDEBUG[0m [1mconn[0m[1m{[0m[3mid[0m[2m=[0m4[1m}[0m[2m:[0m [2mmoq_net::lite::publisher[0m[2m:[0m finished group [3msequence[0m[2m=[0m112
[2m2026-09-06T18:11:37.244687Z[0m [34mDEBUG[0m [1mconn[0m[1m{[0m[3mid[0m[2m=[0m4[1m}[0m[2m:[0m [2mmoq_net::lite::publisher[0m[2m:[0m serving group [3msubscribe[0m[2m=[0m2 [3mtrack[0m[2m=[0m0.m4s [3msequence[0m[2m=[0m114
[2m2026-09-06T18:11:37.245163Z[0m [34mDEBUG[0m [1mconn[0m[1m{[0m[3mid[0m[2m=[0m4[1m}[0m[2m:[0m [2mmoq_net::lite::publisher[0m[2m:[0m serving group [3msubscribe[0m[2m=[0m1 [3mtrack[0m[2m=[0m1.m4s [3msequence[0m[2m=[0m114
[2m2026-09-06T18:11:37.247828Z[0m [34mDEBUG[0m [1mconn[0m[1m{[0m[3mid[0m[2m=[0m4[1m}[0m[2m:[0m [2mmoq_net::lite::publisher[0m[2m:[0m finished group [3msequence[0m[2m=[0m113
[2m2026-09-06T18:11:37.247949Z[0m [34mDEBUG[0m [1mconn[0m[1m{[0m[3mid[0m[2m=[0m4[1m}[0m[2m:[0m [2mmoq_net::lite::publisher[0m[2m:[0m finished group [3msequence[0m[2m=[0m113
[2m2026-09-06T18:11:38.168256Z[0m [34mDEBUG[0m [1mconn[0m[1m{[0m[3mid[0m[2m=[0m4[1m}[0m[2m:[0m [2mmoq_net::lite::publisher[0m[2m:[0m announcing cancelled [3mprefix[0m[2m=[0m
[2m2026-09-06T18:11:38.168308Z[0m [33m WARN[0m [2mmoq_relay::relay[0m[2m:[0m connection closed [3merr[0m[2m=[0mcancelled
[2m2026-09-06T18:11:38.168408Z[0m [33m WARN[0m [1mconn[0m[1m{[0m[3mid[0m[2m=[0m4[1m}[0m[2m:[0m [2mmoq_net::lite::publisher[0m[2m:[0m probe stream error [3merr[0m[2m=[0mcancelled
[2m2026-09-06T18:11:38.168485Z[0m [32m INFO[0m [1mconn[0m[1m{[0m[3mid[0m[2m=[0m4[1m}[0m[2m:[0m [2mmoq_net::lite::publisher[0m[2m:[0m subscribed cancelled [3mid[0m[2m=[0m0 [3mbroadcast[0m[2m=[0mbbb.hang [3mtrack[0m[2m=[0mcatalog.json
[2m2026-09-06T18:11:38.168579Z[0m [32m INFO[0m [1mconn[0m[1m{[0m[3mid[0m[2m=[0m4[1m}[0m[2m:[0m [2mmoq_net::lite::publisher[0m[2m:[0m subscribed cancelled [3mid[0m[2m=[0m2 [3mbroadcast[0m[2m=[0mbbb.hang [3mtrack[0m[2m=[0m0.m4s
[2m2026-09-06T18:11:38.168632Z[0m [32m INFO[0m [1mconn[0m[1m{[0m[3mid[0m[2m=[0m0[1m}[0m[2m:[0m [2mmoq_net::lite::subscriber[0m[2m:[0m subscribe canceled (idle) [3mtrack[0m[2m=[0mcatalog.json
[2m2026-09-06T18:11:38.168678Z[0m [32m INFO[0m [1mconn[0m[1m{[0m[3mid[0m[2m=[0m4[1m}[0m[2m:[0m [2mmoq_net::lite::publisher[0m[2m:[0m subscribed cancelled [3mid[0m[2m=[0m1 [3mbroadcast[0m[2m=[0mbbb.hang [3mtrack[0m[2m=[0m1.m4s
[2m2026-09-06T18:11:38.168695Z[0m [32m INFO[0m [1mconn[0m[1m{[0m[3mid[0m[2m=[0m0[1m}[0m[2m:[0m [2mmoq_net::lite::subscriber[0m[2m:[0m subscribe canceled (idle) [3mtrack[0m[2m=[0m0.m4s
[2m2026-09-06T18:11:38.168818Z[0m [33m WARN[0m [1mconn[0m[1m{[0m[3mid[0m[2m=[0m4[1m}[0m[2m:[0m [2mmoq_net::lite::session[0m[2m:[0m session error [3merr[0m[2m=[0mcancelled
[2m2026-09-06T18:11:38.169042Z[0m [32m INFO[0m [1mconn[0m[1m{[0m[3mid[0m[2m=[0m0[1m}[0m[2m:[0m [2mmoq_net::lite::subscriber[0m[2m:[0m subscribe canceled (idle) [3mtrack[0m[2m=[0m1.m4s
[2m2026-09-06T18:11:41.170180Z[0m [32m INFO[0m [2mmoq_relay::relay[0m[2m:[0m shutdown signal received; draining sessions (signal again to exit immediately) [3mwindow[0m[2m=[0m10s
[2m2026-09-06T18:11:41.170427Z[0m [32m INFO[0m [1mconn[0m[1m{[0m[3mid[0m[2m=[0m0[1m}[0m[2m:[0m [2mmoq_relay::connection[0m[2m:[0m relay shutting down; draining session
[2m2026-09-06T18:11:52.172364Z[0m [32m INFO[0m [2mmoq_relay::relay[0m[2m:[0m drain window elapsed; exiting
[2m2026-09-06T18:11:52.172864Z[0m [33m WARN[0m [2mmoq_net::model::broadcast[0m[2m:[0m broadcast::Producer dropped without finish(). Keep the producer alive while publishing, then call finish().
[2m2026-09-06T18:11:52.173011Z[0m [33m WARN[0m [2mmoq_net::model::broadcast[0m[2m:[0m broadcast::Producer dropped without finish(). Keep the producer alive while publishing, then call finish().
[2m2026-09-06T18:11:52.172864Z[0m [33m WARN[0m [2mmoq_net::model::broadcast[0m[2m:[0m broadcast::Producer dropped without finish(). Keep the producer alive while publishing, then call finish().
[2m2026-09-06T18:11:52.173250Z[0m [33m WARN[0m [1mconn[0m[1m{[0m[3mid[0m[2m=[0m0[1m}[0m[2m:[0m [2mmoq_net::model::track[0m[2m:[0m track::Producer dropped without finish() or abort() [3mtrack[0m[2m=[0mcatalog.json
[2m2026-09-06T18:11:52.173216Z[0m [33m WARN[0m [2mmoq_net::model::broadcast[0m[2m:[0m broadcast::Producer dropped without finish(). Keep the producer alive while publishing, then call finish().
[2m2026-09-06T18:11:52.173317Z[0m [33m WARN[0m [2mmoq_net::model::track[0m[2m:[0m track::Producer dropped without finish() or abort() [3mtrack[0m[2m=[0msubscriber.json
[2m2026-09-06T18:11:52.173372Z[0m [33m WARN[0m [2mmoq_net::model::broadcast[0m[2m:[0m broadcast::Producer dropped without finish(). Keep the producer alive while publishing, then call finish().
[2m2026-09-06T18:11:52.173366Z[0m [33m WARN[0m [1mconn[0m[1m{[0m[3mid[0m[2m=[0m0[1m}[0m[2m:[0m [2mmoq_net::model::track[0m[2m:[0m track::Producer dropped without finish() or abort() [3mtrack[0m[2m=[0m1.m4s
[2m2026-09-06T18:11:52.173483Z[0m [33m WARN[0m [2mmoq_net::model::track[0m[2m:[0m track::Producer dropped without finish() or abort() [3mtrack[0m[2m=[0msubscriber.json.z
[2m2026-09-06T18:11:52.173541Z[0m [33m WARN[0m [2mmoq_net::model::group[0m[2m:[0m group::Producer dropped without finish() or abort() [3msequence[0m[2m=[0m5
[2m2026-09-06T18:11:52.173633Z[0m [33m WARN[0m [2mmoq_net::model::track[0m[2m:[0m track::Producer dropped without finish() or abort() [3mtrack[0m[2m=[0mpublisher.json
[2m2026-09-06T18:11:52.173775Z[0m [33m WARN[0m [2mmoq_net::model::track[0m[2m:[0m track::Producer dropped without finish() or abort() [3mtrack[0m[2m=[0mpublisher.json.z
[2m2026-09-06T18:11:52.173806Z[0m [33m WARN[0m [2mmoq_net::model::group[0m[2m:[0m group::Producer dropped without finish() or abort() [3msequence[0m[2m=[0m5
[2m2026-09-06T18:11:52.173854Z[0m [33m WARN[0m [2mmoq_net::model::track[0m[2m:[0m track::Producer dropped without finish() or abort() [3mtrack[0m[2m=[0msessions.json
[2m2026-09-06T18:11:52.173903Z[0m [33m WARN[0m [2mmoq_net::model::track[0m[2m:[0m track::Producer dropped without finish() or abort() [3mtrack[0m[2m=[0msessions.json.z
[2m2026-09-06T18:11:52.173945Z[0m [33m WARN[0m [2mmoq_net::model::group[0m[2m:[0m group::Producer dropped without finish() or abort() [3msequence[0m[2m=[0m1
[2m2026-09-06T18:11:52.174072Z[0m [33m WARN[0m [1mconn[0m[1m{[0m[3mid[0m[2m=[0m0[1m}[0m[2m:[0m [2mmoq_net::model::track[0m[2m:[0m track::Producer dropped without finish() or abort() [3mtrack[0m[2m=[0m0.m4s
