[2m2026-09-06T18:21:26.994278Z[0m [32m INFO[0m [2mmoq_relay::cluster[0m[2m:[0m cluster initialized [3mhop_id[0m[2m=[0m6157685817535475 [3mconfigured[0m[2m=[0mfalse
[2m2026-09-06T18:21:26.995115Z[0m [32m INFO[0m [2mmoq_relay::stats[0m[2m:[0m stats publishing enabled [3mprefix[0m[2m=[0m".stats" [3minterval_secs[0m[2m=[0m1 [3mnode[0m[2m=[0mSome(Path("local/host")) [3mdepth[0m[2m=[0m0
[2m2026-09-06T18:21:26.996682Z[0m [32m INFO[0m [2mmoq_relay::relay[0m[2m:[0m listening [3maddr[0m[2m=[0m[::]:4443
[2m2026-09-06T18:21:26.997207Z[0m [32m INFO[0m [2mmoq_relay::cluster[0m[2m:[0m no cluster peers configured; running standalone
[2m2026-09-06T18:21:27.413227Z[0m [33m WARN[0m [2mmoq_tokio::accept[0m[2m:[0m accept failed; the listener is not serving new connections [3mlistener[0m[2m=[0m"web" [3merr[0m[2m=[0minvalid input parameter [3mclass[0m[2m=[0m"unknown" [3mconsecutive[0m[2m=[0m1 [3mretry_in_ms[0m[2m=[0m84
[2m2026-09-06T18:21:29.571912Z[0m [32m INFO[0m [1mconn[0m[1m{[0m[3mid[0m[2m=[0m0[1m}[0m[2m:[0m [2mmoq_relay::connection[0m[2m:[0m session accepted [3mtransport[0m[2m=[0mquic [3mrole[0m[2m=[0mSome(Publisher) [3mtier[0m[2m=[0m [3mroot[0m[2m=[0m [3mpublish[0m[2m=[0m [3msubscribe[0m[2m=[0m
[2m2026-09-06T18:21:29.572693Z[0m [32m INFO[0m [1mconn[0m[1m{[0m[3mid[0m[2m=[0m0[1m}[0m[2m:[0m [2mmoq_relay::connection[0m[2m:[0m negotiated [3mversion[0m[2m=[0mmoq-lite-05 [3mtransport[0m[2m=[0mquic
[2m2026-09-06T18:21:29.576030Z[0m [34mDEBUG[0m [1mconn[0m[1m{[0m[3mid[0m[2m=[0m0[1m}[0m[2m:[0m [2mmoq_net::lite::subscriber[0m[2m:[0m announce [3mroute[0m[2m=[0mbbb.hang [3mhops[0m[2m=[0m1
[2m2026-09-06T18:21:36.077719Z[0m [32m INFO[0m [1mconn[0m[1m{[0m[3mid[0m[2m=[0m1[1m}[0m[2m:[0m [2mmoq_relay::connection[0m[2m:[0m session accepted [3mtransport[0m[2m=[0mquic [3mrole[0m[2m=[0mNone [3mtier[0m[2m=[0m [3mroot[0m[2m=[0m [3mpublish[0m[2m=[0m [3msubscribe[0m[2m=[0m
[2m2026-09-06T18:21:36.077824Z[0m [32m INFO[0m [1mconn[0m[1m{[0m[3mid[0m[2m=[0m1[1m}[0m[2m:[0m [2mmoq_relay::connection[0m[2m:[0m negotiated [3mversion[0m[2m=[0mmoq-lite-05 [3mtransport[0m[2m=[0mquic
[2m2026-09-06T18:21:36.078232Z[0m [34mDEBUG[0m [1mconn[0m[1m{[0m[3mid[0m[2m=[0m1[1m}[0m[2m:[0m [2mmoq_net::lite::publisher[0m[2m:[0m announce [3mroute[0m[2m=[0m.stats/node/local/host
[2m2026-09-06T18:21:36.078249Z[0m [34mDEBUG[0m [1mconn[0m[1m{[0m[3mid[0m[2m=[0m1[1m}[0m[2m:[0m [2mmoq_net::lite::publisher[0m[2m:[0m announce [3mroute[0m[2m=[0mbbb.hang
[2m2026-09-06T18:21:36.078409Z[0m [34mDEBUG[0m [1mconn[0m[1m{[0m[3mid[0m[2m=[0m1[1m}[0m[2m:[0m [2mmoq_net::lite::subscriber[0m[2m:[0m peer does not support probing; skipping probe stream
[2m2026-09-06T18:21:36.080660Z[0m [34mDEBUG[0m [1mconn[0m[1m{[0m[3mid[0m[2m=[0m1[1m}[0m[2m:[0m [2mmoq_net::lite::publisher[0m[2m:[0m track info requested [3mbroadcast[0m[2m=[0mbbb.hang [3mtrack[0m[2m=[0mcatalog.json
[2m2026-09-06T18:21:36.082825Z[0m [32m INFO[0m [1mconn[0m[1m{[0m[3mid[0m[2m=[0m1[1m}[0m[2m:[0m [2mmoq_net::lite::publisher[0m[2m:[0m subscribed started [3mid[0m[2m=[0m0 [3mbroadcast[0m[2m=[0mbbb.hang [3mtrack[0m[2m=[0mcatalog.json
[2m2026-09-06T18:21:36.082939Z[0m [32m INFO[0m [1mconn[0m[1m{[0m[3mid[0m[2m=[0m0[1m}[0m[2m:[0m [2mmoq_net::lite::subscriber[0m[2m:[0m subscribe started [3mid[0m[2m=[0m0 [3mbroadcast[0m[2m=[0mbbb.hang [3mtrack[0m[2m=[0mcatalog.json
[2m2026-09-06T18:21:36.083514Z[0m [34mDEBUG[0m [1mconn[0m[1m{[0m[3mid[0m[2m=[0m1[1m}[0m[2m:[0m [2mmoq_net::lite::publisher[0m[2m:[0m serving group [3msubscribe[0m[2m=[0m0 [3mtrack[0m[2m=[0mcatalog.json [3msequence[0m[2m=[0m5
[2m2026-09-06T18:21:36.088791Z[0m [34mDEBUG[0m [1mconn[0m[1m{[0m[3mid[0m[2m=[0m1[1m}[0m[2m:[0m [2mmoq_net::lite::publisher[0m[2m:[0m finished group [3msequence[0m[2m=[0m5
[2m2026-09-06T18:21:36.089795Z[0m [34mDEBUG[0m [1mconn[0m[1m{[0m[3mid[0m[2m=[0m1[1m}[0m[2m:[0m [2mmoq_net::lite::publisher[0m[2m:[0m track info requested [3mbroadcast[0m[2m=[0mbbb.hang [3mtrack[0m[2m=[0m1.m4s
[2m2026-09-06T18:21:36.089897Z[0m [34mDEBUG[0m [1mconn[0m[1m{[0m[3mid[0m[2m=[0m1[1m}[0m[2m:[0m [2mmoq_net::lite::publisher[0m[2m:[0m track info requested [3mbroadcast[0m[2m=[0mbbb.hang [3mtrack[0m[2m=[0m0.m4s
[2m2026-09-06T18:21:36.091877Z[0m [32m INFO[0m [1mconn[0m[1m{[0m[3mid[0m[2m=[0m1[1m}[0m[2m:[0m [2mmoq_net::lite::publisher[0m[2m:[0m subscribed started [3mid[0m[2m=[0m2 [3mbroadcast[0m[2m=[0mbbb.hang [3mtrack[0m[2m=[0m0.m4s
[2m2026-09-06T18:21:36.092305Z[0m [32m INFO[0m [1mconn[0m[1m{[0m[3mid[0m[2m=[0m1[1m}[0m[2m:[0m [2mmoq_net::lite::publisher[0m[2m:[0m subscribed started [3mid[0m[2m=[0m1 [3mbroadcast[0m[2m=[0mbbb.hang [3mtrack[0m[2m=[0m1.m4s
[2m2026-09-06T18:21:36.092391Z[0m [32m INFO[0m [1mconn[0m[1m{[0m[3mid[0m[2m=[0m0[1m}[0m[2m:[0m [2mmoq_net::lite::subscriber[0m[2m:[0m subscribe started [3mid[0m[2m=[0m1 [3mbroadcast[0m[2m=[0mbbb.hang [3mtrack[0m[2m=[0m0.m4s
[2m2026-09-06T18:21:36.092483Z[0m [32m INFO[0m [1mconn[0m[1m{[0m[3mid[0m[2m=[0m0[1m}[0m[2m:[0m [2mmoq_net::lite::subscriber[0m[2m:[0m subscribe started [3mid[0m[2m=[0m2 [3mbroadcast[0m[2m=[0mbbb.hang [3mtrack[0m[2m=[0m1.m4s
[2m2026-09-06T18:21:36.094094Z[0m [34mDEBUG[0m [1mconn[0m[1m{[0m[3mid[0m[2m=[0m1[1m}[0m[2m:[0m [2mmoq_net::lite::publisher[0m[2m:[0m serving group [3msubscribe[0m[2m=[0m1 [3mtrack[0m[2m=[0m1.m4s [3msequence[0m[2m=[0m2
[2m2026-09-06T18:21:36.097710Z[0m [34mDEBUG[0m [1mconn[0m[1m{[0m[3mid[0m[2m=[0m1[1m}[0m[2m:[0m [2mmoq_net::lite::publisher[0m[2m:[0m serving group [3msubscribe[0m[2m=[0m2 [3mtrack[0m[2m=[0m0.m4s [3msequence[0m[2m=[0m2
[2m2026-09-06T18:21:36.912703Z[0m [34mDEBUG[0m [1mconn[0m[1m{[0m[3mid[0m[2m=[0m1[1m}[0m[2m:[0m [2mmoq_net::lite::publisher[0m[2m:[0m serving group [3msubscribe[0m[2m=[0m2 [3mtrack[0m[2m=[0m0.m4s [3msequence[0m[2m=[0m3
[2m2026-09-06T18:21:36.914313Z[0m [34mDEBUG[0m [1mconn[0m[1m{[0m[3mid[0m[2m=[0m1[1m}[0m[2m:[0m [2mmoq_net::lite::publisher[0m[2m:[0m serving group [3msubscribe[0m[2m=[0m1 [3mtrack[0m[2m=[0m1.m4s [3msequence[0m[2m=[0m3
[2m2026-09-06T18:21:36.914425Z[0m [34mDEBUG[0m [1mconn[0m[1m{[0m[3mid[0m[2m=[0m1[1m}[0m[2m:[0m [2mmoq_net::lite::publisher[0m[2m:[0m finished group [3msequence[0m[2m=[0m2
[2m2026-09-06T18:21:36.914543Z[0m [34mDEBUG[0m [1mconn[0m[1m{[0m[3mid[0m[2m=[0m1[1m}[0m[2m:[0m [2mmoq_net::lite::publisher[0m[2m:[0m finished group [3msequence[0m[2m=[0m2
[2m2026-09-06T18:21:39.436353Z[0m [34mDEBUG[0m [1mconn[0m[1m{[0m[3mid[0m[2m=[0m1[1m}[0m[2m:[0m [2mmoq_net::lite::publisher[0m[2m:[0m finished group [3msequence[0m[2m=[0m3
[2m2026-09-06T18:21:39.436447Z[0m [34mDEBUG[0m [1mconn[0m[1m{[0m[3mid[0m[2m=[0m1[1m}[0m[2m:[0m [2mmoq_net::lite::publisher[0m[2m:[0m serving group [3msubscribe[0m[2m=[0m2 [3mtrack[0m[2m=[0m0.m4s [3msequence[0m[2m=[0m4
[2m2026-09-06T18:21:39.436587Z[0m [34mDEBUG[0m [1mconn[0m[1m{[0m[3mid[0m[2m=[0m1[1m}[0m[2m:[0m [2mmoq_net::lite::publisher[0m[2m:[0m finished group [3msequence[0m[2m=[0m3
[2m2026-09-06T18:21:39.441247Z[0m [34mDEBUG[0m [1mconn[0m[1m{[0m[3mid[0m[2m=[0m1[1m}[0m[2m:[0m [2mmoq_net::lite::publisher[0m[2m:[0m serving group [3msubscribe[0m[2m=[0m1 [3mtrack[0m[2m=[0m1.m4s [3msequence[0m[2m=[0m4
[2m2026-09-06T18:21:41.323107Z[0m [34mDEBUG[0m [1mconn[0m[1m{[0m[3mid[0m[2m=[0m1[1m}[0m[2m:[0m [2mmoq_net::lite::publisher[0m[2m:[0m serving group [3msubscribe[0m[2m=[0m2 [3mtrack[0m[2m=[0m0.m4s [3msequence[0m[2m=[0m5
[2m2026-09-06T18:21:41.323598Z[0m [34mDEBUG[0m [1mconn[0m[1m{[0m[3mid[0m[2m=[0m1[1m}[0m[2m:[0m [2mmoq_net::lite::publisher[0m[2m:[0m serving group [3msubscribe[0m[2m=[0m1 [3mtrack[0m[2m=[0m1.m4s [3msequence[0m[2m=[0m5
[2m2026-09-06T18:21:41.324539Z[0m [34mDEBUG[0m [1mconn[0m[1m{[0m[3mid[0m[2m=[0m1[1m}[0m[2m:[0m [2mmoq_net::lite::publisher[0m[2m:[0m finished group [3msequence[0m[2m=[0m4
[2m2026-09-06T18:21:41.324604Z[0m [34mDEBUG[0m [1mconn[0m[1m{[0m[3mid[0m[2m=[0m1[1m}[0m[2m:[0m [2mmoq_net::lite::publisher[0m[2m:[0m finished group [3msequence[0m[2m=[0m4
[2m2026-09-06T18:21:43.836945Z[0m [34mDEBUG[0m [1mconn[0m[1m{[0m[3mid[0m[2m=[0m1[1m}[0m[2m:[0m [2mmoq_net::lite::publisher[0m[2m:[0m finished group [3msequence[0m[2m=[0m5
[2m2026-09-06T18:21:43.837030Z[0m [34mDEBUG[0m [1mconn[0m[1m{[0m[3mid[0m[2m=[0m1[1m}[0m[2m:[0m [2mmoq_net::lite::publisher[0m[2m:[0m serving group [3msubscribe[0m[2m=[0m2 [3mtrack[0m[2m=[0m0.m4s [3msequence[0m[2m=[0m6
[2m2026-09-06T18:21:43.837129Z[0m [34mDEBUG[0m [1mconn[0m[1m{[0m[3mid[0m[2m=[0m1[1m}[0m[2m:[0m [2mmoq_net::lite::publisher[0m[2m:[0m finished group [3msequence[0m[2m=[0m5
[2m2026-09-06T18:21:43.837161Z[0m [34mDEBUG[0m [1mconn[0m[1m{[0m[3mid[0m[2m=[0m1[1m}[0m[2m:[0m [2mmoq_net::lite::publisher[0m[2m:[0m serving group [3msubscribe[0m[2m=[0m1 [3mtrack[0m[2m=[0m1.m4s [3msequence[0m[2m=[0m6
[2m2026-09-06T18:21:45.181146Z[0m [34mDEBUG[0m [1mconn[0m[1m{[0m[3mid[0m[2m=[0m1[1m}[0m[2m:[0m [2mmoq_net::lite::publisher[0m[2m:[0m serving group [3msubscribe[0m[2m=[0m2 [3mtrack[0m[2m=[0m0.m4s [3msequence[0m[2m=[0m7
[2m2026-09-06T18:21:45.182289Z[0m [34mDEBUG[0m [1mconn[0m[1m{[0m[3mid[0m[2m=[0m1[1m}[0m[2m:[0m [2mmoq_net::lite::publisher[0m[2m:[0m finished group [3msequence[0m[2m=[0m6
[2m2026-09-06T18:21:45.183547Z[0m [34mDEBUG[0m [1mconn[0m[1m{[0m[3mid[0m[2m=[0m1[1m}[0m[2m:[0m [2mmoq_net::lite::publisher[0m[2m:[0m serving group [3msubscribe[0m[2m=[0m1 [3mtrack[0m[2m=[0m1.m4s [3msequence[0m[2m=[0m7
[2m2026-09-06T18:21:45.185075Z[0m [34mDEBUG[0m [1mconn[0m[1m{[0m[3mid[0m[2m=[0m1[1m}[0m[2m:[0m [2mmoq_net::lite::publisher[0m[2m:[0m finished group [3msequence[0m[2m=[0m6
[2m2026-09-06T18:21:47.691617Z[0m [34mDEBUG[0m [1mconn[0m[1m{[0m[3mid[0m[2m=[0m1[1m}[0m[2m:[0m [2mmoq_net::lite::publisher[0m[2m:[0m serving group [3msubscribe[0m[2m=[0m2 [3mtrack[0m[2m=[0m0.m4s [3msequence[0m[2m=[0m8
[2m2026-09-06T18:21:47.691772Z[0m [34mDEBUG[0m [1mconn[0m[1m{[0m[3mid[0m[2m=[0m1[1m}[0m[2m:[0m [2mmoq_net::lite::publisher[0m[2m:[0m serving group [3msubscribe[0m[2m=[0m1 [3mtrack[0m[2m=[0m1.m4s [3msequence[0m[2m=[0m8
[2m2026-09-06T18:21:47.693257Z[0m [34mDEBUG[0m [1mconn[0m[1m{[0m[3mid[0m[2m=[0m1[1m}[0m[2m:[0m [2mmoq_net::lite::publisher[0m[2m:[0m finished group [3msequence[0m[2m=[0m7
[2m2026-09-06T18:21:47.693314Z[0m [34mDEBUG[0m [1mconn[0m[1m{[0m[3mid[0m[2m=[0m1[1m}[0m[2m:[0m [2mmoq_net::lite::publisher[0m[2m:[0m finished group [3msequence[0m[2m=[0m7
[2m2026-09-06T18:21:50.203210Z[0m [34mDEBUG[0m [1mconn[0m[1m{[0m[3mid[0m[2m=[0m1[1m}[0m[2m:[0m [2mmoq_net::lite::publisher[0m[2m:[0m finished group [3msequence[0m[2m=[0m8
[2m2026-09-06T18:21:50.203304Z[0m [34mDEBUG[0m [1mconn[0m[1m{[0m[3mid[0m[2m=[0m1[1m}[0m[2m:[0m [2mmoq_net::lite::publisher[0m[2m:[0m serving group [3msubscribe[0m[2m=[0m2 [3mtrack[0m[2m=[0m0.m4s [3msequence[0m[2m=[0m9
[2m2026-09-06T18:21:50.203433Z[0m [34mDEBUG[0m [1mconn[0m[1m{[0m[3mid[0m[2m=[0m1[1m}[0m[2m:[0m [2mmoq_net::lite::publisher[0m[2m:[0m finished group [3msequence[0m[2m=[0m8
[2m2026-09-06T18:21:50.203468Z[0m [34mDEBUG[0m [1mconn[0m[1m{[0m[3mid[0m[2m=[0m1[1m}[0m[2m:[0m [2mmoq_net::lite::publisher[0m[2m:[0m serving group [3msubscribe[0m[2m=[0m1 [3mtrack[0m[2m=[0m1.m4s [3msequence[0m[2m=[0m9
[2m2026-09-06T18:21:52.542279Z[0m [34mDEBUG[0m [1mconn[0m[1m{[0m[3mid[0m[2m=[0m1[1m}[0m[2m:[0m [2mmoq_net::lite::publisher[0m[2m:[0m serving group [3msubscribe[0m[2m=[0m2 [3mtrack[0m[2m=[0m0.m4s [3msequence[0m[2m=[0m10
[2m2026-09-06T18:21:52.542516Z[0m [34mDEBUG[0m [1mconn[0m[1m{[0m[3mid[0m[2m=[0m1[1m}[0m[2m:[0m [2mmoq_net::lite::publisher[0m[2m:[0m serving group [3msubscribe[0m[2m=[0m1 [3mtrack[0m[2m=[0m1.m4s [3msequence[0m[2m=[0m10
[2m2026-09-06T18:21:52.543315Z[0m [34mDEBUG[0m [1mconn[0m[1m{[0m[3mid[0m[2m=[0m1[1m}[0m[2m:[0m [2mmoq_net::lite::publisher[0m[2m:[0m finished group [3msequence[0m[2m=[0m9
[2m2026-09-06T18:21:52.543379Z[0m [34mDEBUG[0m [1mconn[0m[1m{[0m[3mid[0m[2m=[0m1[1m}[0m[2m:[0m [2mmoq_net::lite::publisher[0m[2m:[0m finished group [3msequence[0m[2m=[0m9
[2m2026-09-06T18:21:55.000657Z[0m [34mDEBUG[0m [1mconn[0m[1m{[0m[3mid[0m[2m=[0m1[1m}[0m[2m:[0m [2mmoq_net::lite::publisher[0m[2m:[0m serving group [3msubscribe[0m[2m=[0m0 [3mtrack[0m[2m=[0mcatalog.json [3msequence[0m[2m=[0m6
[2m2026-09-06T18:21:55.000872Z[0m [34mDEBUG[0m [1mconn[0m[1m{[0m[3mid[0m[2m=[0m1[1m}[0m[2m:[0m [2mmoq_net::lite::publisher[0m[2m:[0m serving group [3msubscribe[0m[2m=[0m2 [3mtrack[0m[2m=[0m0.m4s [3msequence[0m[2m=[0m11
[2m2026-09-06T18:21:55.001854Z[0m [34mDEBUG[0m [1mconn[0m[1m{[0m[3mid[0m[2m=[0m1[1m}[0m[2m:[0m [2mmoq_net::lite::publisher[0m[2m:[0m serving group [3msubscribe[0m[2m=[0m1 [3mtrack[0m[2m=[0m1.m4s [3msequence[0m[2m=[0m11
[2m2026-09-06T18:21:55.001921Z[0m [34mDEBUG[0m [1mconn[0m[1m{[0m[3mid[0m[2m=[0m1[1m}[0m[2m:[0m [2mmoq_net::lite::publisher[0m[2m:[0m finished group [3msequence[0m[2m=[0m6
[2m2026-09-06T18:21:55.001950Z[0m [34mDEBUG[0m [1mconn[0m[1m{[0m[3mid[0m[2m=[0m1[1m}[0m[2m:[0m [2mmoq_net::lite::publisher[0m[2m:[0m finished group [3msequence[0m[2m=[0m10
[2m2026-09-06T18:21:55.002712Z[0m [34mDEBUG[0m [1mconn[0m[1m{[0m[3mid[0m[2m=[0m1[1m}[0m[2m:[0m [2mmoq_net::lite::publisher[0m[2m:[0m finished group [3msequence[0m[2m=[0m10
[2m2026-09-06T18:21:57.508377Z[0m [34mDEBUG[0m [1mconn[0m[1m{[0m[3mid[0m[2m=[0m1[1m}[0m[2m:[0m [2mmoq_net::lite::publisher[0m[2m:[0m serving group [3msubscribe[0m[2m=[0m2 [3mtrack[0m[2m=[0m0.m4s [3msequence[0m[2m=[0m12
[2m2026-09-06T18:21:57.508498Z[0m [34mDEBUG[0m [1mconn[0m[1m{[0m[3mid[0m[2m=[0m1[1m}[0m[2m:[0m [2mmoq_net::lite::publisher[0m[2m:[0m serving group [3msubscribe[0m[2m=[0m1 [3mtrack[0m[2m=[0m1.m4s [3msequence[0m[2m=[0m12
[2m2026-09-06T18:21:57.509914Z[0m [34mDEBUG[0m [1mconn[0m[1m{[0m[3mid[0m[2m=[0m1[1m}[0m[2m:[0m [2mmoq_net::lite::publisher[0m[2m:[0m finished group [3msequence[0m[2m=[0m11
[2m2026-09-06T18:21:57.509969Z[0m [34mDEBUG[0m [1mconn[0m[1m{[0m[3mid[0m[2m=[0m1[1m}[0m[2m:[0m [2mmoq_net::lite::publisher[0m[2m:[0m finished group [3msequence[0m[2m=[0m11
[2m2026-09-06T18:21:59.983457Z[0m [34mDEBUG[0m [1mconn[0m[1m{[0m[3mid[0m[2m=[0m1[1m}[0m[2m:[0m [2mmoq_net::lite::publisher[0m[2m:[0m serving group [3msubscribe[0m[2m=[0m2 [3mtrack[0m[2m=[0m0.m4s [3msequence[0m[2m=[0m13
[2m2026-09-06T18:21:59.984833Z[0m [34mDEBUG[0m [1mconn[0m[1m{[0m[3mid[0m[2m=[0m1[1m}[0m[2m:[0m [2mmoq_net::lite::publisher[0m[2m:[0m finished group [3msequence[0m[2m=[0m12
[2m2026-09-06T18:21:59.984937Z[0m [34mDEBUG[0m [1mconn[0m[1m{[0m[3mid[0m[2m=[0m1[1m}[0m[2m:[0m [2mmoq_net::lite::publisher[0m[2m:[0m serving group [3msubscribe[0m[2m=[0m1 [3mtrack[0m[2m=[0m1.m4s [3msequence[0m[2m=[0m13
[2m2026-09-06T18:21:59.986545Z[0m [34mDEBUG[0m [1mconn[0m[1m{[0m[3mid[0m[2m=[0m1[1m}[0m[2m:[0m [2mmoq_net::lite::publisher[0m[2m:[0m finished group [3msequence[0m[2m=[0m12
[2m2026-09-06T18:22:02.500111Z[0m [34mDEBUG[0m [1mconn[0m[1m{[0m[3mid[0m[2m=[0m1[1m}[0m[2m:[0m [2mmoq_net::lite::publisher[0m[2m:[0m serving group [3msubscribe[0m[2m=[0m2 [3mtrack[0m[2m=[0m0.m4s [3msequence[0m[2m=[0m14
[2m2026-09-06T18:22:02.500251Z[0m [34mDEBUG[0m [1mconn[0m[1m{[0m[3mid[0m[2m=[0m1[1m}[0m[2m:[0m [2mmoq_net::lite::publisher[0m[2m:[0m serving group [3msubscribe[0m[2m=[0m1 [3mtrack[0m[2m=[0m1.m4s [3msequence[0m[2m=[0m14
[2m2026-09-06T18:22:02.502018Z[0m [34mDEBUG[0m [1mconn[0m[1m{[0m[3mid[0m[2m=[0m1[1m}[0m[2m:[0m [2mmoq_net::lite::publisher[0m[2m:[0m finished group [3msequence[0m[2m=[0m13
[2m2026-09-06T18:22:02.502080Z[0m [34mDEBUG[0m [1mconn[0m[1m{[0m[3mid[0m[2m=[0m1[1m}[0m[2m:[0m [2mmoq_net::lite::publisher[0m[2m:[0m finished group [3msequence[0m[2m=[0m13
[2m2026-09-06T18:22:04.993477Z[0m [34mDEBUG[0m [1mconn[0m[1m{[0m[3mid[0m[2m=[0m1[1m}[0m[2m:[0m [2mmoq_net::lite::publisher[0m[2m:[0m serving group [3msubscribe[0m[2m=[0m1 [3mtrack[0m[2m=[0m1.m4s [3msequence[0m[2m=[0m15
[2m2026-09-06T18:22:04.993703Z[0m [34mDEBUG[0m [1mconn[0m[1m{[0m[3mid[0m[2m=[0m1[1m}[0m[2m:[0m [2mmoq_net::lite::publisher[0m[2m:[0m serving group [3msubscribe[0m[2m=[0m2 [3mtrack[0m[2m=[0m0.m4s [3msequence[0m[2m=[0m15
[2m2026-09-06T18:22:04.994324Z[0m [34mDEBUG[0m [1mconn[0m[1m{[0m[3mid[0m[2m=[0m1[1m}[0m[2m:[0m [2mmoq_net::lite::publisher[0m[2m:[0m finished group [3msequence[0m[2m=[0m14
[2m2026-09-06T18:22:04.994428Z[0m [34mDEBUG[0m [1mconn[0m[1m{[0m[3mid[0m[2m=[0m1[1m}[0m[2m:[0m [2mmoq_net::lite::publisher[0m[2m:[0m finished group [3msequence[0m[2m=[0m14
[2m2026-09-06T18:22:07.486312Z[0m [34mDEBUG[0m [1mconn[0m[1m{[0m[3mid[0m[2m=[0m1[1m}[0m[2m:[0m [2mmoq_net::lite::publisher[0m[2m:[0m serving group [3msubscribe[0m[2m=[0m2 [3mtrack[0m[2m=[0m0.m4s [3msequence[0m[2m=[0m16
[2m2026-09-06T18:22:07.486895Z[0m [34mDEBUG[0m [1mconn[0m[1m{[0m[3mid[0m[2m=[0m1[1m}[0m[2m:[0m [2mmoq_net::lite::publisher[0m[2m:[0m serving group [3msubscribe[0m[2m=[0m1 [3mtrack[0m[2m=[0m1.m4s [3msequence[0m[2m=[0m16
[2m2026-09-06T18:22:07.488856Z[0m [34mDEBUG[0m [1mconn[0m[1m{[0m[3mid[0m[2m=[0m1[1m}[0m[2m:[0m [2mmoq_net::lite::publisher[0m[2m:[0m finished group [3msequence[0m[2m=[0m15
[2m2026-09-06T18:22:07.489020Z[0m [34mDEBUG[0m [1mconn[0m[1m{[0m[3mid[0m[2m=[0m1[1m}[0m[2m:[0m [2mmoq_net::lite::publisher[0m[2m:[0m finished group [3msequence[0m[2m=[0m15
[2m2026-09-06T18:22:09.994236Z[0m [34mDEBUG[0m [1mconn[0m[1m{[0m[3mid[0m[2m=[0m1[1m}[0m[2m:[0m [2mmoq_net::lite::publisher[0m[2m:[0m serving group [3msubscribe[0m[2m=[0m2 [3mtrack[0m[2m=[0m0.m4s [3msequence[0m[2m=[0m17
[2m2026-09-06T18:22:09.994346Z[0m [34mDEBUG[0m [1mconn[0m[1m{[0m[3mid[0m[2m=[0m1[1m}[0m[2m:[0m [2mmoq_net::lite::publisher[0m[2m:[0m serving group [3msubscribe[0m[2m=[0m1 [3mtrack[0m[2m=[0m1.m4s [3msequence[0m[2m=[0m17
[2m2026-09-06T18:22:09.994905Z[0m [34mDEBUG[0m [1mconn[0m[1m{[0m[3mid[0m[2m=[0m1[1m}[0m[2m:[0m [2mmoq_net::lite::publisher[0m[2m:[0m finished group [3msequence[0m[2m=[0m16
[2m2026-09-06T18:22:09.994947Z[0m [34mDEBUG[0m [1mconn[0m[1m{[0m[3mid[0m[2m=[0m1[1m}[0m[2m:[0m [2mmoq_net::lite::publisher[0m[2m:[0m finished group [3msequence[0m[2m=[0m16
[2m2026-09-06T18:22:12.504455Z[0m [34mDEBUG[0m [1mconn[0m[1m{[0m[3mid[0m[2m=[0m1[1m}[0m[2m:[0m [2mmoq_net::lite::publisher[0m[2m:[0m serving group [3msubscribe[0m[2m=[0m2 [3mtrack[0m[2m=[0m0.m4s [3msequence[0m[2m=[0m18
[2m2026-09-06T18:22:12.504941Z[0m [34mDEBUG[0m [1mconn[0m[1m{[0m[3mid[0m[2m=[0m1[1m}[0m[2m:[0m [2mmoq_net::lite::publisher[0m[2m:[0m finished group [3msequence[0m[2m=[0m17
[2m2026-09-06T18:22:12.504974Z[0m [34mDEBUG[0m [1mconn[0m[1m{[0m[3mid[0m[2m=[0m1[1m}[0m[2m:[0m [2mmoq_net::lite::publisher[0m[2m:[0m finished group [3msequence[0m[2m=[0m17
[2m2026-09-06T18:22:12.505748Z[0m [34mDEBUG[0m [1mconn[0m[1m{[0m[3mid[0m[2m=[0m1[1m}[0m[2m:[0m [2mmoq_net::lite::publisher[0m[2m:[0m serving group [3msubscribe[0m[2m=[0m1 [3mtrack[0m[2m=[0m1.m4s [3msequence[0m[2m=[0m18
[2m2026-09-06T18:22:14.974118Z[0m [34mDEBUG[0m [1mconn[0m[1m{[0m[3mid[0m[2m=[0m1[1m}[0m[2m:[0m [2mmoq_net::lite::publisher[0m[2m:[0m serving group [3msubscribe[0m[2m=[0m2 [3mtrack[0m[2m=[0m0.m4s [3msequence[0m[2m=[0m19
[2m2026-09-06T18:22:14.975262Z[0m [34mDEBUG[0m [1mconn[0m[1m{[0m[3mid[0m[2m=[0m1[1m}[0m[2m:[0m [2mmoq_net::lite::publisher[0m[2m:[0m finished group [3msequence[0m[2m=[0m18
[2m2026-09-06T18:22:14.978511Z[0m [34mDEBUG[0m [1mconn[0m[1m{[0m[3mid[0m[2m=[0m1[1m}[0m[2m:[0m [2mmoq_net::lite::publisher[0m[2m:[0m serving group [3msubscribe[0m[2m=[0m1 [3mtrack[0m[2m=[0m1.m4s [3msequence[0m[2m=[0m19
[2m2026-09-06T18:22:14.980058Z[0m [34mDEBUG[0m [1mconn[0m[1m{[0m[3mid[0m[2m=[0m1[1m}[0m[2m:[0m [2mmoq_net::lite::publisher[0m[2m:[0m finished group [3msequence[0m[2m=[0m18
[2m2026-09-06T18:22:17.186240Z[0m [34mDEBUG[0m [1mconn[0m[1m{[0m[3mid[0m[2m=[0m1[1m}[0m[2m:[0m [2mmoq_net::lite::publisher[0m[2m:[0m serving group [3msubscribe[0m[2m=[0m2 [3mtrack[0m[2m=[0m0.m4s [3msequence[0m[2m=[0m20
[2m2026-09-06T18:22:17.186434Z[0m [34mDEBUG[0m [1mconn[0m[1m{[0m[3mid[0m[2m=[0m1[1m}[0m[2m:[0m [2mmoq_net::lite::publisher[0m[2m:[0m serving group [3msubscribe[0m[2m=[0m1 [3mtrack[0m[2m=[0m1.m4s [3msequence[0m[2m=[0m20
[2m2026-09-06T18:22:17.188869Z[0m [34mDEBUG[0m [1mconn[0m[1m{[0m[3mid[0m[2m=[0m1[1m}[0m[2m:[0m [2mmoq_net::lite::publisher[0m[2m:[0m finished group [3msequence[0m[2m=[0m19
[2m2026-09-06T18:22:17.188998Z[0m [34mDEBUG[0m [1mconn[0m[1m{[0m[3mid[0m[2m=[0m1[1m}[0m[2m:[0m [2mmoq_net::lite::publisher[0m[2m:[0m finished group [3msequence[0m[2m=[0m19
[2m2026-09-06T18:22:19.654954Z[0m [34mDEBUG[0m [1mconn[0m[1m{[0m[3mid[0m[2m=[0m1[1m}[0m[2m:[0m [2mmoq_net::lite::publisher[0m[2m:[0m serving group [3msubscribe[0m[2m=[0m2 [3mtrack[0m[2m=[0m0.m4s [3msequence[0m[2m=[0m21
[2m2026-09-06T18:22:19.655616Z[0m [34mDEBUG[0m [1mconn[0m[1m{[0m[3mid[0m[2m=[0m1[1m}[0m[2m:[0m [2mmoq_net::lite::publisher[0m[2m:[0m serving group [3msubscribe[0m[2m=[0m1 [3mtrack[0m[2m=[0m1.m4s [3msequence[0m[2m=[0m21
[2m2026-09-06T18:22:19.655786Z[0m [34mDEBUG[0m [1mconn[0m[1m{[0m[3mid[0m[2m=[0m1[1m}[0m[2m:[0m [2mmoq_net::lite::publisher[0m[2m:[0m finished group [3msequence[0m[2m=[0m20
[2m2026-09-06T18:22:19.656391Z[0m [34mDEBUG[0m [1mconn[0m[1m{[0m[3mid[0m[2m=[0m1[1m}[0m[2m:[0m [2mmoq_net::lite::publisher[0m[2m:[0m finished group [3msequence[0m[2m=[0m20
[2m2026-09-06T18:22:22.172218Z[0m [34mDEBUG[0m [1mconn[0m[1m{[0m[3mid[0m[2m=[0m1[1m}[0m[2m:[0m [2mmoq_net::lite::publisher[0m[2m:[0m serving group [3msubscribe[0m[2m=[0m2 [3mtrack[0m[2m=[0m0.m4s [3msequence[0m[2m=[0m22
[2m2026-09-06T18:22:22.172348Z[0m [34mDEBUG[0m [1mconn[0m[1m{[0m[3mid[0m[2m=[0m1[1m}[0m[2m:[0m [2mmoq_net::lite::publisher[0m[2m:[0m serving group [3msubscribe[0m[2m=[0m1 [3mtrack[0m[2m=[0m1.m4s [3msequence[0m[2m=[0m22
[2m2026-09-06T18:22:22.173584Z[0m [34mDEBUG[0m [1mconn[0m[1m{[0m[3mid[0m[2m=[0m1[1m}[0m[2m:[0m [2mmoq_net::lite::publisher[0m[2m:[0m finished group [3msequence[0m[2m=[0m21
[2m2026-09-06T18:22:22.173667Z[0m [34mDEBUG[0m [1mconn[0m[1m{[0m[3mid[0m[2m=[0m1[1m}[0m[2m:[0m [2mmoq_net::lite::publisher[0m[2m:[0m finished group [3msequence[0m[2m=[0m21
[2m2026-09-06T18:22:24.673643Z[0m [34mDEBUG[0m [1mconn[0m[1m{[0m[3mid[0m[2m=[0m1[1m}[0m[2m:[0m [2mmoq_net::lite::publisher[0m[2m:[0m serving group [3msubscribe[0m[2m=[0m2 [3mtrack[0m[2m=[0m0.m4s [3msequence[0m[2m=[0m23
[2m2026-09-06T18:22:24.675456Z[0m [34mDEBUG[0m [1mconn[0m[1m{[0m[3mid[0m[2m=[0m1[1m}[0m[2m:[0m [2mmoq_net::lite::publisher[0m[2m:[0m finished group [3msequence[0m[2m=[0m22
[2m2026-09-06T18:22:24.675667Z[0m [34mDEBUG[0m [1mconn[0m[1m{[0m[3mid[0m[2m=[0m1[1m}[0m[2m:[0m [2mmoq_net::lite::publisher[0m[2m:[0m serving group [3msubscribe[0m[2m=[0m1 [3mtrack[0m[2m=[0m1.m4s [3msequence[0m[2m=[0m23
[2m2026-09-06T18:22:24.675741Z[0m [34mDEBUG[0m [1mconn[0m[1m{[0m[3mid[0m[2m=[0m1[1m}[0m[2m:[0m [2mmoq_net::lite::publisher[0m[2m:[0m finished group [3msequence[0m[2m=[0m22
[2m2026-09-06T18:22:27.158239Z[0m [34mDEBUG[0m [1mconn[0m[1m{[0m[3mid[0m[2m=[0m1[1m}[0m[2m:[0m [2mmoq_net::lite::publisher[0m[2m:[0m serving group [3msubscribe[0m[2m=[0m2 [3mtrack[0m[2m=[0m0.m4s [3msequence[0m[2m=[0m24
[2m2026-09-06T18:22:27.158372Z[0m [34mDEBUG[0m [1mconn[0m[1m{[0m[3mid[0m[2m=[0m1[1m}[0m[2m:[0m [2mmoq_net::lite::publisher[0m[2m:[0m serving group [3msubscribe[0m[2m=[0m1 [3mtrack[0m[2m=[0m1.m4s [3msequence[0m[2m=[0m24
[2m2026-09-06T18:22:27.159567Z[0m [34mDEBUG[0m [1mconn[0m[1m{[0m[3mid[0m[2m=[0m1[1m}[0m[2m:[0m [2mmoq_net::lite::publisher[0m[2m:[0m finished group [3msequence[0m[2m=[0m23
[2m2026-09-06T18:22:27.159601Z[0m [34mDEBUG[0m [1mconn[0m[1m{[0m[3mid[0m[2m=[0m1[1m}[0m[2m:[0m [2mmoq_net::lite::publisher[0m[2m:[0m finished group [3msequence[0m[2m=[0m23
[2m2026-09-06T18:22:29.667554Z[0m [34mDEBUG[0m [1mconn[0m[1m{[0m[3mid[0m[2m=[0m1[1m}[0m[2m:[0m [2mmoq_net::lite::publisher[0m[2m:[0m serving group [3msubscribe[0m[2m=[0m2 [3mtrack[0m[2m=[0m0.m4s [3msequence[0m[2m=[0m25
[2m2026-09-06T18:22:29.667661Z[0m [34mDEBUG[0m [1mconn[0m[1m{[0m[3mid[0m[2m=[0m1[1m}[0m[2m:[0m [2mmoq_net::lite::publisher[0m[2m:[0m serving group [3msubscribe[0m[2m=[0m1 [3mtrack[0m[2m=[0m1.m4s [3msequence[0m[2m=[0m25
[2m2026-09-06T18:22:29.669203Z[0m [34mDEBUG[0m [1mconn[0m[1m{[0m[3mid[0m[2m=[0m1[1m}[0m[2m:[0m [2mmoq_net::lite::publisher[0m[2m:[0m finished group [3msequence[0m[2m=[0m24
[2m2026-09-06T18:22:29.669240Z[0m [34mDEBUG[0m [1mconn[0m[1m{[0m[3mid[0m[2m=[0m1[1m}[0m[2m:[0m [2mmoq_net::lite::publisher[0m[2m:[0m finished group [3msequence[0m[2m=[0m24
[2m2026-09-06T18:22:32.161685Z[0m [34mDEBUG[0m [1mconn[0m[1m{[0m[3mid[0m[2m=[0m1[1m}[0m[2m:[0m [2mmoq_net::lite::publisher[0m[2m:[0m serving group [3msubscribe[0m[2m=[0m2 [3mtrack[0m[2m=[0m0.m4s [3msequence[0m[2m=[0m26
[2m2026-09-06T18:22:32.161915Z[0m [34mDEBUG[0m [1mconn[0m[1m{[0m[3mid[0m[2m=[0m1[1m}[0m[2m:[0m [2mmoq_net::lite::publisher[0m[2m:[0m finished group [3msequence[0m[2m=[0m25
[2m2026-09-06T18:22:32.161951Z[0m [34mDEBUG[0m [1mconn[0m[1m{[0m[3mid[0m[2m=[0m1[1m}[0m[2m:[0m [2mmoq_net::lite::publisher[0m[2m:[0m serving group [3msubscribe[0m[2m=[0m1 [3mtrack[0m[2m=[0m1.m4s [3msequence[0m[2m=[0m26
[2m2026-09-06T18:22:32.162042Z[0m [34mDEBUG[0m [1mconn[0m[1m{[0m[3mid[0m[2m=[0m1[1m}[0m[2m:[0m [2mmoq_net::lite::publisher[0m[2m:[0m finished group [3msequence[0m[2m=[0m25
[2m2026-09-06T18:22:33.255178Z[0m [34mDEBUG[0m [1mconn[0m[1m{[0m[3mid[0m[2m=[0m1[1m}[0m[2m:[0m [2mmoq_net::lite::publisher[0m[2m:[0m serving group [3msubscribe[0m[2m=[0m2 [3mtrack[0m[2m=[0m0.m4s [3msequence[0m[2m=[0m27
[2m2026-09-06T18:22:33.255802Z[0m [34mDEBUG[0m [1mconn[0m[1m{[0m[3mid[0m[2m=[0m1[1m}[0m[2m:[0m [2mmoq_net::lite::publisher[0m[2m:[0m finished group [3msequence[0m[2m=[0m26
[2m2026-09-06T18:22:33.255844Z[0m [34mDEBUG[0m [1mconn[0m[1m{[0m[3mid[0m[2m=[0m1[1m}[0m[2m:[0m [2mmoq_net::lite::publisher[0m[2m:[0m finished group [3msequence[0m[2m=[0m26
[2m2026-09-06T18:22:33.257241Z[0m [34mDEBUG[0m [1mconn[0m[1m{[0m[3mid[0m[2m=[0m1[1m}[0m[2m:[0m [2mmoq_net::lite::publisher[0m[2m:[0m serving group [3msubscribe[0m[2m=[0m1 [3mtrack[0m[2m=[0m1.m4s [3msequence[0m[2m=[0m27
[2m2026-09-06T18:22:35.746890Z[0m [34mDEBUG[0m [1mconn[0m[1m{[0m[3mid[0m[2m=[0m1[1m}[0m[2m:[0m [2mmoq_net::lite::publisher[0m[2m:[0m serving group [3msubscribe[0m[2m=[0m2 [3mtrack[0m[2m=[0m0.m4s [3msequence[0m[2m=[0m28
[2m2026-09-06T18:22:35.747031Z[0m [34mDEBUG[0m [1mconn[0m[1m{[0m[3mid[0m[2m=[0m1[1m}[0m[2m:[0m [2mmoq_net::lite::publisher[0m[2m:[0m serving group [3msubscribe[0m[2m=[0m1 [3mtrack[0m[2m=[0m1.m4s [3msequence[0m[2m=[0m28
[2m2026-09-06T18:22:35.748575Z[0m [34mDEBUG[0m [1mconn[0m[1m{[0m[3mid[0m[2m=[0m1[1m}[0m[2m:[0m [2mmoq_net::lite::publisher[0m[2m:[0m finished group [3msequence[0m[2m=[0m27
[2m2026-09-06T18:22:35.748622Z[0m [34mDEBUG[0m [1mconn[0m[1m{[0m[3mid[0m[2m=[0m1[1m}[0m[2m:[0m [2mmoq_net::lite::publisher[0m[2m:[0m finished group [3msequence[0m[2m=[0m27
[2m2026-09-06T18:22:36.511286Z[0m [34mDEBUG[0m [1mconn[0m[1m{[0m[3mid[0m[2m=[0m1[1m}[0m[2m:[0m [2mmoq_net::lite::publisher[0m[2m:[0m announcing cancelled [3mprefix[0m[2m=[0m
[2m2026-09-06T18:22:36.511445Z[0m [33m WARN[0m [1mconn[0m[1m{[0m[3mid[0m[2m=[0m1[1m}[0m[2m:[0m [2mmoq_net::lite::publisher[0m[2m:[0m probe stream error [3merr[0m[2m=[0mcancelled
[2m2026-09-06T18:22:36.511518Z[0m [32m INFO[0m [1mconn[0m[1m{[0m[3mid[0m[2m=[0m1[1m}[0m[2m:[0m [2mmoq_net::lite::publisher[0m[2m:[0m subscribed cancelled [3mid[0m[2m=[0m0 [3mbroadcast[0m[2m=[0mbbb.hang [3mtrack[0m[2m=[0mcatalog.json
[2m2026-09-06T18:22:36.511632Z[0m [32m INFO[0m [1mconn[0m[1m{[0m[3mid[0m[2m=[0m1[1m}[0m[2m:[0m [2mmoq_net::lite::publisher[0m[2m:[0m subscribed cancelled [3mid[0m[2m=[0m2 [3mbroadcast[0m[2m=[0mbbb.hang [3mtrack[0m[2m=[0m0.m4s
[2m2026-09-06T18:22:36.511725Z[0m [33m WARN[0m [2mmoq_relay::relay[0m[2m:[0m connection closed [3merr[0m[2m=[0mcancelled
[2m2026-09-06T18:22:36.511784Z[0m [32m INFO[0m [1mconn[0m[1m{[0m[3mid[0m[2m=[0m1[1m}[0m[2m:[0m [2mmoq_net::lite::publisher[0m[2m:[0m subscribed cancelled [3mid[0m[2m=[0m1 [3mbroadcast[0m[2m=[0mbbb.hang [3mtrack[0m[2m=[0m1.m4s
[2m2026-09-06T18:22:36.511849Z[0m [32m INFO[0m [1mconn[0m[1m{[0m[3mid[0m[2m=[0m0[1m}[0m[2m:[0m [2mmoq_net::lite::subscriber[0m[2m:[0m subscribe canceled (idle) [3mtrack[0m[2m=[0mcatalog.json
[2m2026-09-06T18:22:36.511897Z[0m [32m INFO[0m [1mconn[0m[1m{[0m[3mid[0m[2m=[0m0[1m}[0m[2m:[0m [2mmoq_net::lite::subscriber[0m[2m:[0m subscribe canceled (idle) [3mtrack[0m[2m=[0m0.m4s
[2m2026-09-06T18:22:36.511909Z[0m [33m WARN[0m [1mconn[0m[1m{[0m[3mid[0m[2m=[0m1[1m}[0m[2m:[0m [2mmoq_net::lite::session[0m[2m:[0m session error [3merr[0m[2m=[0mcancelled
[2m2026-09-06T18:22:36.511930Z[0m [32m INFO[0m [1mconn[0m[1m{[0m[3mid[0m[2m=[0m0[1m}[0m[2m:[0m [2mmoq_net::lite::subscriber[0m[2m:[0m subscribe canceled (idle) [3mtrack[0m[2m=[0m1.m4s
[2m2026-09-06T18:22:39.745204Z[0m [32m INFO[0m [1mconn[0m[1m{[0m[3mid[0m[2m=[0m2[1m}[0m[2m:[0m [2mmoq_relay::connection[0m[2m:[0m session accepted [3mtransport[0m[2m=[0mquic [3mrole[0m[2m=[0mNone [3mtier[0m[2m=[0m [3mroot[0m[2m=[0m [3mpublish[0m[2m=[0m [3msubscribe[0m[2m=[0m
[2m2026-09-06T18:22:39.745316Z[0m [32m INFO[0m [1mconn[0m[1m{[0m[3mid[0m[2m=[0m2[1m}[0m[2m:[0m [2mmoq_relay::connection[0m[2m:[0m negotiated [3mversion[0m[2m=[0mmoq-lite-05 [3mtransport[0m[2m=[0mquic
[2m2026-09-06T18:22:39.745457Z[0m [34mDEBUG[0m [1mconn[0m[1m{[0m[3mid[0m[2m=[0m2[1m}[0m[2m:[0m [2mmoq_net::lite::publisher[0m[2m:[0m announce [3mroute[0m[2m=[0m.stats/node/local/host
[2m2026-09-06T18:22:39.745475Z[0m [34mDEBUG[0m [1mconn[0m[1m{[0m[3mid[0m[2m=[0m2[1m}[0m[2m:[0m [2mmoq_net::lite::publisher[0m[2m:[0m announce [3mroute[0m[2m=[0mbbb.hang
[2m2026-09-06T18:22:39.745599Z[0m [34mDEBUG[0m [1mconn[0m[1m{[0m[3mid[0m[2m=[0m2[1m}[0m[2m:[0m [2mmoq_net::lite::subscriber[0m[2m:[0m peer does not support probing; skipping probe stream
[2m2026-09-06T18:22:39.747611Z[0m [34mDEBUG[0m [1mconn[0m[1m{[0m[3mid[0m[2m=[0m2[1m}[0m[2m:[0m [2mmoq_net::lite::publisher[0m[2m:[0m track info requested [3mbroadcast[0m[2m=[0mbbb.hang [3mtrack[0m[2m=[0mcatalog.json
[2m2026-09-06T18:22:39.748513Z[0m [32m INFO[0m [1mconn[0m[1m{[0m[3mid[0m[2m=[0m2[1m}[0m[2m:[0m [2mmoq_net::lite::publisher[0m[2m:[0m subscribed started [3mid[0m[2m=[0m0 [3mbroadcast[0m[2m=[0mbbb.hang [3mtrack[0m[2m=[0mcatalog.json
[2m2026-09-06T18:22:39.748604Z[0m [34mDEBUG[0m [1mconn[0m[1m{[0m[3mid[0m[2m=[0m2[1m}[0m[2m:[0m [2mmoq_net::lite::publisher[0m[2m:[0m serving group [3msubscribe[0m[2m=[0m0 [3mtrack[0m[2m=[0mcatalog.json [3msequence[0m[2m=[0m6
[2m2026-09-06T18:22:39.748665Z[0m [32m INFO[0m [1mconn[0m[1m{[0m[3mid[0m[2m=[0m0[1m}[0m[2m:[0m [2mmoq_net::lite::subscriber[0m[2m:[0m subscribe started [3mid[0m[2m=[0m3 [3mbroadcast[0m[2m=[0mbbb.hang [3mtrack[0m[2m=[0mcatalog.json
[2m2026-09-06T18:22:39.756734Z[0m [34mDEBUG[0m [1mconn[0m[1m{[0m[3mid[0m[2m=[0m2[1m}[0m[2m:[0m [2mmoq_net::lite::publisher[0m[2m:[0m finished group [3msequence[0m[2m=[0m6
[2m2026-09-06T18:22:39.757169Z[0m [34mDEBUG[0m [1mconn[0m[1m{[0m[3mid[0m[2m=[0m2[1m}[0m[2m:[0m [2mmoq_net::lite::publisher[0m[2m:[0m track info requested [3mbroadcast[0m[2m=[0mbbb.hang [3mtrack[0m[2m=[0m1.m4s
[2m2026-09-06T18:22:39.757268Z[0m [34mDEBUG[0m [1mconn[0m[1m{[0m[3mid[0m[2m=[0m2[1m}[0m[2m:[0m [2mmoq_net::lite::publisher[0m[2m:[0m track info requested [3mbroadcast[0m[2m=[0mbbb.hang [3mtrack[0m[2m=[0m0.m4s
[2m2026-09-06T18:22:39.758271Z[0m [32m INFO[0m [1mconn[0m[1m{[0m[3mid[0m[2m=[0m2[1m}[0m[2m:[0m [2mmoq_net::lite::publisher[0m[2m:[0m subscribed started [3mid[0m[2m=[0m1 [3mbroadcast[0m[2m=[0mbbb.hang [3mtrack[0m[2m=[0m1.m4s
[2m2026-09-06T18:22:39.758357Z[0m [32m INFO[0m [1mconn[0m[1m{[0m[3mid[0m[2m=[0m2[1m}[0m[2m:[0m [2mmoq_net::lite::publisher[0m[2m:[0m subscribed started [3mid[0m[2m=[0m2 [3mbroadcast[0m[2m=[0mbbb.hang [3mtrack[0m[2m=[0m0.m4s
[2m2026-09-06T18:22:39.758404Z[0m [32m INFO[0m [1mconn[0m[1m{[0m[3mid[0m[2m=[0m0[1m}[0m[2m:[0m [2mmoq_net::lite::subscriber[0m[2m:[0m subscribe started [3mid[0m[2m=[0m4 [3mbroadcast[0m[2m=[0mbbb.hang [3mtrack[0m[2m=[0m1.m4s
[2m2026-09-06T18:22:39.758516Z[0m [32m INFO[0m [1mconn[0m[1m{[0m[3mid[0m[2m=[0m0[1m}[0m[2m:[0m [2mmoq_net::lite::subscriber[0m[2m:[0m subscribe started [3mid[0m[2m=[0m5 [3mbroadcast[0m[2m=[0mbbb.hang [3mtrack[0m[2m=[0m0.m4s
[2m2026-09-06T18:22:39.761020Z[0m [34mDEBUG[0m [1mconn[0m[1m{[0m[3mid[0m[2m=[0m2[1m}[0m[2m:[0m [2mmoq_net::lite::publisher[0m[2m:[0m serving group [3msubscribe[0m[2m=[0m2 [3mtrack[0m[2m=[0m0.m4s [3msequence[0m[2m=[0m29
[2m2026-09-06T18:22:39.779742Z[0m [34mDEBUG[0m [1mconn[0m[1m{[0m[3mid[0m[2m=[0m2[1m}[0m[2m:[0m [2mmoq_net::lite::publisher[0m[2m:[0m serving group [3msubscribe[0m[2m=[0m1 [3mtrack[0m[2m=[0m1.m4s [3msequence[0m[2m=[0m29
[2m2026-09-06T18:22:40.752816Z[0m [34mDEBUG[0m [1mconn[0m[1m{[0m[3mid[0m[2m=[0m2[1m}[0m[2m:[0m [2mmoq_net::lite::publisher[0m[2m:[0m serving group [3msubscribe[0m[2m=[0m2 [3mtrack[0m[2m=[0m0.m4s [3msequence[0m[2m=[0m30
[2m2026-09-06T18:22:40.752941Z[0m [34mDEBUG[0m [1mconn[0m[1m{[0m[3mid[0m[2m=[0m2[1m}[0m[2m:[0m [2mmoq_net::lite::publisher[0m[2m:[0m serving group [3msubscribe[0m[2m=[0m1 [3mtrack[0m[2m=[0m1.m4s [3msequence[0m[2m=[0m30
[2m2026-09-06T18:22:40.754886Z[0m [34mDEBUG[0m [1mconn[0m[1m{[0m[3mid[0m[2m=[0m2[1m}[0m[2m:[0m [2mmoq_net::lite::publisher[0m[2m:[0m finished group [3msequence[0m[2m=[0m29
[2m2026-09-06T18:22:40.754972Z[0m [34mDEBUG[0m [1mconn[0m[1m{[0m[3mid[0m[2m=[0m2[1m}[0m[2m:[0m [2mmoq_net::lite::publisher[0m[2m:[0m finished group [3msequence[0m[2m=[0m29
[2m2026-09-06T18:22:42.909556Z[0m [34mDEBUG[0m [1mconn[0m[1m{[0m[3mid[0m[2m=[0m2[1m}[0m[2m:[0m [2mmoq_net::lite::publisher[0m[2m:[0m serving group [3msubscribe[0m[2m=[0m2 [3mtrack[0m[2m=[0m0.m4s [3msequence[0m[2m=[0m31
[2m2026-09-06T18:22:42.910841Z[0m [34mDEBUG[0m [1mconn[0m[1m{[0m[3mid[0m[2m=[0m2[1m}[0m[2m:[0m [2mmoq_net::lite::publisher[0m[2m:[0m finished group [3msequence[0m[2m=[0m30
[2m2026-09-06T18:22:42.918074Z[0m [34mDEBUG[0m [1mconn[0m[1m{[0m[3mid[0m[2m=[0m2[1m}[0m[2m:[0m [2mmoq_net::lite::publisher[0m[2m:[0m serving group [3msubscribe[0m[2m=[0m1 [3mtrack[0m[2m=[0m1.m4s [3msequence[0m[2m=[0m31
[2m2026-09-06T18:22:42.919197Z[0m [34mDEBUG[0m [1mconn[0m[1m{[0m[3mid[0m[2m=[0m2[1m}[0m[2m:[0m [2mmoq_net::lite::publisher[0m[2m:[0m finished group [3msequence[0m[2m=[0m30
[2m2026-09-06T18:22:44.992950Z[0m [34mDEBUG[0m [1mconn[0m[1m{[0m[3mid[0m[2m=[0m2[1m}[0m[2m:[0m [2mmoq_net::lite::publisher[0m[2m:[0m finished group [3msequence[0m[2m=[0m31
[2m2026-09-06T18:22:44.993032Z[0m [34mDEBUG[0m [1mconn[0m[1m{[0m[3mid[0m[2m=[0m2[1m}[0m[2m:[0m [2mmoq_net::lite::publisher[0m[2m:[0m serving group [3msubscribe[0m[2m=[0m2 [3mtrack[0m[2m=[0m0.m4s [3msequence[0m[2m=[0m32
[2m2026-09-06T18:22:44.993147Z[0m [34mDEBUG[0m [1mconn[0m[1m{[0m[3mid[0m[2m=[0m2[1m}[0m[2m:[0m [2mmoq_net::lite::publisher[0m[2m:[0m finished group [3msequence[0m[2m=[0m31
[2m2026-09-06T18:22:44.993172Z[0m [34mDEBUG[0m [1mconn[0m[1m{[0m[3mid[0m[2m=[0m2[1m}[0m[2m:[0m [2mmoq_net::lite::publisher[0m[2m:[0m serving group [3msubscribe[0m[2m=[0m1 [3mtrack[0m[2m=[0m1.m4s [3msequence[0m[2m=[0m32
[2m2026-09-06T18:22:47.491737Z[0m [34mDEBUG[0m [1mconn[0m[1m{[0m[3mid[0m[2m=[0m2[1m}[0m[2m:[0m [2mmoq_net::lite::publisher[0m[2m:[0m serving group [3msubscribe[0m[2m=[0m2 [3mtrack[0m[2m=[0m0.m4s [3msequence[0m[2m=[0m33
[2m2026-09-06T18:22:47.494320Z[0m [34mDEBUG[0m [1mconn[0m[1m{[0m[3mid[0m[2m=[0m2[1m}[0m[2m:[0m [2mmoq_net::lite::publisher[0m[2m:[0m finished group [3msequence[0m[2m=[0m32
[2m2026-09-06T18:22:47.494749Z[0m [34mDEBUG[0m [1mconn[0m[1m{[0m[3mid[0m[2m=[0m2[1m}[0m[2m:[0m [2mmoq_net::lite::publisher[0m[2m:[0m serving group [3msubscribe[0m[2m=[0m1 [3mtrack[0m[2m=[0m1.m4s [3msequence[0m[2m=[0m33
[2m2026-09-06T18:22:47.495249Z[0m [34mDEBUG[0m [1mconn[0m[1m{[0m[3mid[0m[2m=[0m2[1m}[0m[2m:[0m [2mmoq_net::lite::publisher[0m[2m:[0m finished group [3msequence[0m[2m=[0m32
[2m2026-09-06T18:22:49.405185Z[0m [34mDEBUG[0m [1mconn[0m[1m{[0m[3mid[0m[2m=[0m2[1m}[0m[2m:[0m [2mmoq_net::lite::publisher[0m[2m:[0m serving group [3msubscribe[0m[2m=[0m2 [3mtrack[0m[2m=[0m0.m4s [3msequence[0m[2m=[0m34
[2m2026-09-06T18:22:49.406387Z[0m [34mDEBUG[0m [1mconn[0m[1m{[0m[3mid[0m[2m=[0m2[1m}[0m[2m:[0m [2mmoq_net::lite::publisher[0m[2m:[0m finished group [3msequence[0m[2m=[0m33
[2m2026-09-06T18:22:49.419797Z[0m [34mDEBUG[0m [1mconn[0m[1m{[0m[3mid[0m[2m=[0m2[1m}[0m[2m:[0m [2mmoq_net::lite::publisher[0m[2m:[0m serving group [3msubscribe[0m[2m=[0m1 [3mtrack[0m[2m=[0m1.m4s [3msequence[0m[2m=[0m34
[2m2026-09-06T18:22:49.421131Z[0m [34mDEBUG[0m [1mconn[0m[1m{[0m[3mid[0m[2m=[0m2[1m}[0m[2m:[0m [2mmoq_net::lite::publisher[0m[2m:[0m finished group [3msequence[0m[2m=[0m33
[2m2026-09-06T18:22:51.898705Z[0m [34mDEBUG[0m [1mconn[0m[1m{[0m[3mid[0m[2m=[0m2[1m}[0m[2m:[0m [2mmoq_net::lite::publisher[0m[2m:[0m serving group [3msubscribe[0m[2m=[0m2 [3mtrack[0m[2m=[0m0.m4s [3msequence[0m[2m=[0m35
[2m2026-09-06T18:22:51.898826Z[0m [34mDEBUG[0m [1mconn[0m[1m{[0m[3mid[0m[2m=[0m2[1m}[0m[2m:[0m [2mmoq_net::lite::publisher[0m[2m:[0m serving group [3msubscribe[0m[2m=[0m1 [3mtrack[0m[2m=[0m1.m4s [3msequence[0m[2m=[0m35
[2m2026-09-06T18:22:51.901663Z[0m [34mDEBUG[0m [1mconn[0m[1m{[0m[3mid[0m[2m=[0m2[1m}[0m[2m:[0m [2mmoq_net::lite::publisher[0m[2m:[0m finished group [3msequence[0m[2m=[0m34
[2m2026-09-06T18:22:51.901997Z[0m [34mDEBUG[0m [1mconn[0m[1m{[0m[3mid[0m[2m=[0m2[1m}[0m[2m:[0m [2mmoq_net::lite::publisher[0m[2m:[0m finished group [3msequence[0m[2m=[0m34
[2m2026-09-06T18:22:54.419984Z[0m [34mDEBUG[0m [1mconn[0m[1m{[0m[3mid[0m[2m=[0m2[1m}[0m[2m:[0m [2mmoq_net::lite::publisher[0m[2m:[0m serving group [3msubscribe[0m[2m=[0m2 [3mtrack[0m[2m=[0m0.m4s [3msequence[0m[2m=[0m36
[2m2026-09-06T18:22:54.420096Z[0m [34mDEBUG[0m [1mconn[0m[1m{[0m[3mid[0m[2m=[0m2[1m}[0m[2m:[0m [2mmoq_net::lite::publisher[0m[2m:[0m serving group [3msubscribe[0m[2m=[0m1 [3mtrack[0m[2m=[0m1.m4s [3msequence[0m[2m=[0m36
[2m2026-09-06T18:22:54.422037Z[0m [34mDEBUG[0m [1mconn[0m[1m{[0m[3mid[0m[2m=[0m2[1m}[0m[2m:[0m [2mmoq_net::lite::publisher[0m[2m:[0m finished group [3msequence[0m[2m=[0m35
[2m2026-09-06T18:22:54.422302Z[0m [34mDEBUG[0m [1mconn[0m[1m{[0m[3mid[0m[2m=[0m2[1m}[0m[2m:[0m [2mmoq_net::lite::publisher[0m[2m:[0m finished group [3msequence[0m[2m=[0m35
[2m2026-09-06T18:22:56.914686Z[0m [34mDEBUG[0m [1mconn[0m[1m{[0m[3mid[0m[2m=[0m2[1m}[0m[2m:[0m [2mmoq_net::lite::publisher[0m[2m:[0m serving group [3msubscribe[0m[2m=[0m2 [3mtrack[0m[2m=[0m0.m4s [3msequence[0m[2m=[0m37
[2m2026-09-06T18:22:56.917735Z[0m [34mDEBUG[0m [1mconn[0m[1m{[0m[3mid[0m[2m=[0m2[1m}[0m[2m:[0m [2mmoq_net::lite::publisher[0m[2m:[0m finished group [3msequence[0m[2m=[0m36
[2m2026-09-06T18:22:56.918804Z[0m [34mDEBUG[0m [1mconn[0m[1m{[0m[3mid[0m[2m=[0m2[1m}[0m[2m:[0m [2mmoq_net::lite::publisher[0m[2m:[0m serving group [3msubscribe[0m[2m=[0m1 [3mtrack[0m[2m=[0m1.m4s [3msequence[0m[2m=[0m37
[2m2026-09-06T18:22:56.919964Z[0m [34mDEBUG[0m [1mconn[0m[1m{[0m[3mid[0m[2m=[0m2[1m}[0m[2m:[0m [2mmoq_net::lite::publisher[0m[2m:[0m finished group [3msequence[0m[2m=[0m36
[2m2026-09-06T18:22:59.207921Z[0m [34mDEBUG[0m [1mconn[0m[1m{[0m[3mid[0m[2m=[0m2[1m}[0m[2m:[0m [2mmoq_net::lite::publisher[0m[2m:[0m serving group [3msubscribe[0m[2m=[0m2 [3mtrack[0m[2m=[0m0.m4s [3msequence[0m[2m=[0m38
[2m2026-09-06T18:22:59.208989Z[0m [34mDEBUG[0m [1mconn[0m[1m{[0m[3mid[0m[2m=[0m2[1m}[0m[2m:[0m [2mmoq_net::lite::publisher[0m[2m:[0m finished group [3msequence[0m[2m=[0m37
[2m2026-09-06T18:22:59.209031Z[0m [34mDEBUG[0m [1mconn[0m[1m{[0m[3mid[0m[2m=[0m2[1m}[0m[2m:[0m [2mmoq_net::lite::publisher[0m[2m:[0m serving group [3msubscribe[0m[2m=[0m1 [3mtrack[0m[2m=[0m1.m4s [3msequence[0m[2m=[0m38
[2m2026-09-06T18:22:59.209092Z[0m [34mDEBUG[0m [1mconn[0m[1m{[0m[3mid[0m[2m=[0m2[1m}[0m[2m:[0m [2mmoq_net::lite::publisher[0m[2m:[0m finished group [3msequence[0m[2m=[0m37
[2m2026-09-06T18:23:00.866607Z[0m [34mDEBUG[0m [1mconn[0m[1m{[0m[3mid[0m[2m=[0m2[1m}[0m[2m:[0m [2mmoq_net::lite::publisher[0m[2m:[0m serving group [3msubscribe[0m[2m=[0m2 [3mtrack[0m[2m=[0m0.m4s [3msequence[0m[2m=[0m39
[2m2026-09-06T18:23:00.866693Z[0m [34mDEBUG[0m [1mconn[0m[1m{[0m[3mid[0m[2m=[0m2[1m}[0m[2m:[0m [2mmoq_net::lite::publisher[0m[2m:[0m serving group [3msubscribe[0m[2m=[0m1 [3mtrack[0m[2m=[0m1.m4s [3msequence[0m[2m=[0m39
[2m2026-09-06T18:23:00.868311Z[0m [34mDEBUG[0m [1mconn[0m[1m{[0m[3mid[0m[2m=[0m2[1m}[0m[2m:[0m [2mmoq_net::lite::publisher[0m[2m:[0m finished group [3msequence[0m[2m=[0m38
[2m2026-09-06T18:23:00.868357Z[0m [34mDEBUG[0m [1mconn[0m[1m{[0m[3mid[0m[2m=[0m2[1m}[0m[2m:[0m [2mmoq_net::lite::publisher[0m[2m:[0m finished group [3msequence[0m[2m=[0m38
[2m2026-09-06T18:23:03.380164Z[0m [34mDEBUG[0m [1mconn[0m[1m{[0m[3mid[0m[2m=[0m2[1m}[0m[2m:[0m [2mmoq_net::lite::publisher[0m[2m:[0m finished group [3msequence[0m[2m=[0m39
[2m2026-09-06T18:23:03.380236Z[0m [34mDEBUG[0m [1mconn[0m[1m{[0m[3mid[0m[2m=[0m2[1m}[0m[2m:[0m [2mmoq_net::lite::publisher[0m[2m:[0m serving group [3msubscribe[0m[2m=[0m2 [3mtrack[0m[2m=[0m0.m4s [3msequence[0m[2m=[0m40
[2m2026-09-06T18:23:03.383444Z[0m [34mDEBUG[0m [1mconn[0m[1m{[0m[3mid[0m[2m=[0m2[1m}[0m[2m:[0m [2mmoq_net::lite::publisher[0m[2m:[0m serving group [3msubscribe[0m[2m=[0m1 [3mtrack[0m[2m=[0m1.m4s [3msequence[0m[2m=[0m40
[2m2026-09-06T18:23:03.384488Z[0m [34mDEBUG[0m [1mconn[0m[1m{[0m[3mid[0m[2m=[0m2[1m}[0m[2m:[0m [2mmoq_net::lite::publisher[0m[2m:[0m finished group [3msequence[0m[2m=[0m39
[2m2026-09-06T18:23:05.858158Z[0m [34mDEBUG[0m [1mconn[0m[1m{[0m[3mid[0m[2m=[0m2[1m}[0m[2m:[0m [2mmoq_net::lite::publisher[0m[2m:[0m serving group [3msubscribe[0m[2m=[0m2 [3mtrack[0m[2m=[0m0.m4s [3msequence[0m[2m=[0m41
[2m2026-09-06T18:23:05.858291Z[0m [34mDEBUG[0m [1mconn[0m[1m{[0m[3mid[0m[2m=[0m2[1m}[0m[2m:[0m [2mmoq_net::lite::publisher[0m[2m:[0m serving group [3msubscribe[0m[2m=[0m1 [3mtrack[0m[2m=[0m1.m4s [3msequence[0m[2m=[0m41
[2m2026-09-06T18:23:05.860258Z[0m [34mDEBUG[0m [1mconn[0m[1m{[0m[3mid[0m[2m=[0m2[1m}[0m[2m:[0m [2mmoq_net::lite::publisher[0m[2m:[0m finished group [3msequence[0m[2m=[0m40
[2m2026-09-06T18:23:05.860308Z[0m [34mDEBUG[0m [1mconn[0m[1m{[0m[3mid[0m[2m=[0m2[1m}[0m[2m:[0m [2mmoq_net::lite::publisher[0m[2m:[0m finished group [3msequence[0m[2m=[0m40
[2m2026-09-06T18:23:08.361819Z[0m [34mDEBUG[0m [1mconn[0m[1m{[0m[3mid[0m[2m=[0m2[1m}[0m[2m:[0m [2mmoq_net::lite::publisher[0m[2m:[0m serving group [3msubscribe[0m[2m=[0m2 [3mtrack[0m[2m=[0m0.m4s [3msequence[0m[2m=[0m42
[2m2026-09-06T18:23:08.361905Z[0m [34mDEBUG[0m [1mconn[0m[1m{[0m[3mid[0m[2m=[0m2[1m}[0m[2m:[0m [2mmoq_net::lite::publisher[0m[2m:[0m serving group [3msubscribe[0m[2m=[0m1 [3mtrack[0m[2m=[0m1.m4s [3msequence[0m[2m=[0m42
[2m2026-09-06T18:23:08.363603Z[0m [34mDEBUG[0m [1mconn[0m[1m{[0m[3mid[0m[2m=[0m2[1m}[0m[2m:[0m [2mmoq_net::lite::publisher[0m[2m:[0m finished group [3msequence[0m[2m=[0m41
[2m2026-09-06T18:23:08.363646Z[0m [34mDEBUG[0m [1mconn[0m[1m{[0m[3mid[0m[2m=[0m2[1m}[0m[2m:[0m [2mmoq_net::lite::publisher[0m[2m:[0m finished group [3msequence[0m[2m=[0m41
[2m2026-09-06T18:23:10.892617Z[0m [34mDEBUG[0m [1mconn[0m[1m{[0m[3mid[0m[2m=[0m2[1m}[0m[2m:[0m [2mmoq_net::lite::publisher[0m[2m:[0m finished group [3msequence[0m[2m=[0m42
[2m2026-09-06T18:23:10.892673Z[0m [34mDEBUG[0m [1mconn[0m[1m{[0m[3mid[0m[2m=[0m2[1m}[0m[2m:[0m [2mmoq_net::lite::publisher[0m[2m:[0m serving group [3msubscribe[0m[2m=[0m2 [3mtrack[0m[2m=[0m0.m4s [3msequence[0m[2m=[0m43
[2m2026-09-06T18:23:10.892764Z[0m [34mDEBUG[0m [1mconn[0m[1m{[0m[3mid[0m[2m=[0m2[1m}[0m[2m:[0m [2mmoq_net::lite::publisher[0m[2m:[0m finished group [3msequence[0m[2m=[0m42
[2m2026-09-06T18:23:10.892787Z[0m [34mDEBUG[0m [1mconn[0m[1m{[0m[3mid[0m[2m=[0m2[1m}[0m[2m:[0m [2mmoq_net::lite::publisher[0m[2m:[0m serving group [3msubscribe[0m[2m=[0m1 [3mtrack[0m[2m=[0m1.m4s [3msequence[0m[2m=[0m43
[2m2026-09-06T18:23:13.342558Z[0m [34mDEBUG[0m [1mconn[0m[1m{[0m[3mid[0m[2m=[0m2[1m}[0m[2m:[0m [2mmoq_net::lite::publisher[0m[2m:[0m serving group [3msubscribe[0m[2m=[0m2 [3mtrack[0m[2m=[0m0.m4s [3msequence[0m[2m=[0m44
[2m2026-09-06T18:23:13.343662Z[0m [34mDEBUG[0m [1mconn[0m[1m{[0m[3mid[0m[2m=[0m2[1m}[0m[2m:[0m [2mmoq_net::lite::publisher[0m[2m:[0m finished group [3msequence[0m[2m=[0m43
[2m2026-09-06T18:23:13.350820Z[0m [34mDEBUG[0m [1mconn[0m[1m{[0m[3mid[0m[2m=[0m2[1m}[0m[2m:[0m [2mmoq_net::lite::publisher[0m[2m:[0m serving group [3msubscribe[0m[2m=[0m1 [3mtrack[0m[2m=[0m1.m4s [3msequence[0m[2m=[0m44
[2m2026-09-06T18:23:13.352159Z[0m [34mDEBUG[0m [1mconn[0m[1m{[0m[3mid[0m[2m=[0m2[1m}[0m[2m:[0m [2mmoq_net::lite::publisher[0m[2m:[0m finished group [3msequence[0m[2m=[0m43
[2m2026-09-06T18:23:15.849395Z[0m [34mDEBUG[0m [1mconn[0m[1m{[0m[3mid[0m[2m=[0m2[1m}[0m[2m:[0m [2mmoq_net::lite::publisher[0m[2m:[0m serving group [3msubscribe[0m[2m=[0m2 [3mtrack[0m[2m=[0m0.m4s [3msequence[0m[2m=[0m45
[2m2026-09-06T18:23:15.850423Z[0m [34mDEBUG[0m [1mconn[0m[1m{[0m[3mid[0m[2m=[0m2[1m}[0m[2m:[0m [2mmoq_net::lite::publisher[0m[2m:[0m serving group [3msubscribe[0m[2m=[0m1 [3mtrack[0m[2m=[0m1.m4s [3msequence[0m[2m=[0m45
[2m2026-09-06T18:23:15.850948Z[0m [34mDEBUG[0m [1mconn[0m[1m{[0m[3mid[0m[2m=[0m2[1m}[0m[2m:[0m [2mmoq_net::lite::publisher[0m[2m:[0m finished group [3msequence[0m[2m=[0m44
[2m2026-09-06T18:23:15.851041Z[0m [34mDEBUG[0m [1mconn[0m[1m{[0m[3mid[0m[2m=[0m2[1m}[0m[2m:[0m [2mmoq_net::lite::publisher[0m[2m:[0m finished group [3msequence[0m[2m=[0m44
[2m2026-09-06T18:23:18.361480Z[0m [34mDEBUG[0m [1mconn[0m[1m{[0m[3mid[0m[2m=[0m2[1m}[0m[2m:[0m [2mmoq_net::lite::publisher[0m[2m:[0m serving group [3msubscribe[0m[2m=[0m2 [3mtrack[0m[2m=[0m0.m4s [3msequence[0m[2m=[0m46
[2m2026-09-06T18:23:18.361652Z[0m [34mDEBUG[0m [1mconn[0m[1m{[0m[3mid[0m[2m=[0m2[1m}[0m[2m:[0m [2mmoq_net::lite::publisher[0m[2m:[0m serving group [3msubscribe[0m[2m=[0m1 [3mtrack[0m[2m=[0m1.m4s [3msequence[0m[2m=[0m46
[2m2026-09-06T18:23:18.362806Z[0m [34mDEBUG[0m [1mconn[0m[1m{[0m[3mid[0m[2m=[0m2[1m}[0m[2m:[0m [2mmoq_net::lite::publisher[0m[2m:[0m finished group [3msequence[0m[2m=[0m45
[2m2026-09-06T18:23:18.362867Z[0m [34mDEBUG[0m [1mconn[0m[1m{[0m[3mid[0m[2m=[0m2[1m}[0m[2m:[0m [2mmoq_net::lite::publisher[0m[2m:[0m finished group [3msequence[0m[2m=[0m45
[2m2026-09-06T18:23:20.850686Z[0m [34mDEBUG[0m [1mconn[0m[1m{[0m[3mid[0m[2m=[0m2[1m}[0m[2m:[0m [2mmoq_net::lite::publisher[0m[2m:[0m serving group [3msubscribe[0m[2m=[0m2 [3mtrack[0m[2m=[0m0.m4s [3msequence[0m[2m=[0m47
[2m2026-09-06T18:23:20.851478Z[0m [34mDEBUG[0m [1mconn[0m[1m{[0m[3mid[0m[2m=[0m2[1m}[0m[2m:[0m [2mmoq_net::lite::publisher[0m[2m:[0m finished group [3msequence[0m[2m=[0m46
[2m2026-09-06T18:23:20.851519Z[0m [34mDEBUG[0m [1mconn[0m[1m{[0m[3mid[0m[2m=[0m2[1m}[0m[2m:[0m [2mmoq_net::lite::publisher[0m[2m:[0m finished group [3msequence[0m[2m=[0m46
[2m2026-09-06T18:23:20.851555Z[0m [34mDEBUG[0m [1mconn[0m[1m{[0m[3mid[0m[2m=[0m2[1m}[0m[2m:[0m [2mmoq_net::lite::publisher[0m[2m:[0m serving group [3msubscribe[0m[2m=[0m1 [3mtrack[0m[2m=[0m1.m4s [3msequence[0m[2m=[0m47
[2m2026-09-06T18:23:22.146837Z[0m [34mDEBUG[0m [1mconn[0m[1m{[0m[3mid[0m[2m=[0m2[1m}[0m[2m:[0m [2mmoq_net::lite::publisher[0m[2m:[0m serving group [3msubscribe[0m[2m=[0m2 [3mtrack[0m[2m=[0m0.m4s [3msequence[0m[2m=[0m48
[2m2026-09-06T18:23:22.148324Z[0m [34mDEBUG[0m [1mconn[0m[1m{[0m[3mid[0m[2m=[0m2[1m}[0m[2m:[0m [2mmoq_net::lite::publisher[0m[2m:[0m finished group [3msequence[0m[2m=[0m47
[2m2026-09-06T18:23:22.148367Z[0m [34mDEBUG[0m [1mconn[0m[1m{[0m[3mid[0m[2m=[0m2[1m}[0m[2m:[0m [2mmoq_net::lite::publisher[0m[2m:[0m serving group [3msubscribe[0m[2m=[0m1 [3mtrack[0m[2m=[0m1.m4s [3msequence[0m[2m=[0m48
[2m2026-09-06T18:23:22.148452Z[0m [34mDEBUG[0m [1mconn[0m[1m{[0m[3mid[0m[2m=[0m2[1m}[0m[2m:[0m [2mmoq_net::lite::publisher[0m[2m:[0m finished group [3msequence[0m[2m=[0m47
[2m2026-09-06T18:23:24.642277Z[0m [34mDEBUG[0m [1mconn[0m[1m{[0m[3mid[0m[2m=[0m2[1m}[0m[2m:[0m [2mmoq_net::lite::publisher[0m[2m:[0m serving group [3msubscribe[0m[2m=[0m1 [3mtrack[0m[2m=[0m1.m4s [3msequence[0m[2m=[0m49
[2m2026-09-06T18:23:24.642525Z[0m [34mDEBUG[0m [1mconn[0m[1m{[0m[3mid[0m[2m=[0m2[1m}[0m[2m:[0m [2mmoq_net::lite::publisher[0m[2m:[0m serving group [3msubscribe[0m[2m=[0m2 [3mtrack[0m[2m=[0m0.m4s [3msequence[0m[2m=[0m49
[2m2026-09-06T18:23:24.644210Z[0m [34mDEBUG[0m [1mconn[0m[1m{[0m[3mid[0m[2m=[0m2[1m}[0m[2m:[0m [2mmoq_net::lite::publisher[0m[2m:[0m finished group [3msequence[0m[2m=[0m48
[2m2026-09-06T18:23:24.644256Z[0m [34mDEBUG[0m [1mconn[0m[1m{[0m[3mid[0m[2m=[0m2[1m}[0m[2m:[0m [2mmoq_net::lite::publisher[0m[2m:[0m finished group [3msequence[0m[2m=[0m48
[2m2026-09-06T18:23:27.143602Z[0m [34mDEBUG[0m [1mconn[0m[1m{[0m[3mid[0m[2m=[0m2[1m}[0m[2m:[0m [2mmoq_net::lite::publisher[0m[2m:[0m finished group [3msequence[0m[2m=[0m49
[2m2026-09-06T18:23:27.143670Z[0m [34mDEBUG[0m [1mconn[0m[1m{[0m[3mid[0m[2m=[0m2[1m}[0m[2m:[0m [2mmoq_net::lite::publisher[0m[2m:[0m serving group [3msubscribe[0m[2m=[0m2 [3mtrack[0m[2m=[0m0.m4s [3msequence[0m[2m=[0m50
[2m2026-09-06T18:23:27.143777Z[0m [34mDEBUG[0m [1mconn[0m[1m{[0m[3mid[0m[2m=[0m2[1m}[0m[2m:[0m [2mmoq_net::lite::publisher[0m[2m:[0m finished group [3msequence[0m[2m=[0m49
[2m2026-09-06T18:23:27.143805Z[0m [34mDEBUG[0m [1mconn[0m[1m{[0m[3mid[0m[2m=[0m2[1m}[0m[2m:[0m [2mmoq_net::lite::publisher[0m[2m:[0m serving group [3msubscribe[0m[2m=[0m1 [3mtrack[0m[2m=[0m1.m4s [3msequence[0m[2m=[0m50
[2m2026-09-06T18:23:29.614745Z[0m [34mDEBUG[0m [1mconn[0m[1m{[0m[3mid[0m[2m=[0m2[1m}[0m[2m:[0m [2mmoq_net::lite::publisher[0m[2m:[0m serving group [3msubscribe[0m[2m=[0m2 [3mtrack[0m[2m=[0m0.m4s [3msequence[0m[2m=[0m51
[2m2026-09-06T18:23:29.614882Z[0m [34mDEBUG[0m [1mconn[0m[1m{[0m[3mid[0m[2m=[0m2[1m}[0m[2m:[0m [2mmoq_net::lite::publisher[0m[2m:[0m serving group [3msubscribe[0m[2m=[0m1 [3mtrack[0m[2m=[0m1.m4s [3msequence[0m[2m=[0m51
[2m2026-09-06T18:23:29.616122Z[0m [34mDEBUG[0m [1mconn[0m[1m{[0m[3mid[0m[2m=[0m2[1m}[0m[2m:[0m [2mmoq_net::lite::publisher[0m[2m:[0m finished group [3msequence[0m[2m=[0m50
[2m2026-09-06T18:23:29.616170Z[0m [34mDEBUG[0m [1mconn[0m[1m{[0m[3mid[0m[2m=[0m2[1m}[0m[2m:[0m [2mmoq_net::lite::publisher[0m[2m:[0m finished group [3msequence[0m[2m=[0m50
[2m2026-09-06T18:23:32.124826Z[0m [34mDEBUG[0m [1mconn[0m[1m{[0m[3mid[0m[2m=[0m2[1m}[0m[2m:[0m [2mmoq_net::lite::publisher[0m[2m:[0m serving group [3msubscribe[0m[2m=[0m2 [3mtrack[0m[2m=[0m0.m4s [3msequence[0m[2m=[0m52
[2m2026-09-06T18:23:32.125005Z[0m [34mDEBUG[0m [1mconn[0m[1m{[0m[3mid[0m[2m=[0m2[1m}[0m[2m:[0m [2mmoq_net::lite::publisher[0m[2m:[0m serving group [3msubscribe[0m[2m=[0m1 [3mtrack[0m[2m=[0m1.m4s [3msequence[0m[2m=[0m52
[2m2026-09-06T18:23:32.127946Z[0m [34mDEBUG[0m [1mconn[0m[1m{[0m[3mid[0m[2m=[0m2[1m}[0m[2m:[0m [2mmoq_net::lite::publisher[0m[2m:[0m finished group [3msequence[0m[2m=[0m51
[2m2026-09-06T18:23:32.128909Z[0m [34mDEBUG[0m [1mconn[0m[1m{[0m[3mid[0m[2m=[0m2[1m}[0m[2m:[0m [2mmoq_net::lite::publisher[0m[2m:[0m finished group [3msequence[0m[2m=[0m51
[2m2026-09-06T18:23:34.618695Z[0m [34mDEBUG[0m [1mconn[0m[1m{[0m[3mid[0m[2m=[0m2[1m}[0m[2m:[0m [2mmoq_net::lite::publisher[0m[2m:[0m serving group [3msubscribe[0m[2m=[0m2 [3mtrack[0m[2m=[0m0.m4s [3msequence[0m[2m=[0m53
[2m2026-09-06T18:23:34.620674Z[0m [34mDEBUG[0m [1mconn[0m[1m{[0m[3mid[0m[2m=[0m2[1m}[0m[2m:[0m [2mmoq_net::lite::publisher[0m[2m:[0m finished group [3msequence[0m[2m=[0m52
[2m2026-09-06T18:23:34.627365Z[0m [34mDEBUG[0m [1mconn[0m[1m{[0m[3mid[0m[2m=[0m2[1m}[0m[2m:[0m [2mmoq_net::lite::publisher[0m[2m:[0m serving group [3msubscribe[0m[2m=[0m1 [3mtrack[0m[2m=[0m1.m4s [3msequence[0m[2m=[0m53
[2m2026-09-06T18:23:34.627657Z[0m [34mDEBUG[0m [1mconn[0m[1m{[0m[3mid[0m[2m=[0m2[1m}[0m[2m:[0m [2mmoq_net::lite::publisher[0m[2m:[0m finished group [3msequence[0m[2m=[0m52
[2m2026-09-06T18:23:36.325246Z[0m [34mDEBUG[0m [1mconn[0m[1m{[0m[3mid[0m[2m=[0m2[1m}[0m[2m:[0m [2mmoq_net::lite::publisher[0m[2m:[0m serving group [3msubscribe[0m[2m=[0m2 [3mtrack[0m[2m=[0m0.m4s [3msequence[0m[2m=[0m54
[2m2026-09-06T18:23:36.325375Z[0m [34mDEBUG[0m [1mconn[0m[1m{[0m[3mid[0m[2m=[0m2[1m}[0m[2m:[0m [2mmoq_net::lite::publisher[0m[2m:[0m serving group [3msubscribe[0m[2m=[0m1 [3mtrack[0m[2m=[0m1.m4s [3msequence[0m[2m=[0m54
[2m2026-09-06T18:23:36.326932Z[0m [34mDEBUG[0m [1mconn[0m[1m{[0m[3mid[0m[2m=[0m2[1m}[0m[2m:[0m [2mmoq_net::lite::publisher[0m[2m:[0m finished group [3msequence[0m[2m=[0m53
[2m2026-09-06T18:23:36.326977Z[0m [34mDEBUG[0m [1mconn[0m[1m{[0m[3mid[0m[2m=[0m2[1m}[0m[2m:[0m [2mmoq_net::lite::publisher[0m[2m:[0m finished group [3msequence[0m[2m=[0m53
[2m2026-09-06T18:23:38.836547Z[0m [34mDEBUG[0m [1mconn[0m[1m{[0m[3mid[0m[2m=[0m2[1m}[0m[2m:[0m [2mmoq_net::lite::publisher[0m[2m:[0m serving group [3msubscribe[0m[2m=[0m2 [3mtrack[0m[2m=[0m0.m4s [3msequence[0m[2m=[0m55
[2m2026-09-06T18:23:38.837453Z[0m [34mDEBUG[0m [1mconn[0m[1m{[0m[3mid[0m[2m=[0m2[1m}[0m[2m:[0m [2mmoq_net::lite::publisher[0m[2m:[0m serving group [3msubscribe[0m[2m=[0m1 [3mtrack[0m[2m=[0m1.m4s [3msequence[0m[2m=[0m55
[2m2026-09-06T18:23:38.838551Z[0m [34mDEBUG[0m [1mconn[0m[1m{[0m[3mid[0m[2m=[0m2[1m}[0m[2m:[0m [2mmoq_net::lite::publisher[0m[2m:[0m finished group [3msequence[0m[2m=[0m54
[2m2026-09-06T18:23:38.838585Z[0m [34mDEBUG[0m [1mconn[0m[1m{[0m[3mid[0m[2m=[0m2[1m}[0m[2m:[0m [2mmoq_net::lite::publisher[0m[2m:[0m finished group [3msequence[0m[2m=[0m54
[2m2026-09-06T18:23:40.139642Z[0m [34mDEBUG[0m [1mconn[0m[1m{[0m[3mid[0m[2m=[0m2[1m}[0m[2m:[0m [2mmoq_net::lite::publisher[0m[2m:[0m announcing cancelled [3mprefix[0m[2m=[0m
[2m2026-09-06T18:23:40.139777Z[0m [33m WARN[0m [2mmoq_relay::relay[0m[2m:[0m connection closed [3merr[0m[2m=[0mcancelled
[2m2026-09-06T18:23:40.139855Z[0m [33m WARN[0m [1mconn[0m[1m{[0m[3mid[0m[2m=[0m2[1m}[0m[2m:[0m [2mmoq_net::lite::publisher[0m[2m:[0m probe stream error [3merr[0m[2m=[0mcancelled
[2m2026-09-06T18:23:40.139934Z[0m [32m INFO[0m [1mconn[0m[1m{[0m[3mid[0m[2m=[0m2[1m}[0m[2m:[0m [2mmoq_net::lite::publisher[0m[2m:[0m subscribed cancelled [3mid[0m[2m=[0m0 [3mbroadcast[0m[2m=[0mbbb.hang [3mtrack[0m[2m=[0mcatalog.json
[2m2026-09-06T18:23:40.140198Z[0m [32m INFO[0m [1mconn[0m[1m{[0m[3mid[0m[2m=[0m2[1m}[0m[2m:[0m [2mmoq_net::lite::publisher[0m[2m:[0m subscribed cancelled [3mid[0m[2m=[0m1 [3mbroadcast[0m[2m=[0mbbb.hang [3mtrack[0m[2m=[0m1.m4s
[2m2026-09-06T18:23:40.140210Z[0m [32m INFO[0m [1mconn[0m[1m{[0m[3mid[0m[2m=[0m0[1m}[0m[2m:[0m [2mmoq_net::lite::subscriber[0m[2m:[0m subscribe canceled (idle) [3mtrack[0m[2m=[0mcatalog.json
[2m2026-09-06T18:23:40.140270Z[0m [32m INFO[0m [1mconn[0m[1m{[0m[3mid[0m[2m=[0m0[1m}[0m[2m:[0m [2mmoq_net::lite::subscriber[0m[2m:[0m subscribe canceled (idle) [3mtrack[0m[2m=[0m1.m4s
[2m2026-09-06T18:23:40.140280Z[0m [32m INFO[0m [1mconn[0m[1m{[0m[3mid[0m[2m=[0m2[1m}[0m[2m:[0m [2mmoq_net::lite::publisher[0m[2m:[0m subscribed cancelled [3mid[0m[2m=[0m2 [3mbroadcast[0m[2m=[0mbbb.hang [3mtrack[0m[2m=[0m0.m4s
[2m2026-09-06T18:23:40.140349Z[0m [33m WARN[0m [1mconn[0m[1m{[0m[3mid[0m[2m=[0m2[1m}[0m[2m:[0m [2mmoq_net::lite::session[0m[2m:[0m session error [3merr[0m[2m=[0mcancelled
[2m2026-09-06T18:23:40.140457Z[0m [32m INFO[0m [1mconn[0m[1m{[0m[3mid[0m[2m=[0m0[1m}[0m[2m:[0m [2mmoq_net::lite::subscriber[0m[2m:[0m subscribe canceled (idle) [3mtrack[0m[2m=[0m0.m4s
[2m2026-09-06T18:23:43.341157Z[0m [32m INFO[0m [1mconn[0m[1m{[0m[3mid[0m[2m=[0m3[1m}[0m[2m:[0m [2mmoq_relay::connection[0m[2m:[0m session accepted [3mtransport[0m[2m=[0mquic [3mrole[0m[2m=[0mNone [3mtier[0m[2m=[0m [3mroot[0m[2m=[0m [3mpublish[0m[2m=[0m [3msubscribe[0m[2m=[0m
[2m2026-09-06T18:23:43.341287Z[0m [32m INFO[0m [1mconn[0m[1m{[0m[3mid[0m[2m=[0m3[1m}[0m[2m:[0m [2mmoq_relay::connection[0m[2m:[0m negotiated [3mversion[0m[2m=[0mmoq-lite-05 [3mtransport[0m[2m=[0mquic
[2m2026-09-06T18:23:43.341439Z[0m [34mDEBUG[0m [1mconn[0m[1m{[0m[3mid[0m[2m=[0m3[1m}[0m[2m:[0m [2mmoq_net::lite::publisher[0m[2m:[0m announce [3mroute[0m[2m=[0m.stats/node/local/host
[2m2026-09-06T18:23:43.341458Z[0m [34mDEBUG[0m [1mconn[0m[1m{[0m[3mid[0m[2m=[0m3[1m}[0m[2m:[0m [2mmoq_net::lite::publisher[0m[2m:[0m announce [3mroute[0m[2m=[0mbbb.hang
[2m2026-09-06T18:23:43.341515Z[0m [34mDEBUG[0m [1mconn[0m[1m{[0m[3mid[0m[2m=[0m3[1m}[0m[2m:[0m [2mmoq_net::lite::subscriber[0m[2m:[0m peer does not support probing; skipping probe stream
[2m2026-09-06T18:23:43.343389Z[0m [34mDEBUG[0m [1mconn[0m[1m{[0m[3mid[0m[2m=[0m3[1m}[0m[2m:[0m [2mmoq_net::lite::publisher[0m[2m:[0m track info requested [3mbroadcast[0m[2m=[0mbbb.hang [3mtrack[0m[2m=[0mcatalog.json
[2m2026-09-06T18:23:43.344053Z[0m [32m INFO[0m [1mconn[0m[1m{[0m[3mid[0m[2m=[0m3[1m}[0m[2m:[0m [2mmoq_net::lite::publisher[0m[2m:[0m subscribed started [3mid[0m[2m=[0m0 [3mbroadcast[0m[2m=[0mbbb.hang [3mtrack[0m[2m=[0mcatalog.json
[2m2026-09-06T18:23:43.344126Z[0m [34mDEBUG[0m [1mconn[0m[1m{[0m[3mid[0m[2m=[0m3[1m}[0m[2m:[0m [2mmoq_net::lite::publisher[0m[2m:[0m serving group [3msubscribe[0m[2m=[0m0 [3mtrack[0m[2m=[0mcatalog.json [3msequence[0m[2m=[0m6
[2m2026-09-06T18:23:43.344188Z[0m [32m INFO[0m [1mconn[0m[1m{[0m[3mid[0m[2m=[0m0[1m}[0m[2m:[0m [2mmoq_net::lite::subscriber[0m[2m:[0m subscribe started [3mid[0m[2m=[0m6 [3mbroadcast[0m[2m=[0mbbb.hang [3mtrack[0m[2m=[0mcatalog.json
[2m2026-09-06T18:23:43.344362Z[0m [34mDEBUG[0m [1mconn[0m[1m{[0m[3mid[0m[2m=[0m3[1m}[0m[2m:[0m [2mmoq_net::lite::publisher[0m[2m:[0m finished group [3msequence[0m[2m=[0m6
[2m2026-09-06T18:23:43.352494Z[0m [34mDEBUG[0m [1mconn[0m[1m{[0m[3mid[0m[2m=[0m3[1m}[0m[2m:[0m [2mmoq_net::lite::publisher[0m[2m:[0m track info requested [3mbroadcast[0m[2m=[0mbbb.hang [3mtrack[0m[2m=[0m0.m4s
[2m2026-09-06T18:23:43.352615Z[0m [34mDEBUG[0m [1mconn[0m[1m{[0m[3mid[0m[2m=[0m3[1m}[0m[2m:[0m [2mmoq_net::lite::publisher[0m[2m:[0m track info requested [3mbroadcast[0m[2m=[0mbbb.hang [3mtrack[0m[2m=[0m1.m4s
[2m2026-09-06T18:23:43.354470Z[0m [32m INFO[0m [1mconn[0m[1m{[0m[3mid[0m[2m=[0m3[1m}[0m[2m:[0m [2mmoq_net::lite::publisher[0m[2m:[0m subscribed started [3mid[0m[2m=[0m2 [3mbroadcast[0m[2m=[0mbbb.hang [3mtrack[0m[2m=[0m0.m4s
[2m2026-09-06T18:23:43.354738Z[0m [32m INFO[0m [1mconn[0m[1m{[0m[3mid[0m[2m=[0m3[1m}[0m[2m:[0m [2mmoq_net::lite::publisher[0m[2m:[0m subscribed started [3mid[0m[2m=[0m1 [3mbroadcast[0m[2m=[0mbbb.hang [3mtrack[0m[2m=[0m1.m4s
[2m2026-09-06T18:23:43.354835Z[0m [32m INFO[0m [1mconn[0m[1m{[0m[3mid[0m[2m=[0m0[1m}[0m[2m:[0m [2mmoq_net::lite::subscriber[0m[2m:[0m subscribe started [3mid[0m[2m=[0m7 [3mbroadcast[0m[2m=[0mbbb.hang [3mtrack[0m[2m=[0m1.m4s
[2m2026-09-06T18:23:43.354954Z[0m [32m INFO[0m [1mconn[0m[1m{[0m[3mid[0m[2m=[0m0[1m}[0m[2m:[0m [2mmoq_net::lite::subscriber[0m[2m:[0m subscribe started [3mid[0m[2m=[0m8 [3mbroadcast[0m[2m=[0mbbb.hang [3mtrack[0m[2m=[0m0.m4s
[2m2026-09-06T18:23:43.356867Z[0m [34mDEBUG[0m [1mconn[0m[1m{[0m[3mid[0m[2m=[0m3[1m}[0m[2m:[0m [2mmoq_net::lite::publisher[0m[2m:[0m serving group [3msubscribe[0m[2m=[0m2 [3mtrack[0m[2m=[0m0.m4s [3msequence[0m[2m=[0m56
[2m2026-09-06T18:23:43.358228Z[0m [34mDEBUG[0m [1mconn[0m[1m{[0m[3mid[0m[2m=[0m3[1m}[0m[2m:[0m [2mmoq_net::lite::publisher[0m[2m:[0m serving group [3msubscribe[0m[2m=[0m1 [3mtrack[0m[2m=[0m1.m4s [3msequence[0m[2m=[0m56
[2m2026-09-06T18:23:43.831454Z[0m [34mDEBUG[0m [1mconn[0m[1m{[0m[3mid[0m[2m=[0m3[1m}[0m[2m:[0m [2mmoq_net::lite::publisher[0m[2m:[0m serving group [3msubscribe[0m[2m=[0m2 [3mtrack[0m[2m=[0m0.m4s [3msequence[0m[2m=[0m57
[2m2026-09-06T18:23:43.831639Z[0m [34mDEBUG[0m [1mconn[0m[1m{[0m[3mid[0m[2m=[0m3[1m}[0m[2m:[0m [2mmoq_net::lite::publisher[0m[2m:[0m serving group [3msubscribe[0m[2m=[0m1 [3mtrack[0m[2m=[0m1.m4s [3msequence[0m[2m=[0m57
[2m2026-09-06T18:23:43.835201Z[0m [34mDEBUG[0m [1mconn[0m[1m{[0m[3mid[0m[2m=[0m3[1m}[0m[2m:[0m [2mmoq_net::lite::publisher[0m[2m:[0m finished group [3msequence[0m[2m=[0m56
[2m2026-09-06T18:23:43.835345Z[0m [34mDEBUG[0m [1mconn[0m[1m{[0m[3mid[0m[2m=[0m3[1m}[0m[2m:[0m [2mmoq_net::lite::publisher[0m[2m:[0m finished group [3msequence[0m[2m=[0m56
[2m2026-09-06T18:23:46.335774Z[0m [34mDEBUG[0m [1mconn[0m[1m{[0m[3mid[0m[2m=[0m3[1m}[0m[2m:[0m [2mmoq_net::lite::publisher[0m[2m:[0m serving group [3msubscribe[0m[2m=[0m2 [3mtrack[0m[2m=[0m0.m4s [3msequence[0m[2m=[0m58
[2m2026-09-06T18:23:46.335916Z[0m [34mDEBUG[0m [1mconn[0m[1m{[0m[3mid[0m[2m=[0m3[1m}[0m[2m:[0m [2mmoq_net::lite::publisher[0m[2m:[0m serving group [3msubscribe[0m[2m=[0m1 [3mtrack[0m[2m=[0m1.m4s [3msequence[0m[2m=[0m58
[2m2026-09-06T18:23:46.338530Z[0m [34mDEBUG[0m [1mconn[0m[1m{[0m[3mid[0m[2m=[0m3[1m}[0m[2m:[0m [2mmoq_net::lite::publisher[0m[2m:[0m finished group [3msequence[0m[2m=[0m57
[2m2026-09-06T18:23:46.338609Z[0m [34mDEBUG[0m [1mconn[0m[1m{[0m[3mid[0m[2m=[0m3[1m}[0m[2m:[0m [2mmoq_net::lite::publisher[0m[2m:[0m finished group [3msequence[0m[2m=[0m57
[2m2026-09-06T18:23:48.820247Z[0m [34mDEBUG[0m [1mconn[0m[1m{[0m[3mid[0m[2m=[0m3[1m}[0m[2m:[0m [2mmoq_net::lite::publisher[0m[2m:[0m finished group [3msequence[0m[2m=[0m58
[2m2026-09-06T18:23:48.820299Z[0m [34mDEBUG[0m [1mconn[0m[1m{[0m[3mid[0m[2m=[0m3[1m}[0m[2m:[0m [2mmoq_net::lite::publisher[0m[2m:[0m serving group [3msubscribe[0m[2m=[0m2 [3mtrack[0m[2m=[0m0.m4s [3msequence[0m[2m=[0m59
[2m2026-09-06T18:23:48.820366Z[0m [34mDEBUG[0m [1mconn[0m[1m{[0m[3mid[0m[2m=[0m3[1m}[0m[2m:[0m [2mmoq_net::lite::publisher[0m[2m:[0m finished group [3msequence[0m[2m=[0m58
[2m2026-09-06T18:23:48.820386Z[0m [34mDEBUG[0m [1mconn[0m[1m{[0m[3mid[0m[2m=[0m3[1m}[0m[2m:[0m [2mmoq_net::lite::publisher[0m[2m:[0m serving group [3msubscribe[0m[2m=[0m1 [3mtrack[0m[2m=[0m1.m4s [3msequence[0m[2m=[0m59
[2m2026-09-06T18:23:51.335306Z[0m [34mDEBUG[0m [1mconn[0m[1m{[0m[3mid[0m[2m=[0m3[1m}[0m[2m:[0m [2mmoq_net::lite::publisher[0m[2m:[0m serving group [3msubscribe[0m[2m=[0m2 [3mtrack[0m[2m=[0m0.m4s [3msequence[0m[2m=[0m60
[2m2026-09-06T18:23:51.335430Z[0m [34mDEBUG[0m [1mconn[0m[1m{[0m[3mid[0m[2m=[0m3[1m}[0m[2m:[0m [2mmoq_net::lite::publisher[0m[2m:[0m serving group [3msubscribe[0m[2m=[0m1 [3mtrack[0m[2m=[0m1.m4s [3msequence[0m[2m=[0m60
[2m2026-09-06T18:23:51.337431Z[0m [34mDEBUG[0m [1mconn[0m[1m{[0m[3mid[0m[2m=[0m3[1m}[0m[2m:[0m [2mmoq_net::lite::publisher[0m[2m:[0m finished group [3msequence[0m[2m=[0m59
[2m2026-09-06T18:23:51.339386Z[0m [34mDEBUG[0m [1mconn[0m[1m{[0m[3mid[0m[2m=[0m3[1m}[0m[2m:[0m [2mmoq_net::lite::publisher[0m[2m:[0m finished group [3msequence[0m[2m=[0m59
[2m2026-09-06T18:23:53.836855Z[0m [34mDEBUG[0m [1mconn[0m[1m{[0m[3mid[0m[2m=[0m3[1m}[0m[2m:[0m [2mmoq_net::lite::publisher[0m[2m:[0m serving group [3msubscribe[0m[2m=[0m2 [3mtrack[0m[2m=[0m0.m4s [3msequence[0m[2m=[0m61
[2m2026-09-06T18:23:53.836959Z[0m [34mDEBUG[0m [1mconn[0m[1m{[0m[3mid[0m[2m=[0m3[1m}[0m[2m:[0m [2mmoq_net::lite::publisher[0m[2m:[0m serving group [3msubscribe[0m[2m=[0m1 [3mtrack[0m[2m=[0m1.m4s [3msequence[0m[2m=[0m61
[2m2026-09-06T18:23:53.841491Z[0m [34mDEBUG[0m [1mconn[0m[1m{[0m[3mid[0m[2m=[0m3[1m}[0m[2m:[0m [2mmoq_net::lite::publisher[0m[2m:[0m finished group [3msequence[0m[2m=[0m60
[2m2026-09-06T18:23:53.841662Z[0m [34mDEBUG[0m [1mconn[0m[1m{[0m[3mid[0m[2m=[0m3[1m}[0m[2m:[0m [2mmoq_net::lite::publisher[0m[2m:[0m finished group [3msequence[0m[2m=[0m60
[2m2026-09-06T18:23:55.859860Z[0m [34mDEBUG[0m [1mconn[0m[1m{[0m[3mid[0m[2m=[0m3[1m}[0m[2m:[0m [2mmoq_net::lite::publisher[0m[2m:[0m finished group [3msequence[0m[2m=[0m61
[2m2026-09-06T18:23:55.859912Z[0m [34mDEBUG[0m [1mconn[0m[1m{[0m[3mid[0m[2m=[0m3[1m}[0m[2m:[0m [2mmoq_net::lite::publisher[0m[2m:[0m serving group [3msubscribe[0m[2m=[0m2 [3mtrack[0m[2m=[0m0.m4s [3msequence[0m[2m=[0m62
[2m2026-09-06T18:23:55.860007Z[0m [34mDEBUG[0m [1mconn[0m[1m{[0m[3mid[0m[2m=[0m3[1m}[0m[2m:[0m [2mmoq_net::lite::publisher[0m[2m:[0m finished group [3msequence[0m[2m=[0m61
[2m2026-09-06T18:23:55.860029Z[0m [34mDEBUG[0m [1mconn[0m[1m{[0m[3mid[0m[2m=[0m3[1m}[0m[2m:[0m [2mmoq_net::lite::publisher[0m[2m:[0m serving group [3msubscribe[0m[2m=[0m1 [3mtrack[0m[2m=[0m1.m4s [3msequence[0m[2m=[0m62
[2m2026-09-06T18:23:58.378953Z[0m [34mDEBUG[0m [1mconn[0m[1m{[0m[3mid[0m[2m=[0m3[1m}[0m[2m:[0m [2mmoq_net::lite::publisher[0m[2m:[0m serving group [3msubscribe[0m[2m=[0m2 [3mtrack[0m[2m=[0m0.m4s [3msequence[0m[2m=[0m63
[2m2026-09-06T18:23:58.379216Z[0m [34mDEBUG[0m [1mconn[0m[1m{[0m[3mid[0m[2m=[0m3[1m}[0m[2m:[0m [2mmoq_net::lite::publisher[0m[2m:[0m serving group [3msubscribe[0m[2m=[0m1 [3mtrack[0m[2m=[0m1.m4s [3msequence[0m[2m=[0m63
[2m2026-09-06T18:23:58.381600Z[0m [34mDEBUG[0m [1mconn[0m[1m{[0m[3mid[0m[2m=[0m3[1m}[0m[2m:[0m [2mmoq_net::lite::publisher[0m[2m:[0m finished group [3msequence[0m[2m=[0m62
[2m2026-09-06T18:23:58.381667Z[0m [34mDEBUG[0m [1mconn[0m[1m{[0m[3mid[0m[2m=[0m3[1m}[0m[2m:[0m [2mmoq_net::lite::publisher[0m[2m:[0m finished group [3msequence[0m[2m=[0m62
[2m2026-09-06T18:24:00.827355Z[0m [34mDEBUG[0m [1mconn[0m[1m{[0m[3mid[0m[2m=[0m3[1m}[0m[2m:[0m [2mmoq_net::lite::publisher[0m[2m:[0m serving group [3msubscribe[0m[2m=[0m2 [3mtrack[0m[2m=[0m0.m4s [3msequence[0m[2m=[0m64
[2m2026-09-06T18:24:00.827492Z[0m [34mDEBUG[0m [1mconn[0m[1m{[0m[3mid[0m[2m=[0m3[1m}[0m[2m:[0m [2mmoq_net::lite::publisher[0m[2m:[0m serving group [3msubscribe[0m[2m=[0m1 [3mtrack[0m[2m=[0m1.m4s [3msequence[0m[2m=[0m64
[2m2026-09-06T18:24:00.829766Z[0m [34mDEBUG[0m [1mconn[0m[1m{[0m[3mid[0m[2m=[0m3[1m}[0m[2m:[0m [2mmoq_net::lite::publisher[0m[2m:[0m finished group [3msequence[0m[2m=[0m63
[2m2026-09-06T18:24:00.829844Z[0m [34mDEBUG[0m [1mconn[0m[1m{[0m[3mid[0m[2m=[0m3[1m}[0m[2m:[0m [2mmoq_net::lite::publisher[0m[2m:[0m finished group [3msequence[0m[2m=[0m63
[2m2026-09-06T18:24:03.334860Z[0m [34mDEBUG[0m [1mconn[0m[1m{[0m[3mid[0m[2m=[0m3[1m}[0m[2m:[0m [2mmoq_net::lite::publisher[0m[2m:[0m serving group [3msubscribe[0m[2m=[0m2 [3mtrack[0m[2m=[0m0.m4s [3msequence[0m[2m=[0m65
[2m2026-09-06T18:24:03.337522Z[0m [34mDEBUG[0m [1mconn[0m[1m{[0m[3mid[0m[2m=[0m3[1m}[0m[2m:[0m [2mmoq_net::lite::publisher[0m[2m:[0m finished group [3msequence[0m[2m=[0m64
[2m2026-09-06T18:24:03.337628Z[0m [34mDEBUG[0m [1mconn[0m[1m{[0m[3mid[0m[2m=[0m3[1m}[0m[2m:[0m [2mmoq_net::lite::publisher[0m[2m:[0m serving group [3msubscribe[0m[2m=[0m1 [3mtrack[0m[2m=[0m1.m4s [3msequence[0m[2m=[0m65
[2m2026-09-06T18:24:03.337739Z[0m [34mDEBUG[0m [1mconn[0m[1m{[0m[3mid[0m[2m=[0m3[1m}[0m[2m:[0m [2mmoq_net::lite::publisher[0m[2m:[0m finished group [3msequence[0m[2m=[0m64
[2m2026-09-06T18:24:05.450427Z[0m [34mDEBUG[0m [1mconn[0m[1m{[0m[3mid[0m[2m=[0m3[1m}[0m[2m:[0m [2mmoq_net::lite::publisher[0m[2m:[0m serving group [3msubscribe[0m[2m=[0m2 [3mtrack[0m[2m=[0m0.m4s [3msequence[0m[2m=[0m66
[2m2026-09-06T18:24:05.450580Z[0m [34mDEBUG[0m [1mconn[0m[1m{[0m[3mid[0m[2m=[0m3[1m}[0m[2m:[0m [2mmoq_net::lite::publisher[0m[2m:[0m serving group [3msubscribe[0m[2m=[0m1 [3mtrack[0m[2m=[0m1.m4s [3msequence[0m[2m=[0m66
[2m2026-09-06T18:24:05.451326Z[0m [34mDEBUG[0m [1mconn[0m[1m{[0m[3mid[0m[2m=[0m3[1m}[0m[2m:[0m [2mmoq_net::lite::publisher[0m[2m:[0m finished group [3msequence[0m[2m=[0m65
[2m2026-09-06T18:24:05.451405Z[0m [34mDEBUG[0m [1mconn[0m[1m{[0m[3mid[0m[2m=[0m3[1m}[0m[2m:[0m [2mmoq_net::lite::publisher[0m[2m:[0m finished group [3msequence[0m[2m=[0m65
[2m2026-09-06T18:24:07.968570Z[0m [34mDEBUG[0m [1mconn[0m[1m{[0m[3mid[0m[2m=[0m3[1m}[0m[2m:[0m [2mmoq_net::lite::publisher[0m[2m:[0m serving group [3msubscribe[0m[2m=[0m2 [3mtrack[0m[2m=[0m0.m4s [3msequence[0m[2m=[0m67
[2m2026-09-06T18:24:07.971411Z[0m [34mDEBUG[0m [1mconn[0m[1m{[0m[3mid[0m[2m=[0m3[1m}[0m[2m:[0m [2mmoq_net::lite::publisher[0m[2m:[0m finished group [3msequence[0m[2m=[0m66
[2m2026-09-06T18:24:07.971526Z[0m [34mDEBUG[0m [1mconn[0m[1m{[0m[3mid[0m[2m=[0m3[1m}[0m[2m:[0m [2mmoq_net::lite::publisher[0m[2m:[0m serving group [3msubscribe[0m[2m=[0m1 [3mtrack[0m[2m=[0m1.m4s [3msequence[0m[2m=[0m67
[2m2026-09-06T18:24:07.975868Z[0m [34mDEBUG[0m [1mconn[0m[1m{[0m[3mid[0m[2m=[0m3[1m}[0m[2m:[0m [2mmoq_net::lite::publisher[0m[2m:[0m finished group [3msequence[0m[2m=[0m66
[2m2026-09-06T18:24:10.295747Z[0m [34mDEBUG[0m [1mconn[0m[1m{[0m[3mid[0m[2m=[0m3[1m}[0m[2m:[0m [2mmoq_net::lite::publisher[0m[2m:[0m serving group [3msubscribe[0m[2m=[0m2 [3mtrack[0m[2m=[0m0.m4s [3msequence[0m[2m=[0m68
[2m2026-09-06T18:24:10.297374Z[0m [34mDEBUG[0m [1mconn[0m[1m{[0m[3mid[0m[2m=[0m3[1m}[0m[2m:[0m [2mmoq_net::lite::publisher[0m[2m:[0m finished group [3msequence[0m[2m=[0m67
[2m2026-09-06T18:24:10.297415Z[0m [34mDEBUG[0m [1mconn[0m[1m{[0m[3mid[0m[2m=[0m3[1m}[0m[2m:[0m [2mmoq_net::lite::publisher[0m[2m:[0m serving group [3msubscribe[0m[2m=[0m1 [3mtrack[0m[2m=[0m1.m4s [3msequence[0m[2m=[0m68
[2m2026-09-06T18:24:10.297532Z[0m [34mDEBUG[0m [1mconn[0m[1m{[0m[3mid[0m[2m=[0m3[1m}[0m[2m:[0m [2mmoq_net::lite::publisher[0m[2m:[0m finished group [3msequence[0m[2m=[0m67
[2m2026-09-06T18:24:11.722295Z[0m [34mDEBUG[0m [1mconn[0m[1m{[0m[3mid[0m[2m=[0m3[1m}[0m[2m:[0m [2mmoq_net::lite::publisher[0m[2m:[0m serving group [3msubscribe[0m[2m=[0m2 [3mtrack[0m[2m=[0m0.m4s [3msequence[0m[2m=[0m69
[2m2026-09-06T18:24:11.724030Z[0m [34mDEBUG[0m [1mconn[0m[1m{[0m[3mid[0m[2m=[0m3[1m}[0m[2m:[0m [2mmoq_net::lite::publisher[0m[2m:[0m finished group [3msequence[0m[2m=[0m68
[2m2026-09-06T18:24:11.724459Z[0m [34mDEBUG[0m [1mconn[0m[1m{[0m[3mid[0m[2m=[0m3[1m}[0m[2m:[0m [2mmoq_net::lite::publisher[0m[2m:[0m serving group [3msubscribe[0m[2m=[0m1 [3mtrack[0m[2m=[0m1.m4s [3msequence[0m[2m=[0m69
[2m2026-09-06T18:24:11.725634Z[0m [34mDEBUG[0m [1mconn[0m[1m{[0m[3mid[0m[2m=[0m3[1m}[0m[2m:[0m [2mmoq_net::lite::publisher[0m[2m:[0m finished group [3msequence[0m[2m=[0m68
[2m2026-09-06T18:24:14.240107Z[0m [34mDEBUG[0m [1mconn[0m[1m{[0m[3mid[0m[2m=[0m3[1m}[0m[2m:[0m [2mmoq_net::lite::publisher[0m[2m:[0m finished group [3msequence[0m[2m=[0m69
[2m2026-09-06T18:24:14.240178Z[0m [34mDEBUG[0m [1mconn[0m[1m{[0m[3mid[0m[2m=[0m3[1m}[0m[2m:[0m [2mmoq_net::lite::publisher[0m[2m:[0m serving group [3msubscribe[0m[2m=[0m1 [3mtrack[0m[2m=[0m1.m4s [3msequence[0m[2m=[0m70
[2m2026-09-06T18:24:14.240254Z[0m [34mDEBUG[0m [1mconn[0m[1m{[0m[3mid[0m[2m=[0m3[1m}[0m[2m:[0m [2mmoq_net::lite::publisher[0m[2m:[0m finished group [3msequence[0m[2m=[0m69
[2m2026-09-06T18:24:14.240276Z[0m [34mDEBUG[0m [1mconn[0m[1m{[0m[3mid[0m[2m=[0m3[1m}[0m[2m:[0m [2mmoq_net::lite::publisher[0m[2m:[0m serving group [3msubscribe[0m[2m=[0m2 [3mtrack[0m[2m=[0m0.m4s [3msequence[0m[2m=[0m70
[2m2026-09-06T18:24:15.648833Z[0m [34mDEBUG[0m [1mconn[0m[1m{[0m[3mid[0m[2m=[0m3[1m}[0m[2m:[0m [2mmoq_net::lite::publisher[0m[2m:[0m serving group [3msubscribe[0m[2m=[0m2 [3mtrack[0m[2m=[0m0.m4s [3msequence[0m[2m=[0m71
[2m2026-09-06T18:24:15.649013Z[0m [34mDEBUG[0m [1mconn[0m[1m{[0m[3mid[0m[2m=[0m3[1m}[0m[2m:[0m [2mmoq_net::lite::publisher[0m[2m:[0m serving group [3msubscribe[0m[2m=[0m1 [3mtrack[0m[2m=[0m1.m4s [3msequence[0m[2m=[0m71
[2m2026-09-06T18:24:15.650565Z[0m [34mDEBUG[0m [1mconn[0m[1m{[0m[3mid[0m[2m=[0m3[1m}[0m[2m:[0m [2mmoq_net::lite::publisher[0m[2m:[0m finished group [3msequence[0m[2m=[0m70
[2m2026-09-06T18:24:15.650641Z[0m [34mDEBUG[0m [1mconn[0m[1m{[0m[3mid[0m[2m=[0m3[1m}[0m[2m:[0m [2mmoq_net::lite::publisher[0m[2m:[0m finished group [3msequence[0m[2m=[0m70
[2m2026-09-06T18:24:17.453860Z[0m [34mDEBUG[0m [1mconn[0m[1m{[0m[3mid[0m[2m=[0m3[1m}[0m[2m:[0m [2mmoq_net::lite::publisher[0m[2m:[0m serving group [3msubscribe[0m[2m=[0m2 [3mtrack[0m[2m=[0m0.m4s [3msequence[0m[2m=[0m72
[2m2026-09-06T18:24:17.456620Z[0m [34mDEBUG[0m [1mconn[0m[1m{[0m[3mid[0m[2m=[0m3[1m}[0m[2m:[0m [2mmoq_net::lite::publisher[0m[2m:[0m finished group [3msequence[0m[2m=[0m71
[2m2026-09-06T18:24:17.456694Z[0m [34mDEBUG[0m [1mconn[0m[1m{[0m[3mid[0m[2m=[0m3[1m}[0m[2m:[0m [2mmoq_net::lite::publisher[0m[2m:[0m finished group [3msequence[0m[2m=[0m71
[2m2026-09-06T18:24:17.458038Z[0m [34mDEBUG[0m [1mconn[0m[1m{[0m[3mid[0m[2m=[0m3[1m}[0m[2m:[0m [2mmoq_net::lite::publisher[0m[2m:[0m serving group [3msubscribe[0m[2m=[0m1 [3mtrack[0m[2m=[0m1.m4s [3msequence[0m[2m=[0m72
[2m2026-09-06T18:24:18.984886Z[0m [34mDEBUG[0m [1mconn[0m[1m{[0m[3mid[0m[2m=[0m3[1m}[0m[2m:[0m [2mmoq_net::lite::publisher[0m[2m:[0m serving group [3msubscribe[0m[2m=[0m2 [3mtrack[0m[2m=[0m0.m4s [3msequence[0m[2m=[0m73
[2m2026-09-06T18:24:18.985890Z[0m [34mDEBUG[0m [1mconn[0m[1m{[0m[3mid[0m[2m=[0m3[1m}[0m[2m:[0m [2mmoq_net::lite::publisher[0m[2m:[0m finished group [3msequence[0m[2m=[0m72
[2m2026-09-06T18:24:18.999486Z[0m [34mDEBUG[0m [1mconn[0m[1m{[0m[3mid[0m[2m=[0m3[1m}[0m[2m:[0m [2mmoq_net::lite::publisher[0m[2m:[0m serving group [3msubscribe[0m[2m=[0m1 [3mtrack[0m[2m=[0m1.m4s [3msequence[0m[2m=[0m73
[2m2026-09-06T18:24:19.000773Z[0m [34mDEBUG[0m [1mconn[0m[1m{[0m[3mid[0m[2m=[0m3[1m}[0m[2m:[0m [2mmoq_net::lite::publisher[0m[2m:[0m finished group [3msequence[0m[2m=[0m72
[2m2026-09-06T18:24:21.480654Z[0m [34mDEBUG[0m [1mconn[0m[1m{[0m[3mid[0m[2m=[0m3[1m}[0m[2m:[0m [2mmoq_net::lite::publisher[0m[2m:[0m serving group [3msubscribe[0m[2m=[0m2 [3mtrack[0m[2m=[0m0.m4s [3msequence[0m[2m=[0m74
[2m2026-09-06T18:24:21.480832Z[0m [34mDEBUG[0m [1mconn[0m[1m{[0m[3mid[0m[2m=[0m3[1m}[0m[2m:[0m [2mmoq_net::lite::publisher[0m[2m:[0m serving group [3msubscribe[0m[2m=[0m1 [3mtrack[0m[2m=[0m1.m4s [3msequence[0m[2m=[0m74
[2m2026-09-06T18:24:21.482730Z[0m [34mDEBUG[0m [1mconn[0m[1m{[0m[3mid[0m[2m=[0m3[1m}[0m[2m:[0m [2mmoq_net::lite::publisher[0m[2m:[0m finished group [3msequence[0m[2m=[0m73
[2m2026-09-06T18:24:21.482994Z[0m [34mDEBUG[0m [1mconn[0m[1m{[0m[3mid[0m[2m=[0m3[1m}[0m[2m:[0m [2mmoq_net::lite::publisher[0m[2m:[0m finished group [3msequence[0m[2m=[0m73
[2m2026-09-06T18:24:23.986447Z[0m [34mDEBUG[0m [1mconn[0m[1m{[0m[3mid[0m[2m=[0m3[1m}[0m[2m:[0m [2mmoq_net::lite::publisher[0m[2m:[0m serving group [3msubscribe[0m[2m=[0m2 [3mtrack[0m[2m=[0m0.m4s [3msequence[0m[2m=[0m75
[2m2026-09-06T18:24:23.986643Z[0m [34mDEBUG[0m [1mconn[0m[1m{[0m[3mid[0m[2m=[0m3[1m}[0m[2m:[0m [2mmoq_net::lite::publisher[0m[2m:[0m serving group [3msubscribe[0m[2m=[0m1 [3mtrack[0m[2m=[0m1.m4s [3msequence[0m[2m=[0m75
[2m2026-09-06T18:24:23.988238Z[0m [34mDEBUG[0m [1mconn[0m[1m{[0m[3mid[0m[2m=[0m3[1m}[0m[2m:[0m [2mmoq_net::lite::publisher[0m[2m:[0m finished group [3msequence[0m[2m=[0m74
[2m2026-09-06T18:24:23.988395Z[0m [34mDEBUG[0m [1mconn[0m[1m{[0m[3mid[0m[2m=[0m3[1m}[0m[2m:[0m [2mmoq_net::lite::publisher[0m[2m:[0m finished group [3msequence[0m[2m=[0m74
[2m2026-09-06T18:24:25.575390Z[0m [34mDEBUG[0m [1mconn[0m[1m{[0m[3mid[0m[2m=[0m3[1m}[0m[2m:[0m [2mmoq_net::lite::publisher[0m[2m:[0m serving group [3msubscribe[0m[2m=[0m2 [3mtrack[0m[2m=[0m0.m4s [3msequence[0m[2m=[0m76
[2m2026-09-06T18:24:25.578365Z[0m [34mDEBUG[0m [1mconn[0m[1m{[0m[3mid[0m[2m=[0m3[1m}[0m[2m:[0m [2mmoq_net::lite::publisher[0m[2m:[0m serving group [3msubscribe[0m[2m=[0m1 [3mtrack[0m[2m=[0m1.m4s [3msequence[0m[2m=[0m76
[2m2026-09-06T18:24:25.579933Z[0m [34mDEBUG[0m [1mconn[0m[1m{[0m[3mid[0m[2m=[0m3[1m}[0m[2m:[0m [2mmoq_net::lite::publisher[0m[2m:[0m finished group [3msequence[0m[2m=[0m75
[2m2026-09-06T18:24:25.580016Z[0m [34mDEBUG[0m [1mconn[0m[1m{[0m[3mid[0m[2m=[0m3[1m}[0m[2m:[0m [2mmoq_net::lite::publisher[0m[2m:[0m finished group [3msequence[0m[2m=[0m75
[2m2026-09-06T18:24:27.195355Z[0m [34mDEBUG[0m [1mconn[0m[1m{[0m[3mid[0m[2m=[0m3[1m}[0m[2m:[0m [2mmoq_net::lite::publisher[0m[2m:[0m serving group [3msubscribe[0m[2m=[0m2 [3mtrack[0m[2m=[0m0.m4s [3msequence[0m[2m=[0m77
[2m2026-09-06T18:24:27.196183Z[0m [34mDEBUG[0m [1mconn[0m[1m{[0m[3mid[0m[2m=[0m3[1m}[0m[2m:[0m [2mmoq_net::lite::publisher[0m[2m:[0m finished group [3msequence[0m[2m=[0m76
[2m2026-09-06T18:24:27.196240Z[0m [34mDEBUG[0m [1mconn[0m[1m{[0m[3mid[0m[2m=[0m3[1m}[0m[2m:[0m [2mmoq_net::lite::publisher[0m[2m:[0m serving group [3msubscribe[0m[2m=[0m1 [3mtrack[0m[2m=[0m1.m4s [3msequence[0m[2m=[0m77
[2m2026-09-06T18:24:27.196323Z[0m [34mDEBUG[0m [1mconn[0m[1m{[0m[3mid[0m[2m=[0m3[1m}[0m[2m:[0m [2mmoq_net::lite::publisher[0m[2m:[0m finished group [3msequence[0m[2m=[0m76
[2m2026-09-06T18:24:29.705822Z[0m [34mDEBUG[0m [1mconn[0m[1m{[0m[3mid[0m[2m=[0m3[1m}[0m[2m:[0m [2mmoq_net::lite::publisher[0m[2m:[0m serving group [3msubscribe[0m[2m=[0m1 [3mtrack[0m[2m=[0m1.m4s [3msequence[0m[2m=[0m78
[2m2026-09-06T18:24:29.706011Z[0m [34mDEBUG[0m [1mconn[0m[1m{[0m[3mid[0m[2m=[0m3[1m}[0m[2m:[0m [2mmoq_net::lite::publisher[0m[2m:[0m serving group [3msubscribe[0m[2m=[0m2 [3mtrack[0m[2m=[0m0.m4s [3msequence[0m[2m=[0m78
[2m2026-09-06T18:24:29.706491Z[0m [34mDEBUG[0m [1mconn[0m[1m{[0m[3mid[0m[2m=[0m3[1m}[0m[2m:[0m [2mmoq_net::lite::publisher[0m[2m:[0m finished group [3msequence[0m[2m=[0m77
[2m2026-09-06T18:24:29.708622Z[0m [34mDEBUG[0m [1mconn[0m[1m{[0m[3mid[0m[2m=[0m3[1m}[0m[2m:[0m [2mmoq_net::lite::publisher[0m[2m:[0m finished group [3msequence[0m[2m=[0m77
[2m2026-09-06T18:24:32.163655Z[0m [34mDEBUG[0m [1mconn[0m[1m{[0m[3mid[0m[2m=[0m3[1m}[0m[2m:[0m [2mmoq_net::lite::publisher[0m[2m:[0m serving group [3msubscribe[0m[2m=[0m2 [3mtrack[0m[2m=[0m0.m4s [3msequence[0m[2m=[0m79
[2m2026-09-06T18:24:32.164719Z[0m [34mDEBUG[0m [1mconn[0m[1m{[0m[3mid[0m[2m=[0m3[1m}[0m[2m:[0m [2mmoq_net::lite::publisher[0m[2m:[0m finished group [3msequence[0m[2m=[0m78
[2m2026-09-06T18:24:32.183702Z[0m [34mDEBUG[0m [1mconn[0m[1m{[0m[3mid[0m[2m=[0m3[1m}[0m[2m:[0m [2mmoq_net::lite::publisher[0m[2m:[0m serving group [3msubscribe[0m[2m=[0m1 [3mtrack[0m[2m=[0m1.m4s [3msequence[0m[2m=[0m79
[2m2026-09-06T18:24:32.184280Z[0m [34mDEBUG[0m [1mconn[0m[1m{[0m[3mid[0m[2m=[0m3[1m}[0m[2m:[0m [2mmoq_net::lite::publisher[0m[2m:[0m serving group [3msubscribe[0m[2m=[0m0 [3mtrack[0m[2m=[0mcatalog.json [3msequence[0m[2m=[0m7
[2m2026-09-06T18:24:32.184668Z[0m [34mDEBUG[0m [1mconn[0m[1m{[0m[3mid[0m[2m=[0m3[1m}[0m[2m:[0m [2mmoq_net::lite::publisher[0m[2m:[0m finished group [3msequence[0m[2m=[0m7
[2m2026-09-06T18:24:32.184723Z[0m [34mDEBUG[0m [1mconn[0m[1m{[0m[3mid[0m[2m=[0m3[1m}[0m[2m:[0m [2mmoq_net::lite::publisher[0m[2m:[0m finished group [3msequence[0m[2m=[0m78
[2m2026-09-06T18:24:32.185876Z[0m [32m INFO[0m [1mconn[0m[1m{[0m[3mid[0m[2m=[0m3[1m}[0m[2m:[0m [2mmoq_net::lite::publisher[0m[2m:[0m subscribed cancelled [3mid[0m[2m=[0m1 [3mbroadcast[0m[2m=[0mbbb.hang [3mtrack[0m[2m=[0m1.m4s
[2m2026-09-06T18:24:32.186072Z[0m [32m INFO[0m [1mconn[0m[1m{[0m[3mid[0m[2m=[0m0[1m}[0m[2m:[0m [2mmoq_net::lite::subscriber[0m[2m:[0m subscribe canceled (idle) [3mtrack[0m[2m=[0m1.m4s
[2m2026-09-06T18:24:32.186957Z[0m [34mDEBUG[0m [1mconn[0m[1m{[0m[3mid[0m[2m=[0m3[1m}[0m[2m:[0m [2mmoq_net::lite::publisher[0m[2m:[0m track info requested [3mbroadcast[0m[2m=[0mbbb.hang [3mtrack[0m[2m=[0m1.m4s
[2m2026-09-06T18:24:32.187450Z[0m [32m INFO[0m [1mconn[0m[1m{[0m[3mid[0m[2m=[0m3[1m}[0m[2m:[0m [2mmoq_net::lite::publisher[0m[2m:[0m subscribed started [3mid[0m[2m=[0m3 [3mbroadcast[0m[2m=[0mbbb.hang [3mtrack[0m[2m=[0m1.m4s
[2m2026-09-06T18:24:32.187566Z[0m [32m INFO[0m [1mconn[0m[1m{[0m[3mid[0m[2m=[0m0[1m}[0m[2m:[0m [2mmoq_net::lite::subscriber[0m[2m:[0m subscribe started [3mid[0m[2m=[0m9 [3mbroadcast[0m[2m=[0mbbb.hang [3mtrack[0m[2m=[0m1.m4s
[2m2026-09-06T18:24:32.188365Z[0m [34mDEBUG[0m [1mconn[0m[1m{[0m[3mid[0m[2m=[0m3[1m}[0m[2m:[0m [2mmoq_net::lite::publisher[0m[2m:[0m serving group [3msubscribe[0m[2m=[0m3 [3mtrack[0m[2m=[0m1.m4s [3msequence[0m[2m=[0m79
[2m2026-09-06T18:24:34.695726Z[0m [34mDEBUG[0m [1mconn[0m[1m{[0m[3mid[0m[2m=[0m3[1m}[0m[2m:[0m [2mmoq_net::lite::publisher[0m[2m:[0m serving group [3msubscribe[0m[2m=[0m2 [3mtrack[0m[2m=[0m0.m4s [3msequence[0m[2m=[0m80
[2m2026-09-06T18:24:34.695850Z[0m [34mDEBUG[0m [1mconn[0m[1m{[0m[3mid[0m[2m=[0m3[1m}[0m[2m:[0m [2mmoq_net::lite::publisher[0m[2m:[0m serving group [3msubscribe[0m[2m=[0m3 [3mtrack[0m[2m=[0m1.m4s [3msequence[0m[2m=[0m80
[2m2026-09-06T18:24:34.697317Z[0m [34mDEBUG[0m [1mconn[0m[1m{[0m[3mid[0m[2m=[0m3[1m}[0m[2m:[0m [2mmoq_net::lite::publisher[0m[2m:[0m finished group [3msequence[0m[2m=[0m79
[2m2026-09-06T18:24:34.697364Z[0m [34mDEBUG[0m [1mconn[0m[1m{[0m[3mid[0m[2m=[0m3[1m}[0m[2m:[0m [2mmoq_net::lite::publisher[0m[2m:[0m finished group [3msequence[0m[2m=[0m79
[2m2026-09-06T18:24:37.196353Z[0m [34mDEBUG[0m [1mconn[0m[1m{[0m[3mid[0m[2m=[0m3[1m}[0m[2m:[0m [2mmoq_net::lite::publisher[0m[2m:[0m serving group [3msubscribe[0m[2m=[0m2 [3mtrack[0m[2m=[0m0.m4s [3msequence[0m[2m=[0m81
[2m2026-09-06T18:24:37.196740Z[0m [34mDEBUG[0m [1mconn[0m[1m{[0m[3mid[0m[2m=[0m3[1m}[0m[2m:[0m [2mmoq_net::lite::publisher[0m[2m:[0m serving group [3msubscribe[0m[2m=[0m3 [3mtrack[0m[2m=[0m1.m4s [3msequence[0m[2m=[0m81
[2m2026-09-06T18:24:37.197782Z[0m [34mDEBUG[0m [1mconn[0m[1m{[0m[3mid[0m[2m=[0m3[1m}[0m[2m:[0m [2mmoq_net::lite::publisher[0m[2m:[0m finished group [3msequence[0m[2m=[0m80
[2m2026-09-06T18:24:37.197850Z[0m [34mDEBUG[0m [1mconn[0m[1m{[0m[3mid[0m[2m=[0m3[1m}[0m[2m:[0m [2mmoq_net::lite::publisher[0m[2m:[0m finished group [3msequence[0m[2m=[0m80
[2m2026-09-06T18:24:38.786564Z[0m [34mDEBUG[0m [1mconn[0m[1m{[0m[3mid[0m[2m=[0m3[1m}[0m[2m:[0m [2mmoq_net::lite::publisher[0m[2m:[0m serving group [3msubscribe[0m[2m=[0m2 [3mtrack[0m[2m=[0m0.m4s [3msequence[0m[2m=[0m82
[2m2026-09-06T18:24:38.786792Z[0m [34mDEBUG[0m [1mconn[0m[1m{[0m[3mid[0m[2m=[0m3[1m}[0m[2m:[0m [2mmoq_net::lite::publisher[0m[2m:[0m serving group [3msubscribe[0m[2m=[0m3 [3mtrack[0m[2m=[0m1.m4s [3msequence[0m[2m=[0m82
[2m2026-09-06T18:24:38.789227Z[0m [34mDEBUG[0m [1mconn[0m[1m{[0m[3mid[0m[2m=[0m3[1m}[0m[2m:[0m [2mmoq_net::lite::publisher[0m[2m:[0m finished group [3msequence[0m[2m=[0m81
[2m2026-09-06T18:24:38.789415Z[0m [34mDEBUG[0m [1mconn[0m[1m{[0m[3mid[0m[2m=[0m3[1m}[0m[2m:[0m [2mmoq_net::lite::publisher[0m[2m:[0m finished group [3msequence[0m[2m=[0m81
[2m2026-09-06T18:24:41.300331Z[0m [34mDEBUG[0m [1mconn[0m[1m{[0m[3mid[0m[2m=[0m3[1m}[0m[2m:[0m [2mmoq_net::lite::publisher[0m[2m:[0m serving group [3msubscribe[0m[2m=[0m2 [3mtrack[0m[2m=[0m0.m4s [3msequence[0m[2m=[0m83
[2m2026-09-06T18:24:41.300566Z[0m [34mDEBUG[0m [1mconn[0m[1m{[0m[3mid[0m[2m=[0m3[1m}[0m[2m:[0m [2mmoq_net::lite::publisher[0m[2m:[0m serving group [3msubscribe[0m[2m=[0m3 [3mtrack[0m[2m=[0m1.m4s [3msequence[0m[2m=[0m83
[2m2026-09-06T18:24:41.302022Z[0m [34mDEBUG[0m [1mconn[0m[1m{[0m[3mid[0m[2m=[0m3[1m}[0m[2m:[0m [2mmoq_net::lite::publisher[0m[2m:[0m finished group [3msequence[0m[2m=[0m82
[2m2026-09-06T18:24:41.302106Z[0m [34mDEBUG[0m [1mconn[0m[1m{[0m[3mid[0m[2m=[0m3[1m}[0m[2m:[0m [2mmoq_net::lite::publisher[0m[2m:[0m finished group [3msequence[0m[2m=[0m82
[2m2026-09-06T18:24:43.761763Z[0m [32m INFO[0m [1mconn[0m[1m{[0m[3mid[0m[2m=[0m3[1m}[0m[2m:[0m [2mmoq_net::lite::publisher[0m[2m:[0m subscribed cancelled [3mid[0m[2m=[0m2 [3mbroadcast[0m[2m=[0mbbb.hang [3mtrack[0m[2m=[0m0.m4s
[2m2026-09-06T18:24:43.761811Z[0m [33m WARN[0m [2mmoq_relay::relay[0m[2m:[0m connection closed [3merr[0m[2m=[0mcancelled
[2m2026-09-06T18:24:43.761940Z[0m [34mDEBUG[0m [1mconn[0m[1m{[0m[3mid[0m[2m=[0m3[1m}[0m[2m:[0m [2mmoq_net::lite::publisher[0m[2m:[0m announcing cancelled [3mprefix[0m[2m=[0m
[2m2026-09-06T18:24:43.761983Z[0m [32m INFO[0m [1mconn[0m[1m{[0m[3mid[0m[2m=[0m0[1m}[0m[2m:[0m [2mmoq_net::lite::subscriber[0m[2m:[0m subscribe canceled (idle) [3mtrack[0m[2m=[0m0.m4s
[2m2026-09-06T18:24:43.762000Z[0m [33m WARN[0m [1mconn[0m[1m{[0m[3mid[0m[2m=[0m3[1m}[0m[2m:[0m [2mmoq_net::lite::publisher[0m[2m:[0m probe stream error [3merr[0m[2m=[0mcancelled
[2m2026-09-06T18:24:43.762071Z[0m [32m INFO[0m [1mconn[0m[1m{[0m[3mid[0m[2m=[0m3[1m}[0m[2m:[0m [2mmoq_net::lite::publisher[0m[2m:[0m subscribed cancelled [3mid[0m[2m=[0m0 [3mbroadcast[0m[2m=[0mbbb.hang [3mtrack[0m[2m=[0mcatalog.json
[2m2026-09-06T18:24:43.762141Z[0m [32m INFO[0m [1mconn[0m[1m{[0m[3mid[0m[2m=[0m3[1m}[0m[2m:[0m [2mmoq_net::lite::publisher[0m[2m:[0m subscribed cancelled [3mid[0m[2m=[0m3 [3mbroadcast[0m[2m=[0mbbb.hang [3mtrack[0m[2m=[0m1.m4s
[2m2026-09-06T18:24:43.762226Z[0m [33m WARN[0m [1mconn[0m[1m{[0m[3mid[0m[2m=[0m3[1m}[0m[2m:[0m [2mmoq_net::lite::session[0m[2m:[0m session error [3merr[0m[2m=[0mcancelled
[2m2026-09-06T18:24:43.762241Z[0m [32m INFO[0m [1mconn[0m[1m{[0m[3mid[0m[2m=[0m0[1m}[0m[2m:[0m [2mmoq_net::lite::subscriber[0m[2m:[0m subscribe canceled (idle) [3mtrack[0m[2m=[0mcatalog.json
[2m2026-09-06T18:24:43.762290Z[0m [32m INFO[0m [1mconn[0m[1m{[0m[3mid[0m[2m=[0m0[1m}[0m[2m:[0m [2mmoq_net::lite::subscriber[0m[2m:[0m subscribe canceled (idle) [3mtrack[0m[2m=[0m1.m4s
[2m2026-09-06T18:24:46.976165Z[0m [32m INFO[0m [1mconn[0m[1m{[0m[3mid[0m[2m=[0m4[1m}[0m[2m:[0m [2mmoq_relay::connection[0m[2m:[0m session accepted [3mtransport[0m[2m=[0mquic [3mrole[0m[2m=[0mNone [3mtier[0m[2m=[0m [3mroot[0m[2m=[0m [3mpublish[0m[2m=[0m [3msubscribe[0m[2m=[0m
[2m2026-09-06T18:24:46.976305Z[0m [32m INFO[0m [1mconn[0m[1m{[0m[3mid[0m[2m=[0m4[1m}[0m[2m:[0m [2mmoq_relay::connection[0m[2m:[0m negotiated [3mversion[0m[2m=[0mmoq-lite-05 [3mtransport[0m[2m=[0mquic
[2m2026-09-06T18:24:46.976463Z[0m [34mDEBUG[0m [1mconn[0m[1m{[0m[3mid[0m[2m=[0m4[1m}[0m[2m:[0m [2mmoq_net::lite::publisher[0m[2m:[0m announce [3mroute[0m[2m=[0m.stats/node/local/host
[2m2026-09-06T18:24:46.976483Z[0m [34mDEBUG[0m [1mconn[0m[1m{[0m[3mid[0m[2m=[0m4[1m}[0m[2m:[0m [2mmoq_net::lite::publisher[0m[2m:[0m announce [3mroute[0m[2m=[0mbbb.hang
[2m2026-09-06T18:24:46.976539Z[0m [34mDEBUG[0m [1mconn[0m[1m{[0m[3mid[0m[2m=[0m4[1m}[0m[2m:[0m [2mmoq_net::lite::subscriber[0m[2m:[0m peer does not support probing; skipping probe stream
[2m2026-09-06T18:24:46.978391Z[0m [34mDEBUG[0m [1mconn[0m[1m{[0m[3mid[0m[2m=[0m4[1m}[0m[2m:[0m [2mmoq_net::lite::publisher[0m[2m:[0m track info requested [3mbroadcast[0m[2m=[0mbbb.hang [3mtrack[0m[2m=[0mcatalog.json
[2m2026-09-06T18:24:46.979181Z[0m [32m INFO[0m [1mconn[0m[1m{[0m[3mid[0m[2m=[0m4[1m}[0m[2m:[0m [2mmoq_net::lite::publisher[0m[2m:[0m subscribed started [3mid[0m[2m=[0m0 [3mbroadcast[0m[2m=[0mbbb.hang [3mtrack[0m[2m=[0mcatalog.json
[2m2026-09-06T18:24:46.979270Z[0m [34mDEBUG[0m [1mconn[0m[1m{[0m[3mid[0m[2m=[0m4[1m}[0m[2m:[0m [2mmoq_net::lite::publisher[0m[2m:[0m serving group [3msubscribe[0m[2m=[0m0 [3mtrack[0m[2m=[0mcatalog.json [3msequence[0m[2m=[0m7
[2m2026-09-06T18:24:46.979330Z[0m [32m INFO[0m [1mconn[0m[1m{[0m[3mid[0m[2m=[0m0[1m}[0m[2m:[0m [2mmoq_net::lite::subscriber[0m[2m:[0m subscribe started [3mid[0m[2m=[0m10 [3mbroadcast[0m[2m=[0mbbb.hang [3mtrack[0m[2m=[0mcatalog.json
[2m2026-09-06T18:24:46.979576Z[0m [34mDEBUG[0m [1mconn[0m[1m{[0m[3mid[0m[2m=[0m4[1m}[0m[2m:[0m [2mmoq_net::lite::publisher[0m[2m:[0m finished group [3msequence[0m[2m=[0m7
[2m2026-09-06T18:24:46.986232Z[0m [34mDEBUG[0m [1mconn[0m[1m{[0m[3mid[0m[2m=[0m4[1m}[0m[2m:[0m [2mmoq_net::lite::publisher[0m[2m:[0m track info requested [3mbroadcast[0m[2m=[0mbbb.hang [3mtrack[0m[2m=[0m0.m4s
[2m2026-09-06T18:24:46.986416Z[0m [34mDEBUG[0m [1mconn[0m[1m{[0m[3mid[0m[2m=[0m4[1m}[0m[2m:[0m [2mmoq_net::lite::publisher[0m[2m:[0m track info requested [3mbroadcast[0m[2m=[0mbbb.hang [3mtrack[0m[2m=[0m1.m4s
[2m2026-09-06T18:24:46.988147Z[0m [32m INFO[0m [1mconn[0m[1m{[0m[3mid[0m[2m=[0m4[1m}[0m[2m:[0m [2mmoq_net::lite::publisher[0m[2m:[0m subscribed started [3mid[0m[2m=[0m2 [3mbroadcast[0m[2m=[0mbbb.hang [3mtrack[0m[2m=[0m0.m4s
[2m2026-09-06T18:24:46.988424Z[0m [32m INFO[0m [1mconn[0m[1m{[0m[3mid[0m[2m=[0m4[1m}[0m[2m:[0m [2mmoq_net::lite::publisher[0m[2m:[0m subscribed started [3mid[0m[2m=[0m1 [3mbroadcast[0m[2m=[0mbbb.hang [3mtrack[0m[2m=[0m1.m4s
[2m2026-09-06T18:24:46.988542Z[0m [32m INFO[0m [1mconn[0m[1m{[0m[3mid[0m[2m=[0m0[1m}[0m[2m:[0m [2mmoq_net::lite::subscriber[0m[2m:[0m subscribe started [3mid[0m[2m=[0m11 [3mbroadcast[0m[2m=[0mbbb.hang [3mtrack[0m[2m=[0m0.m4s
[2m2026-09-06T18:24:46.988742Z[0m [32m INFO[0m [1mconn[0m[1m{[0m[3mid[0m[2m=[0m0[1m}[0m[2m:[0m [2mmoq_net::lite::subscriber[0m[2m:[0m subscribe started [3mid[0m[2m=[0m12 [3mbroadcast[0m[2m=[0mbbb.hang [3mtrack[0m[2m=[0m1.m4s
[2m2026-09-06T18:24:46.990367Z[0m [34mDEBUG[0m [1mconn[0m[1m{[0m[3mid[0m[2m=[0m4[1m}[0m[2m:[0m [2mmoq_net::lite::publisher[0m[2m:[0m serving group [3msubscribe[0m[2m=[0m2 [3mtrack[0m[2m=[0m0.m4s [3msequence[0m[2m=[0m86
[2m2026-09-06T18:24:46.992259Z[0m [34mDEBUG[0m [1mconn[0m[1m{[0m[3mid[0m[2m=[0m4[1m}[0m[2m:[0m [2mmoq_net::lite::publisher[0m[2m:[0m serving group [3msubscribe[0m[2m=[0m1 [3mtrack[0m[2m=[0m1.m4s [3msequence[0m[2m=[0m86
[2m2026-09-06T18:24:48.848679Z[0m [34mDEBUG[0m [1mconn[0m[1m{[0m[3mid[0m[2m=[0m4[1m}[0m[2m:[0m [2mmoq_net::lite::publisher[0m[2m:[0m serving group [3msubscribe[0m[2m=[0m2 [3mtrack[0m[2m=[0m0.m4s [3msequence[0m[2m=[0m87
[2m2026-09-06T18:24:48.849686Z[0m [34mDEBUG[0m [1mconn[0m[1m{[0m[3mid[0m[2m=[0m4[1m}[0m[2m:[0m [2mmoq_net::lite::publisher[0m[2m:[0m serving group [3msubscribe[0m[2m=[0m1 [3mtrack[0m[2m=[0m1.m4s [3msequence[0m[2m=[0m87
[2m2026-09-06T18:24:48.850104Z[0m [34mDEBUG[0m [1mconn[0m[1m{[0m[3mid[0m[2m=[0m4[1m}[0m[2m:[0m [2mmoq_net::lite::publisher[0m[2m:[0m finished group [3msequence[0m[2m=[0m86
[2m2026-09-06T18:24:48.850167Z[0m [34mDEBUG[0m [1mconn[0m[1m{[0m[3mid[0m[2m=[0m4[1m}[0m[2m:[0m [2mmoq_net::lite::publisher[0m[2m:[0m finished group [3msequence[0m[2m=[0m86
[2m2026-09-06T18:24:51.368664Z[0m [34mDEBUG[0m [1mconn[0m[1m{[0m[3mid[0m[2m=[0m4[1m}[0m[2m:[0m [2mmoq_net::lite::publisher[0m[2m:[0m serving group [3msubscribe[0m[2m=[0m2 [3mtrack[0m[2m=[0m0.m4s [3msequence[0m[2m=[0m88
[2m2026-09-06T18:24:51.369390Z[0m [34mDEBUG[0m [1mconn[0m[1m{[0m[3mid[0m[2m=[0m4[1m}[0m[2m:[0m [2mmoq_net::lite::publisher[0m[2m:[0m finished group [3msequence[0m[2m=[0m87
[2m2026-09-06T18:24:51.369447Z[0m [34mDEBUG[0m [1mconn[0m[1m{[0m[3mid[0m[2m=[0m4[1m}[0m[2m:[0m [2mmoq_net::lite::publisher[0m[2m:[0m finished group [3msequence[0m[2m=[0m87
[2m2026-09-06T18:24:51.369513Z[0m [34mDEBUG[0m [1mconn[0m[1m{[0m[3mid[0m[2m=[0m4[1m}[0m[2m:[0m [2mmoq_net::lite::publisher[0m[2m:[0m serving group [3msubscribe[0m[2m=[0m1 [3mtrack[0m[2m=[0m1.m4s [3msequence[0m[2m=[0m88
[2m2026-09-06T18:24:53.616794Z[0m [34mDEBUG[0m [1mconn[0m[1m{[0m[3mid[0m[2m=[0m4[1m}[0m[2m:[0m [2mmoq_net::lite::publisher[0m[2m:[0m serving group [3msubscribe[0m[2m=[0m2 [3mtrack[0m[2m=[0m0.m4s [3msequence[0m[2m=[0m89
[2m2026-09-06T18:24:53.616951Z[0m [34mDEBUG[0m [1mconn[0m[1m{[0m[3mid[0m[2m=[0m4[1m}[0m[2m:[0m [2mmoq_net::lite::publisher[0m[2m:[0m serving group [3msubscribe[0m[2m=[0m1 [3mtrack[0m[2m=[0m1.m4s [3msequence[0m[2m=[0m89
[2m2026-09-06T18:24:53.618462Z[0m [34mDEBUG[0m [1mconn[0m[1m{[0m[3mid[0m[2m=[0m4[1m}[0m[2m:[0m [2mmoq_net::lite::publisher[0m[2m:[0m finished group [3msequence[0m[2m=[0m88
[2m2026-09-06T18:24:53.618512Z[0m [34mDEBUG[0m [1mconn[0m[1m{[0m[3mid[0m[2m=[0m4[1m}[0m[2m:[0m [2mmoq_net::lite::publisher[0m[2m:[0m finished group [3msequence[0m[2m=[0m88
[2m2026-09-06T18:24:55.367788Z[0m [34mDEBUG[0m [1mconn[0m[1m{[0m[3mid[0m[2m=[0m4[1m}[0m[2m:[0m [2mmoq_net::lite::publisher[0m[2m:[0m serving group [3msubscribe[0m[2m=[0m2 [3mtrack[0m[2m=[0m0.m4s [3msequence[0m[2m=[0m90
[2m2026-09-06T18:24:55.369184Z[0m [34mDEBUG[0m [1mconn[0m[1m{[0m[3mid[0m[2m=[0m4[1m}[0m[2m:[0m [2mmoq_net::lite::publisher[0m[2m:[0m finished group [3msequence[0m[2m=[0m89
[2m2026-09-06T18:24:55.369263Z[0m [34mDEBUG[0m [1mconn[0m[1m{[0m[3mid[0m[2m=[0m4[1m}[0m[2m:[0m [2mmoq_net::lite::publisher[0m[2m:[0m finished group [3msequence[0m[2m=[0m89
[2m2026-09-06T18:24:55.371429Z[0m [34mDEBUG[0m [1mconn[0m[1m{[0m[3mid[0m[2m=[0m4[1m}[0m[2m:[0m [2mmoq_net::lite::publisher[0m[2m:[0m serving group [3msubscribe[0m[2m=[0m1 [3mtrack[0m[2m=[0m1.m4s [3msequence[0m[2m=[0m90
[2m2026-09-06T18:24:56.906682Z[0m [34mDEBUG[0m [1mconn[0m[1m{[0m[3mid[0m[2m=[0m4[1m}[0m[2m:[0m [2mmoq_net::lite::publisher[0m[2m:[0m serving group [3msubscribe[0m[2m=[0m2 [3mtrack[0m[2m=[0m0.m4s [3msequence[0m[2m=[0m91
[2m2026-09-06T18:24:56.910256Z[0m [34mDEBUG[0m [1mconn[0m[1m{[0m[3mid[0m[2m=[0m4[1m}[0m[2m:[0m [2mmoq_net::lite::publisher[0m[2m:[0m finished group [3msequence[0m[2m=[0m90
[2m2026-09-06T18:24:56.921147Z[0m [34mDEBUG[0m [1mconn[0m[1m{[0m[3mid[0m[2m=[0m4[1m}[0m[2m:[0m [2mmoq_net::lite::publisher[0m[2m:[0m serving group [3msubscribe[0m[2m=[0m1 [3mtrack[0m[2m=[0m1.m4s [3msequence[0m[2m=[0m91
[2m2026-09-06T18:24:56.922517Z[0m [34mDEBUG[0m [1mconn[0m[1m{[0m[3mid[0m[2m=[0m4[1m}[0m[2m:[0m [2mmoq_net::lite::publisher[0m[2m:[0m finished group [3msequence[0m[2m=[0m90
[2m2026-09-06T18:24:58.332395Z[0m [34mDEBUG[0m [1mconn[0m[1m{[0m[3mid[0m[2m=[0m4[1m}[0m[2m:[0m [2mmoq_net::lite::publisher[0m[2m:[0m serving group [3msubscribe[0m[2m=[0m2 [3mtrack[0m[2m=[0m0.m4s [3msequence[0m[2m=[0m92
[2m2026-09-06T18:24:58.333644Z[0m [34mDEBUG[0m [1mconn[0m[1m{[0m[3mid[0m[2m=[0m4[1m}[0m[2m:[0m [2mmoq_net::lite::publisher[0m[2m:[0m finished group [3msequence[0m[2m=[0m91
[2m2026-09-06T18:24:58.333897Z[0m [34mDEBUG[0m [1mconn[0m[1m{[0m[3mid[0m[2m=[0m4[1m}[0m[2m:[0m [2mmoq_net::lite::publisher[0m[2m:[0m serving group [3msubscribe[0m[2m=[0m1 [3mtrack[0m[2m=[0m1.m4s [3msequence[0m[2m=[0m92
[2m2026-09-06T18:24:58.334610Z[0m [34mDEBUG[0m [1mconn[0m[1m{[0m[3mid[0m[2m=[0m4[1m}[0m[2m:[0m [2mmoq_net::lite::publisher[0m[2m:[0m finished group [3msequence[0m[2m=[0m91
[2m2026-09-06T18:25:00.812239Z[0m [34mDEBUG[0m [1mconn[0m[1m{[0m[3mid[0m[2m=[0m4[1m}[0m[2m:[0m [2mmoq_net::lite::publisher[0m[2m:[0m serving group [3msubscribe[0m[2m=[0m2 [3mtrack[0m[2m=[0m0.m4s [3msequence[0m[2m=[0m93
[2m2026-09-06T18:25:00.812383Z[0m [34mDEBUG[0m [1mconn[0m[1m{[0m[3mid[0m[2m=[0m4[1m}[0m[2m:[0m [2mmoq_net::lite::publisher[0m[2m:[0m serving group [3msubscribe[0m[2m=[0m1 [3mtrack[0m[2m=[0m1.m4s [3msequence[0m[2m=[0m93
[2m2026-09-06T18:25:00.813464Z[0m [34mDEBUG[0m [1mconn[0m[1m{[0m[3mid[0m[2m=[0m4[1m}[0m[2m:[0m [2mmoq_net::lite::publisher[0m[2m:[0m finished group [3msequence[0m[2m=[0m92
[2m2026-09-06T18:25:00.813528Z[0m [34mDEBUG[0m [1mconn[0m[1m{[0m[3mid[0m[2m=[0m4[1m}[0m[2m:[0m [2mmoq_net::lite::publisher[0m[2m:[0m finished group [3msequence[0m[2m=[0m92
[2m2026-09-06T18:25:03.223457Z[0m [34mDEBUG[0m [1mconn[0m[1m{[0m[3mid[0m[2m=[0m4[1m}[0m[2m:[0m [2mmoq_net::lite::publisher[0m[2m:[0m serving group [3msubscribe[0m[2m=[0m2 [3mtrack[0m[2m=[0m0.m4s [3msequence[0m[2m=[0m94
[2m2026-09-06T18:25:03.224576Z[0m [34mDEBUG[0m [1mconn[0m[1m{[0m[3mid[0m[2m=[0m4[1m}[0m[2m:[0m [2mmoq_net::lite::publisher[0m[2m:[0m serving group [3msubscribe[0m[2m=[0m1 [3mtrack[0m[2m=[0m1.m4s [3msequence[0m[2m=[0m94
[2m2026-09-06T18:25:03.224750Z[0m [34mDEBUG[0m [1mconn[0m[1m{[0m[3mid[0m[2m=[0m4[1m}[0m[2m:[0m [2mmoq_net::lite::publisher[0m[2m:[0m finished group [3msequence[0m[2m=[0m93
[2m2026-09-06T18:25:03.225895Z[0m [34mDEBUG[0m [1mconn[0m[1m{[0m[3mid[0m[2m=[0m4[1m}[0m[2m:[0m [2mmoq_net::lite::publisher[0m[2m:[0m finished group [3msequence[0m[2m=[0m93
[2m2026-09-06T18:25:05.732576Z[0m [34mDEBUG[0m [1mconn[0m[1m{[0m[3mid[0m[2m=[0m4[1m}[0m[2m:[0m [2mmoq_net::lite::publisher[0m[2m:[0m serving group [3msubscribe[0m[2m=[0m2 [3mtrack[0m[2m=[0m0.m4s [3msequence[0m[2m=[0m95
[2m2026-09-06T18:25:05.732692Z[0m [34mDEBUG[0m [1mconn[0m[1m{[0m[3mid[0m[2m=[0m4[1m}[0m[2m:[0m [2mmoq_net::lite::publisher[0m[2m:[0m serving group [3msubscribe[0m[2m=[0m1 [3mtrack[0m[2m=[0m1.m4s [3msequence[0m[2m=[0m95
[2m2026-09-06T18:25:05.733836Z[0m [34mDEBUG[0m [1mconn[0m[1m{[0m[3mid[0m[2m=[0m4[1m}[0m[2m:[0m [2mmoq_net::lite::publisher[0m[2m:[0m finished group [3msequence[0m[2m=[0m94
[2m2026-09-06T18:25:05.733912Z[0m [34mDEBUG[0m [1mconn[0m[1m{[0m[3mid[0m[2m=[0m4[1m}[0m[2m:[0m [2mmoq_net::lite::publisher[0m[2m:[0m finished group [3msequence[0m[2m=[0m94
[2m2026-09-06T18:25:08.252360Z[0m [34mDEBUG[0m [1mconn[0m[1m{[0m[3mid[0m[2m=[0m4[1m}[0m[2m:[0m [2mmoq_net::lite::publisher[0m[2m:[0m serving group [3msubscribe[0m[2m=[0m2 [3mtrack[0m[2m=[0m0.m4s [3msequence[0m[2m=[0m96
[2m2026-09-06T18:25:08.252596Z[0m [34mDEBUG[0m [1mconn[0m[1m{[0m[3mid[0m[2m=[0m4[1m}[0m[2m:[0m [2mmoq_net::lite::publisher[0m[2m:[0m serving group [3msubscribe[0m[2m=[0m1 [3mtrack[0m[2m=[0m1.m4s [3msequence[0m[2m=[0m96
[2m2026-09-06T18:25:08.254239Z[0m [34mDEBUG[0m [1mconn[0m[1m{[0m[3mid[0m[2m=[0m4[1m}[0m[2m:[0m [2mmoq_net::lite::publisher[0m[2m:[0m finished group [3msequence[0m[2m=[0m95
[2m2026-09-06T18:25:08.254285Z[0m [34mDEBUG[0m [1mconn[0m[1m{[0m[3mid[0m[2m=[0m4[1m}[0m[2m:[0m [2mmoq_net::lite::publisher[0m[2m:[0m finished group [3msequence[0m[2m=[0m95
[2m2026-09-06T18:25:09.928786Z[0m [34mDEBUG[0m [1mconn[0m[1m{[0m[3mid[0m[2m=[0m4[1m}[0m[2m:[0m [2mmoq_net::lite::publisher[0m[2m:[0m serving group [3msubscribe[0m[2m=[0m2 [3mtrack[0m[2m=[0m0.m4s [3msequence[0m[2m=[0m97
[2m2026-09-06T18:25:09.931545Z[0m [34mDEBUG[0m [1mconn[0m[1m{[0m[3mid[0m[2m=[0m4[1m}[0m[2m:[0m [2mmoq_net::lite::publisher[0m[2m:[0m finished group [3msequence[0m[2m=[0m96
[2m2026-09-06T18:25:09.933022Z[0m [34mDEBUG[0m [1mconn[0m[1m{[0m[3mid[0m[2m=[0m4[1m}[0m[2m:[0m [2mmoq_net::lite::publisher[0m[2m:[0m serving group [3msubscribe[0m[2m=[0m1 [3mtrack[0m[2m=[0m1.m4s [3msequence[0m[2m=[0m97
[2m2026-09-06T18:25:09.934625Z[0m [34mDEBUG[0m [1mconn[0m[1m{[0m[3mid[0m[2m=[0m4[1m}[0m[2m:[0m [2mmoq_net::lite::publisher[0m[2m:[0m finished group [3msequence[0m[2m=[0m96
[2m2026-09-06T18:25:12.476874Z[0m [34mDEBUG[0m [1mconn[0m[1m{[0m[3mid[0m[2m=[0m4[1m}[0m[2m:[0m [2mmoq_net::lite::publisher[0m[2m:[0m finished group [3msequence[0m[2m=[0m97
[2m2026-09-06T18:25:12.476958Z[0m [34mDEBUG[0m [1mconn[0m[1m{[0m[3mid[0m[2m=[0m4[1m}[0m[2m:[0m [2mmoq_net::lite::publisher[0m[2m:[0m serving group [3msubscribe[0m[2m=[0m2 [3mtrack[0m[2m=[0m0.m4s [3msequence[0m[2m=[0m98
[2m2026-09-06T18:25:12.477075Z[0m [34mDEBUG[0m [1mconn[0m[1m{[0m[3mid[0m[2m=[0m4[1m}[0m[2m:[0m [2mmoq_net::lite::publisher[0m[2m:[0m finished group [3msequence[0m[2m=[0m97
[2m2026-09-06T18:25:12.477102Z[0m [34mDEBUG[0m [1mconn[0m[1m{[0m[3mid[0m[2m=[0m4[1m}[0m[2m:[0m [2mmoq_net::lite::publisher[0m[2m:[0m serving group [3msubscribe[0m[2m=[0m1 [3mtrack[0m[2m=[0m1.m4s [3msequence[0m[2m=[0m98
[2m2026-09-06T18:25:14.980419Z[0m [34mDEBUG[0m [1mconn[0m[1m{[0m[3mid[0m[2m=[0m4[1m}[0m[2m:[0m [2mmoq_net::lite::publisher[0m[2m:[0m serving group [3msubscribe[0m[2m=[0m2 [3mtrack[0m[2m=[0m0.m4s [3msequence[0m[2m=[0m99
[2m2026-09-06T18:25:14.981659Z[0m [34mDEBUG[0m [1mconn[0m[1m{[0m[3mid[0m[2m=[0m4[1m}[0m[2m:[0m [2mmoq_net::lite::publisher[0m[2m:[0m finished group [3msequence[0m[2m=[0m98
[2m2026-09-06T18:25:14.981731Z[0m [34mDEBUG[0m [1mconn[0m[1m{[0m[3mid[0m[2m=[0m4[1m}[0m[2m:[0m [2mmoq_net::lite::publisher[0m[2m:[0m serving group [3msubscribe[0m[2m=[0m1 [3mtrack[0m[2m=[0m1.m4s [3msequence[0m[2m=[0m99
[2m2026-09-06T18:25:14.983075Z[0m [34mDEBUG[0m [1mconn[0m[1m{[0m[3mid[0m[2m=[0m4[1m}[0m[2m:[0m [2mmoq_net::lite::publisher[0m[2m:[0m finished group [3msequence[0m[2m=[0m98
[2m2026-09-06T18:25:17.447207Z[0m [34mDEBUG[0m [1mconn[0m[1m{[0m[3mid[0m[2m=[0m4[1m}[0m[2m:[0m [2mmoq_net::lite::publisher[0m[2m:[0m serving group [3msubscribe[0m[2m=[0m2 [3mtrack[0m[2m=[0m0.m4s [3msequence[0m[2m=[0m100
[2m2026-09-06T18:25:17.447546Z[0m [34mDEBUG[0m [1mconn[0m[1m{[0m[3mid[0m[2m=[0m4[1m}[0m[2m:[0m [2mmoq_net::lite::publisher[0m[2m:[0m serving group [3msubscribe[0m[2m=[0m1 [3mtrack[0m[2m=[0m1.m4s [3msequence[0m[2m=[0m100
[2m2026-09-06T18:25:17.449484Z[0m [34mDEBUG[0m [1mconn[0m[1m{[0m[3mid[0m[2m=[0m4[1m}[0m[2m:[0m [2mmoq_net::lite::publisher[0m[2m:[0m finished group [3msequence[0m[2m=[0m99
[2m2026-09-06T18:25:17.449662Z[0m [34mDEBUG[0m [1mconn[0m[1m{[0m[3mid[0m[2m=[0m4[1m}[0m[2m:[0m [2mmoq_net::lite::publisher[0m[2m:[0m finished group [3msequence[0m[2m=[0m99
[2m2026-09-06T18:25:19.391255Z[0m [34mDEBUG[0m [1mconn[0m[1m{[0m[3mid[0m[2m=[0m4[1m}[0m[2m:[0m [2mmoq_net::lite::publisher[0m[2m:[0m serving group [3msubscribe[0m[2m=[0m2 [3mtrack[0m[2m=[0m0.m4s [3msequence[0m[2m=[0m101
[2m2026-09-06T18:25:19.392495Z[0m [34mDEBUG[0m [1mconn[0m[1m{[0m[3mid[0m[2m=[0m4[1m}[0m[2m:[0m [2mmoq_net::lite::publisher[0m[2m:[0m finished group [3msequence[0m[2m=[0m100
[2m2026-09-06T18:25:19.392540Z[0m [34mDEBUG[0m [1mconn[0m[1m{[0m[3mid[0m[2m=[0m4[1m}[0m[2m:[0m [2mmoq_net::lite::publisher[0m[2m:[0m serving group [3msubscribe[0m[2m=[0m1 [3mtrack[0m[2m=[0m1.m4s [3msequence[0m[2m=[0m101
[2m2026-09-06T18:25:19.392612Z[0m [34mDEBUG[0m [1mconn[0m[1m{[0m[3mid[0m[2m=[0m4[1m}[0m[2m:[0m [2mmoq_net::lite::publisher[0m[2m:[0m finished group [3msequence[0m[2m=[0m100
[2m2026-09-06T18:25:21.868919Z[0m [34mDEBUG[0m [1mconn[0m[1m{[0m[3mid[0m[2m=[0m4[1m}[0m[2m:[0m [2mmoq_net::lite::publisher[0m[2m:[0m serving group [3msubscribe[0m[2m=[0m2 [3mtrack[0m[2m=[0m0.m4s [3msequence[0m[2m=[0m102
[2m2026-09-06T18:25:21.869033Z[0m [34mDEBUG[0m [1mconn[0m[1m{[0m[3mid[0m[2m=[0m4[1m}[0m[2m:[0m [2mmoq_net::lite::publisher[0m[2m:[0m serving group [3msubscribe[0m[2m=[0m1 [3mtrack[0m[2m=[0m1.m4s [3msequence[0m[2m=[0m102
[2m2026-09-06T18:25:21.870638Z[0m [34mDEBUG[0m [1mconn[0m[1m{[0m[3mid[0m[2m=[0m4[1m}[0m[2m:[0m [2mmoq_net::lite::publisher[0m[2m:[0m finished group [3msequence[0m[2m=[0m101
[2m2026-09-06T18:25:21.870681Z[0m [34mDEBUG[0m [1mconn[0m[1m{[0m[3mid[0m[2m=[0m4[1m}[0m[2m:[0m [2mmoq_net::lite::publisher[0m[2m:[0m finished group [3msequence[0m[2m=[0m101
[2m2026-09-06T18:25:24.366311Z[0m [34mDEBUG[0m [1mconn[0m[1m{[0m[3mid[0m[2m=[0m4[1m}[0m[2m:[0m [2mmoq_net::lite::publisher[0m[2m:[0m serving group [3msubscribe[0m[2m=[0m2 [3mtrack[0m[2m=[0m0.m4s [3msequence[0m[2m=[0m103
[2m2026-09-06T18:25:24.367118Z[0m [34mDEBUG[0m [1mconn[0m[1m{[0m[3mid[0m[2m=[0m4[1m}[0m[2m:[0m [2mmoq_net::lite::publisher[0m[2m:[0m serving group [3msubscribe[0m[2m=[0m1 [3mtrack[0m[2m=[0m1.m4s [3msequence[0m[2m=[0m103
[2m2026-09-06T18:25:24.368874Z[0m [34mDEBUG[0m [1mconn[0m[1m{[0m[3mid[0m[2m=[0m4[1m}[0m[2m:[0m [2mmoq_net::lite::publisher[0m[2m:[0m finished group [3msequence[0m[2m=[0m102
[2m2026-09-06T18:25:24.368941Z[0m [34mDEBUG[0m [1mconn[0m[1m{[0m[3mid[0m[2m=[0m4[1m}[0m[2m:[0m [2mmoq_net::lite::publisher[0m[2m:[0m finished group [3msequence[0m[2m=[0m102
[2m2026-09-06T18:25:26.864067Z[0m [34mDEBUG[0m [1mconn[0m[1m{[0m[3mid[0m[2m=[0m4[1m}[0m[2m:[0m [2mmoq_net::lite::publisher[0m[2m:[0m serving group [3msubscribe[0m[2m=[0m2 [3mtrack[0m[2m=[0m0.m4s [3msequence[0m[2m=[0m104
[2m2026-09-06T18:25:26.864261Z[0m [34mDEBUG[0m [1mconn[0m[1m{[0m[3mid[0m[2m=[0m4[1m}[0m[2m:[0m [2mmoq_net::lite::publisher[0m[2m:[0m serving group [3msubscribe[0m[2m=[0m1 [3mtrack[0m[2m=[0m1.m4s [3msequence[0m[2m=[0m104
[2m2026-09-06T18:25:26.865392Z[0m [34mDEBUG[0m [1mconn[0m[1m{[0m[3mid[0m[2m=[0m4[1m}[0m[2m:[0m [2mmoq_net::lite::publisher[0m[2m:[0m finished group [3msequence[0m[2m=[0m103
[2m2026-09-06T18:25:26.865440Z[0m [34mDEBUG[0m [1mconn[0m[1m{[0m[3mid[0m[2m=[0m4[1m}[0m[2m:[0m [2mmoq_net::lite::publisher[0m[2m:[0m finished group [3msequence[0m[2m=[0m103
[2m2026-09-06T18:25:29.357243Z[0m [34mDEBUG[0m [1mconn[0m[1m{[0m[3mid[0m[2m=[0m4[1m}[0m[2m:[0m [2mmoq_net::lite::publisher[0m[2m:[0m serving group [3msubscribe[0m[2m=[0m2 [3mtrack[0m[2m=[0m0.m4s [3msequence[0m[2m=[0m105
[2m2026-09-06T18:25:29.357383Z[0m [34mDEBUG[0m [1mconn[0m[1m{[0m[3mid[0m[2m=[0m4[1m}[0m[2m:[0m [2mmoq_net::lite::publisher[0m[2m:[0m serving group [3msubscribe[0m[2m=[0m1 [3mtrack[0m[2m=[0m1.m4s [3msequence[0m[2m=[0m105
[2m2026-09-06T18:25:29.359553Z[0m [34mDEBUG[0m [1mconn[0m[1m{[0m[3mid[0m[2m=[0m4[1m}[0m[2m:[0m [2mmoq_net::lite::publisher[0m[2m:[0m finished group [3msequence[0m[2m=[0m104
[2m2026-09-06T18:25:29.359613Z[0m [34mDEBUG[0m [1mconn[0m[1m{[0m[3mid[0m[2m=[0m4[1m}[0m[2m:[0m [2mmoq_net::lite::publisher[0m[2m:[0m finished group [3msequence[0m[2m=[0m104
[2m2026-09-06T18:25:31.522358Z[0m [34mDEBUG[0m [1mconn[0m[1m{[0m[3mid[0m[2m=[0m4[1m}[0m[2m:[0m [2mmoq_net::lite::publisher[0m[2m:[0m finished group [3msequence[0m[2m=[0m105
[2m2026-09-06T18:25:31.522521Z[0m [34mDEBUG[0m [1mconn[0m[1m{[0m[3mid[0m[2m=[0m4[1m}[0m[2m:[0m [2mmoq_net::lite::publisher[0m[2m:[0m serving group [3msubscribe[0m[2m=[0m2 [3mtrack[0m[2m=[0m0.m4s [3msequence[0m[2m=[0m106
[2m2026-09-06T18:25:31.522699Z[0m [34mDEBUG[0m [1mconn[0m[1m{[0m[3mid[0m[2m=[0m4[1m}[0m[2m:[0m [2mmoq_net::lite::publisher[0m[2m:[0m finished group [3msequence[0m[2m=[0m105
[2m2026-09-06T18:25:31.522731Z[0m [34mDEBUG[0m [1mconn[0m[1m{[0m[3mid[0m[2m=[0m4[1m}[0m[2m:[0m [2mmoq_net::lite::publisher[0m[2m:[0m serving group [3msubscribe[0m[2m=[0m1 [3mtrack[0m[2m=[0m1.m4s [3msequence[0m[2m=[0m106
[2m2026-09-06T18:25:32.962364Z[0m [34mDEBUG[0m [1mconn[0m[1m{[0m[3mid[0m[2m=[0m4[1m}[0m[2m:[0m [2mmoq_net::lite::publisher[0m[2m:[0m serving group [3msubscribe[0m[2m=[0m2 [3mtrack[0m[2m=[0m0.m4s [3msequence[0m[2m=[0m107
[2m2026-09-06T18:25:32.964060Z[0m [34mDEBUG[0m [1mconn[0m[1m{[0m[3mid[0m[2m=[0m4[1m}[0m[2m:[0m [2mmoq_net::lite::publisher[0m[2m:[0m finished group [3msequence[0m[2m=[0m106
[2m2026-09-06T18:25:32.964134Z[0m [34mDEBUG[0m [1mconn[0m[1m{[0m[3mid[0m[2m=[0m4[1m}[0m[2m:[0m [2mmoq_net::lite::publisher[0m[2m:[0m serving group [3msubscribe[0m[2m=[0m1 [3mtrack[0m[2m=[0m1.m4s [3msequence[0m[2m=[0m107
[2m2026-09-06T18:25:32.965490Z[0m [34mDEBUG[0m [1mconn[0m[1m{[0m[3mid[0m[2m=[0m4[1m}[0m[2m:[0m [2mmoq_net::lite::publisher[0m[2m:[0m finished group [3msequence[0m[2m=[0m106
[2m2026-09-06T18:25:35.440404Z[0m [34mDEBUG[0m [1mconn[0m[1m{[0m[3mid[0m[2m=[0m4[1m}[0m[2m:[0m [2mmoq_net::lite::publisher[0m[2m:[0m serving group [3msubscribe[0m[2m=[0m2 [3mtrack[0m[2m=[0m0.m4s [3msequence[0m[2m=[0m108
[2m2026-09-06T18:25:35.440895Z[0m [34mDEBUG[0m [1mconn[0m[1m{[0m[3mid[0m[2m=[0m4[1m}[0m[2m:[0m [2mmoq_net::lite::publisher[0m[2m:[0m finished group [3msequence[0m[2m=[0m107
[2m2026-09-06T18:25:35.440940Z[0m [34mDEBUG[0m [1mconn[0m[1m{[0m[3mid[0m[2m=[0m4[1m}[0m[2m:[0m [2mmoq_net::lite::publisher[0m[2m:[0m finished group [3msequence[0m[2m=[0m107
[2m2026-09-06T18:25:35.440975Z[0m [34mDEBUG[0m [1mconn[0m[1m{[0m[3mid[0m[2m=[0m4[1m}[0m[2m:[0m [2mmoq_net::lite::publisher[0m[2m:[0m serving group [3msubscribe[0m[2m=[0m1 [3mtrack[0m[2m=[0m1.m4s [3msequence[0m[2m=[0m108
[2m2026-09-06T18:25:37.941901Z[0m [34mDEBUG[0m [1mconn[0m[1m{[0m[3mid[0m[2m=[0m4[1m}[0m[2m:[0m [2mmoq_net::lite::publisher[0m[2m:[0m serving group [3msubscribe[0m[2m=[0m2 [3mtrack[0m[2m=[0m0.m4s [3msequence[0m[2m=[0m109
[2m2026-09-06T18:25:37.943125Z[0m [34mDEBUG[0m [1mconn[0m[1m{[0m[3mid[0m[2m=[0m4[1m}[0m[2m:[0m [2mmoq_net::lite::publisher[0m[2m:[0m finished group [3msequence[0m[2m=[0m108
[2m2026-09-06T18:25:37.943160Z[0m [34mDEBUG[0m [1mconn[0m[1m{[0m[3mid[0m[2m=[0m4[1m}[0m[2m:[0m [2mmoq_net::lite::publisher[0m[2m:[0m serving group [3msubscribe[0m[2m=[0m1 [3mtrack[0m[2m=[0m1.m4s [3msequence[0m[2m=[0m109
[2m2026-09-06T18:25:37.943225Z[0m [34mDEBUG[0m [1mconn[0m[1m{[0m[3mid[0m[2m=[0m4[1m}[0m[2m:[0m [2mmoq_net::lite::publisher[0m[2m:[0m finished group [3msequence[0m[2m=[0m108
[2m2026-09-06T18:25:40.192905Z[0m [34mDEBUG[0m [1mconn[0m[1m{[0m[3mid[0m[2m=[0m4[1m}[0m[2m:[0m [2mmoq_net::lite::publisher[0m[2m:[0m serving group [3msubscribe[0m[2m=[0m2 [3mtrack[0m[2m=[0m0.m4s [3msequence[0m[2m=[0m110
[2m2026-09-06T18:25:40.193145Z[0m [34mDEBUG[0m [1mconn[0m[1m{[0m[3mid[0m[2m=[0m4[1m}[0m[2m:[0m [2mmoq_net::lite::publisher[0m[2m:[0m serving group [3msubscribe[0m[2m=[0m1 [3mtrack[0m[2m=[0m1.m4s [3msequence[0m[2m=[0m110
[2m2026-09-06T18:25:40.194184Z[0m [34mDEBUG[0m [1mconn[0m[1m{[0m[3mid[0m[2m=[0m4[1m}[0m[2m:[0m [2mmoq_net::lite::publisher[0m[2m:[0m finished group [3msequence[0m[2m=[0m109
[2m2026-09-06T18:25:40.194237Z[0m [34mDEBUG[0m [1mconn[0m[1m{[0m[3mid[0m[2m=[0m4[1m}[0m[2m:[0m [2mmoq_net::lite::publisher[0m[2m:[0m finished group [3msequence[0m[2m=[0m109
[2m2026-09-06T18:25:41.449976Z[0m [34mDEBUG[0m [1mconn[0m[1m{[0m[3mid[0m[2m=[0m4[1m}[0m[2m:[0m [2mmoq_net::lite::publisher[0m[2m:[0m finished group [3msequence[0m[2m=[0m110
[2m2026-09-06T18:25:41.450264Z[0m [34mDEBUG[0m [1mconn[0m[1m{[0m[3mid[0m[2m=[0m4[1m}[0m[2m:[0m [2mmoq_net::lite::publisher[0m[2m:[0m serving group [3msubscribe[0m[2m=[0m2 [3mtrack[0m[2m=[0m0.m4s [3msequence[0m[2m=[0m111
[2m2026-09-06T18:25:41.450439Z[0m [34mDEBUG[0m [1mconn[0m[1m{[0m[3mid[0m[2m=[0m4[1m}[0m[2m:[0m [2mmoq_net::lite::publisher[0m[2m:[0m serving group [3msubscribe[0m[2m=[0m1 [3mtrack[0m[2m=[0m1.m4s [3msequence[0m[2m=[0m111
[2m2026-09-06T18:25:41.451657Z[0m [34mDEBUG[0m [1mconn[0m[1m{[0m[3mid[0m[2m=[0m4[1m}[0m[2m:[0m [2mmoq_net::lite::publisher[0m[2m:[0m finished group [3msequence[0m[2m=[0m110
[2m2026-09-06T18:25:43.134077Z[0m [34mDEBUG[0m [1mconn[0m[1m{[0m[3mid[0m[2m=[0m4[1m}[0m[2m:[0m [2mmoq_net::lite::publisher[0m[2m:[0m serving group [3msubscribe[0m[2m=[0m2 [3mtrack[0m[2m=[0m0.m4s [3msequence[0m[2m=[0m112
[2m2026-09-06T18:25:43.134203Z[0m [34mDEBUG[0m [1mconn[0m[1m{[0m[3mid[0m[2m=[0m4[1m}[0m[2m:[0m [2mmoq_net::lite::publisher[0m[2m:[0m serving group [3msubscribe[0m[2m=[0m1 [3mtrack[0m[2m=[0m1.m4s [3msequence[0m[2m=[0m112
[2m2026-09-06T18:25:43.136053Z[0m [34mDEBUG[0m [1mconn[0m[1m{[0m[3mid[0m[2m=[0m4[1m}[0m[2m:[0m [2mmoq_net::lite::publisher[0m[2m:[0m finished group [3msequence[0m[2m=[0m111
[2m2026-09-06T18:25:43.136130Z[0m [34mDEBUG[0m [1mconn[0m[1m{[0m[3mid[0m[2m=[0m4[1m}[0m[2m:[0m [2mmoq_net::lite::publisher[0m[2m:[0m finished group [3msequence[0m[2m=[0m111
[2m2026-09-06T18:25:44.768976Z[0m [34mDEBUG[0m [1mconn[0m[1m{[0m[3mid[0m[2m=[0m4[1m}[0m[2m:[0m [2mmoq_net::lite::publisher[0m[2m:[0m serving group [3msubscribe[0m[2m=[0m2 [3mtrack[0m[2m=[0m0.m4s [3msequence[0m[2m=[0m113
[2m2026-09-06T18:25:44.769915Z[0m [34mDEBUG[0m [1mconn[0m[1m{[0m[3mid[0m[2m=[0m4[1m}[0m[2m:[0m [2mmoq_net::lite::publisher[0m[2m:[0m serving group [3msubscribe[0m[2m=[0m1 [3mtrack[0m[2m=[0m1.m4s [3msequence[0m[2m=[0m113
[2m2026-09-06T18:25:44.770203Z[0m [34mDEBUG[0m [1mconn[0m[1m{[0m[3mid[0m[2m=[0m4[1m}[0m[2m:[0m [2mmoq_net::lite::publisher[0m[2m:[0m finished group [3msequence[0m[2m=[0m112
[2m2026-09-06T18:25:44.770243Z[0m [34mDEBUG[0m [1mconn[0m[1m{[0m[3mid[0m[2m=[0m4[1m}[0m[2m:[0m [2mmoq_net::lite::publisher[0m[2m:[0m finished group [3msequence[0m[2m=[0m112
[2m2026-09-06T18:25:46.454277Z[0m [34mDEBUG[0m [1mconn[0m[1m{[0m[3mid[0m[2m=[0m4[1m}[0m[2m:[0m [2mmoq_net::lite::publisher[0m[2m:[0m serving group [3msubscribe[0m[2m=[0m2 [3mtrack[0m[2m=[0m0.m4s [3msequence[0m[2m=[0m114
[2m2026-09-06T18:25:46.454370Z[0m [34mDEBUG[0m [1mconn[0m[1m{[0m[3mid[0m[2m=[0m4[1m}[0m[2m:[0m [2mmoq_net::lite::publisher[0m[2m:[0m serving group [3msubscribe[0m[2m=[0m1 [3mtrack[0m[2m=[0m1.m4s [3msequence[0m[2m=[0m114
[2m2026-09-06T18:25:46.455516Z[0m [34mDEBUG[0m [1mconn[0m[1m{[0m[3mid[0m[2m=[0m4[1m}[0m[2m:[0m [2mmoq_net::lite::publisher[0m[2m:[0m finished group [3msequence[0m[2m=[0m113
[2m2026-09-06T18:25:46.456461Z[0m [34mDEBUG[0m [1mconn[0m[1m{[0m[3mid[0m[2m=[0m4[1m}[0m[2m:[0m [2mmoq_net::lite::publisher[0m[2m:[0m finished group [3msequence[0m[2m=[0m113
[2m2026-09-06T18:25:47.362070Z[0m [34mDEBUG[0m [1mconn[0m[1m{[0m[3mid[0m[2m=[0m4[1m}[0m[2m:[0m [2mmoq_net::lite::publisher[0m[2m:[0m announcing cancelled [3mprefix[0m[2m=[0m
[2m2026-09-06T18:25:47.362092Z[0m [33m WARN[0m [2mmoq_relay::relay[0m[2m:[0m connection closed [3merr[0m[2m=[0mcancelled
[2m2026-09-06T18:25:47.362163Z[0m [33m WARN[0m [1mconn[0m[1m{[0m[3mid[0m[2m=[0m4[1m}[0m[2m:[0m [2mmoq_net::lite::publisher[0m[2m:[0m probe stream error [3merr[0m[2m=[0mcancelled
[2m2026-09-06T18:25:47.362284Z[0m [32m INFO[0m [1mconn[0m[1m{[0m[3mid[0m[2m=[0m4[1m}[0m[2m:[0m [2mmoq_net::lite::publisher[0m[2m:[0m subscribed cancelled [3mid[0m[2m=[0m0 [3mbroadcast[0m[2m=[0mbbb.hang [3mtrack[0m[2m=[0mcatalog.json
[2m2026-09-06T18:25:47.362376Z[0m [32m INFO[0m [1mconn[0m[1m{[0m[3mid[0m[2m=[0m4[1m}[0m[2m:[0m [2mmoq_net::lite::publisher[0m[2m:[0m subscribed cancelled [3mid[0m[2m=[0m1 [3mbroadcast[0m[2m=[0mbbb.hang [3mtrack[0m[2m=[0m1.m4s
[2m2026-09-06T18:25:47.362468Z[0m [32m INFO[0m [1mconn[0m[1m{[0m[3mid[0m[2m=[0m0[1m}[0m[2m:[0m [2mmoq_net::lite::subscriber[0m[2m:[0m subscribe canceled (idle) [3mtrack[0m[2m=[0mcatalog.json
[2m2026-09-06T18:25:47.362510Z[0m [32m INFO[0m [1mconn[0m[1m{[0m[3mid[0m[2m=[0m0[1m}[0m[2m:[0m [2mmoq_net::lite::subscriber[0m[2m:[0m subscribe canceled (idle) [3mtrack[0m[2m=[0m1.m4s
[2m2026-09-06T18:25:47.362541Z[0m [32m INFO[0m [1mconn[0m[1m{[0m[3mid[0m[2m=[0m4[1m}[0m[2m:[0m [2mmoq_net::lite::publisher[0m[2m:[0m subscribed cancelled [3mid[0m[2m=[0m2 [3mbroadcast[0m[2m=[0mbbb.hang [3mtrack[0m[2m=[0m0.m4s
[2m2026-09-06T18:25:47.362607Z[0m [33m WARN[0m [1mconn[0m[1m{[0m[3mid[0m[2m=[0m4[1m}[0m[2m:[0m [2mmoq_net::lite::session[0m[2m:[0m session error [3merr[0m[2m=[0mcancelled
[2m2026-09-06T18:25:47.362718Z[0m [32m INFO[0m [1mconn[0m[1m{[0m[3mid[0m[2m=[0m0[1m}[0m[2m:[0m [2mmoq_net::lite::subscriber[0m[2m:[0m subscribe canceled (idle) [3mtrack[0m[2m=[0m0.m4s
[2m2026-09-06T18:25:50.363363Z[0m [32m INFO[0m [2mmoq_relay::relay[0m[2m:[0m shutdown signal received; draining sessions (signal again to exit immediately) [3mwindow[0m[2m=[0m10s
[2m2026-09-06T18:25:50.363485Z[0m [32m INFO[0m [1mconn[0m[1m{[0m[3mid[0m[2m=[0m0[1m}[0m[2m:[0m [2mmoq_relay::connection[0m[2m:[0m relay shutting down; draining session
[2m2026-09-06T18:26:01.364799Z[0m [32m INFO[0m [2mmoq_relay::relay[0m[2m:[0m drain window elapsed; exiting
[2m2026-09-06T18:26:01.366048Z[0m [33m WARN[0m [2mmoq_net::model::broadcast[0m[2m:[0m broadcast::Producer dropped without finish(). Keep the producer alive while publishing, then call finish().
[2m2026-09-06T18:26:01.366054Z[0m [33m WARN[0m [2mmoq_net::model::broadcast[0m[2m:[0m broadcast::Producer dropped without finish(). Keep the producer alive while publishing, then call finish().
[2m2026-09-06T18:26:01.366178Z[0m [33m WARN[0m [2mmoq_net::model::track[0m[2m:[0m track::Producer dropped without finish() or abort() [3mtrack[0m[2m=[0mpublisher.json
[2m2026-09-06T18:26:01.366247Z[0m [33m WARN[0m [2mmoq_net::model::broadcast[0m[2m:[0m broadcast::Producer dropped without finish(). Keep the producer alive while publishing, then call finish().
[2m2026-09-06T18:26:01.366334Z[0m [33m WARN[0m [2mmoq_net::model::broadcast[0m[2m:[0m broadcast::Producer dropped without finish(). Keep the producer alive while publishing, then call finish().
[2m2026-09-06T18:26:01.366393Z[0m [33m WARN[0m [2mmoq_net::model::broadcast[0m[2m:[0m broadcast::Producer dropped without finish(). Keep the producer alive while publishing, then call finish().
[2m2026-09-06T18:26:01.366639Z[0m [33m WARN[0m [2mmoq_net::model::track[0m[2m:[0m track::Producer dropped without finish() or abort() [3mtrack[0m[2m=[0mpublisher.json.z
[2m2026-09-06T18:26:01.366710Z[0m [33m WARN[0m [2mmoq_net::model::group[0m[2m:[0m group::Producer dropped without finish() or abort() [3msequence[0m[2m=[0m5
[2m2026-09-06T18:26:01.366793Z[0m [33m WARN[0m [2mmoq_net::model::track[0m[2m:[0m track::Producer dropped without finish() or abort() [3mtrack[0m[2m=[0msubscriber.json
[2m2026-09-06T18:26:01.366958Z[0m [33m WARN[0m [2mmoq_net::model::track[0m[2m:[0m track::Producer dropped without finish() or abort() [3mtrack[0m[2m=[0msubscriber.json.z
[2m2026-09-06T18:26:01.366999Z[0m [33m WARN[0m [2mmoq_net::model::group[0m[2m:[0m group::Producer dropped without finish() or abort() [3msequence[0m[2m=[0m5
[2m2026-09-06T18:26:01.367061Z[0m [33m WARN[0m [2mmoq_net::model::track[0m[2m:[0m track::Producer dropped without finish() or abort() [3mtrack[0m[2m=[0msessions.json
[2m2026-09-06T18:26:01.367102Z[0m [33m WARN[0m [2mmoq_net::model::track[0m[2m:[0m track::Producer dropped without finish() or abort() [3mtrack[0m[2m=[0msessions.json.z
[2m2026-09-06T18:26:01.367139Z[0m [33m WARN[0m [2mmoq_net::model::group[0m[2m:[0m group::Producer dropped without finish() or abort() [3msequence[0m[2m=[0m1
[2m2026-09-06T18:26:01.367443Z[0m [33m WARN[0m [1mconn[0m[1m{[0m[3mid[0m[2m=[0m0[1m}[0m[2m:[0m [2mmoq_net::model::track[0m[2m:[0m track::Producer dropped without finish() or abort() [3mtrack[0m[2m=[0mcatalog.json
[2m2026-09-06T18:26:01.367538Z[0m [33m WARN[0m [1mconn[0m[1m{[0m[3mid[0m[2m=[0m0[1m}[0m[2m:[0m [2mmoq_net::model::track[0m[2m:[0m track::Producer dropped without finish() or abort() [3mtrack[0m[2m=[0m1.m4s
[2m2026-09-06T18:26:01.368096Z[0m [33m WARN[0m [1mconn[0m[1m{[0m[3mid[0m[2m=[0m0[1m}[0m[2m:[0m [2mmoq_net::model::track[0m[2m:[0m track::Producer dropped without finish() or abort() [3mtrack[0m[2m=[0m0.m4s
