[2m2026-09-06T14:58:07.158420Z[0m [32m INFO[0m [2mmoq_tokio::connection[0m[2m:[0m connecting [3mpeer[0m[2m=[0mhttp://localhost:4443
[2m2026-09-06T14:58:07.161955Z[0m [33m WARN[0m [2mmoq_tokio::quinn[0m[2m:[0m performing insecure HTTP request for certificate [3murl[0m[2m=[0mhttp://localhost:4443/certificate.sha256
[2m2026-09-06T14:58:07.173730Z[0m [34mDEBUG[0m [2mreqwest::connect[0m[2m:[0m starting new connection 'Some("localhost")'
[2m2026-09-06T14:58:07.174633Z[0m [34mDEBUG[0m [2mhyper_util::client::legacy::connect::http[0m[2m:[0m connecting to [::1]:4443
[2m2026-09-06T14:58:07.175646Z[0m [34mDEBUG[0m [2mhyper_util::client::legacy::connect::http[0m[2m:[0m connected to [::1]:4443
[2m2026-09-06T14:58:07.177169Z[0m [34mDEBUG[0m [2mhyper_util::client::legacy::pool[0m[2m:[0m pooling idle connection for ("http", localhost:4443)
[2m2026-09-06T14:58:07.181609Z[0m [34mDEBUG[0m [2mmoq_tokio::quinn[0m[2m:[0m connecting [3mpeer[0m[2m=[0mhttps://localhost:4443
[2m2026-09-06T14:58:07.183261Z[0m [34mDEBUG[0m [2mmoq_tokio::resolve[0m[2m:[0m resolved [3mlookup[0m[2m=[0mFull [3mcount[0m[2m=[0m2
[2m2026-09-06T14:58:07.184013Z[0m [34mDEBUG[0m [2mmoq_tokio::failover[0m[2m:[0m dialing [3maddr[0m[2m=[0m[::1]:4443 [3mindex[0m[2m=[0m0
[2m2026-09-06T14:58:07.235280Z[0m [34mDEBUG[0m [2mmoq_tokio::failover[0m[2m:[0m connected [3maddr[0m[2m=[0m[::1]:4443 [3mindex[0m[2m=[0m0
[2m2026-09-06T14:58:07.235803Z[0m [34mDEBUG[0m [2mweb_transport_quinn::settings[0m[2m:[0m sending SETTINGS frame [3msettings[0m[2m=[0mSettings({ENABLE_DATAGRAM: 1, WEBTRANSPORT_MAX_SESSIONS: 1, ENABLE_DATAGRAM_DEPRECATED: 1, WEBTRANSPORT_ENABLE_DEPRECATED: 1, WEBTRANSPORT_MAX_SESSIONS_DEPRECATED: 1, ENABLE_CONNECT_PROTOCOL: 1})
[2m2026-09-06T14:58:07.239547Z[0m [34mDEBUG[0m [2mweb_transport_quinn::settings[0m[2m:[0m received SETTINGS frame [3msettings[0m[2m=[0mSettings({WEBTRANSPORT_MAX_SESSIONS_DEPRECATED: 1, ENABLE_DATAGRAM: 1, ENABLE_CONNECT_PROTOCOL: 1, WEBTRANSPORT_MAX_SESSIONS: 1, WEBTRANSPORT_ENABLE_DEPRECATED: 1, ENABLE_DATAGRAM_DEPRECATED: 1})
[2m2026-09-06T14:58:07.239589Z[0m [34mDEBUG[0m [2mweb_transport_quinn::connect[0m[2m:[0m sending CONNECT request [3mrequest[0m[2m=[0mConnectRequest { url: Url { scheme: "https", cannot_be_a_base: false, username: "", password: None, host: Some(Domain("localhost")), port: Some(4443), path: "/", query: None, fragment: None }, protocols: ["moq-lite-05", "moq-lite-04", "moq-lite-03", "moql", "moqt-19", "moqt-18", "moqt-17", "moqt-16", "moqt-15", "moq-00"], headers: {} }
[2m2026-09-06T14:58:07.244176Z[0m [34mDEBUG[0m [2mweb_transport_quinn::connect[0m[2m:[0m received CONNECT response [3mresponse[0m[2m=[0mConnectResponse { status: 200, protocol: Some("moq-lite-05") }
[2m2026-09-06T14:58:07.246035Z[0m [32m INFO[0m [2mmoq_tokio::client[0m[2m:[0m connected [3mversion[0m[2m=[0mmoq-lite-05
[2m2026-09-06T14:58:07.246076Z[0m [32m INFO[0m [2mmoq_tokio::connection[0m[2m:[0m connected [3mpeer[0m[2m=[0mhttp://localhost:4443
[2m2026-09-06T14:58:07.251767Z[0m [34mDEBUG[0m [2mmoq_net::lite::publisher[0m[2m:[0m announce [3mbroadcast[0m[2m=[0mbbb.hang
[2m2026-09-06T14:58:07.251959Z[0m [34mDEBUG[0m [2mmoq_net::lite::subscriber[0m[2m:[0m received peer setup [3msetup[0m[2m=[0mSetup { probe: Report, path: None, role: None, cost: None, origin: Some(Origin { id: 1602355162080040 }) }
[2m2026-09-06T14:58:13.867948Z[0m [34mDEBUG[0m [2mmoq_net::lite::publisher[0m[2m:[0m track info requested [3mbroadcast[0m[2m=[0mbbb.hang [3mtrack[0m[2m=[0mcatalog.json
[2m2026-09-06T14:58:13.868661Z[0m [34mDEBUG[0m [2mmoq_net::lite::publisher[0m[2m:[0m track info cancelled [3mbroadcast[0m[2m=[0mbbb.hang [3mtrack[0m[2m=[0mcatalog.json
[2m2026-09-06T14:58:13.869387Z[0m [32m INFO[0m [2mmoq_net::lite::publisher[0m[2m:[0m subscribed started [3mid[0m[2m=[0m0 [3mbroadcast[0m[2m=[0mbbb.hang [3mtrack[0m[2m=[0mcatalog.json
[2m2026-09-06T14:58:13.869470Z[0m [34mDEBUG[0m [2mmoq_net::lite::publisher[0m[2m:[0m serving group [3msubscribe[0m[2m=[0m0 [3mtrack[0m[2m=[0mcatalog.json [3msequence[0m[2m=[0m5
[2m2026-09-06T14:58:13.869684Z[0m [34mDEBUG[0m [2mmoq_net::lite::publisher[0m[2m:[0m finished group [3msequence[0m[2m=[0m5
[2m2026-09-06T14:58:13.876778Z[0m [34mDEBUG[0m [2mmoq_net::lite::publisher[0m[2m:[0m track info requested [3mbroadcast[0m[2m=[0mbbb.hang [3mtrack[0m[2m=[0m0.m4s
[2m2026-09-06T14:58:13.876840Z[0m [34mDEBUG[0m [2mmoq_net::lite::publisher[0m[2m:[0m track info requested [3mbroadcast[0m[2m=[0mbbb.hang [3mtrack[0m[2m=[0m1.m4s
[2m2026-09-06T14:58:13.877192Z[0m [34mDEBUG[0m [2mmoq_net::lite::publisher[0m[2m:[0m track info cancelled [3mbroadcast[0m[2m=[0mbbb.hang [3mtrack[0m[2m=[0m0.m4s
[2m2026-09-06T14:58:13.877209Z[0m [34mDEBUG[0m [2mmoq_net::lite::publisher[0m[2m:[0m track info cancelled [3mbroadcast[0m[2m=[0mbbb.hang [3mtrack[0m[2m=[0m1.m4s
[2m2026-09-06T14:58:13.878726Z[0m [32m INFO[0m [2mmoq_net::lite::publisher[0m[2m:[0m subscribed started [3mid[0m[2m=[0m1 [3mbroadcast[0m[2m=[0mbbb.hang [3mtrack[0m[2m=[0m0.m4s
[2m2026-09-06T14:58:13.878807Z[0m [34mDEBUG[0m [2mmoq_net::lite::publisher[0m[2m:[0m serving group [3msubscribe[0m[2m=[0m1 [3mtrack[0m[2m=[0m0.m4s [3msequence[0m[2m=[0m2
[2m2026-09-06T14:58:13.879319Z[0m [32m INFO[0m [2mmoq_net::lite::publisher[0m[2m:[0m subscribed started [3mid[0m[2m=[0m2 [3mbroadcast[0m[2m=[0mbbb.hang [3mtrack[0m[2m=[0m1.m4s
[2m2026-09-06T14:58:13.879419Z[0m [34mDEBUG[0m [2mmoq_net::lite::publisher[0m[2m:[0m serving group [3msubscribe[0m[2m=[0m2 [3mtrack[0m[2m=[0m1.m4s [3msequence[0m[2m=[0m2
[2m2026-09-06T14:58:14.582178Z[0m [34mDEBUG[0m [2mmoq_net::lite::publisher[0m[2m:[0m serving group [3msubscribe[0m[2m=[0m1 [3mtrack[0m[2m=[0m0.m4s [3msequence[0m[2m=[0m3
[2m2026-09-06T14:58:14.582321Z[0m [34mDEBUG[0m [2mmoq_net::lite::publisher[0m[2m:[0m serving group [3msubscribe[0m[2m=[0m2 [3mtrack[0m[2m=[0m1.m4s [3msequence[0m[2m=[0m3
[2m2026-09-06T14:58:14.582955Z[0m [34mDEBUG[0m [2mmoq_net::lite::publisher[0m[2m:[0m finished group [3msequence[0m[2m=[0m2
[2m2026-09-06T14:58:14.582996Z[0m [34mDEBUG[0m [2mmoq_net::lite::publisher[0m[2m:[0m finished group [3msequence[0m[2m=[0m2
[2m2026-09-06T14:58:17.092040Z[0m [34mDEBUG[0m [2mmoq_net::lite::publisher[0m[2m:[0m serving group [3msubscribe[0m[2m=[0m1 [3mtrack[0m[2m=[0m0.m4s [3msequence[0m[2m=[0m4
[2m2026-09-06T14:58:17.092183Z[0m [34mDEBUG[0m [2mmoq_net::lite::publisher[0m[2m:[0m serving group [3msubscribe[0m[2m=[0m2 [3mtrack[0m[2m=[0m1.m4s [3msequence[0m[2m=[0m4
[2m2026-09-06T14:58:17.092654Z[0m [34mDEBUG[0m [2mmoq_net::lite::publisher[0m[2m:[0m finished group [3msequence[0m[2m=[0m3
[2m2026-09-06T14:58:17.095029Z[0m [34mDEBUG[0m [2mmoq_net::lite::publisher[0m[2m:[0m finished group [3msequence[0m[2m=[0m3
[2m2026-09-06T14:58:18.996975Z[0m [34mDEBUG[0m [2mmoq_net::lite::publisher[0m[2m:[0m serving group [3msubscribe[0m[2m=[0m1 [3mtrack[0m[2m=[0m0.m4s [3msequence[0m[2m=[0m5
[2m2026-09-06T14:58:18.997122Z[0m [34mDEBUG[0m [2mmoq_net::lite::publisher[0m[2m:[0m serving group [3msubscribe[0m[2m=[0m2 [3mtrack[0m[2m=[0m1.m4s [3msequence[0m[2m=[0m5
[2m2026-09-06T14:58:18.997914Z[0m [34mDEBUG[0m [2mmoq_net::lite::publisher[0m[2m:[0m finished group [3msequence[0m[2m=[0m4
[2m2026-09-06T14:58:18.997956Z[0m [34mDEBUG[0m [2mmoq_net::lite::publisher[0m[2m:[0m finished group [3msequence[0m[2m=[0m4
[2m2026-09-06T14:58:21.499154Z[0m [34mDEBUG[0m [2mmoq_net::lite::publisher[0m[2m:[0m serving group [3msubscribe[0m[2m=[0m1 [3mtrack[0m[2m=[0m0.m4s [3msequence[0m[2m=[0m6
[2m2026-09-06T14:58:21.499302Z[0m [34mDEBUG[0m [2mmoq_net::lite::publisher[0m[2m:[0m serving group [3msubscribe[0m[2m=[0m2 [3mtrack[0m[2m=[0m1.m4s [3msequence[0m[2m=[0m6
[2m2026-09-06T14:58:21.501207Z[0m [34mDEBUG[0m [2mmoq_net::lite::publisher[0m[2m:[0m finished group [3msequence[0m[2m=[0m5
[2m2026-09-06T14:58:21.501285Z[0m [34mDEBUG[0m [2mmoq_net::lite::publisher[0m[2m:[0m finished group [3msequence[0m[2m=[0m5
[2m2026-09-06T14:58:22.851903Z[0m [34mDEBUG[0m [2mmoq_net::lite::publisher[0m[2m:[0m serving group [3msubscribe[0m[2m=[0m1 [3mtrack[0m[2m=[0m0.m4s [3msequence[0m[2m=[0m7
[2m2026-09-06T14:58:22.853220Z[0m [34mDEBUG[0m [2mmoq_net::lite::publisher[0m[2m:[0m finished group [3msequence[0m[2m=[0m6
[2m2026-09-06T14:58:22.853411Z[0m [34mDEBUG[0m [2mmoq_net::lite::publisher[0m[2m:[0m serving group [3msubscribe[0m[2m=[0m2 [3mtrack[0m[2m=[0m1.m4s [3msequence[0m[2m=[0m7
[2m2026-09-06T14:58:22.880322Z[0m [34mDEBUG[0m [2mmoq_net::lite::publisher[0m[2m:[0m finished group [3msequence[0m[2m=[0m6
[2m2026-09-06T14:58:25.369792Z[0m [34mDEBUG[0m [2mmoq_net::lite::publisher[0m[2m:[0m serving group [3msubscribe[0m[2m=[0m1 [3mtrack[0m[2m=[0m0.m4s [3msequence[0m[2m=[0m8
[2m2026-09-06T14:58:25.369977Z[0m [34mDEBUG[0m [2mmoq_net::lite::publisher[0m[2m:[0m serving group [3msubscribe[0m[2m=[0m2 [3mtrack[0m[2m=[0m1.m4s [3msequence[0m[2m=[0m8
[2m2026-09-06T14:58:25.370561Z[0m [34mDEBUG[0m [2mmoq_net::lite::publisher[0m[2m:[0m finished group [3msequence[0m[2m=[0m7
[2m2026-09-06T14:58:25.370612Z[0m [34mDEBUG[0m [2mmoq_net::lite::publisher[0m[2m:[0m finished group [3msequence[0m[2m=[0m7
[2m2026-09-06T14:58:27.872554Z[0m [34mDEBUG[0m [2mmoq_net::lite::publisher[0m[2m:[0m serving group [3msubscribe[0m[2m=[0m1 [3mtrack[0m[2m=[0m0.m4s [3msequence[0m[2m=[0m9
[2m2026-09-06T14:58:27.872725Z[0m [34mDEBUG[0m [2mmoq_net::lite::publisher[0m[2m:[0m serving group [3msubscribe[0m[2m=[0m2 [3mtrack[0m[2m=[0m1.m4s [3msequence[0m[2m=[0m9
[2m2026-09-06T14:58:27.873274Z[0m [34mDEBUG[0m [2mmoq_net::lite::publisher[0m[2m:[0m finished group [3msequence[0m[2m=[0m8
[2m2026-09-06T14:58:27.874015Z[0m [34mDEBUG[0m [2mmoq_net::lite::publisher[0m[2m:[0m finished group [3msequence[0m[2m=[0m8
[2m2026-09-06T14:58:30.204970Z[0m [34mDEBUG[0m [2mmoq_net::lite::publisher[0m[2m:[0m serving group [3msubscribe[0m[2m=[0m1 [3mtrack[0m[2m=[0m0.m4s [3msequence[0m[2m=[0m10
[2m2026-09-06T14:58:30.205304Z[0m [34mDEBUG[0m [2mmoq_net::lite::publisher[0m[2m:[0m serving group [3msubscribe[0m[2m=[0m2 [3mtrack[0m[2m=[0m1.m4s [3msequence[0m[2m=[0m10
[2m2026-09-06T14:58:30.206473Z[0m [34mDEBUG[0m [2mmoq_net::lite::publisher[0m[2m:[0m finished group [3msequence[0m[2m=[0m9
[2m2026-09-06T14:58:30.208935Z[0m [34mDEBUG[0m [2mmoq_net::lite::publisher[0m[2m:[0m finished group [3msequence[0m[2m=[0m9
[2m2026-09-06T14:58:32.673093Z[0m [34mDEBUG[0m [2mmoq_net::lite::publisher[0m[2m:[0m serving group [3msubscribe[0m[2m=[0m1 [3mtrack[0m[2m=[0m0.m4s [3msequence[0m[2m=[0m11
[2m2026-09-06T14:58:32.673321Z[0m [34mDEBUG[0m [2mmoq_net::lite::publisher[0m[2m:[0m serving group [3msubscribe[0m[2m=[0m0 [3mtrack[0m[2m=[0mcatalog.json [3msequence[0m[2m=[0m6
[2m2026-09-06T14:58:32.673703Z[0m [34mDEBUG[0m [2mmoq_net::lite::publisher[0m[2m:[0m finished group [3msequence[0m[2m=[0m6
[2m2026-09-06T14:58:32.673756Z[0m [34mDEBUG[0m [2mmoq_net::lite::publisher[0m[2m:[0m finished group [3msequence[0m[2m=[0m10
[2m2026-09-06T14:58:32.675412Z[0m [34mDEBUG[0m [2mmoq_net::lite::publisher[0m[2m:[0m serving group [3msubscribe[0m[2m=[0m2 [3mtrack[0m[2m=[0m1.m4s [3msequence[0m[2m=[0m11
[2m2026-09-06T14:58:32.676138Z[0m [34mDEBUG[0m [2mmoq_net::lite::publisher[0m[2m:[0m finished group [3msequence[0m[2m=[0m10
[2m2026-09-06T14:58:35.188861Z[0m [34mDEBUG[0m [2mmoq_net::lite::publisher[0m[2m:[0m serving group [3msubscribe[0m[2m=[0m1 [3mtrack[0m[2m=[0m0.m4s [3msequence[0m[2m=[0m12
[2m2026-09-06T14:58:35.189212Z[0m [34mDEBUG[0m [2mmoq_net::lite::publisher[0m[2m:[0m serving group [3msubscribe[0m[2m=[0m2 [3mtrack[0m[2m=[0m1.m4s [3msequence[0m[2m=[0m12
[2m2026-09-06T14:58:35.189929Z[0m [34mDEBUG[0m [2mmoq_net::lite::publisher[0m[2m:[0m finished group [3msequence[0m[2m=[0m11
[2m2026-09-06T14:58:35.191086Z[0m [34mDEBUG[0m [2mmoq_net::lite::publisher[0m[2m:[0m finished group [3msequence[0m[2m=[0m11
[2m2026-09-06T14:58:37.654833Z[0m [34mDEBUG[0m [2mmoq_net::lite::publisher[0m[2m:[0m serving group [3msubscribe[0m[2m=[0m1 [3mtrack[0m[2m=[0m0.m4s [3msequence[0m[2m=[0m13
[2m2026-09-06T14:58:37.654978Z[0m [34mDEBUG[0m [2mmoq_net::lite::publisher[0m[2m:[0m serving group [3msubscribe[0m[2m=[0m2 [3mtrack[0m[2m=[0m1.m4s [3msequence[0m[2m=[0m13
[2m2026-09-06T14:58:37.655931Z[0m [34mDEBUG[0m [2mmoq_net::lite::publisher[0m[2m:[0m finished group [3msequence[0m[2m=[0m12
[2m2026-09-06T14:58:37.655962Z[0m [34mDEBUG[0m [2mmoq_net::lite::publisher[0m[2m:[0m finished group [3msequence[0m[2m=[0m12
[2m2026-09-06T14:58:40.155517Z[0m [34mDEBUG[0m [2mmoq_net::lite::publisher[0m[2m:[0m serving group [3msubscribe[0m[2m=[0m1 [3mtrack[0m[2m=[0m0.m4s [3msequence[0m[2m=[0m14
[2m2026-09-06T14:58:40.156176Z[0m [34mDEBUG[0m [2mmoq_net::lite::publisher[0m[2m:[0m serving group [3msubscribe[0m[2m=[0m2 [3mtrack[0m[2m=[0m1.m4s [3msequence[0m[2m=[0m14
[2m2026-09-06T14:58:40.157173Z[0m [34mDEBUG[0m [2mmoq_net::lite::publisher[0m[2m:[0m finished group [3msequence[0m[2m=[0m13
[2m2026-09-06T14:58:40.157286Z[0m [34mDEBUG[0m [2mmoq_net::lite::publisher[0m[2m:[0m finished group [3msequence[0m[2m=[0m13
[2m2026-09-06T14:58:42.668044Z[0m [34mDEBUG[0m [2mmoq_net::lite::publisher[0m[2m:[0m serving group [3msubscribe[0m[2m=[0m1 [3mtrack[0m[2m=[0m0.m4s [3msequence[0m[2m=[0m15
[2m2026-09-06T14:58:42.670113Z[0m [34mDEBUG[0m [2mmoq_net::lite::publisher[0m[2m:[0m serving group [3msubscribe[0m[2m=[0m2 [3mtrack[0m[2m=[0m1.m4s [3msequence[0m[2m=[0m15
[2m2026-09-06T14:58:42.671988Z[0m [34mDEBUG[0m [2mmoq_net::lite::publisher[0m[2m:[0m finished group [3msequence[0m[2m=[0m14
[2m2026-09-06T14:58:42.672304Z[0m [34mDEBUG[0m [2mmoq_net::lite::publisher[0m[2m:[0m finished group [3msequence[0m[2m=[0m14
[2m2026-09-06T14:58:45.147789Z[0m [34mDEBUG[0m [2mmoq_net::lite::publisher[0m[2m:[0m serving group [3msubscribe[0m[2m=[0m1 [3mtrack[0m[2m=[0m0.m4s [3msequence[0m[2m=[0m16
[2m2026-09-06T14:58:45.147926Z[0m [34mDEBUG[0m [2mmoq_net::lite::publisher[0m[2m:[0m serving group [3msubscribe[0m[2m=[0m2 [3mtrack[0m[2m=[0m1.m4s [3msequence[0m[2m=[0m16
[2m2026-09-06T14:58:45.148806Z[0m [34mDEBUG[0m [2mmoq_net::lite::publisher[0m[2m:[0m finished group [3msequence[0m[2m=[0m15
[2m2026-09-06T14:58:45.148847Z[0m [34mDEBUG[0m [2mmoq_net::lite::publisher[0m[2m:[0m finished group [3msequence[0m[2m=[0m15
[2m2026-09-06T14:58:47.658296Z[0m [34mDEBUG[0m [2mmoq_net::lite::publisher[0m[2m:[0m serving group [3msubscribe[0m[2m=[0m1 [3mtrack[0m[2m=[0m0.m4s [3msequence[0m[2m=[0m17
[2m2026-09-06T14:58:47.658452Z[0m [34mDEBUG[0m [2mmoq_net::lite::publisher[0m[2m:[0m serving group [3msubscribe[0m[2m=[0m2 [3mtrack[0m[2m=[0m1.m4s [3msequence[0m[2m=[0m17
[2m2026-09-06T14:58:47.658783Z[0m [34mDEBUG[0m [2mmoq_net::lite::publisher[0m[2m:[0m finished group [3msequence[0m[2m=[0m16
[2m2026-09-06T14:58:47.659002Z[0m [34mDEBUG[0m [2mmoq_net::lite::publisher[0m[2m:[0m finished group [3msequence[0m[2m=[0m16
[2m2026-09-06T14:58:50.170763Z[0m [34mDEBUG[0m [2mmoq_net::lite::publisher[0m[2m:[0m serving group [3msubscribe[0m[2m=[0m1 [3mtrack[0m[2m=[0m0.m4s [3msequence[0m[2m=[0m18
[2m2026-09-06T14:58:50.171445Z[0m [34mDEBUG[0m [2mmoq_net::lite::publisher[0m[2m:[0m serving group [3msubscribe[0m[2m=[0m2 [3mtrack[0m[2m=[0m1.m4s [3msequence[0m[2m=[0m18
[2m2026-09-06T14:58:50.171639Z[0m [34mDEBUG[0m [2mmoq_net::lite::publisher[0m[2m:[0m finished group [3msequence[0m[2m=[0m17
[2m2026-09-06T14:58:50.172682Z[0m [34mDEBUG[0m [2mmoq_net::lite::publisher[0m[2m:[0m finished group [3msequence[0m[2m=[0m17
[2m2026-09-06T14:58:52.650562Z[0m [34mDEBUG[0m [2mmoq_net::lite::publisher[0m[2m:[0m serving group [3msubscribe[0m[2m=[0m1 [3mtrack[0m[2m=[0m0.m4s [3msequence[0m[2m=[0m19
[2m2026-09-06T14:58:52.650707Z[0m [34mDEBUG[0m [2mmoq_net::lite::publisher[0m[2m:[0m serving group [3msubscribe[0m[2m=[0m2 [3mtrack[0m[2m=[0m1.m4s [3msequence[0m[2m=[0m19
[2m2026-09-06T14:58:52.651855Z[0m [34mDEBUG[0m [2mmoq_net::lite::publisher[0m[2m:[0m finished group [3msequence[0m[2m=[0m18
[2m2026-09-06T14:58:52.652341Z[0m [34mDEBUG[0m [2mmoq_net::lite::publisher[0m[2m:[0m finished group [3msequence[0m[2m=[0m18
[2m2026-09-06T14:58:54.853807Z[0m [34mDEBUG[0m [2mmoq_net::lite::publisher[0m[2m:[0m serving group [3msubscribe[0m[2m=[0m1 [3mtrack[0m[2m=[0m0.m4s [3msequence[0m[2m=[0m20
[2m2026-09-06T14:58:54.854224Z[0m [34mDEBUG[0m [2mmoq_net::lite::publisher[0m[2m:[0m serving group [3msubscribe[0m[2m=[0m2 [3mtrack[0m[2m=[0m1.m4s [3msequence[0m[2m=[0m20
[2m2026-09-06T14:58:54.856027Z[0m [34mDEBUG[0m [2mmoq_net::lite::publisher[0m[2m:[0m finished group [3msequence[0m[2m=[0m19
[2m2026-09-06T14:58:54.856072Z[0m [34mDEBUG[0m [2mmoq_net::lite::publisher[0m[2m:[0m finished group [3msequence[0m[2m=[0m19
[2m2026-09-06T14:58:57.327683Z[0m [34mDEBUG[0m [2mmoq_net::lite::publisher[0m[2m:[0m serving group [3msubscribe[0m[2m=[0m1 [3mtrack[0m[2m=[0m0.m4s [3msequence[0m[2m=[0m21
[2m2026-09-06T14:58:57.328214Z[0m [34mDEBUG[0m [2mmoq_net::lite::publisher[0m[2m:[0m serving group [3msubscribe[0m[2m=[0m2 [3mtrack[0m[2m=[0m1.m4s [3msequence[0m[2m=[0m21
[2m2026-09-06T14:58:57.329520Z[0m [34mDEBUG[0m [2mmoq_net::lite::publisher[0m[2m:[0m finished group [3msequence[0m[2m=[0m20
[2m2026-09-06T14:58:57.329564Z[0m [34mDEBUG[0m [2mmoq_net::lite::publisher[0m[2m:[0m finished group [3msequence[0m[2m=[0m20
[2m2026-09-06T14:58:59.842769Z[0m [34mDEBUG[0m [2mmoq_net::lite::publisher[0m[2m:[0m serving group [3msubscribe[0m[2m=[0m1 [3mtrack[0m[2m=[0m0.m4s [3msequence[0m[2m=[0m22
[2m2026-09-06T14:58:59.842899Z[0m [34mDEBUG[0m [2mmoq_net::lite::publisher[0m[2m:[0m serving group [3msubscribe[0m[2m=[0m2 [3mtrack[0m[2m=[0m1.m4s [3msequence[0m[2m=[0m22
[2m2026-09-06T14:58:59.843352Z[0m [34mDEBUG[0m [2mmoq_net::lite::publisher[0m[2m:[0m finished group [3msequence[0m[2m=[0m21
[2m2026-09-06T14:58:59.843394Z[0m [34mDEBUG[0m [2mmoq_net::lite::publisher[0m[2m:[0m finished group [3msequence[0m[2m=[0m21
[2m2026-09-06T14:59:02.345159Z[0m [34mDEBUG[0m [2mmoq_net::lite::publisher[0m[2m:[0m serving group [3msubscribe[0m[2m=[0m1 [3mtrack[0m[2m=[0m0.m4s [3msequence[0m[2m=[0m23
[2m2026-09-06T14:59:02.345301Z[0m [34mDEBUG[0m [2mmoq_net::lite::publisher[0m[2m:[0m serving group [3msubscribe[0m[2m=[0m2 [3mtrack[0m[2m=[0m1.m4s [3msequence[0m[2m=[0m23
[2m2026-09-06T14:59:02.345880Z[0m [34mDEBUG[0m [2mmoq_net::lite::publisher[0m[2m:[0m finished group [3msequence[0m[2m=[0m22
[2m2026-09-06T14:59:02.346327Z[0m [34mDEBUG[0m [2mmoq_net::lite::publisher[0m[2m:[0m finished group [3msequence[0m[2m=[0m22
[2m2026-09-06T14:59:04.821741Z[0m [34mDEBUG[0m [2mmoq_net::lite::publisher[0m[2m:[0m serving group [3msubscribe[0m[2m=[0m1 [3mtrack[0m[2m=[0m0.m4s [3msequence[0m[2m=[0m24
[2m2026-09-06T14:59:04.822139Z[0m [34mDEBUG[0m [2mmoq_net::lite::publisher[0m[2m:[0m serving group [3msubscribe[0m[2m=[0m2 [3mtrack[0m[2m=[0m1.m4s [3msequence[0m[2m=[0m24
[2m2026-09-06T14:59:04.823266Z[0m [34mDEBUG[0m [2mmoq_net::lite::publisher[0m[2m:[0m finished group [3msequence[0m[2m=[0m23
[2m2026-09-06T14:59:04.823605Z[0m [34mDEBUG[0m [2mmoq_net::lite::publisher[0m[2m:[0m finished group [3msequence[0m[2m=[0m23
[2m2026-09-06T14:59:07.325232Z[0m [34mDEBUG[0m [2mmoq_net::lite::publisher[0m[2m:[0m serving group [3msubscribe[0m[2m=[0m1 [3mtrack[0m[2m=[0m0.m4s [3msequence[0m[2m=[0m25
[2m2026-09-06T14:59:07.325572Z[0m [34mDEBUG[0m [2mmoq_net::lite::publisher[0m[2m:[0m serving group [3msubscribe[0m[2m=[0m2 [3mtrack[0m[2m=[0m1.m4s [3msequence[0m[2m=[0m25
[2m2026-09-06T14:59:07.326132Z[0m [34mDEBUG[0m [2mmoq_net::lite::publisher[0m[2m:[0m finished group [3msequence[0m[2m=[0m24
[2m2026-09-06T14:59:07.326169Z[0m [34mDEBUG[0m [2mmoq_net::lite::publisher[0m[2m:[0m finished group [3msequence[0m[2m=[0m24
[2m2026-09-06T14:59:09.834049Z[0m [34mDEBUG[0m [2mmoq_net::lite::publisher[0m[2m:[0m serving group [3msubscribe[0m[2m=[0m1 [3mtrack[0m[2m=[0m0.m4s [3msequence[0m[2m=[0m26
[2m2026-09-06T14:59:09.834205Z[0m [34mDEBUG[0m [2mmoq_net::lite::publisher[0m[2m:[0m serving group [3msubscribe[0m[2m=[0m2 [3mtrack[0m[2m=[0m1.m4s [3msequence[0m[2m=[0m26
[2m2026-09-06T14:59:09.835731Z[0m [34mDEBUG[0m [2mmoq_net::lite::publisher[0m[2m:[0m finished group [3msequence[0m[2m=[0m25
[2m2026-09-06T14:59:09.835833Z[0m [34mDEBUG[0m [2mmoq_net::lite::publisher[0m[2m:[0m finished group [3msequence[0m[2m=[0m25
[2m2026-09-06T14:59:10.906553Z[0m [34mDEBUG[0m [2mmoq_net::lite::publisher[0m[2m:[0m serving group [3msubscribe[0m[2m=[0m1 [3mtrack[0m[2m=[0m0.m4s [3msequence[0m[2m=[0m27
[2m2026-09-06T14:59:10.906718Z[0m [34mDEBUG[0m [2mmoq_net::lite::publisher[0m[2m:[0m serving group [3msubscribe[0m[2m=[0m2 [3mtrack[0m[2m=[0m1.m4s [3msequence[0m[2m=[0m27
[2m2026-09-06T14:59:10.907383Z[0m [34mDEBUG[0m [2mmoq_net::lite::publisher[0m[2m:[0m finished group [3msequence[0m[2m=[0m26
[2m2026-09-06T14:59:10.907447Z[0m [34mDEBUG[0m [2mmoq_net::lite::publisher[0m[2m:[0m finished group [3msequence[0m[2m=[0m26
[2m2026-09-06T14:59:13.408255Z[0m [34mDEBUG[0m [2mmoq_net::lite::publisher[0m[2m:[0m serving group [3msubscribe[0m[2m=[0m1 [3mtrack[0m[2m=[0m0.m4s [3msequence[0m[2m=[0m28
[2m2026-09-06T14:59:13.408386Z[0m [34mDEBUG[0m [2mmoq_net::lite::publisher[0m[2m:[0m serving group [3msubscribe[0m[2m=[0m2 [3mtrack[0m[2m=[0m1.m4s [3msequence[0m[2m=[0m28
[2m2026-09-06T14:59:13.408932Z[0m [34mDEBUG[0m [2mmoq_net::lite::publisher[0m[2m:[0m finished group [3msequence[0m[2m=[0m27
[2m2026-09-06T14:59:13.409097Z[0m [34mDEBUG[0m [2mmoq_net::lite::publisher[0m[2m:[0m finished group [3msequence[0m[2m=[0m27
[2m2026-09-06T14:59:15.912943Z[0m [34mDEBUG[0m [2mmoq_net::lite::publisher[0m[2m:[0m serving group [3msubscribe[0m[2m=[0m1 [3mtrack[0m[2m=[0m0.m4s [3msequence[0m[2m=[0m29
[2m2026-09-06T14:59:15.914315Z[0m [34mDEBUG[0m [2mmoq_net::lite::publisher[0m[2m:[0m finished group [3msequence[0m[2m=[0m28
[2m2026-09-06T14:59:15.917851Z[0m [34mDEBUG[0m [2mmoq_net::lite::publisher[0m[2m:[0m serving group [3msubscribe[0m[2m=[0m2 [3mtrack[0m[2m=[0m1.m4s [3msequence[0m[2m=[0m29
[2m2026-09-06T14:59:15.920898Z[0m [34mDEBUG[0m [2mmoq_net::lite::publisher[0m[2m:[0m finished group [3msequence[0m[2m=[0m28
[2m2026-09-06T14:59:18.422933Z[0m [34mDEBUG[0m [2mmoq_net::lite::publisher[0m[2m:[0m serving group [3msubscribe[0m[2m=[0m1 [3mtrack[0m[2m=[0m0.m4s [3msequence[0m[2m=[0m30
[2m2026-09-06T14:59:18.423087Z[0m [34mDEBUG[0m [2mmoq_net::lite::publisher[0m[2m:[0m serving group [3msubscribe[0m[2m=[0m2 [3mtrack[0m[2m=[0m1.m4s [3msequence[0m[2m=[0m30
[2m2026-09-06T14:59:18.423618Z[0m [34mDEBUG[0m [2mmoq_net::lite::publisher[0m[2m:[0m finished group [3msequence[0m[2m=[0m29
[2m2026-09-06T14:59:18.423670Z[0m [34mDEBUG[0m [2mmoq_net::lite::publisher[0m[2m:[0m finished group [3msequence[0m[2m=[0m29
[2m2026-09-06T14:59:20.582776Z[0m [34mDEBUG[0m [2mmoq_net::lite::publisher[0m[2m:[0m serving group [3msubscribe[0m[2m=[0m1 [3mtrack[0m[2m=[0m0.m4s [3msequence[0m[2m=[0m31
[2m2026-09-06T14:59:20.584829Z[0m [34mDEBUG[0m [2mmoq_net::lite::publisher[0m[2m:[0m finished group [3msequence[0m[2m=[0m30
[2m2026-09-06T14:59:20.589145Z[0m [34mDEBUG[0m [2mmoq_net::lite::publisher[0m[2m:[0m serving group [3msubscribe[0m[2m=[0m2 [3mtrack[0m[2m=[0m1.m4s [3msequence[0m[2m=[0m31
[2m2026-09-06T14:59:20.591187Z[0m [34mDEBUG[0m [2mmoq_net::lite::publisher[0m[2m:[0m finished group [3msequence[0m[2m=[0m30
[2m2026-09-06T14:59:22.665727Z[0m [34mDEBUG[0m [2mmoq_net::lite::publisher[0m[2m:[0m serving group [3msubscribe[0m[2m=[0m1 [3mtrack[0m[2m=[0m0.m4s [3msequence[0m[2m=[0m32
[2m2026-09-06T14:59:22.665888Z[0m [34mDEBUG[0m [2mmoq_net::lite::publisher[0m[2m:[0m serving group [3msubscribe[0m[2m=[0m2 [3mtrack[0m[2m=[0m1.m4s [3msequence[0m[2m=[0m32
[2m2026-09-06T14:59:22.666602Z[0m [34mDEBUG[0m [2mmoq_net::lite::publisher[0m[2m:[0m finished group [3msequence[0m[2m=[0m31
[2m2026-09-06T14:59:22.666654Z[0m [34mDEBUG[0m [2mmoq_net::lite::publisher[0m[2m:[0m finished group [3msequence[0m[2m=[0m31
[2m2026-09-06T14:59:25.155316Z[0m [34mDEBUG[0m [2mmoq_net::lite::publisher[0m[2m:[0m serving group [3msubscribe[0m[2m=[0m1 [3mtrack[0m[2m=[0m0.m4s [3msequence[0m[2m=[0m33
[2m2026-09-06T14:59:25.155741Z[0m [34mDEBUG[0m [2mmoq_net::lite::publisher[0m[2m:[0m serving group [3msubscribe[0m[2m=[0m2 [3mtrack[0m[2m=[0m1.m4s [3msequence[0m[2m=[0m33
[2m2026-09-06T14:59:25.156643Z[0m [34mDEBUG[0m [2mmoq_net::lite::publisher[0m[2m:[0m finished group [3msequence[0m[2m=[0m32
[2m2026-09-06T14:59:25.156709Z[0m [34mDEBUG[0m [2mmoq_net::lite::publisher[0m[2m:[0m finished group [3msequence[0m[2m=[0m32
[2m2026-09-06T14:59:27.071917Z[0m [34mDEBUG[0m [2mmoq_net::lite::publisher[0m[2m:[0m serving group [3msubscribe[0m[2m=[0m1 [3mtrack[0m[2m=[0m0.m4s [3msequence[0m[2m=[0m34
[2m2026-09-06T14:59:27.072638Z[0m [34mDEBUG[0m [2mmoq_net::lite::publisher[0m[2m:[0m finished group [3msequence[0m[2m=[0m33
[2m2026-09-06T14:59:27.090456Z[0m [34mDEBUG[0m [2mmoq_net::lite::publisher[0m[2m:[0m serving group [3msubscribe[0m[2m=[0m2 [3mtrack[0m[2m=[0m1.m4s [3msequence[0m[2m=[0m34
[2m2026-09-06T14:59:27.092040Z[0m [34mDEBUG[0m [2mmoq_net::lite::publisher[0m[2m:[0m finished group [3msequence[0m[2m=[0m33
[2m2026-09-06T14:59:29.588142Z[0m [34mDEBUG[0m [2mmoq_net::lite::publisher[0m[2m:[0m serving group [3msubscribe[0m[2m=[0m1 [3mtrack[0m[2m=[0m0.m4s [3msequence[0m[2m=[0m35
[2m2026-09-06T14:59:29.588332Z[0m [34mDEBUG[0m [2mmoq_net::lite::publisher[0m[2m:[0m serving group [3msubscribe[0m[2m=[0m2 [3mtrack[0m[2m=[0m1.m4s [3msequence[0m[2m=[0m35
[2m2026-09-06T14:59:29.590246Z[0m [34mDEBUG[0m [2mmoq_net::lite::publisher[0m[2m:[0m finished group [3msequence[0m[2m=[0m34
[2m2026-09-06T14:59:29.590430Z[0m [34mDEBUG[0m [2mmoq_net::lite::publisher[0m[2m:[0m finished group [3msequence[0m[2m=[0m34
[2m2026-09-06T14:59:32.077274Z[0m [34mDEBUG[0m [2mmoq_net::lite::publisher[0m[2m:[0m serving group [3msubscribe[0m[2m=[0m1 [3mtrack[0m[2m=[0m0.m4s [3msequence[0m[2m=[0m36
[2m2026-09-06T14:59:32.077374Z[0m [34mDEBUG[0m [2mmoq_net::lite::publisher[0m[2m:[0m serving group [3msubscribe[0m[2m=[0m2 [3mtrack[0m[2m=[0m1.m4s [3msequence[0m[2m=[0m36
[2m2026-09-06T14:59:32.078617Z[0m [34mDEBUG[0m [2mmoq_net::lite::publisher[0m[2m:[0m finished group [3msequence[0m[2m=[0m35
[2m2026-09-06T14:59:32.078674Z[0m [34mDEBUG[0m [2mmoq_net::lite::publisher[0m[2m:[0m finished group [3msequence[0m[2m=[0m35
[2m2026-09-06T14:59:34.598297Z[0m [34mDEBUG[0m [2mmoq_net::lite::publisher[0m[2m:[0m serving group [3msubscribe[0m[2m=[0m1 [3mtrack[0m[2m=[0m0.m4s [3msequence[0m[2m=[0m37
[2m2026-09-06T14:59:34.598590Z[0m [34mDEBUG[0m [2mmoq_net::lite::publisher[0m[2m:[0m serving group [3msubscribe[0m[2m=[0m2 [3mtrack[0m[2m=[0m1.m4s [3msequence[0m[2m=[0m37
[2m2026-09-06T14:59:34.599318Z[0m [34mDEBUG[0m [2mmoq_net::lite::publisher[0m[2m:[0m finished group [3msequence[0m[2m=[0m36
[2m2026-09-06T14:59:34.599542Z[0m [34mDEBUG[0m [2mmoq_net::lite::publisher[0m[2m:[0m finished group [3msequence[0m[2m=[0m36
[2m2026-09-06T14:59:36.874968Z[0m [34mDEBUG[0m [2mmoq_net::lite::publisher[0m[2m:[0m serving group [3msubscribe[0m[2m=[0m1 [3mtrack[0m[2m=[0m0.m4s [3msequence[0m[2m=[0m38
[2m2026-09-06T14:59:36.875194Z[0m [34mDEBUG[0m [2mmoq_net::lite::publisher[0m[2m:[0m serving group [3msubscribe[0m[2m=[0m2 [3mtrack[0m[2m=[0m1.m4s [3msequence[0m[2m=[0m38
[2m2026-09-06T14:59:36.877209Z[0m [34mDEBUG[0m [2mmoq_net::lite::publisher[0m[2m:[0m finished group [3msequence[0m[2m=[0m37
[2m2026-09-06T14:59:36.877290Z[0m [34mDEBUG[0m [2mmoq_net::lite::publisher[0m[2m:[0m finished group [3msequence[0m[2m=[0m37
[2m2026-09-06T14:59:38.554879Z[0m [34mDEBUG[0m [2mmoq_net::lite::publisher[0m[2m:[0m serving group [3msubscribe[0m[2m=[0m1 [3mtrack[0m[2m=[0m0.m4s [3msequence[0m[2m=[0m39
[2m2026-09-06T14:59:38.555017Z[0m [34mDEBUG[0m [2mmoq_net::lite::publisher[0m[2m:[0m serving group [3msubscribe[0m[2m=[0m2 [3mtrack[0m[2m=[0m1.m4s [3msequence[0m[2m=[0m39
[2m2026-09-06T14:59:38.555965Z[0m [34mDEBUG[0m [2mmoq_net::lite::publisher[0m[2m:[0m finished group [3msequence[0m[2m=[0m38
[2m2026-09-06T14:59:38.556626Z[0m [34mDEBUG[0m [2mmoq_net::lite::publisher[0m[2m:[0m finished group [3msequence[0m[2m=[0m38
[2m2026-09-06T14:59:41.054122Z[0m [34mDEBUG[0m [2mmoq_net::lite::publisher[0m[2m:[0m serving group [3msubscribe[0m[2m=[0m1 [3mtrack[0m[2m=[0m0.m4s [3msequence[0m[2m=[0m40
[2m2026-09-06T14:59:41.054274Z[0m [34mDEBUG[0m [2mmoq_net::lite::publisher[0m[2m:[0m serving group [3msubscribe[0m[2m=[0m2 [3mtrack[0m[2m=[0m1.m4s [3msequence[0m[2m=[0m40
[2m2026-09-06T14:59:41.055438Z[0m [34mDEBUG[0m [2mmoq_net::lite::publisher[0m[2m:[0m finished group [3msequence[0m[2m=[0m39
[2m2026-09-06T14:59:41.055495Z[0m [34mDEBUG[0m [2mmoq_net::lite::publisher[0m[2m:[0m finished group [3msequence[0m[2m=[0m39
[2m2026-09-06T14:59:43.520229Z[0m [34mDEBUG[0m [2mmoq_net::lite::publisher[0m[2m:[0m serving group [3msubscribe[0m[2m=[0m1 [3mtrack[0m[2m=[0m0.m4s [3msequence[0m[2m=[0m41
[2m2026-09-06T14:59:43.521405Z[0m [34mDEBUG[0m [2mmoq_net::lite::publisher[0m[2m:[0m finished group [3msequence[0m[2m=[0m40
[2m2026-09-06T14:59:43.521733Z[0m [34mDEBUG[0m [2mmoq_net::lite::publisher[0m[2m:[0m serving group [3msubscribe[0m[2m=[0m2 [3mtrack[0m[2m=[0m1.m4s [3msequence[0m[2m=[0m41
[2m2026-09-06T14:59:43.549040Z[0m [34mDEBUG[0m [2mmoq_net::lite::publisher[0m[2m:[0m finished group [3msequence[0m[2m=[0m40
[2m2026-09-06T14:59:44.223093Z[0m [32m INFO[0m [2mmoq_net::lite::publisher[0m[2m:[0m subscribed cancelled [3mid[0m[2m=[0m0 [3mbroadcast[0m[2m=[0mbbb.hang [3mtrack[0m[2m=[0mcatalog.json
[2m2026-09-06T14:59:44.223270Z[0m [32m INFO[0m [2mmoq_net::lite::publisher[0m[2m:[0m subscribed cancelled [3mid[0m[2m=[0m1 [3mbroadcast[0m[2m=[0mbbb.hang [3mtrack[0m[2m=[0m0.m4s
[2m2026-09-06T14:59:44.223362Z[0m [32m INFO[0m [2mmoq_net::lite::publisher[0m[2m:[0m subscribed cancelled [3mid[0m[2m=[0m2 [3mbroadcast[0m[2m=[0mbbb.hang [3mtrack[0m[2m=[0m1.m4s
[2m2026-09-06T14:59:47.447066Z[0m [32m INFO[0m [2mmoq_net::lite::publisher[0m[2m:[0m subscribed started [3mid[0m[2m=[0m3 [3mbroadcast[0m[2m=[0mbbb.hang [3mtrack[0m[2m=[0mcatalog.json
[2m2026-09-06T14:59:47.447173Z[0m [34mDEBUG[0m [2mmoq_net::lite::publisher[0m[2m:[0m serving group [3msubscribe[0m[2m=[0m3 [3mtrack[0m[2m=[0mcatalog.json [3msequence[0m[2m=[0m6
[2m2026-09-06T14:59:47.447543Z[0m [34mDEBUG[0m [2mmoq_net::lite::publisher[0m[2m:[0m finished group [3msequence[0m[2m=[0m6
[2m2026-09-06T14:59:47.454348Z[0m [32m INFO[0m [2mmoq_net::lite::publisher[0m[2m:[0m subscribed started [3mid[0m[2m=[0m5 [3mbroadcast[0m[2m=[0mbbb.hang [3mtrack[0m[2m=[0m0.m4s
[2m2026-09-06T14:59:47.454457Z[0m [34mDEBUG[0m [2mmoq_net::lite::publisher[0m[2m:[0m serving group [3msubscribe[0m[2m=[0m5 [3mtrack[0m[2m=[0m0.m4s [3msequence[0m[2m=[0m42
[2m2026-09-06T14:59:47.454627Z[0m [32m INFO[0m [2mmoq_net::lite::publisher[0m[2m:[0m subscribed started [3mid[0m[2m=[0m4 [3mbroadcast[0m[2m=[0mbbb.hang [3mtrack[0m[2m=[0m1.m4s
[2m2026-09-06T14:59:47.454965Z[0m [34mDEBUG[0m [2mmoq_net::lite::publisher[0m[2m:[0m serving group [3msubscribe[0m[2m=[0m4 [3mtrack[0m[2m=[0m1.m4s [3msequence[0m[2m=[0m42
[2m2026-09-06T14:59:48.556283Z[0m [34mDEBUG[0m [2mmoq_net::lite::publisher[0m[2m:[0m serving group [3msubscribe[0m[2m=[0m5 [3mtrack[0m[2m=[0m0.m4s [3msequence[0m[2m=[0m43
[2m2026-09-06T14:59:48.557261Z[0m [34mDEBUG[0m [2mmoq_net::lite::publisher[0m[2m:[0m serving group [3msubscribe[0m[2m=[0m4 [3mtrack[0m[2m=[0m1.m4s [3msequence[0m[2m=[0m43
[2m2026-09-06T14:59:48.558517Z[0m [34mDEBUG[0m [2mmoq_net::lite::publisher[0m[2m:[0m finished group [3msequence[0m[2m=[0m42
[2m2026-09-06T14:59:48.558913Z[0m [34mDEBUG[0m [2mmoq_net::lite::publisher[0m[2m:[0m finished group [3msequence[0m[2m=[0m42
[2m2026-09-06T14:59:51.023672Z[0m [34mDEBUG[0m [2mmoq_net::lite::publisher[0m[2m:[0m serving group [3msubscribe[0m[2m=[0m5 [3mtrack[0m[2m=[0m0.m4s [3msequence[0m[2m=[0m44
[2m2026-09-06T14:59:51.024015Z[0m [34mDEBUG[0m [2mmoq_net::lite::publisher[0m[2m:[0m serving group [3msubscribe[0m[2m=[0m4 [3mtrack[0m[2m=[0m1.m4s [3msequence[0m[2m=[0m44
[2m2026-09-06T14:59:51.025513Z[0m [34mDEBUG[0m [2mmoq_net::lite::publisher[0m[2m:[0m finished group [3msequence[0m[2m=[0m43
[2m2026-09-06T14:59:51.025655Z[0m [34mDEBUG[0m [2mmoq_net::lite::publisher[0m[2m:[0m finished group [3msequence[0m[2m=[0m43
[2m2026-09-06T14:59:53.520156Z[0m [34mDEBUG[0m [2mmoq_net::lite::publisher[0m[2m:[0m serving group [3msubscribe[0m[2m=[0m5 [3mtrack[0m[2m=[0m0.m4s [3msequence[0m[2m=[0m45
[2m2026-09-06T14:59:53.520306Z[0m [34mDEBUG[0m [2mmoq_net::lite::publisher[0m[2m:[0m serving group [3msubscribe[0m[2m=[0m4 [3mtrack[0m[2m=[0m1.m4s [3msequence[0m[2m=[0m45
[2m2026-09-06T14:59:53.521330Z[0m [34mDEBUG[0m [2mmoq_net::lite::publisher[0m[2m:[0m finished group [3msequence[0m[2m=[0m44
[2m2026-09-06T14:59:53.521483Z[0m [34mDEBUG[0m [2mmoq_net::lite::publisher[0m[2m:[0m finished group [3msequence[0m[2m=[0m44
[2m2026-09-06T14:59:56.041064Z[0m [34mDEBUG[0m [2mmoq_net::lite::publisher[0m[2m:[0m serving group [3msubscribe[0m[2m=[0m5 [3mtrack[0m[2m=[0m0.m4s [3msequence[0m[2m=[0m46
[2m2026-09-06T14:59:56.042918Z[0m [34mDEBUG[0m [2mmoq_net::lite::publisher[0m[2m:[0m serving group [3msubscribe[0m[2m=[0m4 [3mtrack[0m[2m=[0m1.m4s [3msequence[0m[2m=[0m46
[2m2026-09-06T14:59:56.043527Z[0m [34mDEBUG[0m [2mmoq_net::lite::publisher[0m[2m:[0m finished group [3msequence[0m[2m=[0m45
[2m2026-09-06T14:59:56.043681Z[0m [34mDEBUG[0m [2mmoq_net::lite::publisher[0m[2m:[0m finished group [3msequence[0m[2m=[0m45
[2m2026-09-06T14:59:58.516757Z[0m [34mDEBUG[0m [2mmoq_net::lite::publisher[0m[2m:[0m serving group [3msubscribe[0m[2m=[0m5 [3mtrack[0m[2m=[0m0.m4s [3msequence[0m[2m=[0m47
[2m2026-09-06T14:59:58.517671Z[0m [34mDEBUG[0m [2mmoq_net::lite::publisher[0m[2m:[0m finished group [3msequence[0m[2m=[0m46
[2m2026-09-06T14:59:58.522233Z[0m [34mDEBUG[0m [2mmoq_net::lite::publisher[0m[2m:[0m serving group [3msubscribe[0m[2m=[0m4 [3mtrack[0m[2m=[0m1.m4s [3msequence[0m[2m=[0m47
[2m2026-09-06T14:59:58.523303Z[0m [34mDEBUG[0m [2mmoq_net::lite::publisher[0m[2m:[0m finished group [3msequence[0m[2m=[0m46
[2m2026-09-06T14:59:59.798930Z[0m [34mDEBUG[0m [2mmoq_net::lite::publisher[0m[2m:[0m serving group [3msubscribe[0m[2m=[0m5 [3mtrack[0m[2m=[0m0.m4s [3msequence[0m[2m=[0m48
[2m2026-09-06T14:59:59.799122Z[0m [34mDEBUG[0m [2mmoq_net::lite::publisher[0m[2m:[0m serving group [3msubscribe[0m[2m=[0m4 [3mtrack[0m[2m=[0m1.m4s [3msequence[0m[2m=[0m48
[2m2026-09-06T14:59:59.801392Z[0m [34mDEBUG[0m [2mmoq_net::lite::publisher[0m[2m:[0m finished group [3msequence[0m[2m=[0m47
[2m2026-09-06T14:59:59.801447Z[0m [34mDEBUG[0m [2mmoq_net::lite::publisher[0m[2m:[0m finished group [3msequence[0m[2m=[0m47
[2m2026-09-06T15:00:02.298328Z[0m [34mDEBUG[0m [2mmoq_net::lite::publisher[0m[2m:[0m serving group [3msubscribe[0m[2m=[0m5 [3mtrack[0m[2m=[0m0.m4s [3msequence[0m[2m=[0m49
[2m2026-09-06T15:00:02.298869Z[0m [34mDEBUG[0m [2mmoq_net::lite::publisher[0m[2m:[0m serving group [3msubscribe[0m[2m=[0m4 [3mtrack[0m[2m=[0m1.m4s [3msequence[0m[2m=[0m49
[2m2026-09-06T15:00:02.300595Z[0m [34mDEBUG[0m [2mmoq_net::lite::publisher[0m[2m:[0m finished group [3msequence[0m[2m=[0m48
[2m2026-09-06T15:00:02.300644Z[0m [34mDEBUG[0m [2mmoq_net::lite::publisher[0m[2m:[0m finished group [3msequence[0m[2m=[0m48
[2m2026-09-06T15:00:04.806360Z[0m [34mDEBUG[0m [2mmoq_net::lite::publisher[0m[2m:[0m serving group [3msubscribe[0m[2m=[0m5 [3mtrack[0m[2m=[0m0.m4s [3msequence[0m[2m=[0m50
[2m2026-09-06T15:00:04.806748Z[0m [34mDEBUG[0m [2mmoq_net::lite::publisher[0m[2m:[0m serving group [3msubscribe[0m[2m=[0m4 [3mtrack[0m[2m=[0m1.m4s [3msequence[0m[2m=[0m50
[2m2026-09-06T15:00:04.807903Z[0m [34mDEBUG[0m [2mmoq_net::lite::publisher[0m[2m:[0m finished group [3msequence[0m[2m=[0m49
[2m2026-09-06T15:00:04.808916Z[0m [34mDEBUG[0m [2mmoq_net::lite::publisher[0m[2m:[0m finished group [3msequence[0m[2m=[0m49
[2m2026-09-06T15:00:07.281258Z[0m [34mDEBUG[0m [2mmoq_net::lite::publisher[0m[2m:[0m serving group [3msubscribe[0m[2m=[0m5 [3mtrack[0m[2m=[0m0.m4s [3msequence[0m[2m=[0m51
[2m2026-09-06T15:00:07.281439Z[0m [34mDEBUG[0m [2mmoq_net::lite::publisher[0m[2m:[0m serving group [3msubscribe[0m[2m=[0m4 [3mtrack[0m[2m=[0m1.m4s [3msequence[0m[2m=[0m51
[2m2026-09-06T15:00:07.283313Z[0m [34mDEBUG[0m [2mmoq_net::lite::publisher[0m[2m:[0m finished group [3msequence[0m[2m=[0m50
[2m2026-09-06T15:00:07.283363Z[0m [34mDEBUG[0m [2mmoq_net::lite::publisher[0m[2m:[0m finished group [3msequence[0m[2m=[0m50
[2m2026-09-06T15:00:09.798532Z[0m [34mDEBUG[0m [2mmoq_net::lite::publisher[0m[2m:[0m serving group [3msubscribe[0m[2m=[0m5 [3mtrack[0m[2m=[0m0.m4s [3msequence[0m[2m=[0m52
[2m2026-09-06T15:00:09.799563Z[0m [34mDEBUG[0m [2mmoq_net::lite::publisher[0m[2m:[0m serving group [3msubscribe[0m[2m=[0m4 [3mtrack[0m[2m=[0m1.m4s [3msequence[0m[2m=[0m52
[2m2026-09-06T15:00:09.800222Z[0m [34mDEBUG[0m [2mmoq_net::lite::publisher[0m[2m:[0m finished group [3msequence[0m[2m=[0m51
[2m2026-09-06T15:00:09.800630Z[0m [34mDEBUG[0m [2mmoq_net::lite::publisher[0m[2m:[0m finished group [3msequence[0m[2m=[0m51
[2m2026-09-06T15:00:12.299120Z[0m [34mDEBUG[0m [2mmoq_net::lite::publisher[0m[2m:[0m serving group [3msubscribe[0m[2m=[0m5 [3mtrack[0m[2m=[0m0.m4s [3msequence[0m[2m=[0m53
[2m2026-09-06T15:00:12.299293Z[0m [34mDEBUG[0m [2mmoq_net::lite::publisher[0m[2m:[0m serving group [3msubscribe[0m[2m=[0m4 [3mtrack[0m[2m=[0m1.m4s [3msequence[0m[2m=[0m53
[2m2026-09-06T15:00:12.300834Z[0m [34mDEBUG[0m [2mmoq_net::lite::publisher[0m[2m:[0m finished group [3msequence[0m[2m=[0m52
[2m2026-09-06T15:00:12.300902Z[0m [34mDEBUG[0m [2mmoq_net::lite::publisher[0m[2m:[0m finished group [3msequence[0m[2m=[0m52
[2m2026-09-06T15:00:13.991143Z[0m [34mDEBUG[0m [2mmoq_net::lite::publisher[0m[2m:[0m serving group [3msubscribe[0m[2m=[0m5 [3mtrack[0m[2m=[0m0.m4s [3msequence[0m[2m=[0m54
[2m2026-09-06T15:00:13.991594Z[0m [34mDEBUG[0m [2mmoq_net::lite::publisher[0m[2m:[0m serving group [3msubscribe[0m[2m=[0m4 [3mtrack[0m[2m=[0m1.m4s [3msequence[0m[2m=[0m54
[2m2026-09-06T15:00:13.993012Z[0m [34mDEBUG[0m [2mmoq_net::lite::publisher[0m[2m:[0m finished group [3msequence[0m[2m=[0m53
[2m2026-09-06T15:00:13.993056Z[0m [34mDEBUG[0m [2mmoq_net::lite::publisher[0m[2m:[0m finished group [3msequence[0m[2m=[0m53
[2m2026-09-06T15:00:16.505077Z[0m [34mDEBUG[0m [2mmoq_net::lite::publisher[0m[2m:[0m serving group [3msubscribe[0m[2m=[0m5 [3mtrack[0m[2m=[0m0.m4s [3msequence[0m[2m=[0m55
[2m2026-09-06T15:00:16.505354Z[0m [34mDEBUG[0m [2mmoq_net::lite::publisher[0m[2m:[0m serving group [3msubscribe[0m[2m=[0m4 [3mtrack[0m[2m=[0m1.m4s [3msequence[0m[2m=[0m55
[2m2026-09-06T15:00:16.508722Z[0m [34mDEBUG[0m [2mmoq_net::lite::publisher[0m[2m:[0m finished group [3msequence[0m[2m=[0m54
[2m2026-09-06T15:00:16.509009Z[0m [34mDEBUG[0m [2mmoq_net::lite::publisher[0m[2m:[0m finished group [3msequence[0m[2m=[0m54
[2m2026-09-06T15:00:18.986043Z[0m [34mDEBUG[0m [2mmoq_net::lite::publisher[0m[2m:[0m serving group [3msubscribe[0m[2m=[0m5 [3mtrack[0m[2m=[0m0.m4s [3msequence[0m[2m=[0m56
[2m2026-09-06T15:00:18.986212Z[0m [34mDEBUG[0m [2mmoq_net::lite::publisher[0m[2m:[0m serving group [3msubscribe[0m[2m=[0m4 [3mtrack[0m[2m=[0m1.m4s [3msequence[0m[2m=[0m56
[2m2026-09-06T15:00:18.988563Z[0m [34mDEBUG[0m [2mmoq_net::lite::publisher[0m[2m:[0m finished group [3msequence[0m[2m=[0m55
[2m2026-09-06T15:00:18.989180Z[0m [34mDEBUG[0m [2mmoq_net::lite::publisher[0m[2m:[0m finished group [3msequence[0m[2m=[0m55
[2m2026-09-06T15:00:21.493339Z[0m [34mDEBUG[0m [2mmoq_net::lite::publisher[0m[2m:[0m serving group [3msubscribe[0m[2m=[0m5 [3mtrack[0m[2m=[0m0.m4s [3msequence[0m[2m=[0m57
[2m2026-09-06T15:00:21.493513Z[0m [34mDEBUG[0m [2mmoq_net::lite::publisher[0m[2m:[0m serving group [3msubscribe[0m[2m=[0m4 [3mtrack[0m[2m=[0m1.m4s [3msequence[0m[2m=[0m57
[2m2026-09-06T15:00:21.494211Z[0m [34mDEBUG[0m [2mmoq_net::lite::publisher[0m[2m:[0m finished group [3msequence[0m[2m=[0m56
[2m2026-09-06T15:00:21.494376Z[0m [34mDEBUG[0m [2mmoq_net::lite::publisher[0m[2m:[0m finished group [3msequence[0m[2m=[0m56
[2m2026-09-06T15:00:24.000358Z[0m [34mDEBUG[0m [2mmoq_net::lite::publisher[0m[2m:[0m serving group [3msubscribe[0m[2m=[0m5 [3mtrack[0m[2m=[0m0.m4s [3msequence[0m[2m=[0m58
[2m2026-09-06T15:00:24.000530Z[0m [34mDEBUG[0m [2mmoq_net::lite::publisher[0m[2m:[0m serving group [3msubscribe[0m[2m=[0m4 [3mtrack[0m[2m=[0m1.m4s [3msequence[0m[2m=[0m58
[2m2026-09-06T15:00:24.002269Z[0m [34mDEBUG[0m [2mmoq_net::lite::publisher[0m[2m:[0m finished group [3msequence[0m[2m=[0m57
[2m2026-09-06T15:00:24.002322Z[0m [34mDEBUG[0m [2mmoq_net::lite::publisher[0m[2m:[0m finished group [3msequence[0m[2m=[0m57
[2m2026-09-06T15:00:26.491799Z[0m [34mDEBUG[0m [2mmoq_net::lite::publisher[0m[2m:[0m serving group [3msubscribe[0m[2m=[0m5 [3mtrack[0m[2m=[0m0.m4s [3msequence[0m[2m=[0m59
[2m2026-09-06T15:00:26.492117Z[0m [34mDEBUG[0m [2mmoq_net::lite::publisher[0m[2m:[0m serving group [3msubscribe[0m[2m=[0m4 [3mtrack[0m[2m=[0m1.m4s [3msequence[0m[2m=[0m59
[2m2026-09-06T15:00:26.494193Z[0m [34mDEBUG[0m [2mmoq_net::lite::publisher[0m[2m:[0m finished group [3msequence[0m[2m=[0m58
[2m2026-09-06T15:00:26.494292Z[0m [34mDEBUG[0m [2mmoq_net::lite::publisher[0m[2m:[0m finished group [3msequence[0m[2m=[0m58
[2m2026-09-06T15:00:29.001494Z[0m [34mDEBUG[0m [2mmoq_net::lite::publisher[0m[2m:[0m serving group [3msubscribe[0m[2m=[0m5 [3mtrack[0m[2m=[0m0.m4s [3msequence[0m[2m=[0m60
[2m2026-09-06T15:00:29.003283Z[0m [34mDEBUG[0m [2mmoq_net::lite::publisher[0m[2m:[0m serving group [3msubscribe[0m[2m=[0m4 [3mtrack[0m[2m=[0m1.m4s [3msequence[0m[2m=[0m60
[2m2026-09-06T15:00:29.003368Z[0m [34mDEBUG[0m [2mmoq_net::lite::publisher[0m[2m:[0m finished group [3msequence[0m[2m=[0m59
[2m2026-09-06T15:00:29.003427Z[0m [34mDEBUG[0m [2mmoq_net::lite::publisher[0m[2m:[0m finished group [3msequence[0m[2m=[0m59
[2m2026-09-06T15:00:31.504677Z[0m [34mDEBUG[0m [2mmoq_net::lite::publisher[0m[2m:[0m serving group [3msubscribe[0m[2m=[0m5 [3mtrack[0m[2m=[0m0.m4s [3msequence[0m[2m=[0m61
[2m2026-09-06T15:00:31.505865Z[0m [34mDEBUG[0m [2mmoq_net::lite::publisher[0m[2m:[0m serving group [3msubscribe[0m[2m=[0m4 [3mtrack[0m[2m=[0m1.m4s [3msequence[0m[2m=[0m61
[2m2026-09-06T15:00:31.506672Z[0m [34mDEBUG[0m [2mmoq_net::lite::publisher[0m[2m:[0m finished group [3msequence[0m[2m=[0m60
[2m2026-09-06T15:00:31.506837Z[0m [34mDEBUG[0m [2mmoq_net::lite::publisher[0m[2m:[0m finished group [3msequence[0m[2m=[0m60
[2m2026-09-06T15:00:33.524997Z[0m [34mDEBUG[0m [2mmoq_net::lite::publisher[0m[2m:[0m serving group [3msubscribe[0m[2m=[0m5 [3mtrack[0m[2m=[0m0.m4s [3msequence[0m[2m=[0m62
[2m2026-09-06T15:00:33.525802Z[0m [34mDEBUG[0m [2mmoq_net::lite::publisher[0m[2m:[0m serving group [3msubscribe[0m[2m=[0m4 [3mtrack[0m[2m=[0m1.m4s [3msequence[0m[2m=[0m62
[2m2026-09-06T15:00:33.528371Z[0m [34mDEBUG[0m [2mmoq_net::lite::publisher[0m[2m:[0m finished group [3msequence[0m[2m=[0m61
[2m2026-09-06T15:00:33.528493Z[0m [34mDEBUG[0m [2mmoq_net::lite::publisher[0m[2m:[0m finished group [3msequence[0m[2m=[0m61
[2m2026-09-06T15:00:36.058348Z[0m [34mDEBUG[0m [2mmoq_net::lite::publisher[0m[2m:[0m serving group [3msubscribe[0m[2m=[0m5 [3mtrack[0m[2m=[0m0.m4s [3msequence[0m[2m=[0m63
[2m2026-09-06T15:00:36.058643Z[0m [34mDEBUG[0m [2mmoq_net::lite::publisher[0m[2m:[0m serving group [3msubscribe[0m[2m=[0m4 [3mtrack[0m[2m=[0m1.m4s [3msequence[0m[2m=[0m63
[2m2026-09-06T15:00:36.059510Z[0m [34mDEBUG[0m [2mmoq_net::lite::publisher[0m[2m:[0m finished group [3msequence[0m[2m=[0m62
[2m2026-09-06T15:00:36.062484Z[0m [34mDEBUG[0m [2mmoq_net::lite::publisher[0m[2m:[0m finished group [3msequence[0m[2m=[0m62
[2m2026-09-06T15:00:38.487242Z[0m [34mDEBUG[0m [2mmoq_net::lite::publisher[0m[2m:[0m serving group [3msubscribe[0m[2m=[0m5 [3mtrack[0m[2m=[0m0.m4s [3msequence[0m[2m=[0m64
[2m2026-09-06T15:00:38.487543Z[0m [34mDEBUG[0m [2mmoq_net::lite::publisher[0m[2m:[0m serving group [3msubscribe[0m[2m=[0m4 [3mtrack[0m[2m=[0m1.m4s [3msequence[0m[2m=[0m64
[2m2026-09-06T15:00:38.489073Z[0m [34mDEBUG[0m [2mmoq_net::lite::publisher[0m[2m:[0m finished group [3msequence[0m[2m=[0m63
[2m2026-09-06T15:00:38.489166Z[0m [34mDEBUG[0m [2mmoq_net::lite::publisher[0m[2m:[0m finished group [3msequence[0m[2m=[0m63
[2m2026-09-06T15:00:41.000518Z[0m [34mDEBUG[0m [2mmoq_net::lite::publisher[0m[2m:[0m serving group [3msubscribe[0m[2m=[0m5 [3mtrack[0m[2m=[0m0.m4s [3msequence[0m[2m=[0m65
[2m2026-09-06T15:00:41.000696Z[0m [34mDEBUG[0m [2mmoq_net::lite::publisher[0m[2m:[0m serving group [3msubscribe[0m[2m=[0m4 [3mtrack[0m[2m=[0m1.m4s [3msequence[0m[2m=[0m65
[2m2026-09-06T15:00:41.002255Z[0m [34mDEBUG[0m [2mmoq_net::lite::publisher[0m[2m:[0m finished group [3msequence[0m[2m=[0m64
[2m2026-09-06T15:00:41.002333Z[0m [34mDEBUG[0m [2mmoq_net::lite::publisher[0m[2m:[0m finished group [3msequence[0m[2m=[0m64
[2m2026-09-06T15:00:43.112445Z[0m [34mDEBUG[0m [2mmoq_net::lite::publisher[0m[2m:[0m serving group [3msubscribe[0m[2m=[0m5 [3mtrack[0m[2m=[0m0.m4s [3msequence[0m[2m=[0m66
[2m2026-09-06T15:00:43.113479Z[0m [34mDEBUG[0m [2mmoq_net::lite::publisher[0m[2m:[0m serving group [3msubscribe[0m[2m=[0m4 [3mtrack[0m[2m=[0m1.m4s [3msequence[0m[2m=[0m66
[2m2026-09-06T15:00:43.114115Z[0m [34mDEBUG[0m [2mmoq_net::lite::publisher[0m[2m:[0m finished group [3msequence[0m[2m=[0m65
[2m2026-09-06T15:00:43.114168Z[0m [34mDEBUG[0m [2mmoq_net::lite::publisher[0m[2m:[0m finished group [3msequence[0m[2m=[0m65
[2m2026-09-06T15:00:45.632963Z[0m [34mDEBUG[0m [2mmoq_net::lite::publisher[0m[2m:[0m serving group [3msubscribe[0m[2m=[0m5 [3mtrack[0m[2m=[0m0.m4s [3msequence[0m[2m=[0m67
[2m2026-09-06T15:00:45.633446Z[0m [34mDEBUG[0m [2mmoq_net::lite::publisher[0m[2m:[0m serving group [3msubscribe[0m[2m=[0m4 [3mtrack[0m[2m=[0m1.m4s [3msequence[0m[2m=[0m67
[2m2026-09-06T15:00:45.635801Z[0m [34mDEBUG[0m [2mmoq_net::lite::publisher[0m[2m:[0m finished group [3msequence[0m[2m=[0m66
[2m2026-09-06T15:00:45.635879Z[0m [34mDEBUG[0m [2mmoq_net::lite::publisher[0m[2m:[0m finished group [3msequence[0m[2m=[0m66
[2m2026-09-06T15:00:47.979050Z[0m [34mDEBUG[0m [2mmoq_net::lite::publisher[0m[2m:[0m serving group [3msubscribe[0m[2m=[0m5 [3mtrack[0m[2m=[0m0.m4s [3msequence[0m[2m=[0m68
[2m2026-09-06T15:00:47.979223Z[0m [34mDEBUG[0m [2mmoq_net::lite::publisher[0m[2m:[0m serving group [3msubscribe[0m[2m=[0m4 [3mtrack[0m[2m=[0m1.m4s [3msequence[0m[2m=[0m68
[2m2026-09-06T15:00:47.982853Z[0m [34mDEBUG[0m [2mmoq_net::lite::publisher[0m[2m:[0m finished group [3msequence[0m[2m=[0m67
[2m2026-09-06T15:00:47.982939Z[0m [34mDEBUG[0m [2mmoq_net::lite::publisher[0m[2m:[0m finished group [3msequence[0m[2m=[0m67
[2m2026-09-06T15:00:49.390030Z[0m [34mDEBUG[0m [2mmoq_net::lite::publisher[0m[2m:[0m serving group [3msubscribe[0m[2m=[0m5 [3mtrack[0m[2m=[0m0.m4s [3msequence[0m[2m=[0m69
[2m2026-09-06T15:00:49.391373Z[0m [34mDEBUG[0m [2mmoq_net::lite::publisher[0m[2m:[0m finished group [3msequence[0m[2m=[0m68
[2m2026-09-06T15:00:49.395335Z[0m [34mDEBUG[0m [2mmoq_net::lite::publisher[0m[2m:[0m serving group [3msubscribe[0m[2m=[0m4 [3mtrack[0m[2m=[0m1.m4s [3msequence[0m[2m=[0m69
[2m2026-09-06T15:00:49.422513Z[0m [34mDEBUG[0m [2mmoq_net::lite::publisher[0m[2m:[0m finished group [3msequence[0m[2m=[0m68
[2m2026-09-06T15:00:51.916934Z[0m [34mDEBUG[0m [2mmoq_net::lite::publisher[0m[2m:[0m serving group [3msubscribe[0m[2m=[0m5 [3mtrack[0m[2m=[0m0.m4s [3msequence[0m[2m=[0m70
[2m2026-09-06T15:00:51.917103Z[0m [34mDEBUG[0m [2mmoq_net::lite::publisher[0m[2m:[0m serving group [3msubscribe[0m[2m=[0m4 [3mtrack[0m[2m=[0m1.m4s [3msequence[0m[2m=[0m70
[2m2026-09-06T15:00:51.918890Z[0m [34mDEBUG[0m [2mmoq_net::lite::publisher[0m[2m:[0m finished group [3msequence[0m[2m=[0m69
[2m2026-09-06T15:00:51.918945Z[0m [34mDEBUG[0m [2mmoq_net::lite::publisher[0m[2m:[0m finished group [3msequence[0m[2m=[0m69
[2m2026-09-06T15:00:53.316495Z[0m [34mDEBUG[0m [2mmoq_net::lite::publisher[0m[2m:[0m serving group [3msubscribe[0m[2m=[0m5 [3mtrack[0m[2m=[0m0.m4s [3msequence[0m[2m=[0m71
[2m2026-09-06T15:00:53.316744Z[0m [34mDEBUG[0m [2mmoq_net::lite::publisher[0m[2m:[0m serving group [3msubscribe[0m[2m=[0m4 [3mtrack[0m[2m=[0m1.m4s [3msequence[0m[2m=[0m71
[2m2026-09-06T15:00:53.317630Z[0m [34mDEBUG[0m [2mmoq_net::lite::publisher[0m[2m:[0m finished group [3msequence[0m[2m=[0m70
[2m2026-09-06T15:00:53.317766Z[0m [34mDEBUG[0m [2mmoq_net::lite::publisher[0m[2m:[0m finished group [3msequence[0m[2m=[0m70
[2m2026-09-06T15:00:55.116238Z[0m [34mDEBUG[0m [2mmoq_net::lite::publisher[0m[2m:[0m serving group [3msubscribe[0m[2m=[0m5 [3mtrack[0m[2m=[0m0.m4s [3msequence[0m[2m=[0m72
[2m2026-09-06T15:00:55.116661Z[0m [34mDEBUG[0m [2mmoq_net::lite::publisher[0m[2m:[0m serving group [3msubscribe[0m[2m=[0m4 [3mtrack[0m[2m=[0m1.m4s [3msequence[0m[2m=[0m72
[2m2026-09-06T15:00:55.118445Z[0m [34mDEBUG[0m [2mmoq_net::lite::publisher[0m[2m:[0m finished group [3msequence[0m[2m=[0m71
[2m2026-09-06T15:00:55.118518Z[0m [34mDEBUG[0m [2mmoq_net::lite::publisher[0m[2m:[0m finished group [3msequence[0m[2m=[0m71
[2m2026-09-06T15:00:56.650186Z[0m [34mDEBUG[0m [2mmoq_net::lite::publisher[0m[2m:[0m serving group [3msubscribe[0m[2m=[0m5 [3mtrack[0m[2m=[0m0.m4s [3msequence[0m[2m=[0m73
[2m2026-09-06T15:00:56.651138Z[0m [34mDEBUG[0m [2mmoq_net::lite::publisher[0m[2m:[0m finished group [3msequence[0m[2m=[0m72
[2m2026-09-06T15:00:56.671873Z[0m [34mDEBUG[0m [2mmoq_net::lite::publisher[0m[2m:[0m serving group [3msubscribe[0m[2m=[0m4 [3mtrack[0m[2m=[0m1.m4s [3msequence[0m[2m=[0m73
[2m2026-09-06T15:00:56.672602Z[0m [34mDEBUG[0m [2mmoq_net::lite::publisher[0m[2m:[0m finished group [3msequence[0m[2m=[0m72
[2m2026-09-06T15:00:59.145428Z[0m [34mDEBUG[0m [2mmoq_net::lite::publisher[0m[2m:[0m serving group [3msubscribe[0m[2m=[0m5 [3mtrack[0m[2m=[0m0.m4s [3msequence[0m[2m=[0m74
[2m2026-09-06T15:00:59.145585Z[0m [34mDEBUG[0m [2mmoq_net::lite::publisher[0m[2m:[0m serving group [3msubscribe[0m[2m=[0m4 [3mtrack[0m[2m=[0m1.m4s [3msequence[0m[2m=[0m74
[2m2026-09-06T15:00:59.146595Z[0m [34mDEBUG[0m [2mmoq_net::lite::publisher[0m[2m:[0m finished group [3msequence[0m[2m=[0m73
[2m2026-09-06T15:00:59.146661Z[0m [34mDEBUG[0m [2mmoq_net::lite::publisher[0m[2m:[0m finished group [3msequence[0m[2m=[0m73
[2m2026-09-06T15:01:01.651902Z[0m [34mDEBUG[0m [2mmoq_net::lite::publisher[0m[2m:[0m serving group [3msubscribe[0m[2m=[0m5 [3mtrack[0m[2m=[0m0.m4s [3msequence[0m[2m=[0m75
[2m2026-09-06T15:01:01.652068Z[0m [34mDEBUG[0m [2mmoq_net::lite::publisher[0m[2m:[0m serving group [3msubscribe[0m[2m=[0m4 [3mtrack[0m[2m=[0m1.m4s [3msequence[0m[2m=[0m75
[2m2026-09-06T15:01:01.653166Z[0m [34mDEBUG[0m [2mmoq_net::lite::publisher[0m[2m:[0m finished group [3msequence[0m[2m=[0m74
[2m2026-09-06T15:01:01.653276Z[0m [34mDEBUG[0m [2mmoq_net::lite::publisher[0m[2m:[0m finished group [3msequence[0m[2m=[0m74
[2m2026-09-06T15:01:03.240780Z[0m [34mDEBUG[0m [2mmoq_net::lite::publisher[0m[2m:[0m serving group [3msubscribe[0m[2m=[0m5 [3mtrack[0m[2m=[0m0.m4s [3msequence[0m[2m=[0m76
[2m2026-09-06T15:01:03.240923Z[0m [34mDEBUG[0m [2mmoq_net::lite::publisher[0m[2m:[0m serving group [3msubscribe[0m[2m=[0m4 [3mtrack[0m[2m=[0m1.m4s [3msequence[0m[2m=[0m76
[2m2026-09-06T15:01:03.241732Z[0m [34mDEBUG[0m [2mmoq_net::lite::publisher[0m[2m:[0m finished group [3msequence[0m[2m=[0m75
[2m2026-09-06T15:01:03.242318Z[0m [34mDEBUG[0m [2mmoq_net::lite::publisher[0m[2m:[0m finished group [3msequence[0m[2m=[0m75
[2m2026-09-06T15:01:04.864635Z[0m [34mDEBUG[0m [2mmoq_net::lite::publisher[0m[2m:[0m serving group [3msubscribe[0m[2m=[0m5 [3mtrack[0m[2m=[0m0.m4s [3msequence[0m[2m=[0m77
[2m2026-09-06T15:01:04.864794Z[0m [34mDEBUG[0m [2mmoq_net::lite::publisher[0m[2m:[0m serving group [3msubscribe[0m[2m=[0m4 [3mtrack[0m[2m=[0m1.m4s [3msequence[0m[2m=[0m77
[2m2026-09-06T15:01:04.865665Z[0m [34mDEBUG[0m [2mmoq_net::lite::publisher[0m[2m:[0m finished group [3msequence[0m[2m=[0m76
[2m2026-09-06T15:01:04.865907Z[0m [34mDEBUG[0m [2mmoq_net::lite::publisher[0m[2m:[0m finished group [3msequence[0m[2m=[0m76
[2m2026-09-06T15:01:07.382794Z[0m [34mDEBUG[0m [2mmoq_net::lite::publisher[0m[2m:[0m serving group [3msubscribe[0m[2m=[0m5 [3mtrack[0m[2m=[0m0.m4s [3msequence[0m[2m=[0m78
[2m2026-09-06T15:01:07.383289Z[0m [34mDEBUG[0m [2mmoq_net::lite::publisher[0m[2m:[0m serving group [3msubscribe[0m[2m=[0m4 [3mtrack[0m[2m=[0m1.m4s [3msequence[0m[2m=[0m78
[2m2026-09-06T15:01:07.384293Z[0m [34mDEBUG[0m [2mmoq_net::lite::publisher[0m[2m:[0m finished group [3msequence[0m[2m=[0m77
[2m2026-09-06T15:01:07.384353Z[0m [34mDEBUG[0m [2mmoq_net::lite::publisher[0m[2m:[0m finished group [3msequence[0m[2m=[0m77
[2m2026-09-06T15:01:09.840444Z[0m [34mDEBUG[0m [2mmoq_net::lite::publisher[0m[2m:[0m serving group [3msubscribe[0m[2m=[0m5 [3mtrack[0m[2m=[0m0.m4s [3msequence[0m[2m=[0m79
[2m2026-09-06T15:01:09.841980Z[0m [34mDEBUG[0m [2mmoq_net::lite::publisher[0m[2m:[0m finished group [3msequence[0m[2m=[0m78
[2m2026-09-06T15:01:09.855570Z[0m [34mDEBUG[0m [2mmoq_net::lite::publisher[0m[2m:[0m serving group [3msubscribe[0m[2m=[0m4 [3mtrack[0m[2m=[0m1.m4s [3msequence[0m[2m=[0m79
[2m2026-09-06T15:01:09.856138Z[0m [34mDEBUG[0m [2mmoq_net::lite::publisher[0m[2m:[0m serving group [3msubscribe[0m[2m=[0m3 [3mtrack[0m[2m=[0mcatalog.json [3msequence[0m[2m=[0m7
[2m2026-09-06T15:01:09.856544Z[0m [34mDEBUG[0m [2mmoq_net::lite::publisher[0m[2m:[0m finished group [3msequence[0m[2m=[0m78
[2m2026-09-06T15:01:09.883784Z[0m [34mDEBUG[0m [2mmoq_net::lite::publisher[0m[2m:[0m finished group [3msequence[0m[2m=[0m7
[2m2026-09-06T15:01:12.364651Z[0m [34mDEBUG[0m [2mmoq_net::lite::publisher[0m[2m:[0m serving group [3msubscribe[0m[2m=[0m5 [3mtrack[0m[2m=[0m0.m4s [3msequence[0m[2m=[0m80
[2m2026-09-06T15:01:12.364785Z[0m [34mDEBUG[0m [2mmoq_net::lite::publisher[0m[2m:[0m serving group [3msubscribe[0m[2m=[0m4 [3mtrack[0m[2m=[0m1.m4s [3msequence[0m[2m=[0m80
[2m2026-09-06T15:01:12.366280Z[0m [34mDEBUG[0m [2mmoq_net::lite::publisher[0m[2m:[0m finished group [3msequence[0m[2m=[0m79
[2m2026-09-06T15:01:12.366339Z[0m [34mDEBUG[0m [2mmoq_net::lite::publisher[0m[2m:[0m finished group [3msequence[0m[2m=[0m79
[2m2026-09-06T15:01:14.859482Z[0m [34mDEBUG[0m [2mmoq_net::lite::publisher[0m[2m:[0m serving group [3msubscribe[0m[2m=[0m5 [3mtrack[0m[2m=[0m0.m4s [3msequence[0m[2m=[0m81
[2m2026-09-06T15:01:14.859766Z[0m [34mDEBUG[0m [2mmoq_net::lite::publisher[0m[2m:[0m serving group [3msubscribe[0m[2m=[0m4 [3mtrack[0m[2m=[0m1.m4s [3msequence[0m[2m=[0m81
[2m2026-09-06T15:01:14.860478Z[0m [34mDEBUG[0m [2mmoq_net::lite::publisher[0m[2m:[0m finished group [3msequence[0m[2m=[0m80
[2m2026-09-06T15:01:14.860526Z[0m [34mDEBUG[0m [2mmoq_net::lite::publisher[0m[2m:[0m finished group [3msequence[0m[2m=[0m80
[2m2026-09-06T15:01:16.454659Z[0m [34mDEBUG[0m [2mmoq_net::lite::publisher[0m[2m:[0m serving group [3msubscribe[0m[2m=[0m5 [3mtrack[0m[2m=[0m0.m4s [3msequence[0m[2m=[0m82
[2m2026-09-06T15:01:16.454843Z[0m [34mDEBUG[0m [2mmoq_net::lite::publisher[0m[2m:[0m serving group [3msubscribe[0m[2m=[0m4 [3mtrack[0m[2m=[0m1.m4s [3msequence[0m[2m=[0m82
[2m2026-09-06T15:01:16.455846Z[0m [34mDEBUG[0m [2mmoq_net::lite::publisher[0m[2m:[0m finished group [3msequence[0m[2m=[0m81
[2m2026-09-06T15:01:16.455973Z[0m [34mDEBUG[0m [2mmoq_net::lite::publisher[0m[2m:[0m finished group [3msequence[0m[2m=[0m81
[2m2026-09-06T15:01:17.852705Z[0m [32m INFO[0m [2mmoq_net::lite::publisher[0m[2m:[0m subscribed cancelled [3mid[0m[2m=[0m5 [3mbroadcast[0m[2m=[0mbbb.hang [3mtrack[0m[2m=[0m0.m4s
[2m2026-09-06T15:01:17.853207Z[0m [32m INFO[0m [2mmoq_net::lite::publisher[0m[2m:[0m subscribed cancelled [3mid[0m[2m=[0m4 [3mbroadcast[0m[2m=[0mbbb.hang [3mtrack[0m[2m=[0m1.m4s
[2m2026-09-06T15:01:17.853320Z[0m [32m INFO[0m [2mmoq_net::lite::publisher[0m[2m:[0m subscribed cancelled [3mid[0m[2m=[0m3 [3mbroadcast[0m[2m=[0mbbb.hang [3mtrack[0m[2m=[0mcatalog.json
[2m2026-09-06T15:01:21.040931Z[0m [32m INFO[0m [2mmoq_net::lite::publisher[0m[2m:[0m subscribed started [3mid[0m[2m=[0m6 [3mbroadcast[0m[2m=[0mbbb.hang [3mtrack[0m[2m=[0mcatalog.json
[2m2026-09-06T15:01:21.041026Z[0m [34mDEBUG[0m [2mmoq_net::lite::publisher[0m[2m:[0m serving group [3msubscribe[0m[2m=[0m6 [3mtrack[0m[2m=[0mcatalog.json [3msequence[0m[2m=[0m7
[2m2026-09-06T15:01:21.041379Z[0m [34mDEBUG[0m [2mmoq_net::lite::publisher[0m[2m:[0m finished group [3msequence[0m[2m=[0m7
[2m2026-09-06T15:01:21.049802Z[0m [32m INFO[0m [2mmoq_net::lite::publisher[0m[2m:[0m subscribed started [3mid[0m[2m=[0m8 [3mbroadcast[0m[2m=[0mbbb.hang [3mtrack[0m[2m=[0m0.m4s
[2m2026-09-06T15:01:21.049921Z[0m [34mDEBUG[0m [2mmoq_net::lite::publisher[0m[2m:[0m serving group [3msubscribe[0m[2m=[0m8 [3mtrack[0m[2m=[0m0.m4s [3msequence[0m[2m=[0m83
[2m2026-09-06T15:01:21.050203Z[0m [32m INFO[0m [2mmoq_net::lite::publisher[0m[2m:[0m subscribed started [3mid[0m[2m=[0m7 [3mbroadcast[0m[2m=[0mbbb.hang [3mtrack[0m[2m=[0m1.m4s
[2m2026-09-06T15:01:21.050724Z[0m [34mDEBUG[0m [2mmoq_net::lite::publisher[0m[2m:[0m serving group [3msubscribe[0m[2m=[0m7 [3mtrack[0m[2m=[0m1.m4s [3msequence[0m[2m=[0m83
[2m2026-09-06T15:01:21.439466Z[0m [34mDEBUG[0m [2mmoq_net::lite::publisher[0m[2m:[0m serving group [3msubscribe[0m[2m=[0m8 [3mtrack[0m[2m=[0m0.m4s [3msequence[0m[2m=[0m84
[2m2026-09-06T15:01:21.439690Z[0m [34mDEBUG[0m [2mmoq_net::lite::publisher[0m[2m:[0m serving group [3msubscribe[0m[2m=[0m7 [3mtrack[0m[2m=[0m1.m4s [3msequence[0m[2m=[0m84
[2m2026-09-06T15:01:21.442090Z[0m [34mDEBUG[0m [2mmoq_net::lite::publisher[0m[2m:[0m finished group [3msequence[0m[2m=[0m83
[2m2026-09-06T15:01:21.442155Z[0m [34mDEBUG[0m [2mmoq_net::lite::publisher[0m[2m:[0m finished group [3msequence[0m[2m=[0m83
[2m2026-09-06T15:01:22.825390Z[0m [34mDEBUG[0m [2mmoq_net::lite::publisher[0m[2m:[0m serving group [3msubscribe[0m[2m=[0m8 [3mtrack[0m[2m=[0m0.m4s [3msequence[0m[2m=[0m85
[2m2026-09-06T15:01:22.826650Z[0m [34mDEBUG[0m [2mmoq_net::lite::publisher[0m[2m:[0m finished group [3msequence[0m[2m=[0m84
[2m2026-09-06T15:01:22.842018Z[0m [34mDEBUG[0m [2mmoq_net::lite::publisher[0m[2m:[0m serving group [3msubscribe[0m[2m=[0m7 [3mtrack[0m[2m=[0m1.m4s [3msequence[0m[2m=[0m85
[2m2026-09-06T15:01:22.845394Z[0m [34mDEBUG[0m [2mmoq_net::lite::publisher[0m[2m:[0m finished group [3msequence[0m[2m=[0m84
[2m2026-09-06T15:01:24.029782Z[0m [34mDEBUG[0m [2mmoq_net::lite::publisher[0m[2m:[0m serving group [3msubscribe[0m[2m=[0m8 [3mtrack[0m[2m=[0m0.m4s [3msequence[0m[2m=[0m86
[2m2026-09-06T15:01:24.030877Z[0m [34mDEBUG[0m [2mmoq_net::lite::publisher[0m[2m:[0m finished group [3msequence[0m[2m=[0m85
[2m2026-09-06T15:01:24.047171Z[0m [34mDEBUG[0m [2mmoq_net::lite::publisher[0m[2m:[0m serving group [3msubscribe[0m[2m=[0m7 [3mtrack[0m[2m=[0m1.m4s [3msequence[0m[2m=[0m86
[2m2026-09-06T15:01:24.048473Z[0m [34mDEBUG[0m [2mmoq_net::lite::publisher[0m[2m:[0m finished group [3msequence[0m[2m=[0m85
[2m2026-09-06T15:01:26.526014Z[0m [34mDEBUG[0m [2mmoq_net::lite::publisher[0m[2m:[0m serving group [3msubscribe[0m[2m=[0m8 [3mtrack[0m[2m=[0m0.m4s [3msequence[0m[2m=[0m87
[2m2026-09-06T15:01:26.526277Z[0m [34mDEBUG[0m [2mmoq_net::lite::publisher[0m[2m:[0m serving group [3msubscribe[0m[2m=[0m7 [3mtrack[0m[2m=[0m1.m4s [3msequence[0m[2m=[0m87
[2m2026-09-06T15:01:26.527107Z[0m [34mDEBUG[0m [2mmoq_net::lite::publisher[0m[2m:[0m finished group [3msequence[0m[2m=[0m86
[2m2026-09-06T15:01:26.527180Z[0m [34mDEBUG[0m [2mmoq_net::lite::publisher[0m[2m:[0m finished group [3msequence[0m[2m=[0m86
[2m2026-09-06T15:01:29.032488Z[0m [34mDEBUG[0m [2mmoq_net::lite::publisher[0m[2m:[0m serving group [3msubscribe[0m[2m=[0m8 [3mtrack[0m[2m=[0m0.m4s [3msequence[0m[2m=[0m88
[2m2026-09-06T15:01:29.032646Z[0m [34mDEBUG[0m [2mmoq_net::lite::publisher[0m[2m:[0m serving group [3msubscribe[0m[2m=[0m7 [3mtrack[0m[2m=[0m1.m4s [3msequence[0m[2m=[0m88
[2m2026-09-06T15:01:29.033868Z[0m [34mDEBUG[0m [2mmoq_net::lite::publisher[0m[2m:[0m finished group [3msequence[0m[2m=[0m87
[2m2026-09-06T15:01:29.033923Z[0m [34mDEBUG[0m [2mmoq_net::lite::publisher[0m[2m:[0m finished group [3msequence[0m[2m=[0m87
[2m2026-09-06T15:01:31.277090Z[0m [34mDEBUG[0m [2mmoq_net::lite::publisher[0m[2m:[0m serving group [3msubscribe[0m[2m=[0m8 [3mtrack[0m[2m=[0m0.m4s [3msequence[0m[2m=[0m89
[2m2026-09-06T15:01:31.277196Z[0m [34mDEBUG[0m [2mmoq_net::lite::publisher[0m[2m:[0m serving group [3msubscribe[0m[2m=[0m7 [3mtrack[0m[2m=[0m1.m4s [3msequence[0m[2m=[0m89
[2m2026-09-06T15:01:31.277959Z[0m [34mDEBUG[0m [2mmoq_net::lite::publisher[0m[2m:[0m finished group [3msequence[0m[2m=[0m88
[2m2026-09-06T15:01:31.278009Z[0m [34mDEBUG[0m [2mmoq_net::lite::publisher[0m[2m:[0m finished group [3msequence[0m[2m=[0m88
[2m2026-09-06T15:01:33.036323Z[0m [34mDEBUG[0m [2mmoq_net::lite::publisher[0m[2m:[0m serving group [3msubscribe[0m[2m=[0m8 [3mtrack[0m[2m=[0m0.m4s [3msequence[0m[2m=[0m90
[2m2026-09-06T15:01:33.036565Z[0m [34mDEBUG[0m [2mmoq_net::lite::publisher[0m[2m:[0m serving group [3msubscribe[0m[2m=[0m7 [3mtrack[0m[2m=[0m1.m4s [3msequence[0m[2m=[0m90
[2m2026-09-06T15:01:33.037941Z[0m [34mDEBUG[0m [2mmoq_net::lite::publisher[0m[2m:[0m finished group [3msequence[0m[2m=[0m89
[2m2026-09-06T15:01:33.038002Z[0m [34mDEBUG[0m [2mmoq_net::lite::publisher[0m[2m:[0m finished group [3msequence[0m[2m=[0m89
[2m2026-09-06T15:01:34.577298Z[0m [34mDEBUG[0m [2mmoq_net::lite::publisher[0m[2m:[0m serving group [3msubscribe[0m[2m=[0m8 [3mtrack[0m[2m=[0m0.m4s [3msequence[0m[2m=[0m91
[2m2026-09-06T15:01:34.578375Z[0m [34mDEBUG[0m [2mmoq_net::lite::publisher[0m[2m:[0m finished group [3msequence[0m[2m=[0m90
[2m2026-09-06T15:01:34.590847Z[0m [34mDEBUG[0m [2mmoq_net::lite::publisher[0m[2m:[0m serving group [3msubscribe[0m[2m=[0m7 [3mtrack[0m[2m=[0m1.m4s [3msequence[0m[2m=[0m91
[2m2026-09-06T15:01:34.591330Z[0m [34mDEBUG[0m [2mmoq_net::lite::publisher[0m[2m:[0m finished group [3msequence[0m[2m=[0m90
[2m2026-09-06T15:01:35.997542Z[0m [34mDEBUG[0m [2mmoq_net::lite::publisher[0m[2m:[0m serving group [3msubscribe[0m[2m=[0m8 [3mtrack[0m[2m=[0m0.m4s [3msequence[0m[2m=[0m92
[2m2026-09-06T15:01:35.998925Z[0m [34mDEBUG[0m [2mmoq_net::lite::publisher[0m[2m:[0m finished group [3msequence[0m[2m=[0m91
[2m2026-09-06T15:01:36.007774Z[0m [34mDEBUG[0m [2mmoq_net::lite::publisher[0m[2m:[0m serving group [3msubscribe[0m[2m=[0m7 [3mtrack[0m[2m=[0m1.m4s [3msequence[0m[2m=[0m92
[2m2026-09-06T15:01:36.008512Z[0m [34mDEBUG[0m [2mmoq_net::lite::publisher[0m[2m:[0m finished group [3msequence[0m[2m=[0m91
[2m2026-09-06T15:01:38.476286Z[0m [34mDEBUG[0m [2mmoq_net::lite::publisher[0m[2m:[0m serving group [3msubscribe[0m[2m=[0m8 [3mtrack[0m[2m=[0m0.m4s [3msequence[0m[2m=[0m93
[2m2026-09-06T15:01:38.477320Z[0m [34mDEBUG[0m [2mmoq_net::lite::publisher[0m[2m:[0m finished group [3msequence[0m[2m=[0m92
[2m2026-09-06T15:01:38.478848Z[0m [34mDEBUG[0m [2mmoq_net::lite::publisher[0m[2m:[0m serving group [3msubscribe[0m[2m=[0m7 [3mtrack[0m[2m=[0m1.m4s [3msequence[0m[2m=[0m93
[2m2026-09-06T15:01:38.505689Z[0m [34mDEBUG[0m [2mmoq_net::lite::publisher[0m[2m:[0m finished group [3msequence[0m[2m=[0m92
[2m2026-09-06T15:01:40.895212Z[0m [34mDEBUG[0m [2mmoq_net::lite::publisher[0m[2m:[0m serving group [3msubscribe[0m[2m=[0m8 [3mtrack[0m[2m=[0m0.m4s [3msequence[0m[2m=[0m94
[2m2026-09-06T15:01:40.896290Z[0m [34mDEBUG[0m [2mmoq_net::lite::publisher[0m[2m:[0m finished group [3msequence[0m[2m=[0m93
[2m2026-09-06T15:01:40.896481Z[0m [34mDEBUG[0m [2mmoq_net::lite::publisher[0m[2m:[0m serving group [3msubscribe[0m[2m=[0m7 [3mtrack[0m[2m=[0m1.m4s [3msequence[0m[2m=[0m94
[2m2026-09-06T15:01:40.924200Z[0m [34mDEBUG[0m [2mmoq_net::lite::publisher[0m[2m:[0m finished group [3msequence[0m[2m=[0m93
[2m2026-09-06T15:01:43.406232Z[0m [34mDEBUG[0m [2mmoq_net::lite::publisher[0m[2m:[0m serving group [3msubscribe[0m[2m=[0m8 [3mtrack[0m[2m=[0m0.m4s [3msequence[0m[2m=[0m95
[2m2026-09-06T15:01:43.406429Z[0m [34mDEBUG[0m [2mmoq_net::lite::publisher[0m[2m:[0m serving group [3msubscribe[0m[2m=[0m7 [3mtrack[0m[2m=[0m1.m4s [3msequence[0m[2m=[0m95
[2m2026-09-06T15:01:43.407393Z[0m [34mDEBUG[0m [2mmoq_net::lite::publisher[0m[2m:[0m finished group [3msequence[0m[2m=[0m94
[2m2026-09-06T15:01:43.407459Z[0m [34mDEBUG[0m [2mmoq_net::lite::publisher[0m[2m:[0m finished group [3msequence[0m[2m=[0m94
[2m2026-09-06T15:01:45.914748Z[0m [34mDEBUG[0m [2mmoq_net::lite::publisher[0m[2m:[0m serving group [3msubscribe[0m[2m=[0m8 [3mtrack[0m[2m=[0m0.m4s [3msequence[0m[2m=[0m96
[2m2026-09-06T15:01:45.916002Z[0m [34mDEBUG[0m [2mmoq_net::lite::publisher[0m[2m:[0m finished group [3msequence[0m[2m=[0m95
[2m2026-09-06T15:01:45.922229Z[0m [34mDEBUG[0m [2mmoq_net::lite::publisher[0m[2m:[0m serving group [3msubscribe[0m[2m=[0m7 [3mtrack[0m[2m=[0m1.m4s [3msequence[0m[2m=[0m96
[2m2026-09-06T15:01:45.923742Z[0m [34mDEBUG[0m [2mmoq_net::lite::publisher[0m[2m:[0m finished group [3msequence[0m[2m=[0m95
[2m2026-09-06T15:01:47.603569Z[0m [34mDEBUG[0m [2mmoq_net::lite::publisher[0m[2m:[0m serving group [3msubscribe[0m[2m=[0m8 [3mtrack[0m[2m=[0m0.m4s [3msequence[0m[2m=[0m97
[2m2026-09-06T15:01:47.604627Z[0m [34mDEBUG[0m [2mmoq_net::lite::publisher[0m[2m:[0m serving group [3msubscribe[0m[2m=[0m7 [3mtrack[0m[2m=[0m1.m4s [3msequence[0m[2m=[0m97
[2m2026-09-06T15:01:47.604813Z[0m [34mDEBUG[0m [2mmoq_net::lite::publisher[0m[2m:[0m finished group [3msequence[0m[2m=[0m96
[2m2026-09-06T15:01:47.631589Z[0m [34mDEBUG[0m [2mmoq_net::lite::publisher[0m[2m:[0m finished group [3msequence[0m[2m=[0m96
[2m2026-09-06T15:01:50.136794Z[0m [34mDEBUG[0m [2mmoq_net::lite::publisher[0m[2m:[0m serving group [3msubscribe[0m[2m=[0m8 [3mtrack[0m[2m=[0m0.m4s [3msequence[0m[2m=[0m98
[2m2026-09-06T15:01:50.136960Z[0m [34mDEBUG[0m [2mmoq_net::lite::publisher[0m[2m:[0m serving group [3msubscribe[0m[2m=[0m7 [3mtrack[0m[2m=[0m1.m4s [3msequence[0m[2m=[0m98
[2m2026-09-06T15:01:50.139049Z[0m [34mDEBUG[0m [2mmoq_net::lite::publisher[0m[2m:[0m finished group [3msequence[0m[2m=[0m97
[2m2026-09-06T15:01:50.139103Z[0m [34mDEBUG[0m [2mmoq_net::lite::publisher[0m[2m:[0m finished group [3msequence[0m[2m=[0m97
[2m2026-09-06T15:01:52.659486Z[0m [34mDEBUG[0m [2mmoq_net::lite::publisher[0m[2m:[0m serving group [3msubscribe[0m[2m=[0m8 [3mtrack[0m[2m=[0m0.m4s [3msequence[0m[2m=[0m99
[2m2026-09-06T15:01:52.659676Z[0m [34mDEBUG[0m [2mmoq_net::lite::publisher[0m[2m:[0m serving group [3msubscribe[0m[2m=[0m7 [3mtrack[0m[2m=[0m1.m4s [3msequence[0m[2m=[0m99
[2m2026-09-06T15:01:52.663288Z[0m [34mDEBUG[0m [2mmoq_net::lite::publisher[0m[2m:[0m finished group [3msequence[0m[2m=[0m98
[2m2026-09-06T15:01:52.663428Z[0m [34mDEBUG[0m [2mmoq_net::lite::publisher[0m[2m:[0m finished group [3msequence[0m[2m=[0m98
[2m2026-09-06T15:01:55.104864Z[0m [34mDEBUG[0m [2mmoq_net::lite::publisher[0m[2m:[0m serving group [3msubscribe[0m[2m=[0m8 [3mtrack[0m[2m=[0m0.m4s [3msequence[0m[2m=[0m100
[2m2026-09-06T15:01:55.105304Z[0m [34mDEBUG[0m [2mmoq_net::lite::publisher[0m[2m:[0m serving group [3msubscribe[0m[2m=[0m7 [3mtrack[0m[2m=[0m1.m4s [3msequence[0m[2m=[0m100
[2m2026-09-06T15:01:55.106005Z[0m [34mDEBUG[0m [2mmoq_net::lite::publisher[0m[2m:[0m finished group [3msequence[0m[2m=[0m99
[2m2026-09-06T15:01:55.106053Z[0m [34mDEBUG[0m [2mmoq_net::lite::publisher[0m[2m:[0m finished group [3msequence[0m[2m=[0m99
[2m2026-09-06T15:01:57.059654Z[0m [34mDEBUG[0m [2mmoq_net::lite::publisher[0m[2m:[0m serving group [3msubscribe[0m[2m=[0m8 [3mtrack[0m[2m=[0m0.m4s [3msequence[0m[2m=[0m101
[2m2026-09-06T15:01:57.059807Z[0m [34mDEBUG[0m [2mmoq_net::lite::publisher[0m[2m:[0m serving group [3msubscribe[0m[2m=[0m7 [3mtrack[0m[2m=[0m1.m4s [3msequence[0m[2m=[0m101
[2m2026-09-06T15:01:57.061886Z[0m [34mDEBUG[0m [2mmoq_net::lite::publisher[0m[2m:[0m finished group [3msequence[0m[2m=[0m100
[2m2026-09-06T15:01:57.061936Z[0m [34mDEBUG[0m [2mmoq_net::lite::publisher[0m[2m:[0m finished group [3msequence[0m[2m=[0m100
[2m2026-09-06T15:01:59.558213Z[0m [34mDEBUG[0m [2mmoq_net::lite::publisher[0m[2m:[0m serving group [3msubscribe[0m[2m=[0m8 [3mtrack[0m[2m=[0m0.m4s [3msequence[0m[2m=[0m102
[2m2026-09-06T15:01:59.558441Z[0m [34mDEBUG[0m [2mmoq_net::lite::publisher[0m[2m:[0m serving group [3msubscribe[0m[2m=[0m7 [3mtrack[0m[2m=[0m1.m4s [3msequence[0m[2m=[0m102
[2m2026-09-06T15:01:59.559964Z[0m [34mDEBUG[0m [2mmoq_net::lite::publisher[0m[2m:[0m finished group [3msequence[0m[2m=[0m101
[2m2026-09-06T15:01:59.560080Z[0m [34mDEBUG[0m [2mmoq_net::lite::publisher[0m[2m:[0m finished group [3msequence[0m[2m=[0m101
[2m2026-09-06T15:02:02.047621Z[0m [34mDEBUG[0m [2mmoq_net::lite::publisher[0m[2m:[0m serving group [3msubscribe[0m[2m=[0m8 [3mtrack[0m[2m=[0m0.m4s [3msequence[0m[2m=[0m103
[2m2026-09-06T15:02:02.050178Z[0m [34mDEBUG[0m [2mmoq_net::lite::publisher[0m[2m:[0m serving group [3msubscribe[0m[2m=[0m7 [3mtrack[0m[2m=[0m1.m4s [3msequence[0m[2m=[0m103
[2m2026-09-06T15:02:02.050830Z[0m [34mDEBUG[0m [2mmoq_net::lite::publisher[0m[2m:[0m finished group [3msequence[0m[2m=[0m102
[2m2026-09-06T15:02:02.050978Z[0m [34mDEBUG[0m [2mmoq_net::lite::publisher[0m[2m:[0m finished group [3msequence[0m[2m=[0m102
[2m2026-09-06T15:02:04.543113Z[0m [34mDEBUG[0m [2mmoq_net::lite::publisher[0m[2m:[0m serving group [3msubscribe[0m[2m=[0m8 [3mtrack[0m[2m=[0m0.m4s [3msequence[0m[2m=[0m104
[2m2026-09-06T15:02:04.543349Z[0m [34mDEBUG[0m [2mmoq_net::lite::publisher[0m[2m:[0m serving group [3msubscribe[0m[2m=[0m7 [3mtrack[0m[2m=[0m1.m4s [3msequence[0m[2m=[0m104
[2m2026-09-06T15:02:04.544820Z[0m [34mDEBUG[0m [2mmoq_net::lite::publisher[0m[2m:[0m finished group [3msequence[0m[2m=[0m103
[2m2026-09-06T15:02:04.545007Z[0m [34mDEBUG[0m [2mmoq_net::lite::publisher[0m[2m:[0m finished group [3msequence[0m[2m=[0m103
[2m2026-09-06T15:02:07.024134Z[0m [34mDEBUG[0m [2mmoq_net::lite::publisher[0m[2m:[0m serving group [3msubscribe[0m[2m=[0m8 [3mtrack[0m[2m=[0m0.m4s [3msequence[0m[2m=[0m105
[2m2026-09-06T15:02:07.024656Z[0m [34mDEBUG[0m [2mmoq_net::lite::publisher[0m[2m:[0m serving group [3msubscribe[0m[2m=[0m7 [3mtrack[0m[2m=[0m1.m4s [3msequence[0m[2m=[0m105
[2m2026-09-06T15:02:07.025899Z[0m [34mDEBUG[0m [2mmoq_net::lite::publisher[0m[2m:[0m finished group [3msequence[0m[2m=[0m104
[2m2026-09-06T15:02:07.025989Z[0m [34mDEBUG[0m [2mmoq_net::lite::publisher[0m[2m:[0m finished group [3msequence[0m[2m=[0m104
[2m2026-09-06T15:02:09.193727Z[0m [34mDEBUG[0m [2mmoq_net::lite::publisher[0m[2m:[0m serving group [3msubscribe[0m[2m=[0m8 [3mtrack[0m[2m=[0m0.m4s [3msequence[0m[2m=[0m106
[2m2026-09-06T15:02:09.196493Z[0m [34mDEBUG[0m [2mmoq_net::lite::publisher[0m[2m:[0m serving group [3msubscribe[0m[2m=[0m7 [3mtrack[0m[2m=[0m1.m4s [3msequence[0m[2m=[0m106
[2m2026-09-06T15:02:09.196587Z[0m [34mDEBUG[0m [2mmoq_net::lite::publisher[0m[2m:[0m finished group [3msequence[0m[2m=[0m105
[2m2026-09-06T15:02:09.196843Z[0m [34mDEBUG[0m [2mmoq_net::lite::publisher[0m[2m:[0m finished group [3msequence[0m[2m=[0m105
[2m2026-09-06T15:02:10.642982Z[0m [34mDEBUG[0m [2mmoq_net::lite::publisher[0m[2m:[0m serving group [3msubscribe[0m[2m=[0m8 [3mtrack[0m[2m=[0m0.m4s [3msequence[0m[2m=[0m107
[2m2026-09-06T15:02:10.643237Z[0m [34mDEBUG[0m [2mmoq_net::lite::publisher[0m[2m:[0m serving group [3msubscribe[0m[2m=[0m7 [3mtrack[0m[2m=[0m1.m4s [3msequence[0m[2m=[0m107
[2m2026-09-06T15:02:10.644523Z[0m [34mDEBUG[0m [2mmoq_net::lite::publisher[0m[2m:[0m finished group [3msequence[0m[2m=[0m106
[2m2026-09-06T15:02:10.645167Z[0m [34mDEBUG[0m [2mmoq_net::lite::publisher[0m[2m:[0m finished group [3msequence[0m[2m=[0m106
[2m2026-09-06T15:02:13.109980Z[0m [34mDEBUG[0m [2mmoq_net::lite::publisher[0m[2m:[0m serving group [3msubscribe[0m[2m=[0m8 [3mtrack[0m[2m=[0m0.m4s [3msequence[0m[2m=[0m108
[2m2026-09-06T15:02:13.110275Z[0m [34mDEBUG[0m [2mmoq_net::lite::publisher[0m[2m:[0m serving group [3msubscribe[0m[2m=[0m7 [3mtrack[0m[2m=[0m1.m4s [3msequence[0m[2m=[0m108
[2m2026-09-06T15:02:13.111736Z[0m [34mDEBUG[0m [2mmoq_net::lite::publisher[0m[2m:[0m finished group [3msequence[0m[2m=[0m107
[2m2026-09-06T15:02:13.111838Z[0m [34mDEBUG[0m [2mmoq_net::lite::publisher[0m[2m:[0m finished group [3msequence[0m[2m=[0m107
[2m2026-09-06T15:02:15.607407Z[0m [34mDEBUG[0m [2mmoq_net::lite::publisher[0m[2m:[0m serving group [3msubscribe[0m[2m=[0m8 [3mtrack[0m[2m=[0m0.m4s [3msequence[0m[2m=[0m109
[2m2026-09-06T15:02:15.607921Z[0m [34mDEBUG[0m [2mmoq_net::lite::publisher[0m[2m:[0m serving group [3msubscribe[0m[2m=[0m7 [3mtrack[0m[2m=[0m1.m4s [3msequence[0m[2m=[0m109
[2m2026-09-06T15:02:15.609191Z[0m [34mDEBUG[0m [2mmoq_net::lite::publisher[0m[2m:[0m finished group [3msequence[0m[2m=[0m108
[2m2026-09-06T15:02:15.609412Z[0m [34mDEBUG[0m [2mmoq_net::lite::publisher[0m[2m:[0m finished group [3msequence[0m[2m=[0m108
[2m2026-09-06T15:02:17.863025Z[0m [34mDEBUG[0m [2mmoq_net::lite::publisher[0m[2m:[0m serving group [3msubscribe[0m[2m=[0m8 [3mtrack[0m[2m=[0m0.m4s [3msequence[0m[2m=[0m110
[2m2026-09-06T15:02:17.863298Z[0m [34mDEBUG[0m [2mmoq_net::lite::publisher[0m[2m:[0m serving group [3msubscribe[0m[2m=[0m7 [3mtrack[0m[2m=[0m1.m4s [3msequence[0m[2m=[0m110
[2m2026-09-06T15:02:17.864238Z[0m [34mDEBUG[0m [2mmoq_net::lite::publisher[0m[2m:[0m finished group [3msequence[0m[2m=[0m109
[2m2026-09-06T15:02:17.864322Z[0m [34mDEBUG[0m [2mmoq_net::lite::publisher[0m[2m:[0m finished group [3msequence[0m[2m=[0m109
[2m2026-09-06T15:02:19.122378Z[0m [34mDEBUG[0m [2mmoq_net::lite::publisher[0m[2m:[0m serving group [3msubscribe[0m[2m=[0m8 [3mtrack[0m[2m=[0m0.m4s [3msequence[0m[2m=[0m111
[2m2026-09-06T15:02:19.123511Z[0m [34mDEBUG[0m [2mmoq_net::lite::publisher[0m[2m:[0m serving group [3msubscribe[0m[2m=[0m7 [3mtrack[0m[2m=[0m1.m4s [3msequence[0m[2m=[0m111
[2m2026-09-06T15:02:19.123626Z[0m [34mDEBUG[0m [2mmoq_net::lite::publisher[0m[2m:[0m finished group [3msequence[0m[2m=[0m110
[2m2026-09-06T15:02:19.148554Z[0m [34mDEBUG[0m [2mmoq_net::lite::publisher[0m[2m:[0m finished group [3msequence[0m[2m=[0m110
[2m2026-09-06T15:02:20.808092Z[0m [34mDEBUG[0m [2mmoq_net::lite::publisher[0m[2m:[0m serving group [3msubscribe[0m[2m=[0m8 [3mtrack[0m[2m=[0m0.m4s [3msequence[0m[2m=[0m112
[2m2026-09-06T15:02:20.808314Z[0m [34mDEBUG[0m [2mmoq_net::lite::publisher[0m[2m:[0m serving group [3msubscribe[0m[2m=[0m7 [3mtrack[0m[2m=[0m1.m4s [3msequence[0m[2m=[0m112
[2m2026-09-06T15:02:20.809163Z[0m [34mDEBUG[0m [2mmoq_net::lite::publisher[0m[2m:[0m finished group [3msequence[0m[2m=[0m111
[2m2026-09-06T15:02:20.809232Z[0m [34mDEBUG[0m [2mmoq_net::lite::publisher[0m[2m:[0m finished group [3msequence[0m[2m=[0m111
[2m2026-09-06T15:02:22.440314Z[0m [34mDEBUG[0m [2mmoq_net::lite::publisher[0m[2m:[0m serving group [3msubscribe[0m[2m=[0m8 [3mtrack[0m[2m=[0m0.m4s [3msequence[0m[2m=[0m113
[2m2026-09-06T15:02:22.440768Z[0m [34mDEBUG[0m [2mmoq_net::lite::publisher[0m[2m:[0m serving group [3msubscribe[0m[2m=[0m7 [3mtrack[0m[2m=[0m1.m4s [3msequence[0m[2m=[0m113
[2m2026-09-06T15:02:22.441884Z[0m [34mDEBUG[0m [2mmoq_net::lite::publisher[0m[2m:[0m finished group [3msequence[0m[2m=[0m112
[2m2026-09-06T15:02:22.441973Z[0m [34mDEBUG[0m [2mmoq_net::lite::publisher[0m[2m:[0m finished group [3msequence[0m[2m=[0m112
[2m2026-09-06T15:02:24.134306Z[0m [34mDEBUG[0m [2mmoq_net::lite::publisher[0m[2m:[0m serving group [3msubscribe[0m[2m=[0m8 [3mtrack[0m[2m=[0m0.m4s [3msequence[0m[2m=[0m114
[2m2026-09-06T15:02:24.134514Z[0m [34mDEBUG[0m [2mmoq_net::lite::publisher[0m[2m:[0m serving group [3msubscribe[0m[2m=[0m7 [3mtrack[0m[2m=[0m1.m4s [3msequence[0m[2m=[0m114
[2m2026-09-06T15:02:24.136910Z[0m [34mDEBUG[0m [2mmoq_net::lite::publisher[0m[2m:[0m finished group [3msequence[0m[2m=[0m113
[2m2026-09-06T15:02:24.136985Z[0m [34mDEBUG[0m [2mmoq_net::lite::publisher[0m[2m:[0m finished group [3msequence[0m[2m=[0m113
[2m2026-09-06T15:02:25.792935Z[0m [34mDEBUG[0m [2mmoq_net::lite::publisher[0m[2m:[0m serving group [3msubscribe[0m[2m=[0m8 [3mtrack[0m[2m=[0m0.m4s [3msequence[0m[2m=[0m115
[2m2026-09-06T15:02:25.793175Z[0m [34mDEBUG[0m [2mmoq_net::lite::publisher[0m[2m:[0m serving group [3msubscribe[0m[2m=[0m7 [3mtrack[0m[2m=[0m1.m4s [3msequence[0m[2m=[0m115
[2m2026-09-06T15:02:25.794639Z[0m [34mDEBUG[0m [2mmoq_net::lite::publisher[0m[2m:[0m finished group [3msequence[0m[2m=[0m114
[2m2026-09-06T15:02:25.794732Z[0m [34mDEBUG[0m [2mmoq_net::lite::publisher[0m[2m:[0m finished group [3msequence[0m[2m=[0m114
[2m2026-09-06T15:02:28.283127Z[0m [34mDEBUG[0m [2mmoq_net::lite::publisher[0m[2m:[0m serving group [3msubscribe[0m[2m=[0m8 [3mtrack[0m[2m=[0m0.m4s [3msequence[0m[2m=[0m116
[2m2026-09-06T15:02:28.284015Z[0m [34mDEBUG[0m [2mmoq_net::lite::publisher[0m[2m:[0m finished group [3msequence[0m[2m=[0m115
[2m2026-09-06T15:02:28.299058Z[0m [34mDEBUG[0m [2mmoq_net::lite::publisher[0m[2m:[0m serving group [3msubscribe[0m[2m=[0m7 [3mtrack[0m[2m=[0m1.m4s [3msequence[0m[2m=[0m116
[2m2026-09-06T15:02:28.299639Z[0m [34mDEBUG[0m [2mmoq_net::lite::publisher[0m[2m:[0m finished group [3msequence[0m[2m=[0m115
[2m2026-09-06T15:02:29.945971Z[0m [34mDEBUG[0m [2mmoq_net::lite::publisher[0m[2m:[0m serving group [3msubscribe[0m[2m=[0m8 [3mtrack[0m[2m=[0m0.m4s [3msequence[0m[2m=[0m117
[2m2026-09-06T15:02:29.946485Z[0m [34mDEBUG[0m [2mmoq_net::lite::publisher[0m[2m:[0m serving group [3msubscribe[0m[2m=[0m7 [3mtrack[0m[2m=[0m1.m4s [3msequence[0m[2m=[0m117
[2m2026-09-06T15:02:29.947857Z[0m [34mDEBUG[0m [2mmoq_net::lite::publisher[0m[2m:[0m finished group [3msequence[0m[2m=[0m116
[2m2026-09-06T15:02:29.947942Z[0m [34mDEBUG[0m [2mmoq_net::lite::publisher[0m[2m:[0m finished group [3msequence[0m[2m=[0m116
[2m2026-09-06T15:02:31.613179Z[0m [34mDEBUG[0m [2mmoq_net::lite::publisher[0m[2m:[0m serving group [3msubscribe[0m[2m=[0m8 [3mtrack[0m[2m=[0m0.m4s [3msequence[0m[2m=[0m118
[2m2026-09-06T15:02:31.613391Z[0m [34mDEBUG[0m [2mmoq_net::lite::publisher[0m[2m:[0m serving group [3msubscribe[0m[2m=[0m7 [3mtrack[0m[2m=[0m1.m4s [3msequence[0m[2m=[0m118
[2m2026-09-06T15:02:31.614738Z[0m [34mDEBUG[0m [2mmoq_net::lite::publisher[0m[2m:[0m finished group [3msequence[0m[2m=[0m117
[2m2026-09-06T15:02:31.614821Z[0m [34mDEBUG[0m [2mmoq_net::lite::publisher[0m[2m:[0m finished group [3msequence[0m[2m=[0m117
[2m2026-09-06T15:02:33.292957Z[0m [34mDEBUG[0m [2mmoq_net::lite::publisher[0m[2m:[0m serving group [3msubscribe[0m[2m=[0m8 [3mtrack[0m[2m=[0m0.m4s [3msequence[0m[2m=[0m119
[2m2026-09-06T15:02:33.294433Z[0m [34mDEBUG[0m [2mmoq_net::lite::publisher[0m[2m:[0m serving group [3msubscribe[0m[2m=[0m7 [3mtrack[0m[2m=[0m1.m4s [3msequence[0m[2m=[0m119
[2m2026-09-06T15:02:33.294529Z[0m [34mDEBUG[0m [2mmoq_net::lite::publisher[0m[2m:[0m finished group [3msequence[0m[2m=[0m118
[2m2026-09-06T15:02:33.313237Z[0m [34mDEBUG[0m [2mmoq_net::lite::publisher[0m[2m:[0m finished group [3msequence[0m[2m=[0m118
[2m2026-09-06T15:02:35.799361Z[0m [34mDEBUG[0m [2mmoq_net::lite::publisher[0m[2m:[0m serving group [3msubscribe[0m[2m=[0m8 [3mtrack[0m[2m=[0m0.m4s [3msequence[0m[2m=[0m120
[2m2026-09-06T15:02:35.799512Z[0m [34mDEBUG[0m [2mmoq_net::lite::publisher[0m[2m:[0m serving group [3msubscribe[0m[2m=[0m7 [3mtrack[0m[2m=[0m1.m4s [3msequence[0m[2m=[0m120
[2m2026-09-06T15:02:35.801270Z[0m [34mDEBUG[0m [2mmoq_net::lite::publisher[0m[2m:[0m finished group [3msequence[0m[2m=[0m119
[2m2026-09-06T15:02:35.801379Z[0m [34mDEBUG[0m [2mmoq_net::lite::publisher[0m[2m:[0m finished group [3msequence[0m[2m=[0m119
[2m2026-09-06T15:02:37.472229Z[0m [34mDEBUG[0m [2mmoq_net::lite::publisher[0m[2m:[0m serving group [3msubscribe[0m[2m=[0m8 [3mtrack[0m[2m=[0m0.m4s [3msequence[0m[2m=[0m121
[2m2026-09-06T15:02:37.472392Z[0m [34mDEBUG[0m [2mmoq_net::lite::publisher[0m[2m:[0m serving group [3msubscribe[0m[2m=[0m7 [3mtrack[0m[2m=[0m1.m4s [3msequence[0m[2m=[0m121
[2m2026-09-06T15:02:37.473833Z[0m [34mDEBUG[0m [2mmoq_net::lite::publisher[0m[2m:[0m finished group [3msequence[0m[2m=[0m120
[2m2026-09-06T15:02:37.475247Z[0m [34mDEBUG[0m [2mmoq_net::lite::publisher[0m[2m:[0m finished group [3msequence[0m[2m=[0m120
[2m2026-09-06T15:02:39.959148Z[0m [34mDEBUG[0m [2mmoq_net::lite::publisher[0m[2m:[0m serving group [3msubscribe[0m[2m=[0m8 [3mtrack[0m[2m=[0m0.m4s [3msequence[0m[2m=[0m122
[2m2026-09-06T15:02:39.959305Z[0m [34mDEBUG[0m [2mmoq_net::lite::publisher[0m[2m:[0m serving group [3msubscribe[0m[2m=[0m7 [3mtrack[0m[2m=[0m1.m4s [3msequence[0m[2m=[0m122
[2m2026-09-06T15:02:39.961097Z[0m [34mDEBUG[0m [2mmoq_net::lite::publisher[0m[2m:[0m finished group [3msequence[0m[2m=[0m121
[2m2026-09-06T15:02:39.961168Z[0m [34mDEBUG[0m [2mmoq_net::lite::publisher[0m[2m:[0m finished group [3msequence[0m[2m=[0m121
[2m2026-09-06T15:02:42.475795Z[0m [34mDEBUG[0m [2mmoq_net::lite::publisher[0m[2m:[0m serving group [3msubscribe[0m[2m=[0m8 [3mtrack[0m[2m=[0m0.m4s [3msequence[0m[2m=[0m123
[2m2026-09-06T15:02:42.475976Z[0m [34mDEBUG[0m [2mmoq_net::lite::publisher[0m[2m:[0m serving group [3msubscribe[0m[2m=[0m7 [3mtrack[0m[2m=[0m1.m4s [3msequence[0m[2m=[0m123
[2m2026-09-06T15:02:42.476576Z[0m [34mDEBUG[0m [2mmoq_net::lite::publisher[0m[2m:[0m finished group [3msequence[0m[2m=[0m122
[2m2026-09-06T15:02:42.476729Z[0m [34mDEBUG[0m [2mmoq_net::lite::publisher[0m[2m:[0m finished group [3msequence[0m[2m=[0m122
[2m2026-09-06T15:02:44.936483Z[0m [34mDEBUG[0m [2mmoq_net::lite::publisher[0m[2m:[0m serving group [3msubscribe[0m[2m=[0m8 [3mtrack[0m[2m=[0m0.m4s [3msequence[0m[2m=[0m124
[2m2026-09-06T15:02:44.937790Z[0m [34mDEBUG[0m [2mmoq_net::lite::publisher[0m[2m:[0m finished group [3msequence[0m[2m=[0m123
[2m2026-09-06T15:02:44.938075Z[0m [34mDEBUG[0m [2mmoq_net::lite::publisher[0m[2m:[0m serving group [3msubscribe[0m[2m=[0m7 [3mtrack[0m[2m=[0m1.m4s [3msequence[0m[2m=[0m124
[2m2026-09-06T15:02:44.938480Z[0m [34mDEBUG[0m [2mmoq_net::lite::publisher[0m[2m:[0m finished group [3msequence[0m[2m=[0m123
[2m2026-09-06T15:02:46.829630Z[0m [34mDEBUG[0m [2mmoq_net::lite::publisher[0m[2m:[0m serving group [3msubscribe[0m[2m=[0m8 [3mtrack[0m[2m=[0m0.m4s [3msequence[0m[2m=[0m125
[2m2026-09-06T15:02:46.829877Z[0m [34mDEBUG[0m [2mmoq_net::lite::publisher[0m[2m:[0m serving group [3msubscribe[0m[2m=[0m7 [3mtrack[0m[2m=[0m1.m4s [3msequence[0m[2m=[0m125
[2m2026-09-06T15:02:46.831582Z[0m [34mDEBUG[0m [2mmoq_net::lite::publisher[0m[2m:[0m finished group [3msequence[0m[2m=[0m124
[2m2026-09-06T15:02:46.831676Z[0m [34mDEBUG[0m [2mmoq_net::lite::publisher[0m[2m:[0m finished group [3msequence[0m[2m=[0m124
[2m2026-09-06T15:02:48.493840Z[0m [34mDEBUG[0m [2mmoq_net::lite::publisher[0m[2m:[0m serving group [3msubscribe[0m[2m=[0m8 [3mtrack[0m[2m=[0m0.m4s [3msequence[0m[2m=[0m126
[2m2026-09-06T15:02:48.494052Z[0m [34mDEBUG[0m [2mmoq_net::lite::publisher[0m[2m:[0m serving group [3msubscribe[0m[2m=[0m7 [3mtrack[0m[2m=[0m1.m4s [3msequence[0m[2m=[0m126
[2m2026-09-06T15:02:48.495252Z[0m [34mDEBUG[0m [2mmoq_net::lite::publisher[0m[2m:[0m finished group [3msequence[0m[2m=[0m125
[2m2026-09-06T15:02:48.495330Z[0m [34mDEBUG[0m [2mmoq_net::lite::publisher[0m[2m:[0m finished group [3msequence[0m[2m=[0m125
[2m2026-09-06T15:02:50.993877Z[0m [34mDEBUG[0m [2mmoq_net::lite::publisher[0m[2m:[0m serving group [3msubscribe[0m[2m=[0m8 [3mtrack[0m[2m=[0m0.m4s [3msequence[0m[2m=[0m127
[2m2026-09-06T15:02:50.994964Z[0m [34mDEBUG[0m [2mmoq_net::lite::publisher[0m[2m:[0m finished group [3msequence[0m[2m=[0m126
[2m2026-09-06T15:02:51.008207Z[0m [34mDEBUG[0m [2mmoq_net::lite::publisher[0m[2m:[0m serving group [3msubscribe[0m[2m=[0m7 [3mtrack[0m[2m=[0m1.m4s [3msequence[0m[2m=[0m127
[2m2026-09-06T15:02:51.008687Z[0m [34mDEBUG[0m [2mmoq_net::lite::publisher[0m[2m:[0m finished group [3msequence[0m[2m=[0m126
[2m2026-09-06T15:02:51.448631Z[0m [32m INFO[0m [2mmoq_net::lite::publisher[0m[2m:[0m subscribed cancelled [3mid[0m[2m=[0m8 [3mbroadcast[0m[2m=[0mbbb.hang [3mtrack[0m[2m=[0m0.m4s
[2m2026-09-06T15:02:51.448798Z[0m [32m INFO[0m [2mmoq_net::lite::publisher[0m[2m:[0m subscribed cancelled [3mid[0m[2m=[0m6 [3mbroadcast[0m[2m=[0mbbb.hang [3mtrack[0m[2m=[0mcatalog.json
[2m2026-09-06T15:02:51.448828Z[0m [32m INFO[0m [2mmoq_net::lite::publisher[0m[2m:[0m subscribed cancelled [3mid[0m[2m=[0m7 [3mbroadcast[0m[2m=[0mbbb.hang [3mtrack[0m[2m=[0m1.m4s
[2m2026-09-06T15:02:54.623565Z[0m [32m INFO[0m [2mmoq_net::lite::publisher[0m[2m:[0m subscribed started [3mid[0m[2m=[0m9 [3mbroadcast[0m[2m=[0mbbb.hang [3mtrack[0m[2m=[0mcatalog.json
[2m2026-09-06T15:02:54.623849Z[0m [34mDEBUG[0m [2mmoq_net::lite::publisher[0m[2m:[0m serving group [3msubscribe[0m[2m=[0m9 [3mtrack[0m[2m=[0mcatalog.json [3msequence[0m[2m=[0m7
[2m2026-09-06T15:02:54.624178Z[0m [34mDEBUG[0m [2mmoq_net::lite::publisher[0m[2m:[0m finished group [3msequence[0m[2m=[0m7
[2m2026-09-06T15:02:54.633709Z[0m [32m INFO[0m [2mmoq_net::lite::publisher[0m[2m:[0m subscribed started [3mid[0m[2m=[0m10 [3mbroadcast[0m[2m=[0mbbb.hang [3mtrack[0m[2m=[0m0.m4s
[2m2026-09-06T15:02:54.633795Z[0m [34mDEBUG[0m [2mmoq_net::lite::publisher[0m[2m:[0m serving group [3msubscribe[0m[2m=[0m10 [3mtrack[0m[2m=[0m0.m4s [3msequence[0m[2m=[0m128
[2m2026-09-06T15:02:54.634221Z[0m [32m INFO[0m [2mmoq_net::lite::publisher[0m[2m:[0m subscribed started [3mid[0m[2m=[0m11 [3mbroadcast[0m[2m=[0mbbb.hang [3mtrack[0m[2m=[0m1.m4s
[2m2026-09-06T15:02:54.634686Z[0m [34mDEBUG[0m [2mmoq_net::lite::publisher[0m[2m:[0m serving group [3msubscribe[0m[2m=[0m11 [3mtrack[0m[2m=[0m1.m4s [3msequence[0m[2m=[0m128
[2m2026-09-06T15:02:56.020128Z[0m [34mDEBUG[0m [2mmoq_net::lite::publisher[0m[2m:[0m serving group [3msubscribe[0m[2m=[0m10 [3mtrack[0m[2m=[0m0.m4s [3msequence[0m[2m=[0m129
[2m2026-09-06T15:02:56.020305Z[0m [34mDEBUG[0m [2mmoq_net::lite::publisher[0m[2m:[0m serving group [3msubscribe[0m[2m=[0m11 [3mtrack[0m[2m=[0m1.m4s [3msequence[0m[2m=[0m129
[2m2026-09-06T15:02:56.023227Z[0m [34mDEBUG[0m [2mmoq_net::lite::publisher[0m[2m:[0m finished group [3msequence[0m[2m=[0m128
[2m2026-09-06T15:02:56.023977Z[0m [34mDEBUG[0m [2mmoq_net::lite::publisher[0m[2m:[0m finished group [3msequence[0m[2m=[0m128
[2m2026-09-06T15:02:58.536627Z[0m [34mDEBUG[0m [2mmoq_net::lite::publisher[0m[2m:[0m serving group [3msubscribe[0m[2m=[0m10 [3mtrack[0m[2m=[0m0.m4s [3msequence[0m[2m=[0m130
[2m2026-09-06T15:02:58.536819Z[0m [34mDEBUG[0m [2mmoq_net::lite::publisher[0m[2m:[0m serving group [3msubscribe[0m[2m=[0m11 [3mtrack[0m[2m=[0m1.m4s [3msequence[0m[2m=[0m130
[2m2026-09-06T15:02:58.538149Z[0m [34mDEBUG[0m [2mmoq_net::lite::publisher[0m[2m:[0m finished group [3msequence[0m[2m=[0m129
[2m2026-09-06T15:02:58.538248Z[0m [34mDEBUG[0m [2mmoq_net::lite::publisher[0m[2m:[0m finished group [3msequence[0m[2m=[0m129
[2m2026-09-06T15:03:00.979158Z[0m [34mDEBUG[0m [2mmoq_net::lite::publisher[0m[2m:[0m serving group [3msubscribe[0m[2m=[0m10 [3mtrack[0m[2m=[0m0.m4s [3msequence[0m[2m=[0m131
[2m2026-09-06T15:03:00.979332Z[0m [34mDEBUG[0m [2mmoq_net::lite::publisher[0m[2m:[0m serving group [3msubscribe[0m[2m=[0m11 [3mtrack[0m[2m=[0m1.m4s [3msequence[0m[2m=[0m131
[2m2026-09-06T15:03:00.980360Z[0m [34mDEBUG[0m [2mmoq_net::lite::publisher[0m[2m:[0m finished group [3msequence[0m[2m=[0m130
[2m2026-09-06T15:03:00.980418Z[0m [34mDEBUG[0m [2mmoq_net::lite::publisher[0m[2m:[0m finished group [3msequence[0m[2m=[0m130
[2m2026-09-06T15:03:02.661412Z[0m [34mDEBUG[0m [2mmoq_net::lite::publisher[0m[2m:[0m serving group [3msubscribe[0m[2m=[0m10 [3mtrack[0m[2m=[0m0.m4s [3msequence[0m[2m=[0m132
[2m2026-09-06T15:03:02.662034Z[0m [34mDEBUG[0m [2mmoq_net::lite::publisher[0m[2m:[0m serving group [3msubscribe[0m[2m=[0m11 [3mtrack[0m[2m=[0m1.m4s [3msequence[0m[2m=[0m132
[2m2026-09-06T15:03:02.662848Z[0m [34mDEBUG[0m [2mmoq_net::lite::publisher[0m[2m:[0m finished group [3msequence[0m[2m=[0m131
[2m2026-09-06T15:03:02.662934Z[0m [34mDEBUG[0m [2mmoq_net::lite::publisher[0m[2m:[0m finished group [3msequence[0m[2m=[0m131
[2m2026-09-06T15:03:04.238662Z[0m [34mDEBUG[0m [2mmoq_net::lite::publisher[0m[2m:[0m serving group [3msubscribe[0m[2m=[0m10 [3mtrack[0m[2m=[0m0.m4s [3msequence[0m[2m=[0m133
[2m2026-09-06T15:03:04.239983Z[0m [34mDEBUG[0m [2mmoq_net::lite::publisher[0m[2m:[0m serving group [3msubscribe[0m[2m=[0m11 [3mtrack[0m[2m=[0m1.m4s [3msequence[0m[2m=[0m133
[2m2026-09-06T15:03:04.241262Z[0m [34mDEBUG[0m [2mmoq_net::lite::publisher[0m[2m:[0m finished group [3msequence[0m[2m=[0m132
[2m2026-09-06T15:03:04.241327Z[0m [34mDEBUG[0m [2mmoq_net::lite::publisher[0m[2m:[0m finished group [3msequence[0m[2m=[0m132
[2m2026-09-06T15:03:05.809091Z[0m [34mDEBUG[0m [2mmoq_net::lite::publisher[0m[2m:[0m serving group [3msubscribe[0m[2m=[0m10 [3mtrack[0m[2m=[0m0.m4s [3msequence[0m[2m=[0m134
[2m2026-09-06T15:03:05.809841Z[0m [34mDEBUG[0m [2mmoq_net::lite::publisher[0m[2m:[0m finished group [3msequence[0m[2m=[0m133
[2m2026-09-06T15:03:05.811419Z[0m [34mDEBUG[0m [2mmoq_net::lite::publisher[0m[2m:[0m serving group [3msubscribe[0m[2m=[0m11 [3mtrack[0m[2m=[0m1.m4s [3msequence[0m[2m=[0m134
[2m2026-09-06T15:03:05.811813Z[0m [34mDEBUG[0m [2mmoq_net::lite::publisher[0m[2m:[0m finished group [3msequence[0m[2m=[0m133
[2m2026-09-06T15:03:07.355756Z[0m [34mDEBUG[0m [2mmoq_net::lite::publisher[0m[2m:[0m serving group [3msubscribe[0m[2m=[0m10 [3mtrack[0m[2m=[0m0.m4s [3msequence[0m[2m=[0m135
[2m2026-09-06T15:03:07.356141Z[0m [34mDEBUG[0m [2mmoq_net::lite::publisher[0m[2m:[0m serving group [3msubscribe[0m[2m=[0m11 [3mtrack[0m[2m=[0m1.m4s [3msequence[0m[2m=[0m135
[2m2026-09-06T15:03:07.357319Z[0m [34mDEBUG[0m [2mmoq_net::lite::publisher[0m[2m:[0m finished group [3msequence[0m[2m=[0m134
[2m2026-09-06T15:03:07.357416Z[0m [34mDEBUG[0m [2mmoq_net::lite::publisher[0m[2m:[0m finished group [3msequence[0m[2m=[0m134
[2m2026-09-06T15:03:09.874484Z[0m [34mDEBUG[0m [2mmoq_net::lite::publisher[0m[2m:[0m serving group [3msubscribe[0m[2m=[0m10 [3mtrack[0m[2m=[0m0.m4s [3msequence[0m[2m=[0m136
[2m2026-09-06T15:03:09.874633Z[0m [34mDEBUG[0m [2mmoq_net::lite::publisher[0m[2m:[0m serving group [3msubscribe[0m[2m=[0m11 [3mtrack[0m[2m=[0m1.m4s [3msequence[0m[2m=[0m136
[2m2026-09-06T15:03:09.877675Z[0m [34mDEBUG[0m [2mmoq_net::lite::publisher[0m[2m:[0m finished group [3msequence[0m[2m=[0m135
[2m2026-09-06T15:03:09.877772Z[0m [34mDEBUG[0m [2mmoq_net::lite::publisher[0m[2m:[0m finished group [3msequence[0m[2m=[0m135
[2m2026-09-06T15:03:12.317988Z[0m [34mDEBUG[0m [2mmoq_net::lite::publisher[0m[2m:[0m serving group [3msubscribe[0m[2m=[0m10 [3mtrack[0m[2m=[0m0.m4s [3msequence[0m[2m=[0m137
[2m2026-09-06T15:03:12.318129Z[0m [34mDEBUG[0m [2mmoq_net::lite::publisher[0m[2m:[0m serving group [3msubscribe[0m[2m=[0m11 [3mtrack[0m[2m=[0m1.m4s [3msequence[0m[2m=[0m137
[2m2026-09-06T15:03:12.319783Z[0m [34mDEBUG[0m [2mmoq_net::lite::publisher[0m[2m:[0m finished group [3msequence[0m[2m=[0m136
[2m2026-09-06T15:03:12.319828Z[0m [34mDEBUG[0m [2mmoq_net::lite::publisher[0m[2m:[0m finished group [3msequence[0m[2m=[0m136
[2m2026-09-06T15:03:14.824115Z[0m [34mDEBUG[0m [2mmoq_net::lite::publisher[0m[2m:[0m serving group [3msubscribe[0m[2m=[0m10 [3mtrack[0m[2m=[0m0.m4s [3msequence[0m[2m=[0m138
[2m2026-09-06T15:03:14.824251Z[0m [34mDEBUG[0m [2mmoq_net::lite::publisher[0m[2m:[0m serving group [3msubscribe[0m[2m=[0m11 [3mtrack[0m[2m=[0m1.m4s [3msequence[0m[2m=[0m138
[2m2026-09-06T15:03:14.825800Z[0m [34mDEBUG[0m [2mmoq_net::lite::publisher[0m[2m:[0m finished group [3msequence[0m[2m=[0m137
[2m2026-09-06T15:03:14.825918Z[0m [34mDEBUG[0m [2mmoq_net::lite::publisher[0m[2m:[0m finished group [3msequence[0m[2m=[0m137
[2m2026-09-06T15:03:17.354032Z[0m [34mDEBUG[0m [2mmoq_net::lite::publisher[0m[2m:[0m serving group [3msubscribe[0m[2m=[0m10 [3mtrack[0m[2m=[0m0.m4s [3msequence[0m[2m=[0m139
[2m2026-09-06T15:03:17.354196Z[0m [34mDEBUG[0m [2mmoq_net::lite::publisher[0m[2m:[0m serving group [3msubscribe[0m[2m=[0m11 [3mtrack[0m[2m=[0m1.m4s [3msequence[0m[2m=[0m139
[2m2026-09-06T15:03:17.354568Z[0m [34mDEBUG[0m [2mmoq_net::lite::publisher[0m[2m:[0m finished group [3msequence[0m[2m=[0m138
[2m2026-09-06T15:03:17.354612Z[0m [34mDEBUG[0m [2mmoq_net::lite::publisher[0m[2m:[0m finished group [3msequence[0m[2m=[0m138
[2m2026-09-06T15:03:19.618135Z[0m [34mDEBUG[0m [2mmoq_net::lite::publisher[0m[2m:[0m serving group [3msubscribe[0m[2m=[0m10 [3mtrack[0m[2m=[0m0.m4s [3msequence[0m[2m=[0m140
[2m2026-09-06T15:03:19.618315Z[0m [34mDEBUG[0m [2mmoq_net::lite::publisher[0m[2m:[0m serving group [3msubscribe[0m[2m=[0m11 [3mtrack[0m[2m=[0m1.m4s [3msequence[0m[2m=[0m140
[2m2026-09-06T15:03:19.620116Z[0m [34mDEBUG[0m [2mmoq_net::lite::publisher[0m[2m:[0m finished group [3msequence[0m[2m=[0m139
[2m2026-09-06T15:03:19.620183Z[0m [34mDEBUG[0m [2mmoq_net::lite::publisher[0m[2m:[0m finished group [3msequence[0m[2m=[0m139
[2m2026-09-06T15:03:21.527082Z[0m [34mDEBUG[0m [2mmoq_net::lite::publisher[0m[2m:[0m serving group [3msubscribe[0m[2m=[0m10 [3mtrack[0m[2m=[0m0.m4s [3msequence[0m[2m=[0m141
[2m2026-09-06T15:03:21.527277Z[0m [34mDEBUG[0m [2mmoq_net::lite::publisher[0m[2m:[0m serving group [3msubscribe[0m[2m=[0m11 [3mtrack[0m[2m=[0m1.m4s [3msequence[0m[2m=[0m141
[2m2026-09-06T15:03:21.528109Z[0m [34mDEBUG[0m [2mmoq_net::lite::publisher[0m[2m:[0m finished group [3msequence[0m[2m=[0m140
[2m2026-09-06T15:03:21.528175Z[0m [34mDEBUG[0m [2mmoq_net::lite::publisher[0m[2m:[0m finished group [3msequence[0m[2m=[0m140
[2m2026-09-06T15:03:24.034071Z[0m [34mDEBUG[0m [2mmoq_net::lite::publisher[0m[2m:[0m serving group [3msubscribe[0m[2m=[0m10 [3mtrack[0m[2m=[0m0.m4s [3msequence[0m[2m=[0m142
[2m2026-09-06T15:03:24.035510Z[0m [34mDEBUG[0m [2mmoq_net::lite::publisher[0m[2m:[0m finished group [3msequence[0m[2m=[0m141
[2m2026-09-06T15:03:24.049446Z[0m [34mDEBUG[0m [2mmoq_net::lite::publisher[0m[2m:[0m serving group [3msubscribe[0m[2m=[0m11 [3mtrack[0m[2m=[0m1.m4s [3msequence[0m[2m=[0m142
[2m2026-09-06T15:03:24.050956Z[0m [34mDEBUG[0m [2mmoq_net::lite::publisher[0m[2m:[0m finished group [3msequence[0m[2m=[0m141
[2m2026-09-06T15:03:26.311538Z[0m [34mDEBUG[0m [2mmoq_net::lite::publisher[0m[2m:[0m serving group [3msubscribe[0m[2m=[0m10 [3mtrack[0m[2m=[0m0.m4s [3msequence[0m[2m=[0m143
[2m2026-09-06T15:03:26.312518Z[0m [34mDEBUG[0m [2mmoq_net::lite::publisher[0m[2m:[0m serving group [3msubscribe[0m[2m=[0m11 [3mtrack[0m[2m=[0m1.m4s [3msequence[0m[2m=[0m143
[2m2026-09-06T15:03:26.312607Z[0m [34mDEBUG[0m [2mmoq_net::lite::publisher[0m[2m:[0m finished group [3msequence[0m[2m=[0m142
[2m2026-09-06T15:03:26.340711Z[0m [34mDEBUG[0m [2mmoq_net::lite::publisher[0m[2m:[0m finished group [3msequence[0m[2m=[0m142
[2m2026-09-06T15:03:28.694097Z[0m [34mDEBUG[0m [2mmoq_net::lite::publisher[0m[2m:[0m serving group [3msubscribe[0m[2m=[0m10 [3mtrack[0m[2m=[0m0.m4s [3msequence[0m[2m=[0m144
[2m2026-09-06T15:03:28.694901Z[0m [34mDEBUG[0m [2mmoq_net::lite::publisher[0m[2m:[0m finished group [3msequence[0m[2m=[0m143
[2m2026-09-06T15:03:28.715315Z[0m [34mDEBUG[0m [2mmoq_net::lite::publisher[0m[2m:[0m serving group [3msubscribe[0m[2m=[0m11 [3mtrack[0m[2m=[0m1.m4s [3msequence[0m[2m=[0m144
[2m2026-09-06T15:03:28.720162Z[0m [34mDEBUG[0m [2mmoq_net::lite::publisher[0m[2m:[0m finished group [3msequence[0m[2m=[0m143
[2m2026-09-06T15:03:30.833968Z[0m [34mDEBUG[0m [2mmoq_net::lite::publisher[0m[2m:[0m serving group [3msubscribe[0m[2m=[0m10 [3mtrack[0m[2m=[0m0.m4s [3msequence[0m[2m=[0m145
[2m2026-09-06T15:03:30.834123Z[0m [34mDEBUG[0m [2mmoq_net::lite::publisher[0m[2m:[0m serving group [3msubscribe[0m[2m=[0m11 [3mtrack[0m[2m=[0m1.m4s [3msequence[0m[2m=[0m145
[2m2026-09-06T15:03:30.836149Z[0m [34mDEBUG[0m [2mmoq_net::lite::publisher[0m[2m:[0m finished group [3msequence[0m[2m=[0m144
[2m2026-09-06T15:03:30.836201Z[0m [34mDEBUG[0m [2mmoq_net::lite::publisher[0m[2m:[0m finished group [3msequence[0m[2m=[0m144
[2m2026-09-06T15:03:33.330226Z[0m [34mDEBUG[0m [2mmoq_net::lite::publisher[0m[2m:[0m serving group [3msubscribe[0m[2m=[0m10 [3mtrack[0m[2m=[0m0.m4s [3msequence[0m[2m=[0m146
[2m2026-09-06T15:03:33.330528Z[0m [34mDEBUG[0m [2mmoq_net::lite::publisher[0m[2m:[0m serving group [3msubscribe[0m[2m=[0m11 [3mtrack[0m[2m=[0m1.m4s [3msequence[0m[2m=[0m146
[2m2026-09-06T15:03:33.332865Z[0m [34mDEBUG[0m [2mmoq_net::lite::publisher[0m[2m:[0m finished group [3msequence[0m[2m=[0m145
[2m2026-09-06T15:03:33.333064Z[0m [34mDEBUG[0m [2mmoq_net::lite::publisher[0m[2m:[0m finished group [3msequence[0m[2m=[0m145
[2m2026-09-06T15:03:35.822519Z[0m [34mDEBUG[0m [2mmoq_net::lite::publisher[0m[2m:[0m serving group [3msubscribe[0m[2m=[0m10 [3mtrack[0m[2m=[0m0.m4s [3msequence[0m[2m=[0m147
[2m2026-09-06T15:03:35.825423Z[0m [34mDEBUG[0m [2mmoq_net::lite::publisher[0m[2m:[0m serving group [3msubscribe[0m[2m=[0m11 [3mtrack[0m[2m=[0m1.m4s [3msequence[0m[2m=[0m147
[2m2026-09-06T15:03:35.825692Z[0m [34mDEBUG[0m [2mmoq_net::lite::publisher[0m[2m:[0m finished group [3msequence[0m[2m=[0m146
[2m2026-09-06T15:03:35.841871Z[0m [34mDEBUG[0m [2mmoq_net::lite::publisher[0m[2m:[0m finished group [3msequence[0m[2m=[0m146
[2m2026-09-06T15:03:38.322894Z[0m [34mDEBUG[0m [2mmoq_net::lite::publisher[0m[2m:[0m serving group [3msubscribe[0m[2m=[0m10 [3mtrack[0m[2m=[0m0.m4s [3msequence[0m[2m=[0m148
[2m2026-09-06T15:03:38.323782Z[0m [34mDEBUG[0m [2mmoq_net::lite::publisher[0m[2m:[0m serving group [3msubscribe[0m[2m=[0m11 [3mtrack[0m[2m=[0m1.m4s [3msequence[0m[2m=[0m148
[2m2026-09-06T15:03:38.325431Z[0m [34mDEBUG[0m [2mmoq_net::lite::publisher[0m[2m:[0m finished group [3msequence[0m[2m=[0m147
[2m2026-09-06T15:03:38.325815Z[0m [34mDEBUG[0m [2mmoq_net::lite::publisher[0m[2m:[0m finished group [3msequence[0m[2m=[0m147
[2m2026-09-06T15:03:40.831963Z[0m [34mDEBUG[0m [2mmoq_net::lite::publisher[0m[2m:[0m serving group [3msubscribe[0m[2m=[0m10 [3mtrack[0m[2m=[0m0.m4s [3msequence[0m[2m=[0m149
[2m2026-09-06T15:03:40.832202Z[0m [34mDEBUG[0m [2mmoq_net::lite::publisher[0m[2m:[0m serving group [3msubscribe[0m[2m=[0m11 [3mtrack[0m[2m=[0m1.m4s [3msequence[0m[2m=[0m149
[2m2026-09-06T15:03:40.834011Z[0m [34mDEBUG[0m [2mmoq_net::lite::publisher[0m[2m:[0m finished group [3msequence[0m[2m=[0m148
[2m2026-09-06T15:03:40.834083Z[0m [34mDEBUG[0m [2mmoq_net::lite::publisher[0m[2m:[0m finished group [3msequence[0m[2m=[0m148
[2m2026-09-06T15:03:43.311083Z[0m [34mDEBUG[0m [2mmoq_net::lite::publisher[0m[2m:[0m serving group [3msubscribe[0m[2m=[0m10 [3mtrack[0m[2m=[0m0.m4s [3msequence[0m[2m=[0m150
[2m2026-09-06T15:03:43.311861Z[0m [34mDEBUG[0m [2mmoq_net::lite::publisher[0m[2m:[0m finished group [3msequence[0m[2m=[0m149
[2m2026-09-06T15:03:43.312628Z[0m [34mDEBUG[0m [2mmoq_net::lite::publisher[0m[2m:[0m serving group [3msubscribe[0m[2m=[0m11 [3mtrack[0m[2m=[0m1.m4s [3msequence[0m[2m=[0m150
[2m2026-09-06T15:03:43.340249Z[0m [34mDEBUG[0m [2mmoq_net::lite::publisher[0m[2m:[0m finished group [3msequence[0m[2m=[0m149
[2m2026-09-06T15:03:45.823661Z[0m [34mDEBUG[0m [2mmoq_net::lite::publisher[0m[2m:[0m serving group [3msubscribe[0m[2m=[0m10 [3mtrack[0m[2m=[0m0.m4s [3msequence[0m[2m=[0m151
[2m2026-09-06T15:03:45.824050Z[0m [34mDEBUG[0m [2mmoq_net::lite::publisher[0m[2m:[0m serving group [3msubscribe[0m[2m=[0m11 [3mtrack[0m[2m=[0m1.m4s [3msequence[0m[2m=[0m151
[2m2026-09-06T15:03:45.826858Z[0m [34mDEBUG[0m [2mmoq_net::lite::publisher[0m[2m:[0m finished group [3msequence[0m[2m=[0m150
[2m2026-09-06T15:03:45.826939Z[0m [34mDEBUG[0m [2mmoq_net::lite::publisher[0m[2m:[0m finished group [3msequence[0m[2m=[0m150
[2m2026-09-06T15:03:46.918588Z[0m [34mDEBUG[0m [2mmoq_net::lite::publisher[0m[2m:[0m serving group [3msubscribe[0m[2m=[0m10 [3mtrack[0m[2m=[0m0.m4s [3msequence[0m[2m=[0m152
[2m2026-09-06T15:03:46.918811Z[0m [34mDEBUG[0m [2mmoq_net::lite::publisher[0m[2m:[0m serving group [3msubscribe[0m[2m=[0m11 [3mtrack[0m[2m=[0m1.m4s [3msequence[0m[2m=[0m152
[2m2026-09-06T15:03:46.924242Z[0m [34mDEBUG[0m [2mmoq_net::lite::publisher[0m[2m:[0m finished group [3msequence[0m[2m=[0m151
[2m2026-09-06T15:03:46.924350Z[0m [34mDEBUG[0m [2mmoq_net::lite::publisher[0m[2m:[0m finished group [3msequence[0m[2m=[0m151
[2m2026-09-06T15:03:49.407594Z[0m [34mDEBUG[0m [2mmoq_net::lite::publisher[0m[2m:[0m serving group [3msubscribe[0m[2m=[0m10 [3mtrack[0m[2m=[0m0.m4s [3msequence[0m[2m=[0m153
[2m2026-09-06T15:03:49.408665Z[0m [34mDEBUG[0m [2mmoq_net::lite::publisher[0m[2m:[0m serving group [3msubscribe[0m[2m=[0m11 [3mtrack[0m[2m=[0m1.m4s [3msequence[0m[2m=[0m153
[2m2026-09-06T15:03:49.410495Z[0m [34mDEBUG[0m [2mmoq_net::lite::publisher[0m[2m:[0m finished group [3msequence[0m[2m=[0m152
[2m2026-09-06T15:03:49.411118Z[0m [34mDEBUG[0m [2mmoq_net::lite::publisher[0m[2m:[0m finished group [3msequence[0m[2m=[0m152
[2m2026-09-06T15:03:51.871512Z[0m [34mDEBUG[0m [2mmoq_net::lite::publisher[0m[2m:[0m serving group [3msubscribe[0m[2m=[0m10 [3mtrack[0m[2m=[0m0.m4s [3msequence[0m[2m=[0m154
[2m2026-09-06T15:03:51.872144Z[0m [34mDEBUG[0m [2mmoq_net::lite::publisher[0m[2m:[0m serving group [3msubscribe[0m[2m=[0m11 [3mtrack[0m[2m=[0m1.m4s [3msequence[0m[2m=[0m154
[2m2026-09-06T15:03:51.872248Z[0m [34mDEBUG[0m [2mmoq_net::lite::publisher[0m[2m:[0m finished group [3msequence[0m[2m=[0m153
[2m2026-09-06T15:03:51.873109Z[0m [34mDEBUG[0m [2mmoq_net::lite::publisher[0m[2m:[0m finished group [3msequence[0m[2m=[0m153
[2m2026-09-06T15:03:54.368630Z[0m [34mDEBUG[0m [2mmoq_net::lite::publisher[0m[2m:[0m serving group [3msubscribe[0m[2m=[0m10 [3mtrack[0m[2m=[0m0.m4s [3msequence[0m[2m=[0m155
[2m2026-09-06T15:03:54.369063Z[0m [34mDEBUG[0m [2mmoq_net::lite::publisher[0m[2m:[0m serving group [3msubscribe[0m[2m=[0m11 [3mtrack[0m[2m=[0m1.m4s [3msequence[0m[2m=[0m155
[2m2026-09-06T15:03:54.370658Z[0m [34mDEBUG[0m [2mmoq_net::lite::publisher[0m[2m:[0m finished group [3msequence[0m[2m=[0m154
[2m2026-09-06T15:03:54.370811Z[0m [34mDEBUG[0m [2mmoq_net::lite::publisher[0m[2m:[0m finished group [3msequence[0m[2m=[0m154
[2m2026-09-06T15:03:56.885439Z[0m [34mDEBUG[0m [2mmoq_net::lite::publisher[0m[2m:[0m serving group [3msubscribe[0m[2m=[0m10 [3mtrack[0m[2m=[0m0.m4s [3msequence[0m[2m=[0m156
[2m2026-09-06T15:03:56.887417Z[0m [34mDEBUG[0m [2mmoq_net::lite::publisher[0m[2m:[0m serving group [3msubscribe[0m[2m=[0m11 [3mtrack[0m[2m=[0m1.m4s [3msequence[0m[2m=[0m156
[2m2026-09-06T15:03:56.887552Z[0m [34mDEBUG[0m [2mmoq_net::lite::publisher[0m[2m:[0m finished group [3msequence[0m[2m=[0m155
[2m2026-09-06T15:03:56.888352Z[0m [34mDEBUG[0m [2mmoq_net::lite::publisher[0m[2m:[0m finished group [3msequence[0m[2m=[0m155
[2m2026-09-06T15:03:59.362570Z[0m [34mDEBUG[0m [2mmoq_net::lite::publisher[0m[2m:[0m serving group [3msubscribe[0m[2m=[0m10 [3mtrack[0m[2m=[0m0.m4s [3msequence[0m[2m=[0m157
[2m2026-09-06T15:03:59.362702Z[0m [34mDEBUG[0m [2mmoq_net::lite::publisher[0m[2m:[0m serving group [3msubscribe[0m[2m=[0m11 [3mtrack[0m[2m=[0m1.m4s [3msequence[0m[2m=[0m157
[2m2026-09-06T15:03:59.364231Z[0m [34mDEBUG[0m [2mmoq_net::lite::publisher[0m[2m:[0m finished group [3msequence[0m[2m=[0m156
[2m2026-09-06T15:03:59.364299Z[0m [34mDEBUG[0m [2mmoq_net::lite::publisher[0m[2m:[0m finished group [3msequence[0m[2m=[0m156
[2m2026-09-06T15:04:01.881098Z[0m [34mDEBUG[0m [2mmoq_net::lite::publisher[0m[2m:[0m serving group [3msubscribe[0m[2m=[0m10 [3mtrack[0m[2m=[0m0.m4s [3msequence[0m[2m=[0m158
[2m2026-09-06T15:04:01.881911Z[0m [34mDEBUG[0m [2mmoq_net::lite::publisher[0m[2m:[0m serving group [3msubscribe[0m[2m=[0m11 [3mtrack[0m[2m=[0m1.m4s [3msequence[0m[2m=[0m158
[2m2026-09-06T15:04:01.882631Z[0m [34mDEBUG[0m [2mmoq_net::lite::publisher[0m[2m:[0m finished group [3msequence[0m[2m=[0m157
[2m2026-09-06T15:04:01.882694Z[0m [34mDEBUG[0m [2mmoq_net::lite::publisher[0m[2m:[0m finished group [3msequence[0m[2m=[0m157
[2m2026-09-06T15:04:04.386374Z[0m [34mDEBUG[0m [2mmoq_net::lite::publisher[0m[2m:[0m serving group [3msubscribe[0m[2m=[0m10 [3mtrack[0m[2m=[0m0.m4s [3msequence[0m[2m=[0m159
[2m2026-09-06T15:04:04.386562Z[0m [34mDEBUG[0m [2mmoq_net::lite::publisher[0m[2m:[0m serving group [3msubscribe[0m[2m=[0m11 [3mtrack[0m[2m=[0m1.m4s [3msequence[0m[2m=[0m159
[2m2026-09-06T15:04:04.388414Z[0m [34mDEBUG[0m [2mmoq_net::lite::publisher[0m[2m:[0m finished group [3msequence[0m[2m=[0m158
[2m2026-09-06T15:04:04.388492Z[0m [34mDEBUG[0m [2mmoq_net::lite::publisher[0m[2m:[0m finished group [3msequence[0m[2m=[0m158
[2m2026-09-06T15:04:06.862594Z[0m [34mDEBUG[0m [2mmoq_net::lite::publisher[0m[2m:[0m serving group [3msubscribe[0m[2m=[0m10 [3mtrack[0m[2m=[0m0.m4s [3msequence[0m[2m=[0m160
[2m2026-09-06T15:04:06.863831Z[0m [34mDEBUG[0m [2mmoq_net::lite::publisher[0m[2m:[0m serving group [3msubscribe[0m[2m=[0m11 [3mtrack[0m[2m=[0m1.m4s [3msequence[0m[2m=[0m160
[2m2026-09-06T15:04:06.863941Z[0m [34mDEBUG[0m [2mmoq_net::lite::publisher[0m[2m:[0m finished group [3msequence[0m[2m=[0m159
[2m2026-09-06T15:04:06.889945Z[0m [34mDEBUG[0m [2mmoq_net::lite::publisher[0m[2m:[0m finished group [3msequence[0m[2m=[0m159
[2m2026-09-06T15:04:09.381543Z[0m [34mDEBUG[0m [2mmoq_net::lite::publisher[0m[2m:[0m serving group [3msubscribe[0m[2m=[0m10 [3mtrack[0m[2m=[0m0.m4s [3msequence[0m[2m=[0m161
[2m2026-09-06T15:04:09.381720Z[0m [34mDEBUG[0m [2mmoq_net::lite::publisher[0m[2m:[0m serving group [3msubscribe[0m[2m=[0m11 [3mtrack[0m[2m=[0m1.m4s [3msequence[0m[2m=[0m161
[2m2026-09-06T15:04:09.384489Z[0m [34mDEBUG[0m [2mmoq_net::lite::publisher[0m[2m:[0m finished group [3msequence[0m[2m=[0m160
[2m2026-09-06T15:04:09.384565Z[0m [34mDEBUG[0m [2mmoq_net::lite::publisher[0m[2m:[0m finished group [3msequence[0m[2m=[0m160
[2m2026-09-06T15:04:11.890698Z[0m [34mDEBUG[0m [2mmoq_net::lite::publisher[0m[2m:[0m serving group [3msubscribe[0m[2m=[0m10 [3mtrack[0m[2m=[0m0.m4s [3msequence[0m[2m=[0m162
[2m2026-09-06T15:04:11.890923Z[0m [34mDEBUG[0m [2mmoq_net::lite::publisher[0m[2m:[0m serving group [3msubscribe[0m[2m=[0m11 [3mtrack[0m[2m=[0m1.m4s [3msequence[0m[2m=[0m162
[2m2026-09-06T15:04:11.892245Z[0m [34mDEBUG[0m [2mmoq_net::lite::publisher[0m[2m:[0m finished group [3msequence[0m[2m=[0m161
[2m2026-09-06T15:04:11.892300Z[0m [34mDEBUG[0m [2mmoq_net::lite::publisher[0m[2m:[0m finished group [3msequence[0m[2m=[0m161
[2m2026-09-06T15:04:14.362932Z[0m [34mDEBUG[0m [2mmoq_net::lite::publisher[0m[2m:[0m serving group [3msubscribe[0m[2m=[0m10 [3mtrack[0m[2m=[0m0.m4s [3msequence[0m[2m=[0m163
[2m2026-09-06T15:04:14.364631Z[0m [34mDEBUG[0m [2mmoq_net::lite::publisher[0m[2m:[0m serving group [3msubscribe[0m[2m=[0m11 [3mtrack[0m[2m=[0m1.m4s [3msequence[0m[2m=[0m163
[2m2026-09-06T15:04:14.364901Z[0m [34mDEBUG[0m [2mmoq_net::lite::publisher[0m[2m:[0m finished group [3msequence[0m[2m=[0m162
[2m2026-09-06T15:04:14.365021Z[0m [34mDEBUG[0m [2mmoq_net::lite::publisher[0m[2m:[0m finished group [3msequence[0m[2m=[0m162
[2m2026-09-06T15:04:16.877224Z[0m [34mDEBUG[0m [2mmoq_net::lite::publisher[0m[2m:[0m serving group [3msubscribe[0m[2m=[0m10 [3mtrack[0m[2m=[0m0.m4s [3msequence[0m[2m=[0m164
[2m2026-09-06T15:04:16.877378Z[0m [34mDEBUG[0m [2mmoq_net::lite::publisher[0m[2m:[0m serving group [3msubscribe[0m[2m=[0m11 [3mtrack[0m[2m=[0m1.m4s [3msequence[0m[2m=[0m164
[2m2026-09-06T15:04:16.879223Z[0m [34mDEBUG[0m [2mmoq_net::lite::publisher[0m[2m:[0m finished group [3msequence[0m[2m=[0m163
[2m2026-09-06T15:04:16.879308Z[0m [34mDEBUG[0m [2mmoq_net::lite::publisher[0m[2m:[0m finished group [3msequence[0m[2m=[0m163
[2m2026-09-06T15:04:18.237858Z[0m [34mDEBUG[0m [2mmoq_net::lite::publisher[0m[2m:[0m serving group [3msubscribe[0m[2m=[0m10 [3mtrack[0m[2m=[0m0.m4s [3msequence[0m[2m=[0m165
[2m2026-09-06T15:04:18.238040Z[0m [34mDEBUG[0m [2mmoq_net::lite::publisher[0m[2m:[0m serving group [3msubscribe[0m[2m=[0m11 [3mtrack[0m[2m=[0m1.m4s [3msequence[0m[2m=[0m165
[2m2026-09-06T15:04:18.239296Z[0m [34mDEBUG[0m [2mmoq_net::lite::publisher[0m[2m:[0m finished group [3msequence[0m[2m=[0m164
[2m2026-09-06T15:04:18.239399Z[0m [34mDEBUG[0m [2mmoq_net::lite::publisher[0m[2m:[0m finished group [3msequence[0m[2m=[0m164
[2m2026-09-06T15:04:19.820633Z[0m [34mDEBUG[0m [2mmoq_net::lite::publisher[0m[2m:[0m serving group [3msubscribe[0m[2m=[0m10 [3mtrack[0m[2m=[0m0.m4s [3msequence[0m[2m=[0m166
[2m2026-09-06T15:04:19.820894Z[0m [34mDEBUG[0m [2mmoq_net::lite::publisher[0m[2m:[0m serving group [3msubscribe[0m[2m=[0m11 [3mtrack[0m[2m=[0m1.m4s [3msequence[0m[2m=[0m166
[2m2026-09-06T15:04:19.822271Z[0m [34mDEBUG[0m [2mmoq_net::lite::publisher[0m[2m:[0m finished group [3msequence[0m[2m=[0m165
[2m2026-09-06T15:04:19.822820Z[0m [34mDEBUG[0m [2mmoq_net::lite::publisher[0m[2m:[0m finished group [3msequence[0m[2m=[0m165
[2m2026-09-06T15:04:22.338529Z[0m [34mDEBUG[0m [2mmoq_net::lite::publisher[0m[2m:[0m serving group [3msubscribe[0m[2m=[0m10 [3mtrack[0m[2m=[0m0.m4s [3msequence[0m[2m=[0m167
[2m2026-09-06T15:04:22.338716Z[0m [34mDEBUG[0m [2mmoq_net::lite::publisher[0m[2m:[0m serving group [3msubscribe[0m[2m=[0m11 [3mtrack[0m[2m=[0m1.m4s [3msequence[0m[2m=[0m167
[2m2026-09-06T15:04:22.340903Z[0m [34mDEBUG[0m [2mmoq_net::lite::publisher[0m[2m:[0m finished group [3msequence[0m[2m=[0m166
[2m2026-09-06T15:04:22.342739Z[0m [34mDEBUG[0m [2mmoq_net::lite::publisher[0m[2m:[0m finished group [3msequence[0m[2m=[0m166
[2m2026-09-06T15:04:24.850530Z[0m [34mDEBUG[0m [2mmoq_net::lite::publisher[0m[2m:[0m serving group [3msubscribe[0m[2m=[0m10 [3mtrack[0m[2m=[0m0.m4s [3msequence[0m[2m=[0m168
[2m2026-09-06T15:04:24.850698Z[0m [34mDEBUG[0m [2mmoq_net::lite::publisher[0m[2m:[0m serving group [3msubscribe[0m[2m=[0m11 [3mtrack[0m[2m=[0m1.m4s [3msequence[0m[2m=[0m168
[2m2026-09-06T15:04:24.852868Z[0m [34mDEBUG[0m [2mmoq_net::lite::publisher[0m[2m:[0m finished group [3msequence[0m[2m=[0m167
[2m2026-09-06T15:04:24.852910Z[0m [34mDEBUG[0m [2mmoq_net::lite::publisher[0m[2m:[0m finished group [3msequence[0m[2m=[0m167
[2m2026-09-06T15:04:25.038710Z[0m [32m INFO[0m [2mmoq_net::lite::publisher[0m[2m:[0m subscribed cancelled [3mid[0m[2m=[0m11 [3mbroadcast[0m[2m=[0mbbb.hang [3mtrack[0m[2m=[0m1.m4s
[2m2026-09-06T15:04:25.038940Z[0m [32m INFO[0m [2mmoq_net::lite::publisher[0m[2m:[0m subscribed cancelled [3mid[0m[2m=[0m9 [3mbroadcast[0m[2m=[0mbbb.hang [3mtrack[0m[2m=[0mcatalog.json
[2m2026-09-06T15:04:25.039067Z[0m [32m INFO[0m [2mmoq_net::lite::publisher[0m[2m:[0m subscribed cancelled [3mid[0m[2m=[0m10 [3mbroadcast[0m[2m=[0mbbb.hang [3mtrack[0m[2m=[0m0.m4s
[2m2026-09-06T15:04:28.255402Z[0m [32m INFO[0m [2mmoq_net::lite::publisher[0m[2m:[0m subscribed started [3mid[0m[2m=[0m12 [3mbroadcast[0m[2m=[0mbbb.hang [3mtrack[0m[2m=[0mcatalog.json
[2m2026-09-06T15:04:28.255673Z[0m [34mDEBUG[0m [2mmoq_net::lite::publisher[0m[2m:[0m serving group [3msubscribe[0m[2m=[0m12 [3mtrack[0m[2m=[0mcatalog.json [3msequence[0m[2m=[0m7
[2m2026-09-06T15:04:28.263748Z[0m [32m INFO[0m [2mmoq_net::lite::publisher[0m[2m:[0m subscribed started [3mid[0m[2m=[0m14 [3mbroadcast[0m[2m=[0mbbb.hang [3mtrack[0m[2m=[0m1.m4s
[2m2026-09-06T15:04:28.263878Z[0m [34mDEBUG[0m [2mmoq_net::lite::publisher[0m[2m:[0m serving group [3msubscribe[0m[2m=[0m14 [3mtrack[0m[2m=[0m1.m4s [3msequence[0m[2m=[0m169
[2m2026-09-06T15:04:28.264090Z[0m [32m INFO[0m [2mmoq_net::lite::publisher[0m[2m:[0m subscribed started [3mid[0m[2m=[0m13 [3mbroadcast[0m[2m=[0mbbb.hang [3mtrack[0m[2m=[0m0.m4s
[2m2026-09-06T15:04:28.264303Z[0m [34mDEBUG[0m [2mmoq_net::lite::publisher[0m[2m:[0m serving group [3msubscribe[0m[2m=[0m13 [3mtrack[0m[2m=[0m0.m4s [3msequence[0m[2m=[0m169
[2m2026-09-06T15:04:29.826212Z[0m [34mDEBUG[0m [2mmoq_net::lite::publisher[0m[2m:[0m serving group [3msubscribe[0m[2m=[0m13 [3mtrack[0m[2m=[0m0.m4s [3msequence[0m[2m=[0m170
[2m2026-09-06T15:04:29.826381Z[0m [34mDEBUG[0m [2mmoq_net::lite::publisher[0m[2m:[0m serving group [3msubscribe[0m[2m=[0m14 [3mtrack[0m[2m=[0m1.m4s [3msequence[0m[2m=[0m170
[2m2026-09-06T15:04:29.827633Z[0m [34mDEBUG[0m [2mmoq_net::lite::publisher[0m[2m:[0m finished group [3msequence[0m[2m=[0m169
[2m2026-09-06T15:04:29.827692Z[0m [34mDEBUG[0m [2mmoq_net::lite::publisher[0m[2m:[0m finished group [3msequence[0m[2m=[0m169
[2m2026-09-06T15:04:32.333834Z[0m [34mDEBUG[0m [2mmoq_net::lite::publisher[0m[2m:[0m serving group [3msubscribe[0m[2m=[0m13 [3mtrack[0m[2m=[0m0.m4s [3msequence[0m[2m=[0m171
[2m2026-09-06T15:04:32.335060Z[0m [34mDEBUG[0m [2mmoq_net::lite::publisher[0m[2m:[0m finished group [3msequence[0m[2m=[0m170
[2m2026-09-06T15:04:32.338013Z[0m [34mDEBUG[0m [2mmoq_net::lite::publisher[0m[2m:[0m serving group [3msubscribe[0m[2m=[0m14 [3mtrack[0m[2m=[0m1.m4s [3msequence[0m[2m=[0m171
[2m2026-09-06T15:04:32.338702Z[0m [34mDEBUG[0m [2mmoq_net::lite::publisher[0m[2m:[0m finished group [3msequence[0m[2m=[0m170
[2m2026-09-06T15:04:34.829934Z[0m [34mDEBUG[0m [2mmoq_net::lite::publisher[0m[2m:[0m serving group [3msubscribe[0m[2m=[0m13 [3mtrack[0m[2m=[0m0.m4s [3msequence[0m[2m=[0m172
[2m2026-09-06T15:04:34.830141Z[0m [34mDEBUG[0m [2mmoq_net::lite::publisher[0m[2m:[0m serving group [3msubscribe[0m[2m=[0m14 [3mtrack[0m[2m=[0m1.m4s [3msequence[0m[2m=[0m172
[2m2026-09-06T15:04:34.831274Z[0m [34mDEBUG[0m [2mmoq_net::lite::publisher[0m[2m:[0m finished group [3msequence[0m[2m=[0m171
[2m2026-09-06T15:04:34.831754Z[0m [34mDEBUG[0m [2mmoq_net::lite::publisher[0m[2m:[0m finished group [3msequence[0m[2m=[0m171
[2m2026-09-06T15:04:37.323738Z[0m [34mDEBUG[0m [2mmoq_net::lite::publisher[0m[2m:[0m serving group [3msubscribe[0m[2m=[0m13 [3mtrack[0m[2m=[0m0.m4s [3msequence[0m[2m=[0m173
[2m2026-09-06T15:04:37.323876Z[0m [34mDEBUG[0m [2mmoq_net::lite::publisher[0m[2m:[0m serving group [3msubscribe[0m[2m=[0m14 [3mtrack[0m[2m=[0m1.m4s [3msequence[0m[2m=[0m173
[2m2026-09-06T15:04:37.324941Z[0m [34mDEBUG[0m [2mmoq_net::lite::publisher[0m[2m:[0m finished group [3msequence[0m[2m=[0m172
[2m2026-09-06T15:04:37.324984Z[0m [34mDEBUG[0m [2mmoq_net::lite::publisher[0m[2m:[0m finished group [3msequence[0m[2m=[0m172
[2m2026-09-06T15:04:39.641876Z[0m [34mDEBUG[0m [2mmoq_net::lite::publisher[0m[2m:[0m serving group [3msubscribe[0m[2m=[0m13 [3mtrack[0m[2m=[0m0.m4s [3msequence[0m[2m=[0m174
[2m2026-09-06T15:04:39.642041Z[0m [34mDEBUG[0m [2mmoq_net::lite::publisher[0m[2m:[0m serving group [3msubscribe[0m[2m=[0m14 [3mtrack[0m[2m=[0m1.m4s [3msequence[0m[2m=[0m174
[2m2026-09-06T15:04:39.642983Z[0m [34mDEBUG[0m [2mmoq_net::lite::publisher[0m[2m:[0m finished group [3msequence[0m[2m=[0m173
[2m2026-09-06T15:04:39.644957Z[0m [34mDEBUG[0m [2mmoq_net::lite::publisher[0m[2m:[0m finished group [3msequence[0m[2m=[0m173
[2m2026-09-06T15:04:41.617066Z[0m [34mDEBUG[0m [2mmoq_net::lite::publisher[0m[2m:[0m serving group [3msubscribe[0m[2m=[0m13 [3mtrack[0m[2m=[0m0.m4s [3msequence[0m[2m=[0m175
[2m2026-09-06T15:04:41.617231Z[0m [34mDEBUG[0m [2mmoq_net::lite::publisher[0m[2m:[0m serving group [3msubscribe[0m[2m=[0m14 [3mtrack[0m[2m=[0m1.m4s [3msequence[0m[2m=[0m175
[2m2026-09-06T15:04:41.618174Z[0m [34mDEBUG[0m [2mmoq_net::lite::publisher[0m[2m:[0m finished group [3msequence[0m[2m=[0m174
[2m2026-09-06T15:04:41.618464Z[0m [34mDEBUG[0m [2mmoq_net::lite::publisher[0m[2m:[0m finished group [3msequence[0m[2m=[0m174
[2m2026-09-06T15:04:43.239248Z[0m [34mDEBUG[0m [2mmoq_net::lite::publisher[0m[2m:[0m serving group [3msubscribe[0m[2m=[0m13 [3mtrack[0m[2m=[0m0.m4s [3msequence[0m[2m=[0m176
[2m2026-09-06T15:04:43.239383Z[0m [34mDEBUG[0m [2mmoq_net::lite::publisher[0m[2m:[0m serving group [3msubscribe[0m[2m=[0m14 [3mtrack[0m[2m=[0m1.m4s [3msequence[0m[2m=[0m176
[2m2026-09-06T15:04:43.240491Z[0m [34mDEBUG[0m [2mmoq_net::lite::publisher[0m[2m:[0m finished group [3msequence[0m[2m=[0m175
[2m2026-09-06T15:04:43.240548Z[0m [34mDEBUG[0m [2mmoq_net::lite::publisher[0m[2m:[0m finished group [3msequence[0m[2m=[0m175
[2m2026-09-06T15:04:45.726350Z[0m [34mDEBUG[0m [2mmoq_net::lite::publisher[0m[2m:[0m serving group [3msubscribe[0m[2m=[0m13 [3mtrack[0m[2m=[0m0.m4s [3msequence[0m[2m=[0m177
[2m2026-09-06T15:04:45.727608Z[0m [34mDEBUG[0m [2mmoq_net::lite::publisher[0m[2m:[0m finished group [3msequence[0m[2m=[0m176
[2m2026-09-06T15:04:45.728723Z[0m [34mDEBUG[0m [2mmoq_net::lite::publisher[0m[2m:[0m serving group [3msubscribe[0m[2m=[0m14 [3mtrack[0m[2m=[0m1.m4s [3msequence[0m[2m=[0m177
[2m2026-09-06T15:04:45.729112Z[0m [34mDEBUG[0m [2mmoq_net::lite::publisher[0m[2m:[0m finished group [3msequence[0m[2m=[0m176
[2m2026-09-06T15:04:46.811777Z[0m [34mDEBUG[0m [2mmoq_net::lite::publisher[0m[2m:[0m serving group [3msubscribe[0m[2m=[0m13 [3mtrack[0m[2m=[0m0.m4s [3msequence[0m[2m=[0m178
[2m2026-09-06T15:04:46.811934Z[0m [34mDEBUG[0m [2mmoq_net::lite::publisher[0m[2m:[0m serving group [3msubscribe[0m[2m=[0m14 [3mtrack[0m[2m=[0m1.m4s [3msequence[0m[2m=[0m178
[2m2026-09-06T15:04:46.812506Z[0m [34mDEBUG[0m [2mmoq_net::lite::publisher[0m[2m:[0m finished group [3msequence[0m[2m=[0m177
[2m2026-09-06T15:04:46.812632Z[0m [34mDEBUG[0m [2mmoq_net::lite::publisher[0m[2m:[0m finished group [3msequence[0m[2m=[0m177
[2m2026-09-06T15:04:49.320010Z[0m [34mDEBUG[0m [2mmoq_net::lite::publisher[0m[2m:[0m serving group [3msubscribe[0m[2m=[0m13 [3mtrack[0m[2m=[0m0.m4s [3msequence[0m[2m=[0m179
[2m2026-09-06T15:04:49.320634Z[0m [34mDEBUG[0m [2mmoq_net::lite::publisher[0m[2m:[0m serving group [3msubscribe[0m[2m=[0m14 [3mtrack[0m[2m=[0m1.m4s [3msequence[0m[2m=[0m179
[2m2026-09-06T15:04:49.320878Z[0m [34mDEBUG[0m [2mmoq_net::lite::publisher[0m[2m:[0m finished group [3msequence[0m[2m=[0m178
[2m2026-09-06T15:04:49.347256Z[0m [34mDEBUG[0m [2mmoq_net::lite::publisher[0m[2m:[0m finished group [3msequence[0m[2m=[0m178
[2m2026-09-06T15:04:51.384570Z[0m [34mDEBUG[0m [2mmoq_net::lite::publisher[0m[2m:[0m serving group [3msubscribe[0m[2m=[0m13 [3mtrack[0m[2m=[0m0.m4s [3msequence[0m[2m=[0m180
[2m2026-09-06T15:04:51.385443Z[0m [34mDEBUG[0m [2mmoq_net::lite::publisher[0m[2m:[0m finished group [3msequence[0m[2m=[0m179
[2m2026-09-06T15:04:51.395282Z[0m [34mDEBUG[0m [2mmoq_net::lite::publisher[0m[2m:[0m serving group [3msubscribe[0m[2m=[0m14 [3mtrack[0m[2m=[0m1.m4s [3msequence[0m[2m=[0m180
[2m2026-09-06T15:04:51.423220Z[0m [34mDEBUG[0m [2mmoq_net::lite::publisher[0m[2m:[0m finished group [3msequence[0m[2m=[0m179
[2m2026-09-06T15:04:53.934773Z[0m [34mDEBUG[0m [2mmoq_net::lite::publisher[0m[2m:[0m serving group [3msubscribe[0m[2m=[0m13 [3mtrack[0m[2m=[0m0.m4s [3msequence[0m[2m=[0m181
[2m2026-09-06T15:04:53.934944Z[0m [34mDEBUG[0m [2mmoq_net::lite::publisher[0m[2m:[0m serving group [3msubscribe[0m[2m=[0m14 [3mtrack[0m[2m=[0m1.m4s [3msequence[0m[2m=[0m181
[2m2026-09-06T15:04:53.936331Z[0m [34mDEBUG[0m [2mmoq_net::lite::publisher[0m[2m:[0m finished group [3msequence[0m[2m=[0m180
[2m2026-09-06T15:04:53.937832Z[0m [34mDEBUG[0m [2mmoq_net::lite::publisher[0m[2m:[0m finished group [3msequence[0m[2m=[0m180
[2m2026-09-06T15:04:55.241331Z[0m [34mDEBUG[0m [2mmoq_net::lite::publisher[0m[2m:[0m serving group [3msubscribe[0m[2m=[0m13 [3mtrack[0m[2m=[0m0.m4s [3msequence[0m[2m=[0m182
[2m2026-09-06T15:04:55.242382Z[0m [34mDEBUG[0m [2mmoq_net::lite::publisher[0m[2m:[0m finished group [3msequence[0m[2m=[0m181
[2m2026-09-06T15:04:55.255328Z[0m [34mDEBUG[0m [2mmoq_net::lite::publisher[0m[2m:[0m serving group [3msubscribe[0m[2m=[0m14 [3mtrack[0m[2m=[0m1.m4s [3msequence[0m[2m=[0m182
[2m2026-09-06T15:04:55.257697Z[0m [34mDEBUG[0m [2mmoq_net::lite::publisher[0m[2m:[0m finished group [3msequence[0m[2m=[0m181
[2m2026-09-06T15:04:57.523597Z[0m [34mDEBUG[0m [2mmoq_net::lite::publisher[0m[2m:[0m serving group [3msubscribe[0m[2m=[0m13 [3mtrack[0m[2m=[0m0.m4s [3msequence[0m[2m=[0m183
[2m2026-09-06T15:04:57.523812Z[0m [34mDEBUG[0m [2mmoq_net::lite::publisher[0m[2m:[0m serving group [3msubscribe[0m[2m=[0m14 [3mtrack[0m[2m=[0m1.m4s [3msequence[0m[2m=[0m183
[2m2026-09-06T15:04:57.524685Z[0m [34mDEBUG[0m [2mmoq_net::lite::publisher[0m[2m:[0m finished group [3msequence[0m[2m=[0m182
[2m2026-09-06T15:04:57.524860Z[0m [34mDEBUG[0m [2mmoq_net::lite::publisher[0m[2m:[0m finished group [3msequence[0m[2m=[0m182
[2m2026-09-06T15:04:59.242827Z[0m [34mDEBUG[0m [2mmoq_net::lite::publisher[0m[2m:[0m serving group [3msubscribe[0m[2m=[0m13 [3mtrack[0m[2m=[0m0.m4s [3msequence[0m[2m=[0m184
[2m2026-09-06T15:04:59.243294Z[0m [34mDEBUG[0m [2mmoq_net::lite::publisher[0m[2m:[0m serving group [3msubscribe[0m[2m=[0m14 [3mtrack[0m[2m=[0m1.m4s [3msequence[0m[2m=[0m184
[2m2026-09-06T15:04:59.245322Z[0m [34mDEBUG[0m [2mmoq_net::lite::publisher[0m[2m:[0m finished group [3msequence[0m[2m=[0m183
[2m2026-09-06T15:04:59.245401Z[0m [34mDEBUG[0m [2mmoq_net::lite::publisher[0m[2m:[0m finished group [3msequence[0m[2m=[0m183
[2m2026-09-06T15:05:01.736889Z[0m [34mDEBUG[0m [2mmoq_net::lite::publisher[0m[2m:[0m serving group [3msubscribe[0m[2m=[0m13 [3mtrack[0m[2m=[0m0.m4s [3msequence[0m[2m=[0m185
[2m2026-09-06T15:05:01.737117Z[0m [34mDEBUG[0m [2mmoq_net::lite::publisher[0m[2m:[0m serving group [3msubscribe[0m[2m=[0m14 [3mtrack[0m[2m=[0m1.m4s [3msequence[0m[2m=[0m185
[2m2026-09-06T15:05:01.738631Z[0m [34mDEBUG[0m [2mmoq_net::lite::publisher[0m[2m:[0m finished group [3msequence[0m[2m=[0m184
[2m2026-09-06T15:05:01.738694Z[0m [34mDEBUG[0m [2mmoq_net::lite::publisher[0m[2m:[0m finished group [3msequence[0m[2m=[0m184
[2m2026-09-06T15:05:03.233624Z[0m [34mDEBUG[0m [2mmoq_net::lite::publisher[0m[2m:[0m serving group [3msubscribe[0m[2m=[0m13 [3mtrack[0m[2m=[0m0.m4s [3msequence[0m[2m=[0m186
[2m2026-09-06T15:05:03.233775Z[0m [34mDEBUG[0m [2mmoq_net::lite::publisher[0m[2m:[0m serving group [3msubscribe[0m[2m=[0m14 [3mtrack[0m[2m=[0m1.m4s [3msequence[0m[2m=[0m186
[2m2026-09-06T15:05:03.234935Z[0m [34mDEBUG[0m [2mmoq_net::lite::publisher[0m[2m:[0m finished group [3msequence[0m[2m=[0m185
[2m2026-09-06T15:05:03.234994Z[0m [34mDEBUG[0m [2mmoq_net::lite::publisher[0m[2m:[0m finished group [3msequence[0m[2m=[0m185
[2m2026-09-06T15:05:04.447409Z[0m [34mDEBUG[0m [2mmoq_net::lite::publisher[0m[2m:[0m serving group [3msubscribe[0m[2m=[0m13 [3mtrack[0m[2m=[0m0.m4s [3msequence[0m[2m=[0m187
[2m2026-09-06T15:05:04.447545Z[0m [34mDEBUG[0m [2mmoq_net::lite::publisher[0m[2m:[0m serving group [3msubscribe[0m[2m=[0m14 [3mtrack[0m[2m=[0m1.m4s [3msequence[0m[2m=[0m187
[2m2026-09-06T15:05:04.448913Z[0m [34mDEBUG[0m [2mmoq_net::lite::publisher[0m[2m:[0m finished group [3msequence[0m[2m=[0m186
[2m2026-09-06T15:05:04.448967Z[0m [34mDEBUG[0m [2mmoq_net::lite::publisher[0m[2m:[0m finished group [3msequence[0m[2m=[0m186
[2m2026-09-06T15:05:06.965764Z[0m [34mDEBUG[0m [2mmoq_net::lite::publisher[0m[2m:[0m serving group [3msubscribe[0m[2m=[0m13 [3mtrack[0m[2m=[0m0.m4s [3msequence[0m[2m=[0m188
[2m2026-09-06T15:05:06.966971Z[0m [34mDEBUG[0m [2mmoq_net::lite::publisher[0m[2m:[0m serving group [3msubscribe[0m[2m=[0m14 [3mtrack[0m[2m=[0m1.m4s [3msequence[0m[2m=[0m188
[2m2026-09-06T15:05:06.968191Z[0m [34mDEBUG[0m [2mmoq_net::lite::publisher[0m[2m:[0m finished group [3msequence[0m[2m=[0m187
[2m2026-09-06T15:05:06.968259Z[0m [34mDEBUG[0m [2mmoq_net::lite::publisher[0m[2m:[0m finished group [3msequence[0m[2m=[0m187
[2m2026-09-06T15:05:09.014774Z[0m [34mDEBUG[0m [2mmoq_net::lite::publisher[0m[2m:[0m serving group [3msubscribe[0m[2m=[0m13 [3mtrack[0m[2m=[0m0.m4s [3msequence[0m[2m=[0m189
[2m2026-09-06T15:05:09.014959Z[0m [34mDEBUG[0m [2mmoq_net::lite::publisher[0m[2m:[0m serving group [3msubscribe[0m[2m=[0m12 [3mtrack[0m[2m=[0mcatalog.json [3msequence[0m[2m=[0m8
[2m2026-09-06T15:05:09.015369Z[0m [34mDEBUG[0m [2mmoq_net::lite::publisher[0m[2m:[0m finished group [3msequence[0m[2m=[0m8
[2m2026-09-06T15:05:09.015440Z[0m [34mDEBUG[0m [2mmoq_net::lite::publisher[0m[2m:[0m finished group [3msequence[0m[2m=[0m188
[2m2026-09-06T15:05:09.018156Z[0m [34mDEBUG[0m [2mmoq_net::lite::publisher[0m[2m:[0m serving group [3msubscribe[0m[2m=[0m14 [3mtrack[0m[2m=[0m1.m4s [3msequence[0m[2m=[0m189
[2m2026-09-06T15:05:09.019058Z[0m [34mDEBUG[0m [2mmoq_net::lite::publisher[0m[2m:[0m finished group [3msequence[0m[2m=[0m188
[2m2026-09-06T15:05:11.440698Z[0m [34mDEBUG[0m [2mmoq_net::lite::publisher[0m[2m:[0m serving group [3msubscribe[0m[2m=[0m13 [3mtrack[0m[2m=[0m0.m4s [3msequence[0m[2m=[0m190
[2m2026-09-06T15:05:11.441743Z[0m [34mDEBUG[0m [2mmoq_net::lite::publisher[0m[2m:[0m finished group [3msequence[0m[2m=[0m189
[2m2026-09-06T15:05:11.465704Z[0m [34mDEBUG[0m [2mmoq_net::lite::publisher[0m[2m:[0m serving group [3msubscribe[0m[2m=[0m14 [3mtrack[0m[2m=[0m1.m4s [3msequence[0m[2m=[0m190
[2m2026-09-06T15:05:11.467775Z[0m [34mDEBUG[0m [2mmoq_net::lite::publisher[0m[2m:[0m finished group [3msequence[0m[2m=[0m189
[2m2026-09-06T15:05:13.551015Z[0m [34mDEBUG[0m [2mmoq_net::lite::publisher[0m[2m:[0m serving group [3msubscribe[0m[2m=[0m13 [3mtrack[0m[2m=[0m0.m4s [3msequence[0m[2m=[0m191
[2m2026-09-06T15:05:13.551528Z[0m [34mDEBUG[0m [2mmoq_net::lite::publisher[0m[2m:[0m serving group [3msubscribe[0m[2m=[0m14 [3mtrack[0m[2m=[0m1.m4s [3msequence[0m[2m=[0m191
[2m2026-09-06T15:05:13.553801Z[0m [34mDEBUG[0m [2mmoq_net::lite::publisher[0m[2m:[0m finished group [3msequence[0m[2m=[0m190
[2m2026-09-06T15:05:13.553883Z[0m [34mDEBUG[0m [2mmoq_net::lite::publisher[0m[2m:[0m finished group [3msequence[0m[2m=[0m190
[2m2026-09-06T15:05:14.608090Z[0m [34mDEBUG[0m [2mmoq_net::lite::publisher[0m[2m:[0m serving group [3msubscribe[0m[2m=[0m13 [3mtrack[0m[2m=[0m0.m4s [3msequence[0m[2m=[0m192
[2m2026-09-06T15:05:14.608603Z[0m [34mDEBUG[0m [2mmoq_net::lite::publisher[0m[2m:[0m serving group [3msubscribe[0m[2m=[0m12 [3mtrack[0m[2m=[0mcatalog.json [3msequence[0m[2m=[0m9
[2m2026-09-06T15:05:14.609440Z[0m [34mDEBUG[0m [2mmoq_net::lite::publisher[0m[2m:[0m finished group [3msequence[0m[2m=[0m9
[2m2026-09-06T15:05:14.609496Z[0m [34mDEBUG[0m [2mmoq_net::lite::publisher[0m[2m:[0m finished group [3msequence[0m[2m=[0m191
[2m2026-09-06T15:05:14.610251Z[0m [34mDEBUG[0m [2mmoq_net::lite::publisher[0m[2m:[0m serving group [3msubscribe[0m[2m=[0m14 [3mtrack[0m[2m=[0m1.m4s [3msequence[0m[2m=[0m192
[2m2026-09-06T15:05:14.610757Z[0m [34mDEBUG[0m [2mmoq_net::lite::publisher[0m[2m:[0m finished group [3msequence[0m[2m=[0m191
[2m2026-09-06T15:05:16.393736Z[0m [34mDEBUG[0m [2mmoq_net::lite::publisher[0m[2m:[0m serving group [3msubscribe[0m[2m=[0m13 [3mtrack[0m[2m=[0m0.m4s [3msequence[0m[2m=[0m193
[2m2026-09-06T15:05:16.394502Z[0m [34mDEBUG[0m [2mmoq_net::lite::publisher[0m[2m:[0m finished group [3msequence[0m[2m=[0m192
[2m2026-09-06T15:05:16.395235Z[0m [34mDEBUG[0m [2mmoq_net::lite::publisher[0m[2m:[0m serving group [3msubscribe[0m[2m=[0m14 [3mtrack[0m[2m=[0m1.m4s [3msequence[0m[2m=[0m193
[2m2026-09-06T15:05:16.423392Z[0m [34mDEBUG[0m [2mmoq_net::lite::publisher[0m[2m:[0m finished group [3msequence[0m[2m=[0m192
[2m2026-09-06T15:05:17.931208Z[0m [34mDEBUG[0m [2mmoq_net::lite::publisher[0m[2m:[0m serving group [3msubscribe[0m[2m=[0m13 [3mtrack[0m[2m=[0m0.m4s [3msequence[0m[2m=[0m194
[2m2026-09-06T15:05:17.931528Z[0m [34mDEBUG[0m [2mmoq_net::lite::publisher[0m[2m:[0m serving group [3msubscribe[0m[2m=[0m14 [3mtrack[0m[2m=[0m1.m4s [3msequence[0m[2m=[0m194
[2m2026-09-06T15:05:17.932715Z[0m [34mDEBUG[0m [2mmoq_net::lite::publisher[0m[2m:[0m finished group [3msequence[0m[2m=[0m193
[2m2026-09-06T15:05:17.932754Z[0m [34mDEBUG[0m [2mmoq_net::lite::publisher[0m[2m:[0m finished group [3msequence[0m[2m=[0m193
[2m2026-09-06T15:05:20.395383Z[0m [34mDEBUG[0m [2mmoq_net::lite::publisher[0m[2m:[0m serving group [3msubscribe[0m[2m=[0m13 [3mtrack[0m[2m=[0m0.m4s [3msequence[0m[2m=[0m195
[2m2026-09-06T15:05:20.395593Z[0m [34mDEBUG[0m [2mmoq_net::lite::publisher[0m[2m:[0m serving group [3msubscribe[0m[2m=[0m14 [3mtrack[0m[2m=[0m1.m4s [3msequence[0m[2m=[0m195
[2m2026-09-06T15:05:20.396512Z[0m [34mDEBUG[0m [2mmoq_net::lite::publisher[0m[2m:[0m finished group [3msequence[0m[2m=[0m194
[2m2026-09-06T15:05:20.396588Z[0m [34mDEBUG[0m [2mmoq_net::lite::publisher[0m[2m:[0m finished group [3msequence[0m[2m=[0m194
[2m2026-09-06T15:05:22.648251Z[0m [34mDEBUG[0m [2mmoq_net::lite::publisher[0m[2m:[0m serving group [3msubscribe[0m[2m=[0m13 [3mtrack[0m[2m=[0m0.m4s [3msequence[0m[2m=[0m196
[2m2026-09-06T15:05:22.648636Z[0m [34mDEBUG[0m [2mmoq_net::lite::publisher[0m[2m:[0m serving group [3msubscribe[0m[2m=[0m14 [3mtrack[0m[2m=[0m1.m4s [3msequence[0m[2m=[0m196
[2m2026-09-06T15:05:22.650561Z[0m [34mDEBUG[0m [2mmoq_net::lite::publisher[0m[2m:[0m finished group [3msequence[0m[2m=[0m195
[2m2026-09-06T15:05:22.650666Z[0m [34mDEBUG[0m [2mmoq_net::lite::publisher[0m[2m:[0m finished group [3msequence[0m[2m=[0m195
[2m2026-09-06T15:05:25.152163Z[0m [34mDEBUG[0m [2mmoq_net::lite::publisher[0m[2m:[0m serving group [3msubscribe[0m[2m=[0m13 [3mtrack[0m[2m=[0m0.m4s [3msequence[0m[2m=[0m197
[2m2026-09-06T15:05:25.153187Z[0m [34mDEBUG[0m [2mmoq_net::lite::publisher[0m[2m:[0m serving group [3msubscribe[0m[2m=[0m14 [3mtrack[0m[2m=[0m1.m4s [3msequence[0m[2m=[0m197
[2m2026-09-06T15:05:25.153415Z[0m [34mDEBUG[0m [2mmoq_net::lite::publisher[0m[2m:[0m finished group [3msequence[0m[2m=[0m196
[2m2026-09-06T15:05:25.153511Z[0m [34mDEBUG[0m [2mmoq_net::lite::publisher[0m[2m:[0m finished group [3msequence[0m[2m=[0m196
[2m2026-09-06T15:05:27.653664Z[0m [34mDEBUG[0m [2mmoq_net::lite::publisher[0m[2m:[0m serving group [3msubscribe[0m[2m=[0m13 [3mtrack[0m[2m=[0m0.m4s [3msequence[0m[2m=[0m198
[2m2026-09-06T15:05:27.654681Z[0m [34mDEBUG[0m [2mmoq_net::lite::publisher[0m[2m:[0m finished group [3msequence[0m[2m=[0m197
[2m2026-09-06T15:05:27.673434Z[0m [34mDEBUG[0m [2mmoq_net::lite::publisher[0m[2m:[0m serving group [3msubscribe[0m[2m=[0m14 [3mtrack[0m[2m=[0m1.m4s [3msequence[0m[2m=[0m198
[2m2026-09-06T15:05:27.687632Z[0m [34mDEBUG[0m [2mmoq_net::lite::publisher[0m[2m:[0m finished group [3msequence[0m[2m=[0m197
[2m2026-09-06T15:05:29.279120Z[0m [34mDEBUG[0m [2mmoq_net::lite::publisher[0m[2m:[0m serving group [3msubscribe[0m[2m=[0m13 [3mtrack[0m[2m=[0m0.m4s [3msequence[0m[2m=[0m199
[2m2026-09-06T15:05:29.279716Z[0m [34mDEBUG[0m [2mmoq_net::lite::publisher[0m[2m:[0m finished group [3msequence[0m[2m=[0m198
[2m2026-09-06T15:05:29.299013Z[0m [34mDEBUG[0m [2mmoq_net::lite::publisher[0m[2m:[0m serving group [3msubscribe[0m[2m=[0m14 [3mtrack[0m[2m=[0m1.m4s [3msequence[0m[2m=[0m199
[2m2026-09-06T15:05:29.300161Z[0m [34mDEBUG[0m [2mmoq_net::lite::publisher[0m[2m:[0m finished group [3msequence[0m[2m=[0m198
[2m2026-09-06T15:05:30.299977Z[0m [34mDEBUG[0m [2mmoq_net::lite::publisher[0m[2m:[0m serving group [3msubscribe[0m[2m=[0m13 [3mtrack[0m[2m=[0m0.m4s [3msequence[0m[2m=[0m200
[2m2026-09-06T15:05:30.300404Z[0m [34mDEBUG[0m [2mmoq_net::lite::publisher[0m[2m:[0m finished group [3msequence[0m[2m=[0m199
[2m2026-09-06T15:05:30.310142Z[0m [34mDEBUG[0m [2mmoq_net::lite::publisher[0m[2m:[0m serving group [3msubscribe[0m[2m=[0m14 [3mtrack[0m[2m=[0m1.m4s [3msequence[0m[2m=[0m200
[2m2026-09-06T15:05:30.337032Z[0m [34mDEBUG[0m [2mmoq_net::lite::publisher[0m[2m:[0m finished group [3msequence[0m[2m=[0m199
[2m2026-09-06T15:05:31.862678Z[0m [34mDEBUG[0m [2mmoq_net::lite::publisher[0m[2m:[0m serving group [3msubscribe[0m[2m=[0m13 [3mtrack[0m[2m=[0m0.m4s [3msequence[0m[2m=[0m201
[2m2026-09-06T15:05:31.863636Z[0m [34mDEBUG[0m [2mmoq_net::lite::publisher[0m[2m:[0m serving group [3msubscribe[0m[2m=[0m14 [3mtrack[0m[2m=[0m1.m4s [3msequence[0m[2m=[0m201
[2m2026-09-06T15:05:31.863783Z[0m [34mDEBUG[0m [2mmoq_net::lite::publisher[0m[2m:[0m finished group [3msequence[0m[2m=[0m200
[2m2026-09-06T15:05:31.889994Z[0m [34mDEBUG[0m [2mmoq_net::lite::publisher[0m[2m:[0m finished group [3msequence[0m[2m=[0m200
[2m2026-09-06T15:05:34.383123Z[0m [34mDEBUG[0m [2mmoq_net::lite::publisher[0m[2m:[0m serving group [3msubscribe[0m[2m=[0m13 [3mtrack[0m[2m=[0m0.m4s [3msequence[0m[2m=[0m202
[2m2026-09-06T15:05:34.383352Z[0m [34mDEBUG[0m [2mmoq_net::lite::publisher[0m[2m:[0m serving group [3msubscribe[0m[2m=[0m14 [3mtrack[0m[2m=[0m1.m4s [3msequence[0m[2m=[0m202
[2m2026-09-06T15:05:34.385055Z[0m [34mDEBUG[0m [2mmoq_net::lite::publisher[0m[2m:[0m finished group [3msequence[0m[2m=[0m201
[2m2026-09-06T15:05:34.385134Z[0m [34mDEBUG[0m [2mmoq_net::lite::publisher[0m[2m:[0m finished group [3msequence[0m[2m=[0m201
[2m2026-09-06T15:05:36.882368Z[0m [34mDEBUG[0m [2mmoq_net::lite::publisher[0m[2m:[0m serving group [3msubscribe[0m[2m=[0m13 [3mtrack[0m[2m=[0m0.m4s [3msequence[0m[2m=[0m203
[2m2026-09-06T15:05:36.884428Z[0m [34mDEBUG[0m [2mmoq_net::lite::publisher[0m[2m:[0m serving group [3msubscribe[0m[2m=[0m14 [3mtrack[0m[2m=[0m1.m4s [3msequence[0m[2m=[0m203
[2m2026-09-06T15:05:36.884569Z[0m [34mDEBUG[0m [2mmoq_net::lite::publisher[0m[2m:[0m finished group [3msequence[0m[2m=[0m202
[2m2026-09-06T15:05:36.884829Z[0m [34mDEBUG[0m [2mmoq_net::lite::publisher[0m[2m:[0m finished group [3msequence[0m[2m=[0m202
[2m2026-09-06T15:05:38.855996Z[0m [34mDEBUG[0m [2mmoq_net::lite::publisher[0m[2m:[0m serving group [3msubscribe[0m[2m=[0m13 [3mtrack[0m[2m=[0m0.m4s [3msequence[0m[2m=[0m204
[2m2026-09-06T15:05:38.856200Z[0m [34mDEBUG[0m [2mmoq_net::lite::publisher[0m[2m:[0m serving group [3msubscribe[0m[2m=[0m14 [3mtrack[0m[2m=[0m1.m4s [3msequence[0m[2m=[0m204
[2m2026-09-06T15:05:38.857792Z[0m [34mDEBUG[0m [2mmoq_net::lite::publisher[0m[2m:[0m finished group [3msequence[0m[2m=[0m203
[2m2026-09-06T15:05:38.857915Z[0m [34mDEBUG[0m [2mmoq_net::lite::publisher[0m[2m:[0m finished group [3msequence[0m[2m=[0m203
[2m2026-09-06T15:05:41.365846Z[0m [34mDEBUG[0m [2mmoq_net::lite::publisher[0m[2m:[0m serving group [3msubscribe[0m[2m=[0m13 [3mtrack[0m[2m=[0m0.m4s [3msequence[0m[2m=[0m205
[2m2026-09-06T15:05:41.367174Z[0m [34mDEBUG[0m [2mmoq_net::lite::publisher[0m[2m:[0m serving group [3msubscribe[0m[2m=[0m14 [3mtrack[0m[2m=[0m1.m4s [3msequence[0m[2m=[0m205
[2m2026-09-06T15:05:41.367590Z[0m [34mDEBUG[0m [2mmoq_net::lite::publisher[0m[2m:[0m finished group [3msequence[0m[2m=[0m204
[2m2026-09-06T15:05:41.367639Z[0m [34mDEBUG[0m [2mmoq_net::lite::publisher[0m[2m:[0m finished group [3msequence[0m[2m=[0m204
[2m2026-09-06T15:05:43.873888Z[0m [34mDEBUG[0m [2mmoq_net::lite::publisher[0m[2m:[0m serving group [3msubscribe[0m[2m=[0m13 [3mtrack[0m[2m=[0m0.m4s [3msequence[0m[2m=[0m206
[2m2026-09-06T15:05:43.875703Z[0m [34mDEBUG[0m [2mmoq_net::lite::publisher[0m[2m:[0m finished group [3msequence[0m[2m=[0m205
[2m2026-09-06T15:05:43.879645Z[0m [34mDEBUG[0m [2mmoq_net::lite::publisher[0m[2m:[0m serving group [3msubscribe[0m[2m=[0m14 [3mtrack[0m[2m=[0m1.m4s [3msequence[0m[2m=[0m206
[2m2026-09-06T15:05:43.880078Z[0m [34mDEBUG[0m [2mmoq_net::lite::publisher[0m[2m:[0m finished group [3msequence[0m[2m=[0m205
[2m2026-09-06T15:05:45.404422Z[0m [34mDEBUG[0m [2mmoq_net::lite::publisher[0m[2m:[0m serving group [3msubscribe[0m[2m=[0m13 [3mtrack[0m[2m=[0m0.m4s [3msequence[0m[2m=[0m207
[2m2026-09-06T15:05:45.404597Z[0m [34mDEBUG[0m [2mmoq_net::lite::publisher[0m[2m:[0m serving group [3msubscribe[0m[2m=[0m14 [3mtrack[0m[2m=[0m1.m4s [3msequence[0m[2m=[0m207
[2m2026-09-06T15:05:45.405545Z[0m [34mDEBUG[0m [2mmoq_net::lite::publisher[0m[2m:[0m finished group [3msequence[0m[2m=[0m206
[2m2026-09-06T15:05:45.405604Z[0m [34mDEBUG[0m [2mmoq_net::lite::publisher[0m[2m:[0m finished group [3msequence[0m[2m=[0m206
[2m2026-09-06T15:05:47.649819Z[0m [34mDEBUG[0m [2mmoq_net::lite::publisher[0m[2m:[0m serving group [3msubscribe[0m[2m=[0m13 [3mtrack[0m[2m=[0m0.m4s [3msequence[0m[2m=[0m208
[2m2026-09-06T15:05:47.649965Z[0m [34mDEBUG[0m [2mmoq_net::lite::publisher[0m[2m:[0m serving group [3msubscribe[0m[2m=[0m14 [3mtrack[0m[2m=[0m1.m4s [3msequence[0m[2m=[0m208
[2m2026-09-06T15:05:47.650800Z[0m [34mDEBUG[0m [2mmoq_net::lite::publisher[0m[2m:[0m finished group [3msequence[0m[2m=[0m207
[2m2026-09-06T15:05:47.650857Z[0m [34mDEBUG[0m [2mmoq_net::lite::publisher[0m[2m:[0m finished group [3msequence[0m[2m=[0m207
[2m2026-09-06T15:05:48.967795Z[0m [34mDEBUG[0m [2mmoq_net::lite::publisher[0m[2m:[0m serving group [3msubscribe[0m[2m=[0m13 [3mtrack[0m[2m=[0m0.m4s [3msequence[0m[2m=[0m209
[2m2026-09-06T15:05:48.968348Z[0m [34mDEBUG[0m [2mmoq_net::lite::publisher[0m[2m:[0m finished group [3msequence[0m[2m=[0m208
[2m2026-09-06T15:05:48.979668Z[0m [34mDEBUG[0m [2mmoq_net::lite::publisher[0m[2m:[0m serving group [3msubscribe[0m[2m=[0m14 [3mtrack[0m[2m=[0m1.m4s [3msequence[0m[2m=[0m209
[2m2026-09-06T15:05:48.989386Z[0m [34mDEBUG[0m [2mmoq_net::lite::publisher[0m[2m:[0m finished group [3msequence[0m[2m=[0m208
[2m2026-09-06T15:05:51.487916Z[0m [34mDEBUG[0m [2mmoq_net::lite::publisher[0m[2m:[0m serving group [3msubscribe[0m[2m=[0m13 [3mtrack[0m[2m=[0m0.m4s [3msequence[0m[2m=[0m210
[2m2026-09-06T15:05:51.488739Z[0m [34mDEBUG[0m [2mmoq_net::lite::publisher[0m[2m:[0m serving group [3msubscribe[0m[2m=[0m14 [3mtrack[0m[2m=[0m1.m4s [3msequence[0m[2m=[0m210
[2m2026-09-06T15:05:51.488795Z[0m [34mDEBUG[0m [2mmoq_net::lite::publisher[0m[2m:[0m finished group [3msequence[0m[2m=[0m209
[2m2026-09-06T15:05:51.490445Z[0m [34mDEBUG[0m [2mmoq_net::lite::publisher[0m[2m:[0m finished group [3msequence[0m[2m=[0m209
[2m2026-09-06T15:05:53.313942Z[0m [34mDEBUG[0m [2mmoq_net::lite::publisher[0m[2m:[0m serving group [3msubscribe[0m[2m=[0m13 [3mtrack[0m[2m=[0m0.m4s [3msequence[0m[2m=[0m211
[2m2026-09-06T15:05:53.314106Z[0m [34mDEBUG[0m [2mmoq_net::lite::publisher[0m[2m:[0m serving group [3msubscribe[0m[2m=[0m14 [3mtrack[0m[2m=[0m1.m4s [3msequence[0m[2m=[0m211
[2m2026-09-06T15:05:53.314879Z[0m [34mDEBUG[0m [2mmoq_net::lite::publisher[0m[2m:[0m finished group [3msequence[0m[2m=[0m210
[2m2026-09-06T15:05:53.314932Z[0m [34mDEBUG[0m [2mmoq_net::lite::publisher[0m[2m:[0m finished group [3msequence[0m[2m=[0m210
[2m2026-09-06T15:05:55.835653Z[0m [34mDEBUG[0m [2mmoq_net::lite::publisher[0m[2m:[0m serving group [3msubscribe[0m[2m=[0m13 [3mtrack[0m[2m=[0m0.m4s [3msequence[0m[2m=[0m212
[2m2026-09-06T15:05:55.836326Z[0m [34mDEBUG[0m [2mmoq_net::lite::publisher[0m[2m:[0m finished group [3msequence[0m[2m=[0m211
[2m2026-09-06T15:05:55.838893Z[0m [34mDEBUG[0m [2mmoq_net::lite::publisher[0m[2m:[0m serving group [3msubscribe[0m[2m=[0m14 [3mtrack[0m[2m=[0m1.m4s [3msequence[0m[2m=[0m212
[2m2026-09-06T15:05:55.841112Z[0m [34mDEBUG[0m [2mmoq_net::lite::publisher[0m[2m:[0m finished group [3msequence[0m[2m=[0m211
[2m2026-09-06T15:05:58.310095Z[0m [34mDEBUG[0m [2mmoq_net::lite::publisher[0m[2m:[0m serving group [3msubscribe[0m[2m=[0m13 [3mtrack[0m[2m=[0m0.m4s [3msequence[0m[2m=[0m213
[2m2026-09-06T15:05:58.310237Z[0m [34mDEBUG[0m [2mmoq_net::lite::publisher[0m[2m:[0m serving group [3msubscribe[0m[2m=[0m14 [3mtrack[0m[2m=[0m1.m4s [3msequence[0m[2m=[0m213
[2m2026-09-06T15:05:58.311090Z[0m [34mDEBUG[0m [2mmoq_net::lite::publisher[0m[2m:[0m finished group [3msequence[0m[2m=[0m212
[2m2026-09-06T15:05:58.311125Z[0m [34mDEBUG[0m [2mmoq_net::lite::publisher[0m[2m:[0m finished group [3msequence[0m[2m=[0m212
[2m2026-09-06T15:05:58.650302Z[0m [32m INFO[0m [2mmoq_net::lite::publisher[0m[2m:[0m subscribed cancelled [3mid[0m[2m=[0m14 [3mbroadcast[0m[2m=[0mbbb.hang [3mtrack[0m[2m=[0m1.m4s
[2m2026-09-06T15:05:58.650399Z[0m [32m INFO[0m [2mmoq_net::lite::publisher[0m[2m:[0m subscribed cancelled [3mid[0m[2m=[0m12 [3mbroadcast[0m[2m=[0mbbb.hang [3mtrack[0m[2m=[0mcatalog.json
[2m2026-09-06T15:05:58.650439Z[0m [32m INFO[0m [2mmoq_net::lite::publisher[0m[2m:[0m subscribed cancelled [3mid[0m[2m=[0m13 [3mbroadcast[0m[2m=[0mbbb.hang [3mtrack[0m[2m=[0m0.m4s
