[2m2026-09-06T14:54:27.368442Z[0m [32m INFO[0m [2mmoq_relay::cluster[0m[2m:[0m cluster initialized [3mhop_id[0m[2m=[0m430776453272828 [3mconfigured[0m[2m=[0mfalse
[2m2026-09-06T14:54:27.369187Z[0m [32m INFO[0m [2mmoq_relay::stats[0m[2m:[0m stats publishing enabled [3mprefix[0m[2m=[0m".stats" [3minterval_secs[0m[2m=[0m1 [3mnode[0m[2m=[0mSome(Path("local/host")) [3mdepth[0m[2m=[0m0
[2m2026-09-06T14:54:27.370720Z[0m [32m INFO[0m [2mmoq_relay::relay[0m[2m:[0m listening [3maddr[0m[2m=[0m[::]:4443
[2m2026-09-06T14:54:27.371245Z[0m [32m INFO[0m [2mmoq_relay::cluster[0m[2m:[0m no cluster peers configured; running standalone
[2m2026-09-06T14:54:27.551303Z[0m [34mDEBUG[0m [1mws[0m[1m{[0m[3mid[0m[2m=[0m0[1m}[0m[2m:[0m [2mmoq_net::lite::publisher[0m[2m:[0m announce [3mroute[0m[2m=[0m.stats/node/local/host
[2m2026-09-06T14:54:27.551580Z[0m [34mDEBUG[0m [1mws[0m[1m{[0m[3mid[0m[2m=[0m0[1m}[0m[2m:[0m [2mmoq_net::lite::subscriber[0m[2m:[0m peer does not support probing; skipping probe stream
[2m2026-09-06T14:54:27.551672Z[0m [34mDEBUG[0m [1mws[0m[1m{[0m[3mid[0m[2m=[0m0[1m}[0m[2m:[0m [2mmoq_net::lite::session[0m[2m:[0m failed to send setup [3merr[0m[2m=[0mtransport: connection closed
[2m2026-09-06T14:54:27.553903Z[0m [34mDEBUG[0m [1mws[0m[1m{[0m[3mid[0m[2m=[0m0[1m}[0m[2m:[0m [2mmoq_net::lite::publisher[0m[2m:[0m track info requested [3mbroadcast[0m[2m=[0m.stats/node/local/host [3mtrack[0m[2m=[0msessions.json
[2m2026-09-06T14:54:27.553991Z[0m [34mDEBUG[0m [1mws[0m[1m{[0m[3mid[0m[2m=[0m0[1m}[0m[2m:[0m [2mmoq_net::lite::publisher[0m[2m:[0m track info requested [3mbroadcast[0m[2m=[0m.stats/node/local/host [3mtrack[0m[2m=[0msubscriber.json
[2m2026-09-06T14:54:27.554015Z[0m [34mDEBUG[0m [1mws[0m[1m{[0m[3mid[0m[2m=[0m0[1m}[0m[2m:[0m [2mmoq_net::lite::publisher[0m[2m:[0m track info requested [3mbroadcast[0m[2m=[0m.stats/node/local/host [3mtrack[0m[2m=[0mpublisher.json
[2m2026-09-06T14:54:27.554332Z[0m [34mDEBUG[0m [1mws[0m[1m{[0m[3mid[0m[2m=[0m0[1m}[0m[2m:[0m [2mmoq_net::lite::publisher[0m[2m:[0m track info cancelled [3mbroadcast[0m[2m=[0m.stats/node/local/host [3mtrack[0m[2m=[0mpublisher.json
[2m2026-09-06T14:54:27.554437Z[0m [34mDEBUG[0m [1mws[0m[1m{[0m[3mid[0m[2m=[0m0[1m}[0m[2m:[0m [2mmoq_net::lite::publisher[0m[2m:[0m track info cancelled [3mbroadcast[0m[2m=[0m.stats/node/local/host [3mtrack[0m[2m=[0msessions.json
[2m2026-09-06T14:54:27.554517Z[0m [34mDEBUG[0m [1mws[0m[1m{[0m[3mid[0m[2m=[0m0[1m}[0m[2m:[0m [2mmoq_net::lite::publisher[0m[2m:[0m track info cancelled [3mbroadcast[0m[2m=[0m.stats/node/local/host [3mtrack[0m[2m=[0msubscriber.json
[2m2026-09-06T14:54:27.555446Z[0m [32m INFO[0m [1mws[0m[1m{[0m[3mid[0m[2m=[0m0[1m}[0m[2m:[0m [2mmoq_net::lite::publisher[0m[2m:[0m subscribed started [3mid[0m[2m=[0m1 [3mbroadcast[0m[2m=[0m.stats/node/local/host [3mtrack[0m[2m=[0msubscriber.json
[2m2026-09-06T14:54:27.555742Z[0m [34mDEBUG[0m [1mws[0m[1m{[0m[3mid[0m[2m=[0m0[1m}[0m[2m:[0m [2mmoq_net::lite::publisher[0m[2m:[0m serving group [3msubscribe[0m[2m=[0m1 [3mtrack[0m[2m=[0msubscriber.json [3msequence[0m[2m=[0m0
[2m2026-09-06T14:54:27.556252Z[0m [32m INFO[0m [1mws[0m[1m{[0m[3mid[0m[2m=[0m0[1m}[0m[2m:[0m [2mmoq_net::lite::publisher[0m[2m:[0m subscribed started [3mid[0m[2m=[0m2 [3mbroadcast[0m[2m=[0m.stats/node/local/host [3mtrack[0m[2m=[0mpublisher.json
[2m2026-09-06T14:54:27.556324Z[0m [34mDEBUG[0m [1mws[0m[1m{[0m[3mid[0m[2m=[0m0[1m}[0m[2m:[0m [2mmoq_net::lite::publisher[0m[2m:[0m serving group [3msubscribe[0m[2m=[0m2 [3mtrack[0m[2m=[0mpublisher.json [3msequence[0m[2m=[0m0
[2m2026-09-06T14:54:27.556389Z[0m [32m INFO[0m [1mws[0m[1m{[0m[3mid[0m[2m=[0m0[1m}[0m[2m:[0m [2mmoq_net::lite::publisher[0m[2m:[0m subscribed started [3mid[0m[2m=[0m0 [3mbroadcast[0m[2m=[0m.stats/node/local/host [3mtrack[0m[2m=[0msessions.json
[2m2026-09-06T14:54:27.556447Z[0m [34mDEBUG[0m [1mws[0m[1m{[0m[3mid[0m[2m=[0m0[1m}[0m[2m:[0m [2mmoq_net::lite::publisher[0m[2m:[0m serving group [3msubscribe[0m[2m=[0m0 [3mtrack[0m[2m=[0msessions.json [3msequence[0m[2m=[0m0
[2m2026-09-06T14:54:27.789598Z[0m [33m WARN[0m [2mmoq_tokio::accept[0m[2m:[0m accept failed; the listener is not serving new connections [3mlistener[0m[2m=[0m"web" [3merr[0m[2m=[0minvalid input parameter [3mclass[0m[2m=[0m"unknown" [3mconsecutive[0m[2m=[0m1 [3mretry_in_ms[0m[2m=[0m76
[2m2026-09-06T14:54:28.374059Z[0m [34mDEBUG[0m [1mws[0m[1m{[0m[3mid[0m[2m=[0m0[1m}[0m[2m:[0m [2mmoq_net::lite::publisher[0m[2m:[0m serving group [3msubscribe[0m[2m=[0m0 [3mtrack[0m[2m=[0msessions.json [3msequence[0m[2m=[0m1
[2m2026-09-06T14:54:30.496173Z[0m [32m INFO[0m [1mconn[0m[1m{[0m[3mid[0m[2m=[0m0[1m}[0m[2m:[0m [2mmoq_relay::connection[0m[2m:[0m session accepted [3mtransport[0m[2m=[0mquic [3mrole[0m[2m=[0mNone [3mtier[0m[2m=[0m [3mroot[0m[2m=[0m [3mpublish[0m[2m=[0m [3msubscribe[0m[2m=[0m
[2m2026-09-06T14:54:30.496379Z[0m [32m INFO[0m [1mconn[0m[1m{[0m[3mid[0m[2m=[0m0[1m}[0m[2m:[0m [2mmoq_relay::connection[0m[2m:[0m negotiated [3mversion[0m[2m=[0mmoq-lite-05 [3mtransport[0m[2m=[0mquic
[2m2026-09-06T14:54:30.496700Z[0m [34mDEBUG[0m [1mconn[0m[1m{[0m[3mid[0m[2m=[0m0[1m}[0m[2m:[0m [2mmoq_net::lite::publisher[0m[2m:[0m announce [3mroute[0m[2m=[0m.stats/node/local/host
[2m2026-09-06T14:54:30.496835Z[0m [34mDEBUG[0m [1mconn[0m[1m{[0m[3mid[0m[2m=[0m0[1m}[0m[2m:[0m [2mmoq_net::lite::subscriber[0m[2m:[0m peer does not support probing; skipping probe stream
[2m2026-09-06T14:54:30.498614Z[0m [34mDEBUG[0m [1mconn[0m[1m{[0m[3mid[0m[2m=[0m0[1m}[0m[2m:[0m [2mmoq_net::lite::subscriber[0m[2m:[0m announce [3mroute[0m[2m=[0mrt/p1-focus-pub.hang [3mhops[0m[2m=[0m1
[2m2026-09-06T14:54:30.498739Z[0m [34mDEBUG[0m [1mws[0m[1m{[0m[3mid[0m[2m=[0m0[1m}[0m[2m:[0m [2mmoq_net::lite::publisher[0m[2m:[0m announce [3mroute[0m[2m=[0mrt/p1-focus-pub.hang
[2m2026-09-06T14:54:31.373224Z[0m [34mDEBUG[0m [1mws[0m[1m{[0m[3mid[0m[2m=[0m0[1m}[0m[2m:[0m [2mmoq_net::lite::publisher[0m[2m:[0m serving group [3msubscribe[0m[2m=[0m2 [3mtrack[0m[2m=[0mpublisher.json [3msequence[0m[2m=[0m1
[2m2026-09-06T14:54:31.373414Z[0m [34mDEBUG[0m [1mws[0m[1m{[0m[3mid[0m[2m=[0m0[1m}[0m[2m:[0m [2mmoq_net::lite::publisher[0m[2m:[0m serving group [3msubscribe[0m[2m=[0m1 [3mtrack[0m[2m=[0msubscriber.json [3msequence[0m[2m=[0m1
[2m2026-09-06T14:54:31.373499Z[0m [34mDEBUG[0m [1mws[0m[1m{[0m[3mid[0m[2m=[0m0[1m}[0m[2m:[0m [2mmoq_net::lite::publisher[0m[2m:[0m serving group [3msubscribe[0m[2m=[0m0 [3mtrack[0m[2m=[0msessions.json [3msequence[0m[2m=[0m2
[2m2026-09-06T14:54:31.790962Z[0m [32m INFO[0m [1mconn[0m[1m{[0m[3mid[0m[2m=[0m1[1m}[0m[2m:[0m [2mmoq_relay::connection[0m[2m:[0m session accepted [3mtransport[0m[2m=[0mquic [3mrole[0m[2m=[0mNone [3mtier[0m[2m=[0m [3mroot[0m[2m=[0m [3mpublish[0m[2m=[0m [3msubscribe[0m[2m=[0m
[2m2026-09-06T14:54:31.791079Z[0m [32m INFO[0m [1mconn[0m[1m{[0m[3mid[0m[2m=[0m1[1m}[0m[2m:[0m [2mmoq_relay::connection[0m[2m:[0m negotiated [3mversion[0m[2m=[0mmoq-lite-05 [3mtransport[0m[2m=[0mquic
[2m2026-09-06T14:54:31.791201Z[0m [34mDEBUG[0m [1mconn[0m[1m{[0m[3mid[0m[2m=[0m1[1m}[0m[2m:[0m [2mmoq_net::lite::publisher[0m[2m:[0m announce [3mroute[0m[2m=[0m.stats/node/local/host
[2m2026-09-06T14:54:31.791222Z[0m [34mDEBUG[0m [1mconn[0m[1m{[0m[3mid[0m[2m=[0m1[1m}[0m[2m:[0m [2mmoq_net::lite::publisher[0m[2m:[0m announce [3mroute[0m[2m=[0mrt/p1-focus-pub.hang
[2m2026-09-06T14:54:31.791268Z[0m [34mDEBUG[0m [1mconn[0m[1m{[0m[3mid[0m[2m=[0m1[1m}[0m[2m:[0m [2mmoq_net::lite::subscriber[0m[2m:[0m peer does not support probing; skipping probe stream
[2m2026-09-06T14:54:31.793222Z[0m [34mDEBUG[0m [1mconn[0m[1m{[0m[3mid[0m[2m=[0m1[1m}[0m[2m:[0m [2mmoq_net::lite::publisher[0m[2m:[0m track info requested [3mbroadcast[0m[2m=[0mrt/p1-focus-pub.hang [3mtrack[0m[2m=[0mcatalog.json
[2m2026-09-06T14:54:31.795593Z[0m [32m INFO[0m [1mconn[0m[1m{[0m[3mid[0m[2m=[0m1[1m}[0m[2m:[0m [2mmoq_net::lite::publisher[0m[2m:[0m subscribed started [3mid[0m[2m=[0m0 [3mbroadcast[0m[2m=[0mrt/p1-focus-pub.hang [3mtrack[0m[2m=[0mcatalog.json
[2m2026-09-06T14:54:31.795719Z[0m [32m INFO[0m [1mconn[0m[1m{[0m[3mid[0m[2m=[0m0[1m}[0m[2m:[0m [2mmoq_net::lite::subscriber[0m[2m:[0m subscribe started [3mid[0m[2m=[0m0 [3mbroadcast[0m[2m=[0mrt/p1-focus-pub.hang [3mtrack[0m[2m=[0mcatalog.json
[2m2026-09-06T14:54:31.797755Z[0m [34mDEBUG[0m [1mconn[0m[1m{[0m[3mid[0m[2m=[0m1[1m}[0m[2m:[0m [2mmoq_net::lite::publisher[0m[2m:[0m serving group [3msubscribe[0m[2m=[0m0 [3mtrack[0m[2m=[0mcatalog.json [3msequence[0m[2m=[0m1
[2m2026-09-06T14:54:31.798245Z[0m [34mDEBUG[0m [1mconn[0m[1m{[0m[3mid[0m[2m=[0m1[1m}[0m[2m:[0m [2mmoq_net::lite::publisher[0m[2m:[0m finished group [3msequence[0m[2m=[0m1
[2m2026-09-06T14:54:31.803009Z[0m [34mDEBUG[0m [1mconn[0m[1m{[0m[3mid[0m[2m=[0m1[1m}[0m[2m:[0m [2mmoq_net::lite::publisher[0m[2m:[0m track info requested [3mbroadcast[0m[2m=[0mrt/p1-focus-pub.hang [3mtrack[0m[2m=[0mvideo
[2m2026-09-06T14:54:31.803164Z[0m [34mDEBUG[0m [1mconn[0m[1m{[0m[3mid[0m[2m=[0m1[1m}[0m[2m:[0m [2mmoq_net::lite::publisher[0m[2m:[0m track info requested [3mbroadcast[0m[2m=[0mrt/p1-focus-pub.hang [3mtrack[0m[2m=[0maudio
[2m2026-09-06T14:54:31.807103Z[0m [32m INFO[0m [1mconn[0m[1m{[0m[3mid[0m[2m=[0m1[1m}[0m[2m:[0m [2mmoq_net::lite::publisher[0m[2m:[0m subscribed started [3mid[0m[2m=[0m2 [3mbroadcast[0m[2m=[0mrt/p1-focus-pub.hang [3mtrack[0m[2m=[0mvideo
[2m2026-09-06T14:54:31.807234Z[0m [32m INFO[0m [1mconn[0m[1m{[0m[3mid[0m[2m=[0m0[1m}[0m[2m:[0m [2mmoq_net::lite::subscriber[0m[2m:[0m subscribe started [3mid[0m[2m=[0m1 [3mbroadcast[0m[2m=[0mrt/p1-focus-pub.hang [3mtrack[0m[2m=[0mvideo
[2m2026-09-06T14:54:31.807897Z[0m [32m INFO[0m [1mconn[0m[1m{[0m[3mid[0m[2m=[0m1[1m}[0m[2m:[0m [2mmoq_net::lite::publisher[0m[2m:[0m subscribed started [3mid[0m[2m=[0m1 [3mbroadcast[0m[2m=[0mrt/p1-focus-pub.hang [3mtrack[0m[2m=[0maudio
[2m2026-09-06T14:54:31.808154Z[0m [32m INFO[0m [1mconn[0m[1m{[0m[3mid[0m[2m=[0m0[1m}[0m[2m:[0m [2mmoq_net::lite::subscriber[0m[2m:[0m subscribe started [3mid[0m[2m=[0m2 [3mbroadcast[0m[2m=[0mrt/p1-focus-pub.hang [3mtrack[0m[2m=[0maudio
[2m2026-09-06T14:54:31.827931Z[0m [34mDEBUG[0m [1mconn[0m[1m{[0m[3mid[0m[2m=[0m1[1m}[0m[2m:[0m [2mmoq_net::lite::publisher[0m[2m:[0m serving group [3msubscribe[0m[2m=[0m0 [3mtrack[0m[2m=[0mcatalog.json [3msequence[0m[2m=[0m2
[2m2026-09-06T14:54:31.828035Z[0m [34mDEBUG[0m [1mconn[0m[1m{[0m[3mid[0m[2m=[0m1[1m}[0m[2m:[0m [2mmoq_net::lite::publisher[0m[2m:[0m serving group [3msubscribe[0m[2m=[0m1 [3mtrack[0m[2m=[0maudio [3msequence[0m[2m=[0m0
[2m2026-09-06T14:54:31.848311Z[0m [34mDEBUG[0m [1mconn[0m[1m{[0m[3mid[0m[2m=[0m1[1m}[0m[2m:[0m [2mmoq_net::lite::publisher[0m[2m:[0m serving group [3msubscribe[0m[2m=[0m1 [3mtrack[0m[2m=[0maudio [3msequence[0m[2m=[0m1
[2m2026-09-06T14:54:31.848628Z[0m [34mDEBUG[0m [1mconn[0m[1m{[0m[3mid[0m[2m=[0m1[1m}[0m[2m:[0m [2mmoq_net::lite::publisher[0m[2m:[0m finished group [3msequence[0m[2m=[0m2
[2m2026-09-06T14:54:31.848677Z[0m [34mDEBUG[0m [1mconn[0m[1m{[0m[3mid[0m[2m=[0m1[1m}[0m[2m:[0m [2mmoq_net::lite::publisher[0m[2m:[0m finished group [3msequence[0m[2m=[0m1
[2m2026-09-06T14:54:31.848707Z[0m [34mDEBUG[0m [1mconn[0m[1m{[0m[3mid[0m[2m=[0m1[1m}[0m[2m:[0m [2mmoq_net::lite::publisher[0m[2m:[0m finished group [3msequence[0m[2m=[0m0
[2m2026-09-06T14:54:31.851155Z[0m [34mDEBUG[0m [1mconn[0m[1m{[0m[3mid[0m[2m=[0m1[1m}[0m[2m:[0m [2mmoq_net::lite::publisher[0m[2m:[0m serving group [3msubscribe[0m[2m=[0m2 [3mtrack[0m[2m=[0mvideo [3msequence[0m[2m=[0m0
[2m2026-09-06T14:54:31.867631Z[0m [34mDEBUG[0m [1mconn[0m[1m{[0m[3mid[0m[2m=[0m1[1m}[0m[2m:[0m [2mmoq_net::lite::publisher[0m[2m:[0m serving group [3msubscribe[0m[2m=[0m1 [3mtrack[0m[2m=[0maudio [3msequence[0m[2m=[0m2
[2m2026-09-06T14:54:31.887709Z[0m [34mDEBUG[0m [1mconn[0m[1m{[0m[3mid[0m[2m=[0m1[1m}[0m[2m:[0m [2mmoq_net::lite::publisher[0m[2m:[0m serving group [3msubscribe[0m[2m=[0m1 [3mtrack[0m[2m=[0maudio [3msequence[0m[2m=[0m3
[2m2026-09-06T14:54:31.888027Z[0m [34mDEBUG[0m [1mconn[0m[1m{[0m[3mid[0m[2m=[0m1[1m}[0m[2m:[0m [2mmoq_net::lite::publisher[0m[2m:[0m finished group [3msequence[0m[2m=[0m2
[2m2026-09-06T14:54:31.888078Z[0m [34mDEBUG[0m [1mconn[0m[1m{[0m[3mid[0m[2m=[0m1[1m}[0m[2m:[0m [2mmoq_net::lite::publisher[0m[2m:[0m finished group [3msequence[0m[2m=[0m3
[2m2026-09-06T14:54:31.907590Z[0m [34mDEBUG[0m [1mconn[0m[1m{[0m[3mid[0m[2m=[0m1[1m}[0m[2m:[0m [2mmoq_net::lite::publisher[0m[2m:[0m serving group [3msubscribe[0m[2m=[0m1 [3mtrack[0m[2m=[0maudio [3msequence[0m[2m=[0m4
[2m2026-09-06T14:54:31.908091Z[0m [34mDEBUG[0m [1mconn[0m[1m{[0m[3mid[0m[2m=[0m1[1m}[0m[2m:[0m [2mmoq_net::lite::publisher[0m[2m:[0m finished group [3msequence[0m[2m=[0m4
[2m2026-09-06T14:54:31.927314Z[0m [34mDEBUG[0m [1mconn[0m[1m{[0m[3mid[0m[2m=[0m1[1m}[0m[2m:[0m [2mmoq_net::lite::publisher[0m[2m:[0m serving group [3msubscribe[0m[2m=[0m1 [3mtrack[0m[2m=[0maudio [3msequence[0m[2m=[0m5
[2m2026-09-06T14:54:31.938913Z[0m [34mDEBUG[0m [1mconn[0m[1m{[0m[3mid[0m[2m=[0m1[1m}[0m[2m:[0m [2mmoq_net::lite::publisher[0m[2m:[0m finished group [3msequence[0m[2m=[0m5
[2m2026-09-06T14:54:31.947922Z[0m [34mDEBUG[0m [1mconn[0m[1m{[0m[3mid[0m[2m=[0m1[1m}[0m[2m:[0m [2mmoq_net::lite::publisher[0m[2m:[0m serving group [3msubscribe[0m[2m=[0m1 [3mtrack[0m[2m=[0maudio [3msequence[0m[2m=[0m6
[2m2026-09-06T14:54:31.948234Z[0m [34mDEBUG[0m [1mconn[0m[1m{[0m[3mid[0m[2m=[0m1[1m}[0m[2m:[0m [2mmoq_net::lite::publisher[0m[2m:[0m finished group [3msequence[0m[2m=[0m6
[2m2026-09-06T14:54:31.967381Z[0m [34mDEBUG[0m [1mconn[0m[1m{[0m[3mid[0m[2m=[0m1[1m}[0m[2m:[0m [2mmoq_net::lite::publisher[0m[2m:[0m serving group [3msubscribe[0m[2m=[0m1 [3mtrack[0m[2m=[0maudio [3msequence[0m[2m=[0m7
[2m2026-09-06T14:54:31.987530Z[0m [34mDEBUG[0m [1mconn[0m[1m{[0m[3mid[0m[2m=[0m1[1m}[0m[2m:[0m [2mmoq_net::lite::publisher[0m[2m:[0m serving group [3msubscribe[0m[2m=[0m1 [3mtrack[0m[2m=[0maudio [3msequence[0m[2m=[0m8
[2m2026-09-06T14:54:31.988113Z[0m [34mDEBUG[0m [1mconn[0m[1m{[0m[3mid[0m[2m=[0m1[1m}[0m[2m:[0m [2mmoq_net::lite::publisher[0m[2m:[0m finished group [3msequence[0m[2m=[0m7
[2m2026-09-06T14:54:31.988151Z[0m [34mDEBUG[0m [1mconn[0m[1m{[0m[3mid[0m[2m=[0m1[1m}[0m[2m:[0m [2mmoq_net::lite::publisher[0m[2m:[0m finished group [3msequence[0m[2m=[0m8
[2m2026-09-06T14:54:32.007670Z[0m [34mDEBUG[0m [1mconn[0m[1m{[0m[3mid[0m[2m=[0m1[1m}[0m[2m:[0m [2mmoq_net::lite::publisher[0m[2m:[0m serving group [3msubscribe[0m[2m=[0m1 [3mtrack[0m[2m=[0maudio [3msequence[0m[2m=[0m9
[2m2026-09-06T14:54:32.007957Z[0m [34mDEBUG[0m [1mconn[0m[1m{[0m[3mid[0m[2m=[0m1[1m}[0m[2m:[0m [2mmoq_net::lite::publisher[0m[2m:[0m finished group [3msequence[0m[2m=[0m9
[2m2026-09-06T14:54:32.027990Z[0m [34mDEBUG[0m [1mconn[0m[1m{[0m[3mid[0m[2m=[0m1[1m}[0m[2m:[0m [2mmoq_net::lite::publisher[0m[2m:[0m serving group [3msubscribe[0m[2m=[0m1 [3mtrack[0m[2m=[0maudio [3msequence[0m[2m=[0m10
[2m2026-09-06T14:54:32.042834Z[0m [34mDEBUG[0m [1mconn[0m[1m{[0m[3mid[0m[2m=[0m1[1m}[0m[2m:[0m [2mmoq_net::lite::publisher[0m[2m:[0m finished group [3msequence[0m[2m=[0m10
[2m2026-09-06T14:54:32.048096Z[0m [34mDEBUG[0m [1mconn[0m[1m{[0m[3mid[0m[2m=[0m1[1m}[0m[2m:[0m [2mmoq_net::lite::publisher[0m[2m:[0m serving group [3msubscribe[0m[2m=[0m1 [3mtrack[0m[2m=[0maudio [3msequence[0m[2m=[0m11
[2m2026-09-06T14:54:32.048372Z[0m [34mDEBUG[0m [1mconn[0m[1m{[0m[3mid[0m[2m=[0m1[1m}[0m[2m:[0m [2mmoq_net::lite::publisher[0m[2m:[0m finished group [3msequence[0m[2m=[0m11
[2m2026-09-06T14:54:32.067906Z[0m [34mDEBUG[0m [1mconn[0m[1m{[0m[3mid[0m[2m=[0m1[1m}[0m[2m:[0m [2mmoq_net::lite::publisher[0m[2m:[0m serving group [3msubscribe[0m[2m=[0m1 [3mtrack[0m[2m=[0maudio [3msequence[0m[2m=[0m12
[2m2026-09-06T14:54:32.087238Z[0m [34mDEBUG[0m [1mconn[0m[1m{[0m[3mid[0m[2m=[0m1[1m}[0m[2m:[0m [2mmoq_net::lite::publisher[0m[2m:[0m serving group [3msubscribe[0m[2m=[0m1 [3mtrack[0m[2m=[0maudio [3msequence[0m[2m=[0m13
[2m2026-09-06T14:54:32.087527Z[0m [34mDEBUG[0m [1mconn[0m[1m{[0m[3mid[0m[2m=[0m1[1m}[0m[2m:[0m [2mmoq_net::lite::publisher[0m[2m:[0m finished group [3msequence[0m[2m=[0m12
[2m2026-09-06T14:54:32.087559Z[0m [34mDEBUG[0m [1mconn[0m[1m{[0m[3mid[0m[2m=[0m1[1m}[0m[2m:[0m [2mmoq_net::lite::publisher[0m[2m:[0m finished group [3msequence[0m[2m=[0m13
[2m2026-09-06T14:54:32.108298Z[0m [34mDEBUG[0m [1mconn[0m[1m{[0m[3mid[0m[2m=[0m1[1m}[0m[2m:[0m [2mmoq_net::lite::publisher[0m[2m:[0m serving group [3msubscribe[0m[2m=[0m1 [3mtrack[0m[2m=[0maudio [3msequence[0m[2m=[0m14
[2m2026-09-06T14:54:32.127291Z[0m [34mDEBUG[0m [1mconn[0m[1m{[0m[3mid[0m[2m=[0m1[1m}[0m[2m:[0m [2mmoq_net::lite::publisher[0m[2m:[0m serving group [3msubscribe[0m[2m=[0m1 [3mtrack[0m[2m=[0maudio [3msequence[0m[2m=[0m15
[2m2026-09-06T14:54:32.127568Z[0m [34mDEBUG[0m [1mconn[0m[1m{[0m[3mid[0m[2m=[0m1[1m}[0m[2m:[0m [2mmoq_net::lite::publisher[0m[2m:[0m finished group [3msequence[0m[2m=[0m14
[2m2026-09-06T14:54:32.127599Z[0m [34mDEBUG[0m [1mconn[0m[1m{[0m[3mid[0m[2m=[0m1[1m}[0m[2m:[0m [2mmoq_net::lite::publisher[0m[2m:[0m finished group [3msequence[0m[2m=[0m15
[2m2026-09-06T14:54:32.147734Z[0m [34mDEBUG[0m [1mconn[0m[1m{[0m[3mid[0m[2m=[0m1[1m}[0m[2m:[0m [2mmoq_net::lite::publisher[0m[2m:[0m serving group [3msubscribe[0m[2m=[0m1 [3mtrack[0m[2m=[0maudio [3msequence[0m[2m=[0m16
[2m2026-09-06T14:54:32.167485Z[0m [34mDEBUG[0m [1mconn[0m[1m{[0m[3mid[0m[2m=[0m1[1m}[0m[2m:[0m [2mmoq_net::lite::publisher[0m[2m:[0m serving group [3msubscribe[0m[2m=[0m1 [3mtrack[0m[2m=[0maudio [3msequence[0m[2m=[0m17
[2m2026-09-06T14:54:32.167842Z[0m [34mDEBUG[0m [1mconn[0m[1m{[0m[3mid[0m[2m=[0m1[1m}[0m[2m:[0m [2mmoq_net::lite::publisher[0m[2m:[0m finished group [3msequence[0m[2m=[0m16
[2m2026-09-06T14:54:32.167875Z[0m [34mDEBUG[0m [1mconn[0m[1m{[0m[3mid[0m[2m=[0m1[1m}[0m[2m:[0m [2mmoq_net::lite::publisher[0m[2m:[0m finished group [3msequence[0m[2m=[0m17
[2m2026-09-06T14:54:32.187785Z[0m [34mDEBUG[0m [1mconn[0m[1m{[0m[3mid[0m[2m=[0m1[1m}[0m[2m:[0m [2mmoq_net::lite::publisher[0m[2m:[0m serving group [3msubscribe[0m[2m=[0m1 [3mtrack[0m[2m=[0maudio [3msequence[0m[2m=[0m18
[2m2026-09-06T14:54:32.189772Z[0m [34mDEBUG[0m [1mconn[0m[1m{[0m[3mid[0m[2m=[0m1[1m}[0m[2m:[0m [2mmoq_net::lite::publisher[0m[2m:[0m finished group [3msequence[0m[2m=[0m18
[2m2026-09-06T14:54:32.209832Z[0m [34mDEBUG[0m [1mconn[0m[1m{[0m[3mid[0m[2m=[0m1[1m}[0m[2m:[0m [2mmoq_net::lite::publisher[0m[2m:[0m serving group [3msubscribe[0m[2m=[0m1 [3mtrack[0m[2m=[0maudio [3msequence[0m[2m=[0m19
[2m2026-09-06T14:54:32.210190Z[0m [34mDEBUG[0m [1mconn[0m[1m{[0m[3mid[0m[2m=[0m1[1m}[0m[2m:[0m [2mmoq_net::lite::publisher[0m[2m:[0m finished group [3msequence[0m[2m=[0m19
[2m2026-09-06T14:54:32.227872Z[0m [34mDEBUG[0m [1mconn[0m[1m{[0m[3mid[0m[2m=[0m1[1m}[0m[2m:[0m [2mmoq_net::lite::publisher[0m[2m:[0m serving group [3msubscribe[0m[2m=[0m1 [3mtrack[0m[2m=[0maudio [3msequence[0m[2m=[0m20
[2m2026-09-06T14:54:32.240957Z[0m [34mDEBUG[0m [1mconn[0m[1m{[0m[3mid[0m[2m=[0m1[1m}[0m[2m:[0m [2mmoq_net::lite::publisher[0m[2m:[0m finished group [3msequence[0m[2m=[0m20
[2m2026-09-06T14:54:32.247653Z[0m [34mDEBUG[0m [1mconn[0m[1m{[0m[3mid[0m[2m=[0m1[1m}[0m[2m:[0m [2mmoq_net::lite::publisher[0m[2m:[0m serving group [3msubscribe[0m[2m=[0m1 [3mtrack[0m[2m=[0maudio [3msequence[0m[2m=[0m21
[2m2026-09-06T14:54:32.247994Z[0m [34mDEBUG[0m [1mconn[0m[1m{[0m[3mid[0m[2m=[0m1[1m}[0m[2m:[0m [2mmoq_net::lite::publisher[0m[2m:[0m finished group [3msequence[0m[2m=[0m21
[2m2026-09-06T14:54:32.267515Z[0m [34mDEBUG[0m [1mconn[0m[1m{[0m[3mid[0m[2m=[0m1[1m}[0m[2m:[0m [2mmoq_net::lite::publisher[0m[2m:[0m serving group [3msubscribe[0m[2m=[0m1 [3mtrack[0m[2m=[0maudio [3msequence[0m[2m=[0m22
[2m2026-09-06T14:54:32.287345Z[0m [34mDEBUG[0m [1mconn[0m[1m{[0m[3mid[0m[2m=[0m1[1m}[0m[2m:[0m [2mmoq_net::lite::publisher[0m[2m:[0m serving group [3msubscribe[0m[2m=[0m1 [3mtrack[0m[2m=[0maudio [3msequence[0m[2m=[0m23
[2m2026-09-06T14:54:32.288176Z[0m [34mDEBUG[0m [1mconn[0m[1m{[0m[3mid[0m[2m=[0m1[1m}[0m[2m:[0m [2mmoq_net::lite::publisher[0m[2m:[0m finished group [3msequence[0m[2m=[0m22
[2m2026-09-06T14:54:32.288306Z[0m [34mDEBUG[0m [1mconn[0m[1m{[0m[3mid[0m[2m=[0m1[1m}[0m[2m:[0m [2mmoq_net::lite::publisher[0m[2m:[0m finished group [3msequence[0m[2m=[0m23
[2m2026-09-06T14:54:32.307485Z[0m [34mDEBUG[0m [1mconn[0m[1m{[0m[3mid[0m[2m=[0m1[1m}[0m[2m:[0m [2mmoq_net::lite::publisher[0m[2m:[0m serving group [3msubscribe[0m[2m=[0m1 [3mtrack[0m[2m=[0maudio [3msequence[0m[2m=[0m24
[2m2026-09-06T14:54:32.327775Z[0m [34mDEBUG[0m [1mconn[0m[1m{[0m[3mid[0m[2m=[0m1[1m}[0m[2m:[0m [2mmoq_net::lite::publisher[0m[2m:[0m serving group [3msubscribe[0m[2m=[0m1 [3mtrack[0m[2m=[0maudio [3msequence[0m[2m=[0m25
[2m2026-09-06T14:54:32.328355Z[0m [34mDEBUG[0m [1mconn[0m[1m{[0m[3mid[0m[2m=[0m1[1m}[0m[2m:[0m [2mmoq_net::lite::publisher[0m[2m:[0m finished group [3msequence[0m[2m=[0m24
[2m2026-09-06T14:54:32.328406Z[0m [34mDEBUG[0m [1mconn[0m[1m{[0m[3mid[0m[2m=[0m1[1m}[0m[2m:[0m [2mmoq_net::lite::publisher[0m[2m:[0m finished group [3msequence[0m[2m=[0m25
[2m2026-09-06T14:54:32.347852Z[0m [34mDEBUG[0m [1mconn[0m[1m{[0m[3mid[0m[2m=[0m1[1m}[0m[2m:[0m [2mmoq_net::lite::publisher[0m[2m:[0m serving group [3msubscribe[0m[2m=[0m1 [3mtrack[0m[2m=[0maudio [3msequence[0m[2m=[0m26
[2m2026-09-06T14:54:32.367774Z[0m [34mDEBUG[0m [1mconn[0m[1m{[0m[3mid[0m[2m=[0m1[1m}[0m[2m:[0m [2mmoq_net::lite::publisher[0m[2m:[0m serving group [3msubscribe[0m[2m=[0m1 [3mtrack[0m[2m=[0maudio [3msequence[0m[2m=[0m27
[2m2026-09-06T14:54:32.368124Z[0m [34mDEBUG[0m [1mconn[0m[1m{[0m[3mid[0m[2m=[0m1[1m}[0m[2m:[0m [2mmoq_net::lite::publisher[0m[2m:[0m finished group [3msequence[0m[2m=[0m26
[2m2026-09-06T14:54:32.368158Z[0m [34mDEBUG[0m [1mconn[0m[1m{[0m[3mid[0m[2m=[0m1[1m}[0m[2m:[0m [2mmoq_net::lite::publisher[0m[2m:[0m finished group [3msequence[0m[2m=[0m27
[2m2026-09-06T14:54:32.372144Z[0m [34mDEBUG[0m [1mws[0m[1m{[0m[3mid[0m[2m=[0m0[1m}[0m[2m:[0m [2mmoq_net::lite::publisher[0m[2m:[0m serving group [3msubscribe[0m[2m=[0m2 [3mtrack[0m[2m=[0mpublisher.json [3msequence[0m[2m=[0m2
[2m2026-09-06T14:54:32.372264Z[0m [34mDEBUG[0m [1mws[0m[1m{[0m[3mid[0m[2m=[0m0[1m}[0m[2m:[0m [2mmoq_net::lite::publisher[0m[2m:[0m serving group [3msubscribe[0m[2m=[0m1 [3mtrack[0m[2m=[0msubscriber.json [3msequence[0m[2m=[0m2
[2m2026-09-06T14:54:32.372311Z[0m [34mDEBUG[0m [1mws[0m[1m{[0m[3mid[0m[2m=[0m0[1m}[0m[2m:[0m [2mmoq_net::lite::publisher[0m[2m:[0m serving group [3msubscribe[0m[2m=[0m0 [3mtrack[0m[2m=[0msessions.json [3msequence[0m[2m=[0m3
[2m2026-09-06T14:54:32.388451Z[0m [34mDEBUG[0m [1mconn[0m[1m{[0m[3mid[0m[2m=[0m1[1m}[0m[2m:[0m [2mmoq_net::lite::publisher[0m[2m:[0m serving group [3msubscribe[0m[2m=[0m1 [3mtrack[0m[2m=[0maudio [3msequence[0m[2m=[0m28
[2m2026-09-06T14:54:32.388946Z[0m [34mDEBUG[0m [1mconn[0m[1m{[0m[3mid[0m[2m=[0m1[1m}[0m[2m:[0m [2mmoq_net::lite::publisher[0m[2m:[0m finished group [3msequence[0m[2m=[0m28
[2m2026-09-06T14:54:32.407625Z[0m [34mDEBUG[0m [1mconn[0m[1m{[0m[3mid[0m[2m=[0m1[1m}[0m[2m:[0m [2mmoq_net::lite::publisher[0m[2m:[0m serving group [3msubscribe[0m[2m=[0m1 [3mtrack[0m[2m=[0maudio [3msequence[0m[2m=[0m29
[2m2026-09-06T14:54:32.409195Z[0m [34mDEBUG[0m [1mconn[0m[1m{[0m[3mid[0m[2m=[0m1[1m}[0m[2m:[0m [2mmoq_net::lite::publisher[0m[2m:[0m finished group [3msequence[0m[2m=[0m29
[2m2026-09-06T14:54:32.427606Z[0m [34mDEBUG[0m [1mconn[0m[1m{[0m[3mid[0m[2m=[0m1[1m}[0m[2m:[0m [2mmoq_net::lite::publisher[0m[2m:[0m serving group [3msubscribe[0m[2m=[0m1 [3mtrack[0m[2m=[0maudio [3msequence[0m[2m=[0m30
[2m2026-09-06T14:54:32.429275Z[0m [34mDEBUG[0m [1mconn[0m[1m{[0m[3mid[0m[2m=[0m1[1m}[0m[2m:[0m [2mmoq_net::lite::publisher[0m[2m:[0m finished group [3msequence[0m[2m=[0m30
[2m2026-09-06T14:54:32.447632Z[0m [34mDEBUG[0m [1mconn[0m[1m{[0m[3mid[0m[2m=[0m1[1m}[0m[2m:[0m [2mmoq_net::lite::publisher[0m[2m:[0m serving group [3msubscribe[0m[2m=[0m1 [3mtrack[0m[2m=[0maudio [3msequence[0m[2m=[0m31
[2m2026-09-06T14:54:32.449296Z[0m [34mDEBUG[0m [1mconn[0m[1m{[0m[3mid[0m[2m=[0m1[1m}[0m[2m:[0m [2mmoq_net::lite::publisher[0m[2m:[0m finished group [3msequence[0m[2m=[0m31
[2m2026-09-06T14:54:32.527392Z[0m [34mDEBUG[0m [1mconn[0m[1m{[0m[3mid[0m[2m=[0m1[1m}[0m[2m:[0m [2mmoq_net::lite::publisher[0m[2m:[0m serving group [3msubscribe[0m[2m=[0m1 [3mtrack[0m[2m=[0maudio [3msequence[0m[2m=[0m32
[2m2026-09-06T14:54:32.528948Z[0m [34mDEBUG[0m [1mconn[0m[1m{[0m[3mid[0m[2m=[0m1[1m}[0m[2m:[0m [2mmoq_net::lite::publisher[0m[2m:[0m finished group [3msequence[0m[2m=[0m32
[2m2026-09-06T14:54:32.547556Z[0m [34mDEBUG[0m [1mconn[0m[1m{[0m[3mid[0m[2m=[0m1[1m}[0m[2m:[0m [2mmoq_net::lite::publisher[0m[2m:[0m serving group [3msubscribe[0m[2m=[0m1 [3mtrack[0m[2m=[0maudio [3msequence[0m[2m=[0m33
[2m2026-09-06T14:54:32.548902Z[0m [34mDEBUG[0m [1mconn[0m[1m{[0m[3mid[0m[2m=[0m1[1m}[0m[2m:[0m [2mmoq_net::lite::publisher[0m[2m:[0m finished group [3msequence[0m[2m=[0m33
[2m2026-09-06T14:54:32.567385Z[0m [34mDEBUG[0m [1mconn[0m[1m{[0m[3mid[0m[2m=[0m1[1m}[0m[2m:[0m [2mmoq_net::lite::publisher[0m[2m:[0m serving group [3msubscribe[0m[2m=[0m1 [3mtrack[0m[2m=[0maudio [3msequence[0m[2m=[0m34
[2m2026-09-06T14:54:32.568781Z[0m [34mDEBUG[0m [1mconn[0m[1m{[0m[3mid[0m[2m=[0m1[1m}[0m[2m:[0m [2mmoq_net::lite::publisher[0m[2m:[0m finished group [3msequence[0m[2m=[0m34
[2m2026-09-06T14:54:32.587952Z[0m [34mDEBUG[0m [1mconn[0m[1m{[0m[3mid[0m[2m=[0m1[1m}[0m[2m:[0m [2mmoq_net::lite::publisher[0m[2m:[0m serving group [3msubscribe[0m[2m=[0m1 [3mtrack[0m[2m=[0maudio [3msequence[0m[2m=[0m35
[2m2026-09-06T14:54:32.589574Z[0m [34mDEBUG[0m [1mconn[0m[1m{[0m[3mid[0m[2m=[0m1[1m}[0m[2m:[0m [2mmoq_net::lite::publisher[0m[2m:[0m finished group [3msequence[0m[2m=[0m35
[2m2026-09-06T14:54:32.607282Z[0m [34mDEBUG[0m [1mconn[0m[1m{[0m[3mid[0m[2m=[0m1[1m}[0m[2m:[0m [2mmoq_net::lite::publisher[0m[2m:[0m serving group [3msubscribe[0m[2m=[0m1 [3mtrack[0m[2m=[0maudio [3msequence[0m[2m=[0m36
[2m2026-09-06T14:54:32.608828Z[0m [34mDEBUG[0m [1mconn[0m[1m{[0m[3mid[0m[2m=[0m1[1m}[0m[2m:[0m [2mmoq_net::lite::publisher[0m[2m:[0m finished group [3msequence[0m[2m=[0m36
[2m2026-09-06T14:54:32.627434Z[0m [34mDEBUG[0m [1mconn[0m[1m{[0m[3mid[0m[2m=[0m1[1m}[0m[2m:[0m [2mmoq_net::lite::publisher[0m[2m:[0m serving group [3msubscribe[0m[2m=[0m1 [3mtrack[0m[2m=[0maudio [3msequence[0m[2m=[0m37
[2m2026-09-06T14:54:32.628898Z[0m [34mDEBUG[0m [1mconn[0m[1m{[0m[3mid[0m[2m=[0m1[1m}[0m[2m:[0m [2mmoq_net::lite::publisher[0m[2m:[0m finished group [3msequence[0m[2m=[0m37
[2m2026-09-06T14:54:32.647227Z[0m [34mDEBUG[0m [1mconn[0m[1m{[0m[3mid[0m[2m=[0m1[1m}[0m[2m:[0m [2mmoq_net::lite::publisher[0m[2m:[0m serving group [3msubscribe[0m[2m=[0m1 [3mtrack[0m[2m=[0maudio [3msequence[0m[2m=[0m38
[2m2026-09-06T14:54:32.648750Z[0m [34mDEBUG[0m [1mconn[0m[1m{[0m[3mid[0m[2m=[0m1[1m}[0m[2m:[0m [2mmoq_net::lite::publisher[0m[2m:[0m finished group [3msequence[0m[2m=[0m38
[2m2026-09-06T14:54:32.667413Z[0m [34mDEBUG[0m [1mconn[0m[1m{[0m[3mid[0m[2m=[0m1[1m}[0m[2m:[0m [2mmoq_net::lite::publisher[0m[2m:[0m serving group [3msubscribe[0m[2m=[0m1 [3mtrack[0m[2m=[0maudio [3msequence[0m[2m=[0m39
[2m2026-09-06T14:54:32.668829Z[0m [34mDEBUG[0m [1mconn[0m[1m{[0m[3mid[0m[2m=[0m1[1m}[0m[2m:[0m [2mmoq_net::lite::publisher[0m[2m:[0m finished group [3msequence[0m[2m=[0m39
[2m2026-09-06T14:54:32.687339Z[0m [34mDEBUG[0m [1mconn[0m[1m{[0m[3mid[0m[2m=[0m1[1m}[0m[2m:[0m [2mmoq_net::lite::publisher[0m[2m:[0m serving group [3msubscribe[0m[2m=[0m1 [3mtrack[0m[2m=[0maudio [3msequence[0m[2m=[0m40
[2m2026-09-06T14:54:32.689122Z[0m [34mDEBUG[0m [1mconn[0m[1m{[0m[3mid[0m[2m=[0m1[1m}[0m[2m:[0m [2mmoq_net::lite::publisher[0m[2m:[0m finished group [3msequence[0m[2m=[0m40
[2m2026-09-06T14:54:32.707917Z[0m [34mDEBUG[0m [1mconn[0m[1m{[0m[3mid[0m[2m=[0m1[1m}[0m[2m:[0m [2mmoq_net::lite::publisher[0m[2m:[0m serving group [3msubscribe[0m[2m=[0m1 [3mtrack[0m[2m=[0maudio [3msequence[0m[2m=[0m41
[2m2026-09-06T14:54:32.709482Z[0m [34mDEBUG[0m [1mconn[0m[1m{[0m[3mid[0m[2m=[0m1[1m}[0m[2m:[0m [2mmoq_net::lite::publisher[0m[2m:[0m finished group [3msequence[0m[2m=[0m41
[2m2026-09-06T14:54:32.727480Z[0m [34mDEBUG[0m [1mconn[0m[1m{[0m[3mid[0m[2m=[0m1[1m}[0m[2m:[0m [2mmoq_net::lite::publisher[0m[2m:[0m serving group [3msubscribe[0m[2m=[0m1 [3mtrack[0m[2m=[0maudio [3msequence[0m[2m=[0m42
[2m2026-09-06T14:54:32.728992Z[0m [34mDEBUG[0m [1mconn[0m[1m{[0m[3mid[0m[2m=[0m1[1m}[0m[2m:[0m [2mmoq_net::lite::publisher[0m[2m:[0m finished group [3msequence[0m[2m=[0m42
[2m2026-09-06T14:54:32.747264Z[0m [34mDEBUG[0m [1mconn[0m[1m{[0m[3mid[0m[2m=[0m1[1m}[0m[2m:[0m [2mmoq_net::lite::publisher[0m[2m:[0m serving group [3msubscribe[0m[2m=[0m1 [3mtrack[0m[2m=[0maudio [3msequence[0m[2m=[0m43
[2m2026-09-06T14:54:32.748802Z[0m [34mDEBUG[0m [1mconn[0m[1m{[0m[3mid[0m[2m=[0m1[1m}[0m[2m:[0m [2mmoq_net::lite::publisher[0m[2m:[0m finished group [3msequence[0m[2m=[0m43
[2m2026-09-06T14:54:32.767401Z[0m [34mDEBUG[0m [1mconn[0m[1m{[0m[3mid[0m[2m=[0m1[1m}[0m[2m:[0m [2mmoq_net::lite::publisher[0m[2m:[0m serving group [3msubscribe[0m[2m=[0m1 [3mtrack[0m[2m=[0maudio [3msequence[0m[2m=[0m44
[2m2026-09-06T14:54:32.768766Z[0m [34mDEBUG[0m [1mconn[0m[1m{[0m[3mid[0m[2m=[0m1[1m}[0m[2m:[0m [2mmoq_net::lite::publisher[0m[2m:[0m finished group [3msequence[0m[2m=[0m44
[2m2026-09-06T14:54:32.787173Z[0m [34mDEBUG[0m [1mconn[0m[1m{[0m[3mid[0m[2m=[0m1[1m}[0m[2m:[0m [2mmoq_net::lite::publisher[0m[2m:[0m serving group [3msubscribe[0m[2m=[0m1 [3mtrack[0m[2m=[0maudio [3msequence[0m[2m=[0m45
[2m2026-09-06T14:54:32.788760Z[0m [34mDEBUG[0m [1mconn[0m[1m{[0m[3mid[0m[2m=[0m1[1m}[0m[2m:[0m [2mmoq_net::lite::publisher[0m[2m:[0m finished group [3msequence[0m[2m=[0m45
[2m2026-09-06T14:54:32.807268Z[0m [34mDEBUG[0m [1mconn[0m[1m{[0m[3mid[0m[2m=[0m1[1m}[0m[2m:[0m [2mmoq_net::lite::publisher[0m[2m:[0m serving group [3msubscribe[0m[2m=[0m1 [3mtrack[0m[2m=[0maudio [3msequence[0m[2m=[0m46
[2m2026-09-06T14:54:32.807533Z[0m [34mDEBUG[0m [1mconn[0m[1m{[0m[3mid[0m[2m=[0m1[1m}[0m[2m:[0m [2mmoq_net::lite::publisher[0m[2m:[0m finished group [3msequence[0m[2m=[0m46
[2m2026-09-06T14:54:32.827234Z[0m [34mDEBUG[0m [1mconn[0m[1m{[0m[3mid[0m[2m=[0m1[1m}[0m[2m:[0m [2mmoq_net::lite::publisher[0m[2m:[0m serving group [3msubscribe[0m[2m=[0m1 [3mtrack[0m[2m=[0maudio [3msequence[0m[2m=[0m47
[2m2026-09-06T14:54:32.828830Z[0m [34mDEBUG[0m [1mconn[0m[1m{[0m[3mid[0m[2m=[0m1[1m}[0m[2m:[0m [2mmoq_net::lite::publisher[0m[2m:[0m finished group [3msequence[0m[2m=[0m47
[2m2026-09-06T14:54:32.847476Z[0m [34mDEBUG[0m [1mconn[0m[1m{[0m[3mid[0m[2m=[0m1[1m}[0m[2m:[0m [2mmoq_net::lite::publisher[0m[2m:[0m serving group [3msubscribe[0m[2m=[0m1 [3mtrack[0m[2m=[0maudio [3msequence[0m[2m=[0m48
[2m2026-09-06T14:54:32.848855Z[0m [34mDEBUG[0m [1mconn[0m[1m{[0m[3mid[0m[2m=[0m1[1m}[0m[2m:[0m [2mmoq_net::lite::publisher[0m[2m:[0m finished group [3msequence[0m[2m=[0m48
[2m2026-09-06T14:54:32.867649Z[0m [34mDEBUG[0m [1mconn[0m[1m{[0m[3mid[0m[2m=[0m1[1m}[0m[2m:[0m [2mmoq_net::lite::publisher[0m[2m:[0m serving group [3msubscribe[0m[2m=[0m1 [3mtrack[0m[2m=[0maudio [3msequence[0m[2m=[0m49
[2m2026-09-06T14:54:32.869375Z[0m [34mDEBUG[0m [1mconn[0m[1m{[0m[3mid[0m[2m=[0m1[1m}[0m[2m:[0m [2mmoq_net::lite::publisher[0m[2m:[0m finished group [3msequence[0m[2m=[0m49
[2m2026-09-06T14:54:32.887679Z[0m [34mDEBUG[0m [1mconn[0m[1m{[0m[3mid[0m[2m=[0m1[1m}[0m[2m:[0m [2mmoq_net::lite::publisher[0m[2m:[0m serving group [3msubscribe[0m[2m=[0m1 [3mtrack[0m[2m=[0maudio [3msequence[0m[2m=[0m50
[2m2026-09-06T14:54:32.889764Z[0m [34mDEBUG[0m [1mconn[0m[1m{[0m[3mid[0m[2m=[0m1[1m}[0m[2m:[0m [2mmoq_net::lite::publisher[0m[2m:[0m finished group [3msequence[0m[2m=[0m50
[2m2026-09-06T14:54:32.908058Z[0m [34mDEBUG[0m [1mconn[0m[1m{[0m[3mid[0m[2m=[0m1[1m}[0m[2m:[0m [2mmoq_net::lite::publisher[0m[2m:[0m serving group [3msubscribe[0m[2m=[0m1 [3mtrack[0m[2m=[0maudio [3msequence[0m[2m=[0m51
[2m2026-09-06T14:54:32.909648Z[0m [34mDEBUG[0m [1mconn[0m[1m{[0m[3mid[0m[2m=[0m1[1m}[0m[2m:[0m [2mmoq_net::lite::publisher[0m[2m:[0m finished group [3msequence[0m[2m=[0m51
[2m2026-09-06T14:54:32.927316Z[0m [34mDEBUG[0m [1mconn[0m[1m{[0m[3mid[0m[2m=[0m1[1m}[0m[2m:[0m [2mmoq_net::lite::publisher[0m[2m:[0m serving group [3msubscribe[0m[2m=[0m1 [3mtrack[0m[2m=[0maudio [3msequence[0m[2m=[0m52
[2m2026-09-06T14:54:32.928901Z[0m [34mDEBUG[0m [1mconn[0m[1m{[0m[3mid[0m[2m=[0m1[1m}[0m[2m:[0m [2mmoq_net::lite::publisher[0m[2m:[0m finished group [3msequence[0m[2m=[0m52
[2m2026-09-06T14:54:32.947374Z[0m [34mDEBUG[0m [1mconn[0m[1m{[0m[3mid[0m[2m=[0m1[1m}[0m[2m:[0m [2mmoq_net::lite::publisher[0m[2m:[0m serving group [3msubscribe[0m[2m=[0m1 [3mtrack[0m[2m=[0maudio [3msequence[0m[2m=[0m53
[2m2026-09-06T14:54:32.948978Z[0m [34mDEBUG[0m [1mconn[0m[1m{[0m[3mid[0m[2m=[0m1[1m}[0m[2m:[0m [2mmoq_net::lite::publisher[0m[2m:[0m finished group [3msequence[0m[2m=[0m53
[2m2026-09-06T14:54:32.967345Z[0m [34mDEBUG[0m [1mconn[0m[1m{[0m[3mid[0m[2m=[0m1[1m}[0m[2m:[0m [2mmoq_net::lite::publisher[0m[2m:[0m serving group [3msubscribe[0m[2m=[0m1 [3mtrack[0m[2m=[0maudio [3msequence[0m[2m=[0m54
[2m2026-09-06T14:54:32.968997Z[0m [34mDEBUG[0m [1mconn[0m[1m{[0m[3mid[0m[2m=[0m1[1m}[0m[2m:[0m [2mmoq_net::lite::publisher[0m[2m:[0m finished group [3msequence[0m[2m=[0m54
[2m2026-09-06T14:54:32.987238Z[0m [34mDEBUG[0m [1mconn[0m[1m{[0m[3mid[0m[2m=[0m1[1m}[0m[2m:[0m [2mmoq_net::lite::publisher[0m[2m:[0m serving group [3msubscribe[0m[2m=[0m1 [3mtrack[0m[2m=[0maudio [3msequence[0m[2m=[0m55
[2m2026-09-06T14:54:32.988640Z[0m [34mDEBUG[0m [1mconn[0m[1m{[0m[3mid[0m[2m=[0m1[1m}[0m[2m:[0m [2mmoq_net::lite::publisher[0m[2m:[0m finished group [3msequence[0m[2m=[0m55
[2m2026-09-06T14:54:33.007812Z[0m [34mDEBUG[0m [1mconn[0m[1m{[0m[3mid[0m[2m=[0m1[1m}[0m[2m:[0m [2mmoq_net::lite::publisher[0m[2m:[0m serving group [3msubscribe[0m[2m=[0m1 [3mtrack[0m[2m=[0maudio [3msequence[0m[2m=[0m56
[2m2026-09-06T14:54:33.009491Z[0m [34mDEBUG[0m [1mconn[0m[1m{[0m[3mid[0m[2m=[0m1[1m}[0m[2m:[0m [2mmoq_net::lite::publisher[0m[2m:[0m finished group [3msequence[0m[2m=[0m56
[2m2026-09-06T14:54:33.027526Z[0m [34mDEBUG[0m [1mconn[0m[1m{[0m[3mid[0m[2m=[0m1[1m}[0m[2m:[0m [2mmoq_net::lite::publisher[0m[2m:[0m serving group [3msubscribe[0m[2m=[0m1 [3mtrack[0m[2m=[0maudio [3msequence[0m[2m=[0m57
[2m2026-09-06T14:54:33.028961Z[0m [34mDEBUG[0m [1mconn[0m[1m{[0m[3mid[0m[2m=[0m1[1m}[0m[2m:[0m [2mmoq_net::lite::publisher[0m[2m:[0m finished group [3msequence[0m[2m=[0m57
[2m2026-09-06T14:54:33.047677Z[0m [34mDEBUG[0m [1mconn[0m[1m{[0m[3mid[0m[2m=[0m1[1m}[0m[2m:[0m [2mmoq_net::lite::publisher[0m[2m:[0m serving group [3msubscribe[0m[2m=[0m1 [3mtrack[0m[2m=[0maudio [3msequence[0m[2m=[0m58
[2m2026-09-06T14:54:33.049341Z[0m [34mDEBUG[0m [1mconn[0m[1m{[0m[3mid[0m[2m=[0m1[1m}[0m[2m:[0m [2mmoq_net::lite::publisher[0m[2m:[0m finished group [3msequence[0m[2m=[0m58
[2m2026-09-06T14:54:33.067664Z[0m [34mDEBUG[0m [1mconn[0m[1m{[0m[3mid[0m[2m=[0m1[1m}[0m[2m:[0m [2mmoq_net::lite::publisher[0m[2m:[0m serving group [3msubscribe[0m[2m=[0m1 [3mtrack[0m[2m=[0maudio [3msequence[0m[2m=[0m59
[2m2026-09-06T14:54:33.069327Z[0m [34mDEBUG[0m [1mconn[0m[1m{[0m[3mid[0m[2m=[0m1[1m}[0m[2m:[0m [2mmoq_net::lite::publisher[0m[2m:[0m finished group [3msequence[0m[2m=[0m59
[2m2026-09-06T14:54:33.087831Z[0m [34mDEBUG[0m [1mconn[0m[1m{[0m[3mid[0m[2m=[0m1[1m}[0m[2m:[0m [2mmoq_net::lite::publisher[0m[2m:[0m serving group [3msubscribe[0m[2m=[0m1 [3mtrack[0m[2m=[0maudio [3msequence[0m[2m=[0m60
[2m2026-09-06T14:54:33.089885Z[0m [34mDEBUG[0m [1mconn[0m[1m{[0m[3mid[0m[2m=[0m1[1m}[0m[2m:[0m [2mmoq_net::lite::publisher[0m[2m:[0m finished group [3msequence[0m[2m=[0m60
[2m2026-09-06T14:54:33.108164Z[0m [34mDEBUG[0m [1mconn[0m[1m{[0m[3mid[0m[2m=[0m1[1m}[0m[2m:[0m [2mmoq_net::lite::publisher[0m[2m:[0m serving group [3msubscribe[0m[2m=[0m1 [3mtrack[0m[2m=[0maudio [3msequence[0m[2m=[0m61
[2m2026-09-06T14:54:33.109749Z[0m [34mDEBUG[0m [1mconn[0m[1m{[0m[3mid[0m[2m=[0m1[1m}[0m[2m:[0m [2mmoq_net::lite::publisher[0m[2m:[0m finished group [3msequence[0m[2m=[0m61
[2m2026-09-06T14:54:33.127483Z[0m [34mDEBUG[0m [1mconn[0m[1m{[0m[3mid[0m[2m=[0m1[1m}[0m[2m:[0m [2mmoq_net::lite::publisher[0m[2m:[0m serving group [3msubscribe[0m[2m=[0m1 [3mtrack[0m[2m=[0maudio [3msequence[0m[2m=[0m62
[2m2026-09-06T14:54:33.128916Z[0m [34mDEBUG[0m [1mconn[0m[1m{[0m[3mid[0m[2m=[0m1[1m}[0m[2m:[0m [2mmoq_net::lite::publisher[0m[2m:[0m finished group [3msequence[0m[2m=[0m62
[2m2026-09-06T14:54:33.147771Z[0m [34mDEBUG[0m [1mconn[0m[1m{[0m[3mid[0m[2m=[0m1[1m}[0m[2m:[0m [2mmoq_net::lite::publisher[0m[2m:[0m serving group [3msubscribe[0m[2m=[0m1 [3mtrack[0m[2m=[0maudio [3msequence[0m[2m=[0m63
[2m2026-09-06T14:54:33.149440Z[0m [34mDEBUG[0m [1mconn[0m[1m{[0m[3mid[0m[2m=[0m1[1m}[0m[2m:[0m [2mmoq_net::lite::publisher[0m[2m:[0m finished group [3msequence[0m[2m=[0m63
[2m2026-09-06T14:54:33.167474Z[0m [34mDEBUG[0m [1mconn[0m[1m{[0m[3mid[0m[2m=[0m1[1m}[0m[2m:[0m [2mmoq_net::lite::publisher[0m[2m:[0m serving group [3msubscribe[0m[2m=[0m1 [3mtrack[0m[2m=[0maudio [3msequence[0m[2m=[0m64
[2m2026-09-06T14:54:33.168893Z[0m [34mDEBUG[0m [1mconn[0m[1m{[0m[3mid[0m[2m=[0m1[1m}[0m[2m:[0m [2mmoq_net::lite::publisher[0m[2m:[0m finished group [3msequence[0m[2m=[0m64
[2m2026-09-06T14:54:33.187969Z[0m [34mDEBUG[0m [1mconn[0m[1m{[0m[3mid[0m[2m=[0m1[1m}[0m[2m:[0m [2mmoq_net::lite::publisher[0m[2m:[0m serving group [3msubscribe[0m[2m=[0m1 [3mtrack[0m[2m=[0maudio [3msequence[0m[2m=[0m65
[2m2026-09-06T14:54:33.189583Z[0m [34mDEBUG[0m [1mconn[0m[1m{[0m[3mid[0m[2m=[0m1[1m}[0m[2m:[0m [2mmoq_net::lite::publisher[0m[2m:[0m finished group [3msequence[0m[2m=[0m65
[2m2026-09-06T14:54:33.207768Z[0m [34mDEBUG[0m [1mconn[0m[1m{[0m[3mid[0m[2m=[0m1[1m}[0m[2m:[0m [2mmoq_net::lite::publisher[0m[2m:[0m serving group [3msubscribe[0m[2m=[0m1 [3mtrack[0m[2m=[0maudio [3msequence[0m[2m=[0m66
[2m2026-09-06T14:54:33.209342Z[0m [34mDEBUG[0m [1mconn[0m[1m{[0m[3mid[0m[2m=[0m1[1m}[0m[2m:[0m [2mmoq_net::lite::publisher[0m[2m:[0m finished group [3msequence[0m[2m=[0m66
[2m2026-09-06T14:54:33.227783Z[0m [34mDEBUG[0m [1mconn[0m[1m{[0m[3mid[0m[2m=[0m1[1m}[0m[2m:[0m [2mmoq_net::lite::publisher[0m[2m:[0m serving group [3msubscribe[0m[2m=[0m1 [3mtrack[0m[2m=[0maudio [3msequence[0m[2m=[0m67
[2m2026-09-06T14:54:33.229574Z[0m [34mDEBUG[0m [1mconn[0m[1m{[0m[3mid[0m[2m=[0m1[1m}[0m[2m:[0m [2mmoq_net::lite::publisher[0m[2m:[0m finished group [3msequence[0m[2m=[0m67
[2m2026-09-06T14:54:33.248106Z[0m [34mDEBUG[0m [1mconn[0m[1m{[0m[3mid[0m[2m=[0m1[1m}[0m[2m:[0m [2mmoq_net::lite::publisher[0m[2m:[0m serving group [3msubscribe[0m[2m=[0m1 [3mtrack[0m[2m=[0maudio [3msequence[0m[2m=[0m68
[2m2026-09-06T14:54:33.249778Z[0m [34mDEBUG[0m [1mconn[0m[1m{[0m[3mid[0m[2m=[0m1[1m}[0m[2m:[0m [2mmoq_net::lite::publisher[0m[2m:[0m finished group [3msequence[0m[2m=[0m68
[2m2026-09-06T14:54:33.267561Z[0m [34mDEBUG[0m [1mconn[0m[1m{[0m[3mid[0m[2m=[0m1[1m}[0m[2m:[0m [2mmoq_net::lite::publisher[0m[2m:[0m serving group [3msubscribe[0m[2m=[0m1 [3mtrack[0m[2m=[0maudio [3msequence[0m[2m=[0m69
[2m2026-09-06T14:54:33.269130Z[0m [34mDEBUG[0m [1mconn[0m[1m{[0m[3mid[0m[2m=[0m1[1m}[0m[2m:[0m [2mmoq_net::lite::publisher[0m[2m:[0m finished group [3msequence[0m[2m=[0m69
[2m2026-09-06T14:54:33.287428Z[0m [34mDEBUG[0m [1mconn[0m[1m{[0m[3mid[0m[2m=[0m1[1m}[0m[2m:[0m [2mmoq_net::lite::publisher[0m[2m:[0m serving group [3msubscribe[0m[2m=[0m1 [3mtrack[0m[2m=[0maudio [3msequence[0m[2m=[0m70
[2m2026-09-06T14:54:33.289110Z[0m [34mDEBUG[0m [1mconn[0m[1m{[0m[3mid[0m[2m=[0m1[1m}[0m[2m:[0m [2mmoq_net::lite::publisher[0m[2m:[0m finished group [3msequence[0m[2m=[0m70
[2m2026-09-06T14:54:33.307734Z[0m [34mDEBUG[0m [1mconn[0m[1m{[0m[3mid[0m[2m=[0m1[1m}[0m[2m:[0m [2mmoq_net::lite::publisher[0m[2m:[0m serving group [3msubscribe[0m[2m=[0m1 [3mtrack[0m[2m=[0maudio [3msequence[0m[2m=[0m71
[2m2026-09-06T14:54:33.309289Z[0m [34mDEBUG[0m [1mconn[0m[1m{[0m[3mid[0m[2m=[0m1[1m}[0m[2m:[0m [2mmoq_net::lite::publisher[0m[2m:[0m finished group [3msequence[0m[2m=[0m71
[2m2026-09-06T14:54:33.327916Z[0m [34mDEBUG[0m [1mconn[0m[1m{[0m[3mid[0m[2m=[0m1[1m}[0m[2m:[0m [2mmoq_net::lite::publisher[0m[2m:[0m serving group [3msubscribe[0m[2m=[0m1 [3mtrack[0m[2m=[0maudio [3msequence[0m[2m=[0m72
[2m2026-09-06T14:54:33.329559Z[0m [34mDEBUG[0m [1mconn[0m[1m{[0m[3mid[0m[2m=[0m1[1m}[0m[2m:[0m [2mmoq_net::lite::publisher[0m[2m:[0m finished group [3msequence[0m[2m=[0m72
[2m2026-09-06T14:54:33.347358Z[0m [34mDEBUG[0m [1mconn[0m[1m{[0m[3mid[0m[2m=[0m1[1m}[0m[2m:[0m [2mmoq_net::lite::publisher[0m[2m:[0m serving group [3msubscribe[0m[2m=[0m1 [3mtrack[0m[2m=[0maudio [3msequence[0m[2m=[0m73
[2m2026-09-06T14:54:33.348805Z[0m [34mDEBUG[0m [1mconn[0m[1m{[0m[3mid[0m[2m=[0m1[1m}[0m[2m:[0m [2mmoq_net::lite::publisher[0m[2m:[0m finished group [3msequence[0m[2m=[0m73
[2m2026-09-06T14:54:33.367938Z[0m [34mDEBUG[0m [1mconn[0m[1m{[0m[3mid[0m[2m=[0m1[1m}[0m[2m:[0m [2mmoq_net::lite::publisher[0m[2m:[0m serving group [3msubscribe[0m[2m=[0m1 [3mtrack[0m[2m=[0maudio [3msequence[0m[2m=[0m74
[2m2026-09-06T14:54:33.369510Z[0m [34mDEBUG[0m [1mconn[0m[1m{[0m[3mid[0m[2m=[0m1[1m}[0m[2m:[0m [2mmoq_net::lite::publisher[0m[2m:[0m finished group [3msequence[0m[2m=[0m74
[2m2026-09-06T14:54:33.372280Z[0m [34mDEBUG[0m [1mws[0m[1m{[0m[3mid[0m[2m=[0m0[1m}[0m[2m:[0m [2mmoq_net::lite::publisher[0m[2m:[0m serving group [3msubscribe[0m[2m=[0m2 [3mtrack[0m[2m=[0mpublisher.json [3msequence[0m[2m=[0m3
[2m2026-09-06T14:54:33.372414Z[0m [34mDEBUG[0m [1mws[0m[1m{[0m[3mid[0m[2m=[0m0[1m}[0m[2m:[0m [2mmoq_net::lite::publisher[0m[2m:[0m serving group [3msubscribe[0m[2m=[0m1 [3mtrack[0m[2m=[0msubscriber.json [3msequence[0m[2m=[0m3
[2m2026-09-06T14:54:33.388004Z[0m [34mDEBUG[0m [1mconn[0m[1m{[0m[3mid[0m[2m=[0m1[1m}[0m[2m:[0m [2mmoq_net::lite::publisher[0m[2m:[0m serving group [3msubscribe[0m[2m=[0m1 [3mtrack[0m[2m=[0maudio [3msequence[0m[2m=[0m75
[2m2026-09-06T14:54:33.389631Z[0m [34mDEBUG[0m [1mconn[0m[1m{[0m[3mid[0m[2m=[0m1[1m}[0m[2m:[0m [2mmoq_net::lite::publisher[0m[2m:[0m finished group [3msequence[0m[2m=[0m75
[2m2026-09-06T14:54:33.407834Z[0m [34mDEBUG[0m [1mconn[0m[1m{[0m[3mid[0m[2m=[0m1[1m}[0m[2m:[0m [2mmoq_net::lite::publisher[0m[2m:[0m serving group [3msubscribe[0m[2m=[0m1 [3mtrack[0m[2m=[0maudio [3msequence[0m[2m=[0m76
[2m2026-09-06T14:54:33.409575Z[0m [34mDEBUG[0m [1mconn[0m[1m{[0m[3mid[0m[2m=[0m1[1m}[0m[2m:[0m [2mmoq_net::lite::publisher[0m[2m:[0m finished group [3msequence[0m[2m=[0m76
[2m2026-09-06T14:54:33.427247Z[0m [34mDEBUG[0m [1mconn[0m[1m{[0m[3mid[0m[2m=[0m1[1m}[0m[2m:[0m [2mmoq_net::lite::publisher[0m[2m:[0m serving group [3msubscribe[0m[2m=[0m1 [3mtrack[0m[2m=[0maudio [3msequence[0m[2m=[0m77
[2m2026-09-06T14:54:33.428790Z[0m [34mDEBUG[0m [1mconn[0m[1m{[0m[3mid[0m[2m=[0m1[1m}[0m[2m:[0m [2mmoq_net::lite::publisher[0m[2m:[0m finished group [3msequence[0m[2m=[0m77
[2m2026-09-06T14:54:33.447347Z[0m [34mDEBUG[0m [1mconn[0m[1m{[0m[3mid[0m[2m=[0m1[1m}[0m[2m:[0m [2mmoq_net::lite::publisher[0m[2m:[0m serving group [3msubscribe[0m[2m=[0m1 [3mtrack[0m[2m=[0maudio [3msequence[0m[2m=[0m78
[2m2026-09-06T14:54:33.448901Z[0m [34mDEBUG[0m [1mconn[0m[1m{[0m[3mid[0m[2m=[0m1[1m}[0m[2m:[0m [2mmoq_net::lite::publisher[0m[2m:[0m finished group [3msequence[0m[2m=[0m78
[2m2026-09-06T14:54:33.527291Z[0m [34mDEBUG[0m [1mconn[0m[1m{[0m[3mid[0m[2m=[0m1[1m}[0m[2m:[0m [2mmoq_net::lite::publisher[0m[2m:[0m serving group [3msubscribe[0m[2m=[0m1 [3mtrack[0m[2m=[0maudio [3msequence[0m[2m=[0m79
[2m2026-09-06T14:54:33.528791Z[0m [34mDEBUG[0m [1mconn[0m[1m{[0m[3mid[0m[2m=[0m1[1m}[0m[2m:[0m [2mmoq_net::lite::publisher[0m[2m:[0m finished group [3msequence[0m[2m=[0m79
[2m2026-09-06T14:54:33.547878Z[0m [34mDEBUG[0m [1mconn[0m[1m{[0m[3mid[0m[2m=[0m1[1m}[0m[2m:[0m [2mmoq_net::lite::publisher[0m[2m:[0m serving group [3msubscribe[0m[2m=[0m1 [3mtrack[0m[2m=[0maudio [3msequence[0m[2m=[0m80
[2m2026-09-06T14:54:33.549577Z[0m [34mDEBUG[0m [1mconn[0m[1m{[0m[3mid[0m[2m=[0m1[1m}[0m[2m:[0m [2mmoq_net::lite::publisher[0m[2m:[0m finished group [3msequence[0m[2m=[0m80
[2m2026-09-06T14:54:33.567488Z[0m [34mDEBUG[0m [1mconn[0m[1m{[0m[3mid[0m[2m=[0m1[1m}[0m[2m:[0m [2mmoq_net::lite::publisher[0m[2m:[0m serving group [3msubscribe[0m[2m=[0m1 [3mtrack[0m[2m=[0maudio [3msequence[0m[2m=[0m81
[2m2026-09-06T14:54:33.568887Z[0m [34mDEBUG[0m [1mconn[0m[1m{[0m[3mid[0m[2m=[0m1[1m}[0m[2m:[0m [2mmoq_net::lite::publisher[0m[2m:[0m finished group [3msequence[0m[2m=[0m81
[2m2026-09-06T14:54:33.588056Z[0m [34mDEBUG[0m [1mconn[0m[1m{[0m[3mid[0m[2m=[0m1[1m}[0m[2m:[0m [2mmoq_net::lite::publisher[0m[2m:[0m serving group [3msubscribe[0m[2m=[0m1 [3mtrack[0m[2m=[0maudio [3msequence[0m[2m=[0m82
[2m2026-09-06T14:54:33.589628Z[0m [34mDEBUG[0m [1mconn[0m[1m{[0m[3mid[0m[2m=[0m1[1m}[0m[2m:[0m [2mmoq_net::lite::publisher[0m[2m:[0m finished group [3msequence[0m[2m=[0m82
[2m2026-09-06T14:54:33.607798Z[0m [34mDEBUG[0m [1mconn[0m[1m{[0m[3mid[0m[2m=[0m1[1m}[0m[2m:[0m [2mmoq_net::lite::publisher[0m[2m:[0m serving group [3msubscribe[0m[2m=[0m1 [3mtrack[0m[2m=[0maudio [3msequence[0m[2m=[0m83
[2m2026-09-06T14:54:33.609445Z[0m [34mDEBUG[0m [1mconn[0m[1m{[0m[3mid[0m[2m=[0m1[1m}[0m[2m:[0m [2mmoq_net::lite::publisher[0m[2m:[0m finished group [3msequence[0m[2m=[0m83
[2m2026-09-06T14:54:33.627427Z[0m [34mDEBUG[0m [1mconn[0m[1m{[0m[3mid[0m[2m=[0m1[1m}[0m[2m:[0m [2mmoq_net::lite::publisher[0m[2m:[0m serving group [3msubscribe[0m[2m=[0m1 [3mtrack[0m[2m=[0maudio [3msequence[0m[2m=[0m84
[2m2026-09-06T14:54:33.628909Z[0m [34mDEBUG[0m [1mconn[0m[1m{[0m[3mid[0m[2m=[0m1[1m}[0m[2m:[0m [2mmoq_net::lite::publisher[0m[2m:[0m finished group [3msequence[0m[2m=[0m84
[2m2026-09-06T14:54:33.647703Z[0m [34mDEBUG[0m [1mconn[0m[1m{[0m[3mid[0m[2m=[0m1[1m}[0m[2m:[0m [2mmoq_net::lite::publisher[0m[2m:[0m serving group [3msubscribe[0m[2m=[0m1 [3mtrack[0m[2m=[0maudio [3msequence[0m[2m=[0m85
[2m2026-09-06T14:54:33.649426Z[0m [34mDEBUG[0m [1mconn[0m[1m{[0m[3mid[0m[2m=[0m1[1m}[0m[2m:[0m [2mmoq_net::lite::publisher[0m[2m:[0m finished group [3msequence[0m[2m=[0m85
[2m2026-09-06T14:54:33.667524Z[0m [34mDEBUG[0m [1mconn[0m[1m{[0m[3mid[0m[2m=[0m1[1m}[0m[2m:[0m [2mmoq_net::lite::publisher[0m[2m:[0m serving group [3msubscribe[0m[2m=[0m1 [3mtrack[0m[2m=[0maudio [3msequence[0m[2m=[0m86
[2m2026-09-06T14:54:33.669068Z[0m [34mDEBUG[0m [1mconn[0m[1m{[0m[3mid[0m[2m=[0m1[1m}[0m[2m:[0m [2mmoq_net::lite::publisher[0m[2m:[0m finished group [3msequence[0m[2m=[0m86
[2m2026-09-06T14:54:33.687335Z[0m [34mDEBUG[0m [1mconn[0m[1m{[0m[3mid[0m[2m=[0m1[1m}[0m[2m:[0m [2mmoq_net::lite::publisher[0m[2m:[0m serving group [3msubscribe[0m[2m=[0m1 [3mtrack[0m[2m=[0maudio [3msequence[0m[2m=[0m87
[2m2026-09-06T14:54:33.688758Z[0m [34mDEBUG[0m [1mconn[0m[1m{[0m[3mid[0m[2m=[0m1[1m}[0m[2m:[0m [2mmoq_net::lite::publisher[0m[2m:[0m finished group [3msequence[0m[2m=[0m87
[2m2026-09-06T14:54:33.707478Z[0m [34mDEBUG[0m [1mconn[0m[1m{[0m[3mid[0m[2m=[0m1[1m}[0m[2m:[0m [2mmoq_net::lite::publisher[0m[2m:[0m serving group [3msubscribe[0m[2m=[0m1 [3mtrack[0m[2m=[0maudio [3msequence[0m[2m=[0m88
[2m2026-09-06T14:54:33.709222Z[0m [34mDEBUG[0m [1mconn[0m[1m{[0m[3mid[0m[2m=[0m1[1m}[0m[2m:[0m [2mmoq_net::lite::publisher[0m[2m:[0m finished group [3msequence[0m[2m=[0m88
[2m2026-09-06T14:54:33.727465Z[0m [34mDEBUG[0m [1mconn[0m[1m{[0m[3mid[0m[2m=[0m1[1m}[0m[2m:[0m [2mmoq_net::lite::publisher[0m[2m:[0m serving group [3msubscribe[0m[2m=[0m1 [3mtrack[0m[2m=[0maudio [3msequence[0m[2m=[0m89
[2m2026-09-06T14:54:33.728976Z[0m [34mDEBUG[0m [1mconn[0m[1m{[0m[3mid[0m[2m=[0m1[1m}[0m[2m:[0m [2mmoq_net::lite::publisher[0m[2m:[0m finished group [3msequence[0m[2m=[0m89
[2m2026-09-06T14:54:33.747563Z[0m [34mDEBUG[0m [1mconn[0m[1m{[0m[3mid[0m[2m=[0m1[1m}[0m[2m:[0m [2mmoq_net::lite::publisher[0m[2m:[0m serving group [3msubscribe[0m[2m=[0m1 [3mtrack[0m[2m=[0maudio [3msequence[0m[2m=[0m90
[2m2026-09-06T14:54:33.749230Z[0m [34mDEBUG[0m [1mconn[0m[1m{[0m[3mid[0m[2m=[0m1[1m}[0m[2m:[0m [2mmoq_net::lite::publisher[0m[2m:[0m finished group [3msequence[0m[2m=[0m90
[2m2026-09-06T14:54:33.767415Z[0m [34mDEBUG[0m [1mconn[0m[1m{[0m[3mid[0m[2m=[0m1[1m}[0m[2m:[0m [2mmoq_net::lite::publisher[0m[2m:[0m serving group [3msubscribe[0m[2m=[0m1 [3mtrack[0m[2m=[0maudio [3msequence[0m[2m=[0m91
[2m2026-09-06T14:54:33.768977Z[0m [34mDEBUG[0m [1mconn[0m[1m{[0m[3mid[0m[2m=[0m1[1m}[0m[2m:[0m [2mmoq_net::lite::publisher[0m[2m:[0m finished group [3msequence[0m[2m=[0m91
[2m2026-09-06T14:54:33.788834Z[0m [34mDEBUG[0m [1mconn[0m[1m{[0m[3mid[0m[2m=[0m1[1m}[0m[2m:[0m [2mmoq_net::lite::publisher[0m[2m:[0m serving group [3msubscribe[0m[2m=[0m1 [3mtrack[0m[2m=[0maudio [3msequence[0m[2m=[0m92
[2m2026-09-06T14:54:33.790456Z[0m [34mDEBUG[0m [1mconn[0m[1m{[0m[3mid[0m[2m=[0m1[1m}[0m[2m:[0m [2mmoq_net::lite::publisher[0m[2m:[0m finished group [3msequence[0m[2m=[0m92
[2m2026-09-06T14:54:33.807454Z[0m [34mDEBUG[0m [1mconn[0m[1m{[0m[3mid[0m[2m=[0m1[1m}[0m[2m:[0m [2mmoq_net::lite::publisher[0m[2m:[0m serving group [3msubscribe[0m[2m=[0m1 [3mtrack[0m[2m=[0maudio [3msequence[0m[2m=[0m93
[2m2026-09-06T14:54:33.809018Z[0m [34mDEBUG[0m [1mconn[0m[1m{[0m[3mid[0m[2m=[0m1[1m}[0m[2m:[0m [2mmoq_net::lite::publisher[0m[2m:[0m finished group [3msequence[0m[2m=[0m93
[2m2026-09-06T14:54:33.827275Z[0m [34mDEBUG[0m [1mconn[0m[1m{[0m[3mid[0m[2m=[0m1[1m}[0m[2m:[0m [2mmoq_net::lite::publisher[0m[2m:[0m serving group [3msubscribe[0m[2m=[0m1 [3mtrack[0m[2m=[0maudio [3msequence[0m[2m=[0m94
[2m2026-09-06T14:54:33.828839Z[0m [34mDEBUG[0m [1mconn[0m[1m{[0m[3mid[0m[2m=[0m1[1m}[0m[2m:[0m [2mmoq_net::lite::publisher[0m[2m:[0m finished group [3msequence[0m[2m=[0m94
[2m2026-09-06T14:54:33.841098Z[0m [34mDEBUG[0m [1mconn[0m[1m{[0m[3mid[0m[2m=[0m1[1m}[0m[2m:[0m [2mmoq_net::lite::publisher[0m[2m:[0m serving group [3msubscribe[0m[2m=[0m2 [3mtrack[0m[2m=[0mvideo [3msequence[0m[2m=[0m1
[2m2026-09-06T14:54:33.842260Z[0m [34mDEBUG[0m [1mconn[0m[1m{[0m[3mid[0m[2m=[0m1[1m}[0m[2m:[0m [2mmoq_net::lite::publisher[0m[2m:[0m finished group [3msequence[0m[2m=[0m0
[2m2026-09-06T14:54:33.847643Z[0m [34mDEBUG[0m [1mconn[0m[1m{[0m[3mid[0m[2m=[0m1[1m}[0m[2m:[0m [2mmoq_net::lite::publisher[0m[2m:[0m serving group [3msubscribe[0m[2m=[0m1 [3mtrack[0m[2m=[0maudio [3msequence[0m[2m=[0m95
[2m2026-09-06T14:54:33.847986Z[0m [34mDEBUG[0m [1mconn[0m[1m{[0m[3mid[0m[2m=[0m1[1m}[0m[2m:[0m [2mmoq_net::lite::publisher[0m[2m:[0m finished group [3msequence[0m[2m=[0m95
[2m2026-09-06T14:54:33.867724Z[0m [34mDEBUG[0m [1mconn[0m[1m{[0m[3mid[0m[2m=[0m1[1m}[0m[2m:[0m [2mmoq_net::lite::publisher[0m[2m:[0m serving group [3msubscribe[0m[2m=[0m1 [3mtrack[0m[2m=[0maudio [3msequence[0m[2m=[0m96
[2m2026-09-06T14:54:33.869361Z[0m [34mDEBUG[0m [1mconn[0m[1m{[0m[3mid[0m[2m=[0m1[1m}[0m[2m:[0m [2mmoq_net::lite::publisher[0m[2m:[0m finished group [3msequence[0m[2m=[0m96
[2m2026-09-06T14:54:33.888952Z[0m [34mDEBUG[0m [1mconn[0m[1m{[0m[3mid[0m[2m=[0m1[1m}[0m[2m:[0m [2mmoq_net::lite::publisher[0m[2m:[0m serving group [3msubscribe[0m[2m=[0m1 [3mtrack[0m[2m=[0maudio [3msequence[0m[2m=[0m97
[2m2026-09-06T14:54:33.890765Z[0m [34mDEBUG[0m [1mconn[0m[1m{[0m[3mid[0m[2m=[0m1[1m}[0m[2m:[0m [2mmoq_net::lite::publisher[0m[2m:[0m finished group [3msequence[0m[2m=[0m97
[2m2026-09-06T14:54:33.907924Z[0m [34mDEBUG[0m [1mconn[0m[1m{[0m[3mid[0m[2m=[0m1[1m}[0m[2m:[0m [2mmoq_net::lite::publisher[0m[2m:[0m serving group [3msubscribe[0m[2m=[0m1 [3mtrack[0m[2m=[0maudio [3msequence[0m[2m=[0m98
[2m2026-09-06T14:54:33.909529Z[0m [34mDEBUG[0m [1mconn[0m[1m{[0m[3mid[0m[2m=[0m1[1m}[0m[2m:[0m [2mmoq_net::lite::publisher[0m[2m:[0m finished group [3msequence[0m[2m=[0m98
[2m2026-09-06T14:54:33.927309Z[0m [34mDEBUG[0m [1mconn[0m[1m{[0m[3mid[0m[2m=[0m1[1m}[0m[2m:[0m [2mmoq_net::lite::publisher[0m[2m:[0m serving group [3msubscribe[0m[2m=[0m1 [3mtrack[0m[2m=[0maudio [3msequence[0m[2m=[0m99
[2m2026-09-06T14:54:33.927627Z[0m [34mDEBUG[0m [1mconn[0m[1m{[0m[3mid[0m[2m=[0m1[1m}[0m[2m:[0m [2mmoq_net::lite::publisher[0m[2m:[0m finished group [3msequence[0m[2m=[0m99
[2m2026-09-06T14:54:33.947343Z[0m [34mDEBUG[0m [1mconn[0m[1m{[0m[3mid[0m[2m=[0m1[1m}[0m[2m:[0m [2mmoq_net::lite::publisher[0m[2m:[0m serving group [3msubscribe[0m[2m=[0m1 [3mtrack[0m[2m=[0maudio [3msequence[0m[2m=[0m100
[2m2026-09-06T14:54:33.947616Z[0m [34mDEBUG[0m [1mconn[0m[1m{[0m[3mid[0m[2m=[0m1[1m}[0m[2m:[0m [2mmoq_net::lite::publisher[0m[2m:[0m finished group [3msequence[0m[2m=[0m100
[2m2026-09-06T14:54:33.967201Z[0m [34mDEBUG[0m [1mconn[0m[1m{[0m[3mid[0m[2m=[0m1[1m}[0m[2m:[0m [2mmoq_net::lite::publisher[0m[2m:[0m serving group [3msubscribe[0m[2m=[0m1 [3mtrack[0m[2m=[0maudio [3msequence[0m[2m=[0m101
[2m2026-09-06T14:54:33.968775Z[0m [34mDEBUG[0m [1mconn[0m[1m{[0m[3mid[0m[2m=[0m1[1m}[0m[2m:[0m [2mmoq_net::lite::publisher[0m[2m:[0m finished group [3msequence[0m[2m=[0m101
[2m2026-09-06T14:54:33.987320Z[0m [34mDEBUG[0m [1mconn[0m[1m{[0m[3mid[0m[2m=[0m1[1m}[0m[2m:[0m [2mmoq_net::lite::publisher[0m[2m:[0m serving group [3msubscribe[0m[2m=[0m1 [3mtrack[0m[2m=[0maudio [3msequence[0m[2m=[0m102
[2m2026-09-06T14:54:33.988916Z[0m [34mDEBUG[0m [1mconn[0m[1m{[0m[3mid[0m[2m=[0m1[1m}[0m[2m:[0m [2mmoq_net::lite::publisher[0m[2m:[0m finished group [3msequence[0m[2m=[0m102
[2m2026-09-06T14:54:34.007339Z[0m [34mDEBUG[0m [1mconn[0m[1m{[0m[3mid[0m[2m=[0m1[1m}[0m[2m:[0m [2mmoq_net::lite::publisher[0m[2m:[0m serving group [3msubscribe[0m[2m=[0m1 [3mtrack[0m[2m=[0maudio [3msequence[0m[2m=[0m103
[2m2026-09-06T14:54:34.009134Z[0m [34mDEBUG[0m [1mconn[0m[1m{[0m[3mid[0m[2m=[0m1[1m}[0m[2m:[0m [2mmoq_net::lite::publisher[0m[2m:[0m finished group [3msequence[0m[2m=[0m103
[2m2026-09-06T14:54:34.027583Z[0m [34mDEBUG[0m [1mconn[0m[1m{[0m[3mid[0m[2m=[0m1[1m}[0m[2m:[0m [2mmoq_net::lite::publisher[0m[2m:[0m serving group [3msubscribe[0m[2m=[0m1 [3mtrack[0m[2m=[0maudio [3msequence[0m[2m=[0m104
[2m2026-09-06T14:54:34.029195Z[0m [34mDEBUG[0m [1mconn[0m[1m{[0m[3mid[0m[2m=[0m1[1m}[0m[2m:[0m [2mmoq_net::lite::publisher[0m[2m:[0m finished group [3msequence[0m[2m=[0m104
[2m2026-09-06T14:54:34.047381Z[0m [34mDEBUG[0m [1mconn[0m[1m{[0m[3mid[0m[2m=[0m1[1m}[0m[2m:[0m [2mmoq_net::lite::publisher[0m[2m:[0m serving group [3msubscribe[0m[2m=[0m1 [3mtrack[0m[2m=[0maudio [3msequence[0m[2m=[0m105
[2m2026-09-06T14:54:34.048911Z[0m [34mDEBUG[0m [1mconn[0m[1m{[0m[3mid[0m[2m=[0m1[1m}[0m[2m:[0m [2mmoq_net::lite::publisher[0m[2m:[0m finished group [3msequence[0m[2m=[0m105
[2m2026-09-06T14:54:34.068056Z[0m [34mDEBUG[0m [1mconn[0m[1m{[0m[3mid[0m[2m=[0m1[1m}[0m[2m:[0m [2mmoq_net::lite::publisher[0m[2m:[0m serving group [3msubscribe[0m[2m=[0m1 [3mtrack[0m[2m=[0maudio [3msequence[0m[2m=[0m106
[2m2026-09-06T14:54:34.069623Z[0m [34mDEBUG[0m [1mconn[0m[1m{[0m[3mid[0m[2m=[0m1[1m}[0m[2m:[0m [2mmoq_net::lite::publisher[0m[2m:[0m finished group [3msequence[0m[2m=[0m106
[2m2026-09-06T14:54:34.087625Z[0m [34mDEBUG[0m [1mconn[0m[1m{[0m[3mid[0m[2m=[0m1[1m}[0m[2m:[0m [2mmoq_net::lite::publisher[0m[2m:[0m serving group [3msubscribe[0m[2m=[0m1 [3mtrack[0m[2m=[0maudio [3msequence[0m[2m=[0m107
[2m2026-09-06T14:54:34.089276Z[0m [34mDEBUG[0m [1mconn[0m[1m{[0m[3mid[0m[2m=[0m1[1m}[0m[2m:[0m [2mmoq_net::lite::publisher[0m[2m:[0m finished group [3msequence[0m[2m=[0m107
[2m2026-09-06T14:54:34.107120Z[0m [34mDEBUG[0m [1mconn[0m[1m{[0m[3mid[0m[2m=[0m1[1m}[0m[2m:[0m [2mmoq_net::lite::publisher[0m[2m:[0m serving group [3msubscribe[0m[2m=[0m1 [3mtrack[0m[2m=[0maudio [3msequence[0m[2m=[0m108
[2m2026-09-06T14:54:34.108767Z[0m [34mDEBUG[0m [1mconn[0m[1m{[0m[3mid[0m[2m=[0m1[1m}[0m[2m:[0m [2mmoq_net::lite::publisher[0m[2m:[0m finished group [3msequence[0m[2m=[0m108
[2m2026-09-06T14:54:34.127438Z[0m [34mDEBUG[0m [1mconn[0m[1m{[0m[3mid[0m[2m=[0m1[1m}[0m[2m:[0m [2mmoq_net::lite::publisher[0m[2m:[0m serving group [3msubscribe[0m[2m=[0m1 [3mtrack[0m[2m=[0maudio [3msequence[0m[2m=[0m109
[2m2026-09-06T14:54:34.128905Z[0m [34mDEBUG[0m [1mconn[0m[1m{[0m[3mid[0m[2m=[0m1[1m}[0m[2m:[0m [2mmoq_net::lite::publisher[0m[2m:[0m finished group [3msequence[0m[2m=[0m109
[2m2026-09-06T14:54:34.147103Z[0m [34mDEBUG[0m [1mconn[0m[1m{[0m[3mid[0m[2m=[0m1[1m}[0m[2m:[0m [2mmoq_net::lite::publisher[0m[2m:[0m serving group [3msubscribe[0m[2m=[0m1 [3mtrack[0m[2m=[0maudio [3msequence[0m[2m=[0m110
[2m2026-09-06T14:54:34.148626Z[0m [34mDEBUG[0m [1mconn[0m[1m{[0m[3mid[0m[2m=[0m1[1m}[0m[2m:[0m [2mmoq_net::lite::publisher[0m[2m:[0m finished group [3msequence[0m[2m=[0m110
[2m2026-09-06T14:54:34.167367Z[0m [34mDEBUG[0m [1mconn[0m[1m{[0m[3mid[0m[2m=[0m1[1m}[0m[2m:[0m [2mmoq_net::lite::publisher[0m[2m:[0m serving group [3msubscribe[0m[2m=[0m1 [3mtrack[0m[2m=[0maudio [3msequence[0m[2m=[0m111
[2m2026-09-06T14:54:34.168954Z[0m [34mDEBUG[0m [1mconn[0m[1m{[0m[3mid[0m[2m=[0m1[1m}[0m[2m:[0m [2mmoq_net::lite::publisher[0m[2m:[0m finished group [3msequence[0m[2m=[0m111
[2m2026-09-06T14:54:34.187623Z[0m [34mDEBUG[0m [1mconn[0m[1m{[0m[3mid[0m[2m=[0m1[1m}[0m[2m:[0m [2mmoq_net::lite::publisher[0m[2m:[0m serving group [3msubscribe[0m[2m=[0m1 [3mtrack[0m[2m=[0maudio [3msequence[0m[2m=[0m112
[2m2026-09-06T14:54:34.189553Z[0m [34mDEBUG[0m [1mconn[0m[1m{[0m[3mid[0m[2m=[0m1[1m}[0m[2m:[0m [2mmoq_net::lite::publisher[0m[2m:[0m finished group [3msequence[0m[2m=[0m112
[2m2026-09-06T14:54:34.207209Z[0m [34mDEBUG[0m [1mconn[0m[1m{[0m[3mid[0m[2m=[0m1[1m}[0m[2m:[0m [2mmoq_net::lite::publisher[0m[2m:[0m serving group [3msubscribe[0m[2m=[0m1 [3mtrack[0m[2m=[0maudio [3msequence[0m[2m=[0m113
[2m2026-09-06T14:54:34.208784Z[0m [34mDEBUG[0m [1mconn[0m[1m{[0m[3mid[0m[2m=[0m1[1m}[0m[2m:[0m [2mmoq_net::lite::publisher[0m[2m:[0m finished group [3msequence[0m[2m=[0m113
[2m2026-09-06T14:54:34.227539Z[0m [34mDEBUG[0m [1mconn[0m[1m{[0m[3mid[0m[2m=[0m1[1m}[0m[2m:[0m [2mmoq_net::lite::publisher[0m[2m:[0m serving group [3msubscribe[0m[2m=[0m1 [3mtrack[0m[2m=[0maudio [3msequence[0m[2m=[0m114
[2m2026-09-06T14:54:34.228920Z[0m [34mDEBUG[0m [1mconn[0m[1m{[0m[3mid[0m[2m=[0m1[1m}[0m[2m:[0m [2mmoq_net::lite::publisher[0m[2m:[0m finished group [3msequence[0m[2m=[0m114
[2m2026-09-06T14:54:34.247980Z[0m [34mDEBUG[0m [1mconn[0m[1m{[0m[3mid[0m[2m=[0m1[1m}[0m[2m:[0m [2mmoq_net::lite::publisher[0m[2m:[0m serving group [3msubscribe[0m[2m=[0m1 [3mtrack[0m[2m=[0maudio [3msequence[0m[2m=[0m115
[2m2026-09-06T14:54:34.249617Z[0m [34mDEBUG[0m [1mconn[0m[1m{[0m[3mid[0m[2m=[0m1[1m}[0m[2m:[0m [2mmoq_net::lite::publisher[0m[2m:[0m finished group [3msequence[0m[2m=[0m115
[2m2026-09-06T14:54:34.267519Z[0m [34mDEBUG[0m [1mconn[0m[1m{[0m[3mid[0m[2m=[0m1[1m}[0m[2m:[0m [2mmoq_net::lite::publisher[0m[2m:[0m serving group [3msubscribe[0m[2m=[0m1 [3mtrack[0m[2m=[0maudio [3msequence[0m[2m=[0m116
[2m2026-09-06T14:54:34.269136Z[0m [34mDEBUG[0m [1mconn[0m[1m{[0m[3mid[0m[2m=[0m1[1m}[0m[2m:[0m [2mmoq_net::lite::publisher[0m[2m:[0m finished group [3msequence[0m[2m=[0m116
[2m2026-09-06T14:54:34.287706Z[0m [34mDEBUG[0m [1mconn[0m[1m{[0m[3mid[0m[2m=[0m1[1m}[0m[2m:[0m [2mmoq_net::lite::publisher[0m[2m:[0m serving group [3msubscribe[0m[2m=[0m1 [3mtrack[0m[2m=[0maudio [3msequence[0m[2m=[0m117
[2m2026-09-06T14:54:34.289481Z[0m [34mDEBUG[0m [1mconn[0m[1m{[0m[3mid[0m[2m=[0m1[1m}[0m[2m:[0m [2mmoq_net::lite::publisher[0m[2m:[0m finished group [3msequence[0m[2m=[0m117
[2m2026-09-06T14:54:34.308705Z[0m [34mDEBUG[0m [1mconn[0m[1m{[0m[3mid[0m[2m=[0m1[1m}[0m[2m:[0m [2mmoq_net::lite::publisher[0m[2m:[0m serving group [3msubscribe[0m[2m=[0m1 [3mtrack[0m[2m=[0maudio [3msequence[0m[2m=[0m118
[2m2026-09-06T14:54:34.310127Z[0m [34mDEBUG[0m [1mconn[0m[1m{[0m[3mid[0m[2m=[0m1[1m}[0m[2m:[0m [2mmoq_net::lite::publisher[0m[2m:[0m finished group [3msequence[0m[2m=[0m118
[2m2026-09-06T14:54:34.327472Z[0m [34mDEBUG[0m [1mconn[0m[1m{[0m[3mid[0m[2m=[0m1[1m}[0m[2m:[0m [2mmoq_net::lite::publisher[0m[2m:[0m serving group [3msubscribe[0m[2m=[0m1 [3mtrack[0m[2m=[0maudio [3msequence[0m[2m=[0m119
[2m2026-09-06T14:54:34.328956Z[0m [34mDEBUG[0m [1mconn[0m[1m{[0m[3mid[0m[2m=[0m1[1m}[0m[2m:[0m [2mmoq_net::lite::publisher[0m[2m:[0m finished group [3msequence[0m[2m=[0m119
[2m2026-09-06T14:54:34.348733Z[0m [34mDEBUG[0m [1mconn[0m[1m{[0m[3mid[0m[2m=[0m1[1m}[0m[2m:[0m [2mmoq_net::lite::publisher[0m[2m:[0m serving group [3msubscribe[0m[2m=[0m1 [3mtrack[0m[2m=[0maudio [3msequence[0m[2m=[0m120
[2m2026-09-06T14:54:34.350605Z[0m [34mDEBUG[0m [1mconn[0m[1m{[0m[3mid[0m[2m=[0m1[1m}[0m[2m:[0m [2mmoq_net::lite::publisher[0m[2m:[0m finished group [3msequence[0m[2m=[0m120
[2m2026-09-06T14:54:34.367770Z[0m [34mDEBUG[0m [1mconn[0m[1m{[0m[3mid[0m[2m=[0m1[1m}[0m[2m:[0m [2mmoq_net::lite::publisher[0m[2m:[0m serving group [3msubscribe[0m[2m=[0m1 [3mtrack[0m[2m=[0maudio [3msequence[0m[2m=[0m121
[2m2026-09-06T14:54:34.369454Z[0m [34mDEBUG[0m [1mconn[0m[1m{[0m[3mid[0m[2m=[0m1[1m}[0m[2m:[0m [2mmoq_net::lite::publisher[0m[2m:[0m finished group [3msequence[0m[2m=[0m121
[2m2026-09-06T14:54:34.372211Z[0m [34mDEBUG[0m [1mws[0m[1m{[0m[3mid[0m[2m=[0m0[1m}[0m[2m:[0m [2mmoq_net::lite::publisher[0m[2m:[0m serving group [3msubscribe[0m[2m=[0m2 [3mtrack[0m[2m=[0mpublisher.json [3msequence[0m[2m=[0m4
[2m2026-09-06T14:54:34.372476Z[0m [34mDEBUG[0m [1mws[0m[1m{[0m[3mid[0m[2m=[0m0[1m}[0m[2m:[0m [2mmoq_net::lite::publisher[0m[2m:[0m serving group [3msubscribe[0m[2m=[0m1 [3mtrack[0m[2m=[0msubscriber.json [3msequence[0m[2m=[0m4
[2m2026-09-06T14:54:34.388465Z[0m [34mDEBUG[0m [1mconn[0m[1m{[0m[3mid[0m[2m=[0m1[1m}[0m[2m:[0m [2mmoq_net::lite::publisher[0m[2m:[0m serving group [3msubscribe[0m[2m=[0m1 [3mtrack[0m[2m=[0maudio [3msequence[0m[2m=[0m122
[2m2026-09-06T14:54:34.390523Z[0m [34mDEBUG[0m [1mconn[0m[1m{[0m[3mid[0m[2m=[0m1[1m}[0m[2m:[0m [2mmoq_net::lite::publisher[0m[2m:[0m finished group [3msequence[0m[2m=[0m122
[2m2026-09-06T14:54:34.408569Z[0m [34mDEBUG[0m [1mconn[0m[1m{[0m[3mid[0m[2m=[0m1[1m}[0m[2m:[0m [2mmoq_net::lite::publisher[0m[2m:[0m serving group [3msubscribe[0m[2m=[0m1 [3mtrack[0m[2m=[0maudio [3msequence[0m[2m=[0m123
[2m2026-09-06T14:54:34.410274Z[0m [34mDEBUG[0m [1mconn[0m[1m{[0m[3mid[0m[2m=[0m1[1m}[0m[2m:[0m [2mmoq_net::lite::publisher[0m[2m:[0m finished group [3msequence[0m[2m=[0m123
[2m2026-09-06T14:54:34.427423Z[0m [34mDEBUG[0m [1mconn[0m[1m{[0m[3mid[0m[2m=[0m1[1m}[0m[2m:[0m [2mmoq_net::lite::publisher[0m[2m:[0m serving group [3msubscribe[0m[2m=[0m1 [3mtrack[0m[2m=[0maudio [3msequence[0m[2m=[0m124
[2m2026-09-06T14:54:34.428953Z[0m [34mDEBUG[0m [1mconn[0m[1m{[0m[3mid[0m[2m=[0m1[1m}[0m[2m:[0m [2mmoq_net::lite::publisher[0m[2m:[0m finished group [3msequence[0m[2m=[0m124
[2m2026-09-06T14:54:34.448183Z[0m [34mDEBUG[0m [1mconn[0m[1m{[0m[3mid[0m[2m=[0m1[1m}[0m[2m:[0m [2mmoq_net::lite::publisher[0m[2m:[0m serving group [3msubscribe[0m[2m=[0m1 [3mtrack[0m[2m=[0maudio [3msequence[0m[2m=[0m125
[2m2026-09-06T14:54:34.449855Z[0m [34mDEBUG[0m [1mconn[0m[1m{[0m[3mid[0m[2m=[0m1[1m}[0m[2m:[0m [2mmoq_net::lite::publisher[0m[2m:[0m finished group [3msequence[0m[2m=[0m125
[2m2026-09-06T14:54:34.527928Z[0m [34mDEBUG[0m [1mconn[0m[1m{[0m[3mid[0m[2m=[0m1[1m}[0m[2m:[0m [2mmoq_net::lite::publisher[0m[2m:[0m serving group [3msubscribe[0m[2m=[0m1 [3mtrack[0m[2m=[0maudio [3msequence[0m[2m=[0m126
[2m2026-09-06T14:54:34.529726Z[0m [34mDEBUG[0m [1mconn[0m[1m{[0m[3mid[0m[2m=[0m1[1m}[0m[2m:[0m [2mmoq_net::lite::publisher[0m[2m:[0m finished group [3msequence[0m[2m=[0m126
[2m2026-09-06T14:54:34.548204Z[0m [34mDEBUG[0m [1mconn[0m[1m{[0m[3mid[0m[2m=[0m1[1m}[0m[2m:[0m [2mmoq_net::lite::publisher[0m[2m:[0m serving group [3msubscribe[0m[2m=[0m1 [3mtrack[0m[2m=[0maudio [3msequence[0m[2m=[0m127
[2m2026-09-06T14:54:34.549894Z[0m [34mDEBUG[0m [1mconn[0m[1m{[0m[3mid[0m[2m=[0m1[1m}[0m[2m:[0m [2mmoq_net::lite::publisher[0m[2m:[0m finished group [3msequence[0m[2m=[0m127
[2m2026-09-06T14:54:34.568068Z[0m [34mDEBUG[0m [1mconn[0m[1m{[0m[3mid[0m[2m=[0m1[1m}[0m[2m:[0m [2mmoq_net::lite::publisher[0m[2m:[0m serving group [3msubscribe[0m[2m=[0m1 [3mtrack[0m[2m=[0maudio [3msequence[0m[2m=[0m128
[2m2026-09-06T14:54:34.569783Z[0m [34mDEBUG[0m [1mconn[0m[1m{[0m[3mid[0m[2m=[0m1[1m}[0m[2m:[0m [2mmoq_net::lite::publisher[0m[2m:[0m finished group [3msequence[0m[2m=[0m128
[2m2026-09-06T14:54:34.588156Z[0m [34mDEBUG[0m [1mconn[0m[1m{[0m[3mid[0m[2m=[0m1[1m}[0m[2m:[0m [2mmoq_net::lite::publisher[0m[2m:[0m serving group [3msubscribe[0m[2m=[0m1 [3mtrack[0m[2m=[0maudio [3msequence[0m[2m=[0m129
[2m2026-09-06T14:54:34.589969Z[0m [34mDEBUG[0m [1mconn[0m[1m{[0m[3mid[0m[2m=[0m1[1m}[0m[2m:[0m [2mmoq_net::lite::publisher[0m[2m:[0m finished group [3msequence[0m[2m=[0m129
[2m2026-09-06T14:54:34.607491Z[0m [34mDEBUG[0m [1mconn[0m[1m{[0m[3mid[0m[2m=[0m1[1m}[0m[2m:[0m [2mmoq_net::lite::publisher[0m[2m:[0m serving group [3msubscribe[0m[2m=[0m1 [3mtrack[0m[2m=[0maudio [3msequence[0m[2m=[0m130
[2m2026-09-06T14:54:34.609121Z[0m [34mDEBUG[0m [1mconn[0m[1m{[0m[3mid[0m[2m=[0m1[1m}[0m[2m:[0m [2mmoq_net::lite::publisher[0m[2m:[0m finished group [3msequence[0m[2m=[0m130
[2m2026-09-06T14:54:34.628518Z[0m [34mDEBUG[0m [1mconn[0m[1m{[0m[3mid[0m[2m=[0m1[1m}[0m[2m:[0m [2mmoq_net::lite::publisher[0m[2m:[0m serving group [3msubscribe[0m[2m=[0m1 [3mtrack[0m[2m=[0maudio [3msequence[0m[2m=[0m131
[2m2026-09-06T14:54:34.630113Z[0m [34mDEBUG[0m [1mconn[0m[1m{[0m[3mid[0m[2m=[0m1[1m}[0m[2m:[0m [2mmoq_net::lite::publisher[0m[2m:[0m finished group [3msequence[0m[2m=[0m131
[2m2026-09-06T14:54:34.647393Z[0m [34mDEBUG[0m [1mconn[0m[1m{[0m[3mid[0m[2m=[0m1[1m}[0m[2m:[0m [2mmoq_net::lite::publisher[0m[2m:[0m serving group [3msubscribe[0m[2m=[0m1 [3mtrack[0m[2m=[0maudio [3msequence[0m[2m=[0m132
[2m2026-09-06T14:54:34.649020Z[0m [34mDEBUG[0m [1mconn[0m[1m{[0m[3mid[0m[2m=[0m1[1m}[0m[2m:[0m [2mmoq_net::lite::publisher[0m[2m:[0m finished group [3msequence[0m[2m=[0m132
[2m2026-09-06T14:54:34.667529Z[0m [34mDEBUG[0m [1mconn[0m[1m{[0m[3mid[0m[2m=[0m1[1m}[0m[2m:[0m [2mmoq_net::lite::publisher[0m[2m:[0m serving group [3msubscribe[0m[2m=[0m1 [3mtrack[0m[2m=[0maudio [3msequence[0m[2m=[0m133
[2m2026-09-06T14:54:34.669141Z[0m [34mDEBUG[0m [1mconn[0m[1m{[0m[3mid[0m[2m=[0m1[1m}[0m[2m:[0m [2mmoq_net::lite::publisher[0m[2m:[0m finished group [3msequence[0m[2m=[0m133
[2m2026-09-06T14:54:34.688338Z[0m [34mDEBUG[0m [1mconn[0m[1m{[0m[3mid[0m[2m=[0m1[1m}[0m[2m:[0m [2mmoq_net::lite::publisher[0m[2m:[0m serving group [3msubscribe[0m[2m=[0m1 [3mtrack[0m[2m=[0maudio [3msequence[0m[2m=[0m134
[2m2026-09-06T14:54:34.690386Z[0m [34mDEBUG[0m [1mconn[0m[1m{[0m[3mid[0m[2m=[0m1[1m}[0m[2m:[0m [2mmoq_net::lite::publisher[0m[2m:[0m finished group [3msequence[0m[2m=[0m134
[2m2026-09-06T14:54:34.707826Z[0m [34mDEBUG[0m [1mconn[0m[1m{[0m[3mid[0m[2m=[0m1[1m}[0m[2m:[0m [2mmoq_net::lite::publisher[0m[2m:[0m serving group [3msubscribe[0m[2m=[0m1 [3mtrack[0m[2m=[0maudio [3msequence[0m[2m=[0m135
[2m2026-09-06T14:54:34.709427Z[0m [34mDEBUG[0m [1mconn[0m[1m{[0m[3mid[0m[2m=[0m1[1m}[0m[2m:[0m [2mmoq_net::lite::publisher[0m[2m:[0m finished group [3msequence[0m[2m=[0m135
[2m2026-09-06T14:54:34.728236Z[0m [34mDEBUG[0m [1mconn[0m[1m{[0m[3mid[0m[2m=[0m1[1m}[0m[2m:[0m [2mmoq_net::lite::publisher[0m[2m:[0m serving group [3msubscribe[0m[2m=[0m1 [3mtrack[0m[2m=[0maudio [3msequence[0m[2m=[0m136
[2m2026-09-06T14:54:34.730242Z[0m [34mDEBUG[0m [1mconn[0m[1m{[0m[3mid[0m[2m=[0m1[1m}[0m[2m:[0m [2mmoq_net::lite::publisher[0m[2m:[0m finished group [3msequence[0m[2m=[0m136
[2m2026-09-06T14:54:34.747545Z[0m [34mDEBUG[0m [1mconn[0m[1m{[0m[3mid[0m[2m=[0m1[1m}[0m[2m:[0m [2mmoq_net::lite::publisher[0m[2m:[0m serving group [3msubscribe[0m[2m=[0m1 [3mtrack[0m[2m=[0maudio [3msequence[0m[2m=[0m137
[2m2026-09-06T14:54:34.749165Z[0m [34mDEBUG[0m [1mconn[0m[1m{[0m[3mid[0m[2m=[0m1[1m}[0m[2m:[0m [2mmoq_net::lite::publisher[0m[2m:[0m finished group [3msequence[0m[2m=[0m137
[2m2026-09-06T14:54:34.767318Z[0m [34mDEBUG[0m [1mconn[0m[1m{[0m[3mid[0m[2m=[0m1[1m}[0m[2m:[0m [2mmoq_net::lite::publisher[0m[2m:[0m serving group [3msubscribe[0m[2m=[0m1 [3mtrack[0m[2m=[0maudio [3msequence[0m[2m=[0m138
[2m2026-09-06T14:54:34.768872Z[0m [34mDEBUG[0m [1mconn[0m[1m{[0m[3mid[0m[2m=[0m1[1m}[0m[2m:[0m [2mmoq_net::lite::publisher[0m[2m:[0m finished group [3msequence[0m[2m=[0m138
[2m2026-09-06T14:54:34.788196Z[0m [34mDEBUG[0m [1mconn[0m[1m{[0m[3mid[0m[2m=[0m1[1m}[0m[2m:[0m [2mmoq_net::lite::publisher[0m[2m:[0m serving group [3msubscribe[0m[2m=[0m1 [3mtrack[0m[2m=[0maudio [3msequence[0m[2m=[0m139
[2m2026-09-06T14:54:34.789823Z[0m [34mDEBUG[0m [1mconn[0m[1m{[0m[3mid[0m[2m=[0m1[1m}[0m[2m:[0m [2mmoq_net::lite::publisher[0m[2m:[0m finished group [3msequence[0m[2m=[0m139
[2m2026-09-06T14:54:34.807641Z[0m [34mDEBUG[0m [1mconn[0m[1m{[0m[3mid[0m[2m=[0m1[1m}[0m[2m:[0m [2mmoq_net::lite::publisher[0m[2m:[0m serving group [3msubscribe[0m[2m=[0m1 [3mtrack[0m[2m=[0maudio [3msequence[0m[2m=[0m140
[2m2026-09-06T14:54:34.809227Z[0m [34mDEBUG[0m [1mconn[0m[1m{[0m[3mid[0m[2m=[0m1[1m}[0m[2m:[0m [2mmoq_net::lite::publisher[0m[2m:[0m finished group [3msequence[0m[2m=[0m140
[2m2026-09-06T14:54:34.827788Z[0m [34mDEBUG[0m [1mconn[0m[1m{[0m[3mid[0m[2m=[0m1[1m}[0m[2m:[0m [2mmoq_net::lite::publisher[0m[2m:[0m serving group [3msubscribe[0m[2m=[0m1 [3mtrack[0m[2m=[0maudio [3msequence[0m[2m=[0m141
[2m2026-09-06T14:54:34.829496Z[0m [34mDEBUG[0m [1mconn[0m[1m{[0m[3mid[0m[2m=[0m1[1m}[0m[2m:[0m [2mmoq_net::lite::publisher[0m[2m:[0m finished group [3msequence[0m[2m=[0m141
[2m2026-09-06T14:54:34.847887Z[0m [34mDEBUG[0m [1mconn[0m[1m{[0m[3mid[0m[2m=[0m1[1m}[0m[2m:[0m [2mmoq_net::lite::publisher[0m[2m:[0m serving group [3msubscribe[0m[2m=[0m1 [3mtrack[0m[2m=[0maudio [3msequence[0m[2m=[0m142
[2m2026-09-06T14:54:34.849462Z[0m [34mDEBUG[0m [1mconn[0m[1m{[0m[3mid[0m[2m=[0m1[1m}[0m[2m:[0m [2mmoq_net::lite::publisher[0m[2m:[0m finished group [3msequence[0m[2m=[0m142
[2m2026-09-06T14:54:34.867829Z[0m [34mDEBUG[0m [1mconn[0m[1m{[0m[3mid[0m[2m=[0m1[1m}[0m[2m:[0m [2mmoq_net::lite::publisher[0m[2m:[0m serving group [3msubscribe[0m[2m=[0m1 [3mtrack[0m[2m=[0maudio [3msequence[0m[2m=[0m143
[2m2026-09-06T14:54:34.869563Z[0m [34mDEBUG[0m [1mconn[0m[1m{[0m[3mid[0m[2m=[0m1[1m}[0m[2m:[0m [2mmoq_net::lite::publisher[0m[2m:[0m finished group [3msequence[0m[2m=[0m143
[2m2026-09-06T14:54:34.888318Z[0m [34mDEBUG[0m [1mconn[0m[1m{[0m[3mid[0m[2m=[0m1[1m}[0m[2m:[0m [2mmoq_net::lite::publisher[0m[2m:[0m serving group [3msubscribe[0m[2m=[0m1 [3mtrack[0m[2m=[0maudio [3msequence[0m[2m=[0m144
[2m2026-09-06T14:54:34.889845Z[0m [34mDEBUG[0m [1mconn[0m[1m{[0m[3mid[0m[2m=[0m1[1m}[0m[2m:[0m [2mmoq_net::lite::publisher[0m[2m:[0m finished group [3msequence[0m[2m=[0m144
[2m2026-09-06T14:54:34.907872Z[0m [34mDEBUG[0m [1mconn[0m[1m{[0m[3mid[0m[2m=[0m1[1m}[0m[2m:[0m [2mmoq_net::lite::publisher[0m[2m:[0m serving group [3msubscribe[0m[2m=[0m1 [3mtrack[0m[2m=[0maudio [3msequence[0m[2m=[0m145
[2m2026-09-06T14:54:34.908325Z[0m [34mDEBUG[0m [1mconn[0m[1m{[0m[3mid[0m[2m=[0m1[1m}[0m[2m:[0m [2mmoq_net::lite::publisher[0m[2m:[0m finished group [3msequence[0m[2m=[0m145
[2m2026-09-06T14:54:34.927624Z[0m [34mDEBUG[0m [1mconn[0m[1m{[0m[3mid[0m[2m=[0m1[1m}[0m[2m:[0m [2mmoq_net::lite::publisher[0m[2m:[0m serving group [3msubscribe[0m[2m=[0m1 [3mtrack[0m[2m=[0maudio [3msequence[0m[2m=[0m146
[2m2026-09-06T14:54:34.929276Z[0m [34mDEBUG[0m [1mconn[0m[1m{[0m[3mid[0m[2m=[0m1[1m}[0m[2m:[0m [2mmoq_net::lite::publisher[0m[2m:[0m finished group [3msequence[0m[2m=[0m146
[2m2026-09-06T14:54:34.947651Z[0m [34mDEBUG[0m [1mconn[0m[1m{[0m[3mid[0m[2m=[0m1[1m}[0m[2m:[0m [2mmoq_net::lite::publisher[0m[2m:[0m serving group [3msubscribe[0m[2m=[0m1 [3mtrack[0m[2m=[0maudio [3msequence[0m[2m=[0m147
[2m2026-09-06T14:54:34.949310Z[0m [34mDEBUG[0m [1mconn[0m[1m{[0m[3mid[0m[2m=[0m1[1m}[0m[2m:[0m [2mmoq_net::lite::publisher[0m[2m:[0m finished group [3msequence[0m[2m=[0m147
[2m2026-09-06T14:54:34.967538Z[0m [34mDEBUG[0m [1mconn[0m[1m{[0m[3mid[0m[2m=[0m1[1m}[0m[2m:[0m [2mmoq_net::lite::publisher[0m[2m:[0m serving group [3msubscribe[0m[2m=[0m1 [3mtrack[0m[2m=[0maudio [3msequence[0m[2m=[0m148
[2m2026-09-06T14:54:34.969126Z[0m [34mDEBUG[0m [1mconn[0m[1m{[0m[3mid[0m[2m=[0m1[1m}[0m[2m:[0m [2mmoq_net::lite::publisher[0m[2m:[0m finished group [3msequence[0m[2m=[0m148
[2m2026-09-06T14:54:34.987959Z[0m [34mDEBUG[0m [1mconn[0m[1m{[0m[3mid[0m[2m=[0m1[1m}[0m[2m:[0m [2mmoq_net::lite::publisher[0m[2m:[0m serving group [3msubscribe[0m[2m=[0m1 [3mtrack[0m[2m=[0maudio [3msequence[0m[2m=[0m149
[2m2026-09-06T14:54:34.989751Z[0m [34mDEBUG[0m [1mconn[0m[1m{[0m[3mid[0m[2m=[0m1[1m}[0m[2m:[0m [2mmoq_net::lite::publisher[0m[2m:[0m finished group [3msequence[0m[2m=[0m149
[2m2026-09-06T14:54:35.007555Z[0m [34mDEBUG[0m [1mconn[0m[1m{[0m[3mid[0m[2m=[0m1[1m}[0m[2m:[0m [2mmoq_net::lite::publisher[0m[2m:[0m serving group [3msubscribe[0m[2m=[0m1 [3mtrack[0m[2m=[0maudio [3msequence[0m[2m=[0m150
[2m2026-09-06T14:54:35.009177Z[0m [34mDEBUG[0m [1mconn[0m[1m{[0m[3mid[0m[2m=[0m1[1m}[0m[2m:[0m [2mmoq_net::lite::publisher[0m[2m:[0m finished group [3msequence[0m[2m=[0m150
[2m2026-09-06T14:54:35.028044Z[0m [34mDEBUG[0m [1mconn[0m[1m{[0m[3mid[0m[2m=[0m1[1m}[0m[2m:[0m [2mmoq_net::lite::publisher[0m[2m:[0m serving group [3msubscribe[0m[2m=[0m1 [3mtrack[0m[2m=[0maudio [3msequence[0m[2m=[0m151
[2m2026-09-06T14:54:35.029848Z[0m [34mDEBUG[0m [1mconn[0m[1m{[0m[3mid[0m[2m=[0m1[1m}[0m[2m:[0m [2mmoq_net::lite::publisher[0m[2m:[0m finished group [3msequence[0m[2m=[0m151
[2m2026-09-06T14:54:35.047980Z[0m [34mDEBUG[0m [1mconn[0m[1m{[0m[3mid[0m[2m=[0m1[1m}[0m[2m:[0m [2mmoq_net::lite::publisher[0m[2m:[0m serving group [3msubscribe[0m[2m=[0m1 [3mtrack[0m[2m=[0maudio [3msequence[0m[2m=[0m152
[2m2026-09-06T14:54:35.048440Z[0m [34mDEBUG[0m [1mconn[0m[1m{[0m[3mid[0m[2m=[0m1[1m}[0m[2m:[0m [2mmoq_net::lite::publisher[0m[2m:[0m finished group [3msequence[0m[2m=[0m152
[2m2026-09-06T14:54:35.067996Z[0m [34mDEBUG[0m [1mconn[0m[1m{[0m[3mid[0m[2m=[0m1[1m}[0m[2m:[0m [2mmoq_net::lite::publisher[0m[2m:[0m serving group [3msubscribe[0m[2m=[0m1 [3mtrack[0m[2m=[0maudio [3msequence[0m[2m=[0m153
[2m2026-09-06T14:54:35.069698Z[0m [34mDEBUG[0m [1mconn[0m[1m{[0m[3mid[0m[2m=[0m1[1m}[0m[2m:[0m [2mmoq_net::lite::publisher[0m[2m:[0m finished group [3msequence[0m[2m=[0m153
[2m2026-09-06T14:54:35.088971Z[0m [34mDEBUG[0m [1mconn[0m[1m{[0m[3mid[0m[2m=[0m1[1m}[0m[2m:[0m [2mmoq_net::lite::publisher[0m[2m:[0m serving group [3msubscribe[0m[2m=[0m1 [3mtrack[0m[2m=[0maudio [3msequence[0m[2m=[0m154
[2m2026-09-06T14:54:35.090717Z[0m [34mDEBUG[0m [1mconn[0m[1m{[0m[3mid[0m[2m=[0m1[1m}[0m[2m:[0m [2mmoq_net::lite::publisher[0m[2m:[0m finished group [3msequence[0m[2m=[0m154
[2m2026-09-06T14:54:35.107800Z[0m [34mDEBUG[0m [1mconn[0m[1m{[0m[3mid[0m[2m=[0m1[1m}[0m[2m:[0m [2mmoq_net::lite::publisher[0m[2m:[0m serving group [3msubscribe[0m[2m=[0m1 [3mtrack[0m[2m=[0maudio [3msequence[0m[2m=[0m155
[2m2026-09-06T14:54:35.109420Z[0m [34mDEBUG[0m [1mconn[0m[1m{[0m[3mid[0m[2m=[0m1[1m}[0m[2m:[0m [2mmoq_net::lite::publisher[0m[2m:[0m finished group [3msequence[0m[2m=[0m155
[2m2026-09-06T14:54:35.128015Z[0m [34mDEBUG[0m [1mconn[0m[1m{[0m[3mid[0m[2m=[0m1[1m}[0m[2m:[0m [2mmoq_net::lite::publisher[0m[2m:[0m serving group [3msubscribe[0m[2m=[0m1 [3mtrack[0m[2m=[0maudio [3msequence[0m[2m=[0m156
[2m2026-09-06T14:54:35.129706Z[0m [34mDEBUG[0m [1mconn[0m[1m{[0m[3mid[0m[2m=[0m1[1m}[0m[2m:[0m [2mmoq_net::lite::publisher[0m[2m:[0m finished group [3msequence[0m[2m=[0m156
[2m2026-09-06T14:54:35.147837Z[0m [34mDEBUG[0m [1mconn[0m[1m{[0m[3mid[0m[2m=[0m1[1m}[0m[2m:[0m [2mmoq_net::lite::publisher[0m[2m:[0m serving group [3msubscribe[0m[2m=[0m1 [3mtrack[0m[2m=[0maudio [3msequence[0m[2m=[0m157
[2m2026-09-06T14:54:35.149502Z[0m [34mDEBUG[0m [1mconn[0m[1m{[0m[3mid[0m[2m=[0m1[1m}[0m[2m:[0m [2mmoq_net::lite::publisher[0m[2m:[0m finished group [3msequence[0m[2m=[0m157
[2m2026-09-06T14:54:35.167674Z[0m [34mDEBUG[0m [1mconn[0m[1m{[0m[3mid[0m[2m=[0m1[1m}[0m[2m:[0m [2mmoq_net::lite::publisher[0m[2m:[0m serving group [3msubscribe[0m[2m=[0m1 [3mtrack[0m[2m=[0maudio [3msequence[0m[2m=[0m158
[2m2026-09-06T14:54:35.169298Z[0m [34mDEBUG[0m [1mconn[0m[1m{[0m[3mid[0m[2m=[0m1[1m}[0m[2m:[0m [2mmoq_net::lite::publisher[0m[2m:[0m finished group [3msequence[0m[2m=[0m158
[2m2026-09-06T14:54:35.188768Z[0m [34mDEBUG[0m [1mconn[0m[1m{[0m[3mid[0m[2m=[0m1[1m}[0m[2m:[0m [2mmoq_net::lite::publisher[0m[2m:[0m serving group [3msubscribe[0m[2m=[0m1 [3mtrack[0m[2m=[0maudio [3msequence[0m[2m=[0m159
[2m2026-09-06T14:54:35.190405Z[0m [34mDEBUG[0m [1mconn[0m[1m{[0m[3mid[0m[2m=[0m1[1m}[0m[2m:[0m [2mmoq_net::lite::publisher[0m[2m:[0m finished group [3msequence[0m[2m=[0m159
[2m2026-09-06T14:54:35.208966Z[0m [34mDEBUG[0m [1mconn[0m[1m{[0m[3mid[0m[2m=[0m1[1m}[0m[2m:[0m [2mmoq_net::lite::publisher[0m[2m:[0m serving group [3msubscribe[0m[2m=[0m1 [3mtrack[0m[2m=[0maudio [3msequence[0m[2m=[0m160
[2m2026-09-06T14:54:35.210595Z[0m [34mDEBUG[0m [1mconn[0m[1m{[0m[3mid[0m[2m=[0m1[1m}[0m[2m:[0m [2mmoq_net::lite::publisher[0m[2m:[0m finished group [3msequence[0m[2m=[0m160
[2m2026-09-06T14:54:35.228453Z[0m [34mDEBUG[0m [1mconn[0m[1m{[0m[3mid[0m[2m=[0m1[1m}[0m[2m:[0m [2mmoq_net::lite::publisher[0m[2m:[0m serving group [3msubscribe[0m[2m=[0m1 [3mtrack[0m[2m=[0maudio [3msequence[0m[2m=[0m161
[2m2026-09-06T14:54:35.230098Z[0m [34mDEBUG[0m [1mconn[0m[1m{[0m[3mid[0m[2m=[0m1[1m}[0m[2m:[0m [2mmoq_net::lite::publisher[0m[2m:[0m finished group [3msequence[0m[2m=[0m161
[2m2026-09-06T14:54:35.248025Z[0m [34mDEBUG[0m [1mconn[0m[1m{[0m[3mid[0m[2m=[0m1[1m}[0m[2m:[0m [2mmoq_net::lite::publisher[0m[2m:[0m serving group [3msubscribe[0m[2m=[0m1 [3mtrack[0m[2m=[0maudio [3msequence[0m[2m=[0m162
[2m2026-09-06T14:54:35.249709Z[0m [34mDEBUG[0m [1mconn[0m[1m{[0m[3mid[0m[2m=[0m1[1m}[0m[2m:[0m [2mmoq_net::lite::publisher[0m[2m:[0m finished group [3msequence[0m[2m=[0m162
[2m2026-09-06T14:54:35.267989Z[0m [34mDEBUG[0m [1mconn[0m[1m{[0m[3mid[0m[2m=[0m1[1m}[0m[2m:[0m [2mmoq_net::lite::publisher[0m[2m:[0m serving group [3msubscribe[0m[2m=[0m1 [3mtrack[0m[2m=[0maudio [3msequence[0m[2m=[0m163
[2m2026-09-06T14:54:35.269760Z[0m [34mDEBUG[0m [1mconn[0m[1m{[0m[3mid[0m[2m=[0m1[1m}[0m[2m:[0m [2mmoq_net::lite::publisher[0m[2m:[0m finished group [3msequence[0m[2m=[0m163
[2m2026-09-06T14:54:35.288407Z[0m [34mDEBUG[0m [1mconn[0m[1m{[0m[3mid[0m[2m=[0m1[1m}[0m[2m:[0m [2mmoq_net::lite::publisher[0m[2m:[0m serving group [3msubscribe[0m[2m=[0m1 [3mtrack[0m[2m=[0maudio [3msequence[0m[2m=[0m164
[2m2026-09-06T14:54:35.290188Z[0m [34mDEBUG[0m [1mconn[0m[1m{[0m[3mid[0m[2m=[0m1[1m}[0m[2m:[0m [2mmoq_net::lite::publisher[0m[2m:[0m finished group [3msequence[0m[2m=[0m164
[2m2026-09-06T14:54:35.307502Z[0m [34mDEBUG[0m [1mconn[0m[1m{[0m[3mid[0m[2m=[0m1[1m}[0m[2m:[0m [2mmoq_net::lite::publisher[0m[2m:[0m serving group [3msubscribe[0m[2m=[0m1 [3mtrack[0m[2m=[0maudio [3msequence[0m[2m=[0m165
[2m2026-09-06T14:54:35.309127Z[0m [34mDEBUG[0m [1mconn[0m[1m{[0m[3mid[0m[2m=[0m1[1m}[0m[2m:[0m [2mmoq_net::lite::publisher[0m[2m:[0m finished group [3msequence[0m[2m=[0m165
[2m2026-09-06T14:54:35.327724Z[0m [34mDEBUG[0m [1mconn[0m[1m{[0m[3mid[0m[2m=[0m1[1m}[0m[2m:[0m [2mmoq_net::lite::publisher[0m[2m:[0m serving group [3msubscribe[0m[2m=[0m1 [3mtrack[0m[2m=[0maudio [3msequence[0m[2m=[0m166
[2m2026-09-06T14:54:35.329422Z[0m [34mDEBUG[0m [1mconn[0m[1m{[0m[3mid[0m[2m=[0m1[1m}[0m[2m:[0m [2mmoq_net::lite::publisher[0m[2m:[0m finished group [3msequence[0m[2m=[0m166
[2m2026-09-06T14:54:35.348648Z[0m [34mDEBUG[0m [1mconn[0m[1m{[0m[3mid[0m[2m=[0m1[1m}[0m[2m:[0m [2mmoq_net::lite::publisher[0m[2m:[0m serving group [3msubscribe[0m[2m=[0m1 [3mtrack[0m[2m=[0maudio [3msequence[0m[2m=[0m167
[2m2026-09-06T14:54:35.350431Z[0m [34mDEBUG[0m [1mconn[0m[1m{[0m[3mid[0m[2m=[0m1[1m}[0m[2m:[0m [2mmoq_net::lite::publisher[0m[2m:[0m finished group [3msequence[0m[2m=[0m167
[2m2026-09-06T14:54:35.368204Z[0m [34mDEBUG[0m [1mconn[0m[1m{[0m[3mid[0m[2m=[0m1[1m}[0m[2m:[0m [2mmoq_net::lite::publisher[0m[2m:[0m serving group [3msubscribe[0m[2m=[0m1 [3mtrack[0m[2m=[0maudio [3msequence[0m[2m=[0m168
[2m2026-09-06T14:54:35.369968Z[0m [34mDEBUG[0m [1mconn[0m[1m{[0m[3mid[0m[2m=[0m1[1m}[0m[2m:[0m [2mmoq_net::lite::publisher[0m[2m:[0m finished group [3msequence[0m[2m=[0m168
[2m2026-09-06T14:54:35.371662Z[0m [34mDEBUG[0m [1mws[0m[1m{[0m[3mid[0m[2m=[0m0[1m}[0m[2m:[0m [2mmoq_net::lite::publisher[0m[2m:[0m serving group [3msubscribe[0m[2m=[0m2 [3mtrack[0m[2m=[0mpublisher.json [3msequence[0m[2m=[0m5
[2m2026-09-06T14:54:35.371817Z[0m [34mDEBUG[0m [1mws[0m[1m{[0m[3mid[0m[2m=[0m0[1m}[0m[2m:[0m [2mmoq_net::lite::publisher[0m[2m:[0m serving group [3msubscribe[0m[2m=[0m1 [3mtrack[0m[2m=[0msubscriber.json [3msequence[0m[2m=[0m5
[2m2026-09-06T14:54:35.388063Z[0m [34mDEBUG[0m [1mconn[0m[1m{[0m[3mid[0m[2m=[0m1[1m}[0m[2m:[0m [2mmoq_net::lite::publisher[0m[2m:[0m serving group [3msubscribe[0m[2m=[0m1 [3mtrack[0m[2m=[0maudio [3msequence[0m[2m=[0m169
[2m2026-09-06T14:54:35.389799Z[0m [34mDEBUG[0m [1mconn[0m[1m{[0m[3mid[0m[2m=[0m1[1m}[0m[2m:[0m [2mmoq_net::lite::publisher[0m[2m:[0m finished group [3msequence[0m[2m=[0m169
[2m2026-09-06T14:54:35.407742Z[0m [34mDEBUG[0m [1mconn[0m[1m{[0m[3mid[0m[2m=[0m1[1m}[0m[2m:[0m [2mmoq_net::lite::publisher[0m[2m:[0m serving group [3msubscribe[0m[2m=[0m1 [3mtrack[0m[2m=[0maudio [3msequence[0m[2m=[0m170
[2m2026-09-06T14:54:35.409392Z[0m [34mDEBUG[0m [1mconn[0m[1m{[0m[3mid[0m[2m=[0m1[1m}[0m[2m:[0m [2mmoq_net::lite::publisher[0m[2m:[0m finished group [3msequence[0m[2m=[0m170
[2m2026-09-06T14:54:35.548142Z[0m [34mDEBUG[0m [1mconn[0m[1m{[0m[3mid[0m[2m=[0m1[1m}[0m[2m:[0m [2mmoq_net::lite::publisher[0m[2m:[0m serving group [3msubscribe[0m[2m=[0m1 [3mtrack[0m[2m=[0maudio [3msequence[0m[2m=[0m171
[2m2026-09-06T14:54:35.549927Z[0m [34mDEBUG[0m [1mconn[0m[1m{[0m[3mid[0m[2m=[0m1[1m}[0m[2m:[0m [2mmoq_net::lite::publisher[0m[2m:[0m finished group [3msequence[0m[2m=[0m171
[2m2026-09-06T14:54:35.567947Z[0m [34mDEBUG[0m [1mconn[0m[1m{[0m[3mid[0m[2m=[0m1[1m}[0m[2m:[0m [2mmoq_net::lite::publisher[0m[2m:[0m serving group [3msubscribe[0m[2m=[0m1 [3mtrack[0m[2m=[0maudio [3msequence[0m[2m=[0m172
[2m2026-09-06T14:54:35.569733Z[0m [34mDEBUG[0m [1mconn[0m[1m{[0m[3mid[0m[2m=[0m1[1m}[0m[2m:[0m [2mmoq_net::lite::publisher[0m[2m:[0m finished group [3msequence[0m[2m=[0m172
[2m2026-09-06T14:54:35.588733Z[0m [34mDEBUG[0m [1mconn[0m[1m{[0m[3mid[0m[2m=[0m1[1m}[0m[2m:[0m [2mmoq_net::lite::publisher[0m[2m:[0m serving group [3msubscribe[0m[2m=[0m1 [3mtrack[0m[2m=[0maudio [3msequence[0m[2m=[0m173
[2m2026-09-06T14:54:35.590894Z[0m [34mDEBUG[0m [1mconn[0m[1m{[0m[3mid[0m[2m=[0m1[1m}[0m[2m:[0m [2mmoq_net::lite::publisher[0m[2m:[0m finished group [3msequence[0m[2m=[0m173
[2m2026-09-06T14:54:35.608022Z[0m [34mDEBUG[0m [1mconn[0m[1m{[0m[3mid[0m[2m=[0m1[1m}[0m[2m:[0m [2mmoq_net::lite::publisher[0m[2m:[0m serving group [3msubscribe[0m[2m=[0m1 [3mtrack[0m[2m=[0maudio [3msequence[0m[2m=[0m174
[2m2026-09-06T14:54:35.609693Z[0m [34mDEBUG[0m [1mconn[0m[1m{[0m[3mid[0m[2m=[0m1[1m}[0m[2m:[0m [2mmoq_net::lite::publisher[0m[2m:[0m finished group [3msequence[0m[2m=[0m174
[2m2026-09-06T14:54:35.628522Z[0m [34mDEBUG[0m [1mconn[0m[1m{[0m[3mid[0m[2m=[0m1[1m}[0m[2m:[0m [2mmoq_net::lite::publisher[0m[2m:[0m serving group [3msubscribe[0m[2m=[0m1 [3mtrack[0m[2m=[0maudio [3msequence[0m[2m=[0m175
[2m2026-09-06T14:54:35.630172Z[0m [34mDEBUG[0m [1mconn[0m[1m{[0m[3mid[0m[2m=[0m1[1m}[0m[2m:[0m [2mmoq_net::lite::publisher[0m[2m:[0m finished group [3msequence[0m[2m=[0m175
[2m2026-09-06T14:54:35.648906Z[0m [34mDEBUG[0m [1mconn[0m[1m{[0m[3mid[0m[2m=[0m1[1m}[0m[2m:[0m [2mmoq_net::lite::publisher[0m[2m:[0m serving group [3msubscribe[0m[2m=[0m1 [3mtrack[0m[2m=[0maudio [3msequence[0m[2m=[0m176
[2m2026-09-06T14:54:35.650619Z[0m [34mDEBUG[0m [1mconn[0m[1m{[0m[3mid[0m[2m=[0m1[1m}[0m[2m:[0m [2mmoq_net::lite::publisher[0m[2m:[0m finished group [3msequence[0m[2m=[0m176
[2m2026-09-06T14:54:35.668058Z[0m [34mDEBUG[0m [1mconn[0m[1m{[0m[3mid[0m[2m=[0m1[1m}[0m[2m:[0m [2mmoq_net::lite::publisher[0m[2m:[0m serving group [3msubscribe[0m[2m=[0m1 [3mtrack[0m[2m=[0maudio [3msequence[0m[2m=[0m177
[2m2026-09-06T14:54:35.669739Z[0m [34mDEBUG[0m [1mconn[0m[1m{[0m[3mid[0m[2m=[0m1[1m}[0m[2m:[0m [2mmoq_net::lite::publisher[0m[2m:[0m finished group [3msequence[0m[2m=[0m177
[2m2026-09-06T14:54:35.688118Z[0m [34mDEBUG[0m [1mconn[0m[1m{[0m[3mid[0m[2m=[0m1[1m}[0m[2m:[0m [2mmoq_net::lite::publisher[0m[2m:[0m serving group [3msubscribe[0m[2m=[0m1 [3mtrack[0m[2m=[0maudio [3msequence[0m[2m=[0m178
[2m2026-09-06T14:54:35.690129Z[0m [34mDEBUG[0m [1mconn[0m[1m{[0m[3mid[0m[2m=[0m1[1m}[0m[2m:[0m [2mmoq_net::lite::publisher[0m[2m:[0m finished group [3msequence[0m[2m=[0m178
[2m2026-09-06T14:54:35.707704Z[0m [34mDEBUG[0m [1mconn[0m[1m{[0m[3mid[0m[2m=[0m1[1m}[0m[2m:[0m [2mmoq_net::lite::publisher[0m[2m:[0m serving group [3msubscribe[0m[2m=[0m1 [3mtrack[0m[2m=[0maudio [3msequence[0m[2m=[0m179
[2m2026-09-06T14:54:35.709188Z[0m [34mDEBUG[0m [1mconn[0m[1m{[0m[3mid[0m[2m=[0m1[1m}[0m[2m:[0m [2mmoq_net::lite::publisher[0m[2m:[0m finished group [3msequence[0m[2m=[0m179
[2m2026-09-06T14:54:35.727606Z[0m [34mDEBUG[0m [1mconn[0m[1m{[0m[3mid[0m[2m=[0m1[1m}[0m[2m:[0m [2mmoq_net::lite::publisher[0m[2m:[0m serving group [3msubscribe[0m[2m=[0m1 [3mtrack[0m[2m=[0maudio [3msequence[0m[2m=[0m180
[2m2026-09-06T14:54:35.729249Z[0m [34mDEBUG[0m [1mconn[0m[1m{[0m[3mid[0m[2m=[0m1[1m}[0m[2m:[0m [2mmoq_net::lite::publisher[0m[2m:[0m finished group [3msequence[0m[2m=[0m180
[2m2026-09-06T14:54:35.747772Z[0m [34mDEBUG[0m [1mconn[0m[1m{[0m[3mid[0m[2m=[0m1[1m}[0m[2m:[0m [2mmoq_net::lite::publisher[0m[2m:[0m serving group [3msubscribe[0m[2m=[0m1 [3mtrack[0m[2m=[0maudio [3msequence[0m[2m=[0m181
[2m2026-09-06T14:54:35.749455Z[0m [34mDEBUG[0m [1mconn[0m[1m{[0m[3mid[0m[2m=[0m1[1m}[0m[2m:[0m [2mmoq_net::lite::publisher[0m[2m:[0m finished group [3msequence[0m[2m=[0m181
[2m2026-09-06T14:54:35.767554Z[0m [34mDEBUG[0m [1mconn[0m[1m{[0m[3mid[0m[2m=[0m1[1m}[0m[2m:[0m [2mmoq_net::lite::publisher[0m[2m:[0m serving group [3msubscribe[0m[2m=[0m1 [3mtrack[0m[2m=[0maudio [3msequence[0m[2m=[0m182
[2m2026-09-06T14:54:35.769171Z[0m [34mDEBUG[0m [1mconn[0m[1m{[0m[3mid[0m[2m=[0m1[1m}[0m[2m:[0m [2mmoq_net::lite::publisher[0m[2m:[0m finished group [3msequence[0m[2m=[0m182
[2m2026-09-06T14:54:35.843987Z[0m [34mDEBUG[0m [1mconn[0m[1m{[0m[3mid[0m[2m=[0m1[1m}[0m[2m:[0m [2mmoq_net::lite::publisher[0m[2m:[0m serving group [3msubscribe[0m[2m=[0m2 [3mtrack[0m[2m=[0mvideo [3msequence[0m[2m=[0m2
[2m2026-09-06T14:54:35.845907Z[0m [34mDEBUG[0m [1mconn[0m[1m{[0m[3mid[0m[2m=[0m1[1m}[0m[2m:[0m [2mmoq_net::lite::publisher[0m[2m:[0m finished group [3msequence[0m[2m=[0m1
[2m2026-09-06T14:54:36.027503Z[0m [34mDEBUG[0m [1mconn[0m[1m{[0m[3mid[0m[2m=[0m1[1m}[0m[2m:[0m [2mmoq_net::lite::publisher[0m[2m:[0m serving group [3msubscribe[0m[2m=[0m1 [3mtrack[0m[2m=[0maudio [3msequence[0m[2m=[0m183
[2m2026-09-06T14:54:36.029020Z[0m [34mDEBUG[0m [1mconn[0m[1m{[0m[3mid[0m[2m=[0m1[1m}[0m[2m:[0m [2mmoq_net::lite::publisher[0m[2m:[0m finished group [3msequence[0m[2m=[0m183
[2m2026-09-06T14:54:36.048501Z[0m [34mDEBUG[0m [1mconn[0m[1m{[0m[3mid[0m[2m=[0m1[1m}[0m[2m:[0m [2mmoq_net::lite::publisher[0m[2m:[0m serving group [3msubscribe[0m[2m=[0m1 [3mtrack[0m[2m=[0maudio [3msequence[0m[2m=[0m184
[2m2026-09-06T14:54:36.050161Z[0m [34mDEBUG[0m [1mconn[0m[1m{[0m[3mid[0m[2m=[0m1[1m}[0m[2m:[0m [2mmoq_net::lite::publisher[0m[2m:[0m finished group [3msequence[0m[2m=[0m184
[2m2026-09-06T14:54:36.067628Z[0m [34mDEBUG[0m [1mconn[0m[1m{[0m[3mid[0m[2m=[0m1[1m}[0m[2m:[0m [2mmoq_net::lite::publisher[0m[2m:[0m serving group [3msubscribe[0m[2m=[0m1 [3mtrack[0m[2m=[0maudio [3msequence[0m[2m=[0m185
[2m2026-09-06T14:54:36.069228Z[0m [34mDEBUG[0m [1mconn[0m[1m{[0m[3mid[0m[2m=[0m1[1m}[0m[2m:[0m [2mmoq_net::lite::publisher[0m[2m:[0m finished group [3msequence[0m[2m=[0m185
[2m2026-09-06T14:54:36.088317Z[0m [34mDEBUG[0m [1mconn[0m[1m{[0m[3mid[0m[2m=[0m1[1m}[0m[2m:[0m [2mmoq_net::lite::publisher[0m[2m:[0m serving group [3msubscribe[0m[2m=[0m1 [3mtrack[0m[2m=[0maudio [3msequence[0m[2m=[0m186
[2m2026-09-06T14:54:36.090003Z[0m [34mDEBUG[0m [1mconn[0m[1m{[0m[3mid[0m[2m=[0m1[1m}[0m[2m:[0m [2mmoq_net::lite::publisher[0m[2m:[0m finished group [3msequence[0m[2m=[0m186
[2m2026-09-06T14:54:36.107372Z[0m [34mDEBUG[0m [1mconn[0m[1m{[0m[3mid[0m[2m=[0m1[1m}[0m[2m:[0m [2mmoq_net::lite::publisher[0m[2m:[0m serving group [3msubscribe[0m[2m=[0m1 [3mtrack[0m[2m=[0maudio [3msequence[0m[2m=[0m187
[2m2026-09-06T14:54:36.108995Z[0m [34mDEBUG[0m [1mconn[0m[1m{[0m[3mid[0m[2m=[0m1[1m}[0m[2m:[0m [2mmoq_net::lite::publisher[0m[2m:[0m finished group [3msequence[0m[2m=[0m187
[2m2026-09-06T14:54:36.127144Z[0m [34mDEBUG[0m [1mconn[0m[1m{[0m[3mid[0m[2m=[0m1[1m}[0m[2m:[0m [2mmoq_net::lite::publisher[0m[2m:[0m serving group [3msubscribe[0m[2m=[0m1 [3mtrack[0m[2m=[0maudio [3msequence[0m[2m=[0m188
[2m2026-09-06T14:54:36.128715Z[0m [34mDEBUG[0m [1mconn[0m[1m{[0m[3mid[0m[2m=[0m1[1m}[0m[2m:[0m [2mmoq_net::lite::publisher[0m[2m:[0m finished group [3msequence[0m[2m=[0m188
[2m2026-09-06T14:54:36.147278Z[0m [34mDEBUG[0m [1mconn[0m[1m{[0m[3mid[0m[2m=[0m1[1m}[0m[2m:[0m [2mmoq_net::lite::publisher[0m[2m:[0m serving group [3msubscribe[0m[2m=[0m1 [3mtrack[0m[2m=[0maudio [3msequence[0m[2m=[0m189
[2m2026-09-06T14:54:36.148863Z[0m [34mDEBUG[0m [1mconn[0m[1m{[0m[3mid[0m[2m=[0m1[1m}[0m[2m:[0m [2mmoq_net::lite::publisher[0m[2m:[0m finished group [3msequence[0m[2m=[0m189
[2m2026-09-06T14:54:36.167317Z[0m [34mDEBUG[0m [1mconn[0m[1m{[0m[3mid[0m[2m=[0m1[1m}[0m[2m:[0m [2mmoq_net::lite::publisher[0m[2m:[0m serving group [3msubscribe[0m[2m=[0m1 [3mtrack[0m[2m=[0maudio [3msequence[0m[2m=[0m190
[2m2026-09-06T14:54:36.168821Z[0m [34mDEBUG[0m [1mconn[0m[1m{[0m[3mid[0m[2m=[0m1[1m}[0m[2m:[0m [2mmoq_net::lite::publisher[0m[2m:[0m finished group [3msequence[0m[2m=[0m190
[2m2026-09-06T14:54:36.188208Z[0m [34mDEBUG[0m [1mconn[0m[1m{[0m[3mid[0m[2m=[0m1[1m}[0m[2m:[0m [2mmoq_net::lite::publisher[0m[2m:[0m serving group [3msubscribe[0m[2m=[0m1 [3mtrack[0m[2m=[0maudio [3msequence[0m[2m=[0m191
[2m2026-09-06T14:54:36.189893Z[0m [34mDEBUG[0m [1mconn[0m[1m{[0m[3mid[0m[2m=[0m1[1m}[0m[2m:[0m [2mmoq_net::lite::publisher[0m[2m:[0m finished group [3msequence[0m[2m=[0m191
[2m2026-09-06T14:54:36.207024Z[0m [34mDEBUG[0m [1mconn[0m[1m{[0m[3mid[0m[2m=[0m1[1m}[0m[2m:[0m [2mmoq_net::lite::publisher[0m[2m:[0m serving group [3msubscribe[0m[2m=[0m1 [3mtrack[0m[2m=[0maudio [3msequence[0m[2m=[0m192
[2m2026-09-06T14:54:36.208618Z[0m [34mDEBUG[0m [1mconn[0m[1m{[0m[3mid[0m[2m=[0m1[1m}[0m[2m:[0m [2mmoq_net::lite::publisher[0m[2m:[0m finished group [3msequence[0m[2m=[0m192
[2m2026-09-06T14:54:36.227669Z[0m [34mDEBUG[0m [1mconn[0m[1m{[0m[3mid[0m[2m=[0m1[1m}[0m[2m:[0m [2mmoq_net::lite::publisher[0m[2m:[0m serving group [3msubscribe[0m[2m=[0m1 [3mtrack[0m[2m=[0maudio [3msequence[0m[2m=[0m193
[2m2026-09-06T14:54:36.229326Z[0m [34mDEBUG[0m [1mconn[0m[1m{[0m[3mid[0m[2m=[0m1[1m}[0m[2m:[0m [2mmoq_net::lite::publisher[0m[2m:[0m finished group [3msequence[0m[2m=[0m193
[2m2026-09-06T14:54:36.247552Z[0m [34mDEBUG[0m [1mconn[0m[1m{[0m[3mid[0m[2m=[0m1[1m}[0m[2m:[0m [2mmoq_net::lite::publisher[0m[2m:[0m serving group [3msubscribe[0m[2m=[0m1 [3mtrack[0m[2m=[0maudio [3msequence[0m[2m=[0m194
[2m2026-09-06T14:54:36.247847Z[0m [34mDEBUG[0m [1mconn[0m[1m{[0m[3mid[0m[2m=[0m1[1m}[0m[2m:[0m [2mmoq_net::lite::publisher[0m[2m:[0m finished group [3msequence[0m[2m=[0m194
[2m2026-09-06T14:54:36.267458Z[0m [34mDEBUG[0m [1mconn[0m[1m{[0m[3mid[0m[2m=[0m1[1m}[0m[2m:[0m [2mmoq_net::lite::publisher[0m[2m:[0m serving group [3msubscribe[0m[2m=[0m1 [3mtrack[0m[2m=[0maudio [3msequence[0m[2m=[0m195
[2m2026-09-06T14:54:36.269023Z[0m [34mDEBUG[0m [1mconn[0m[1m{[0m[3mid[0m[2m=[0m1[1m}[0m[2m:[0m [2mmoq_net::lite::publisher[0m[2m:[0m finished group [3msequence[0m[2m=[0m195
[2m2026-09-06T14:54:36.287265Z[0m [34mDEBUG[0m [1mconn[0m[1m{[0m[3mid[0m[2m=[0m1[1m}[0m[2m:[0m [2mmoq_net::lite::publisher[0m[2m:[0m serving group [3msubscribe[0m[2m=[0m1 [3mtrack[0m[2m=[0maudio [3msequence[0m[2m=[0m196
[2m2026-09-06T14:54:36.288932Z[0m [34mDEBUG[0m [1mconn[0m[1m{[0m[3mid[0m[2m=[0m1[1m}[0m[2m:[0m [2mmoq_net::lite::publisher[0m[2m:[0m finished group [3msequence[0m[2m=[0m196
[2m2026-09-06T14:54:36.307354Z[0m [34mDEBUG[0m [1mconn[0m[1m{[0m[3mid[0m[2m=[0m1[1m}[0m[2m:[0m [2mmoq_net::lite::publisher[0m[2m:[0m serving group [3msubscribe[0m[2m=[0m1 [3mtrack[0m[2m=[0maudio [3msequence[0m[2m=[0m197
[2m2026-09-06T14:54:36.308957Z[0m [34mDEBUG[0m [1mconn[0m[1m{[0m[3mid[0m[2m=[0m1[1m}[0m[2m:[0m [2mmoq_net::lite::publisher[0m[2m:[0m finished group [3msequence[0m[2m=[0m197
[2m2026-09-06T14:54:36.327047Z[0m [34mDEBUG[0m [1mconn[0m[1m{[0m[3mid[0m[2m=[0m1[1m}[0m[2m:[0m [2mmoq_net::lite::publisher[0m[2m:[0m serving group [3msubscribe[0m[2m=[0m1 [3mtrack[0m[2m=[0maudio [3msequence[0m[2m=[0m198
[2m2026-09-06T14:54:36.328619Z[0m [34mDEBUG[0m [1mconn[0m[1m{[0m[3mid[0m[2m=[0m1[1m}[0m[2m:[0m [2mmoq_net::lite::publisher[0m[2m:[0m finished group [3msequence[0m[2m=[0m198
[2m2026-09-06T14:54:36.347347Z[0m [34mDEBUG[0m [1mconn[0m[1m{[0m[3mid[0m[2m=[0m1[1m}[0m[2m:[0m [2mmoq_net::lite::publisher[0m[2m:[0m serving group [3msubscribe[0m[2m=[0m1 [3mtrack[0m[2m=[0maudio [3msequence[0m[2m=[0m199
[2m2026-09-06T14:54:36.348912Z[0m [34mDEBUG[0m [1mconn[0m[1m{[0m[3mid[0m[2m=[0m1[1m}[0m[2m:[0m [2mmoq_net::lite::publisher[0m[2m:[0m finished group [3msequence[0m[2m=[0m199
[2m2026-09-06T14:54:36.367239Z[0m [34mDEBUG[0m [1mconn[0m[1m{[0m[3mid[0m[2m=[0m1[1m}[0m[2m:[0m [2mmoq_net::lite::publisher[0m[2m:[0m serving group [3msubscribe[0m[2m=[0m1 [3mtrack[0m[2m=[0maudio [3msequence[0m[2m=[0m200
[2m2026-09-06T14:54:36.368781Z[0m [34mDEBUG[0m [1mconn[0m[1m{[0m[3mid[0m[2m=[0m1[1m}[0m[2m:[0m [2mmoq_net::lite::publisher[0m[2m:[0m finished group [3msequence[0m[2m=[0m200
[2m2026-09-06T14:54:36.371448Z[0m [34mDEBUG[0m [1mws[0m[1m{[0m[3mid[0m[2m=[0m0[1m}[0m[2m:[0m [2mmoq_net::lite::publisher[0m[2m:[0m serving group [3msubscribe[0m[2m=[0m2 [3mtrack[0m[2m=[0mpublisher.json [3msequence[0m[2m=[0m6
[2m2026-09-06T14:54:36.371968Z[0m [34mDEBUG[0m [1mws[0m[1m{[0m[3mid[0m[2m=[0m0[1m}[0m[2m:[0m [2mmoq_net::lite::publisher[0m[2m:[0m serving group [3msubscribe[0m[2m=[0m1 [3mtrack[0m[2m=[0msubscriber.json [3msequence[0m[2m=[0m6
[2m2026-09-06T14:54:36.387276Z[0m [34mDEBUG[0m [1mconn[0m[1m{[0m[3mid[0m[2m=[0m1[1m}[0m[2m:[0m [2mmoq_net::lite::publisher[0m[2m:[0m serving group [3msubscribe[0m[2m=[0m1 [3mtrack[0m[2m=[0maudio [3msequence[0m[2m=[0m201
[2m2026-09-06T14:54:36.388936Z[0m [34mDEBUG[0m [1mconn[0m[1m{[0m[3mid[0m[2m=[0m1[1m}[0m[2m:[0m [2mmoq_net::lite::publisher[0m[2m:[0m finished group [3msequence[0m[2m=[0m201
[2m2026-09-06T14:54:36.407536Z[0m [34mDEBUG[0m [1mconn[0m[1m{[0m[3mid[0m[2m=[0m1[1m}[0m[2m:[0m [2mmoq_net::lite::publisher[0m[2m:[0m serving group [3msubscribe[0m[2m=[0m1 [3mtrack[0m[2m=[0maudio [3msequence[0m[2m=[0m202
[2m2026-09-06T14:54:36.409030Z[0m [34mDEBUG[0m [1mconn[0m[1m{[0m[3mid[0m[2m=[0m1[1m}[0m[2m:[0m [2mmoq_net::lite::publisher[0m[2m:[0m finished group [3msequence[0m[2m=[0m202
[2m2026-09-06T14:54:36.427298Z[0m [34mDEBUG[0m [1mconn[0m[1m{[0m[3mid[0m[2m=[0m1[1m}[0m[2m:[0m [2mmoq_net::lite::publisher[0m[2m:[0m serving group [3msubscribe[0m[2m=[0m1 [3mtrack[0m[2m=[0maudio [3msequence[0m[2m=[0m203
[2m2026-09-06T14:54:36.428866Z[0m [34mDEBUG[0m [1mconn[0m[1m{[0m[3mid[0m[2m=[0m1[1m}[0m[2m:[0m [2mmoq_net::lite::publisher[0m[2m:[0m finished group [3msequence[0m[2m=[0m203
[2m2026-09-06T14:54:36.447399Z[0m [34mDEBUG[0m [1mconn[0m[1m{[0m[3mid[0m[2m=[0m1[1m}[0m[2m:[0m [2mmoq_net::lite::publisher[0m[2m:[0m serving group [3msubscribe[0m[2m=[0m1 [3mtrack[0m[2m=[0maudio [3msequence[0m[2m=[0m204
[2m2026-09-06T14:54:36.448939Z[0m [34mDEBUG[0m [1mconn[0m[1m{[0m[3mid[0m[2m=[0m1[1m}[0m[2m:[0m [2mmoq_net::lite::publisher[0m[2m:[0m finished group [3msequence[0m[2m=[0m204
[2m2026-09-06T14:54:36.467162Z[0m [34mDEBUG[0m [1mconn[0m[1m{[0m[3mid[0m[2m=[0m1[1m}[0m[2m:[0m [2mmoq_net::lite::publisher[0m[2m:[0m serving group [3msubscribe[0m[2m=[0m1 [3mtrack[0m[2m=[0maudio [3msequence[0m[2m=[0m205
[2m2026-09-06T14:54:36.468701Z[0m [34mDEBUG[0m [1mconn[0m[1m{[0m[3mid[0m[2m=[0m1[1m}[0m[2m:[0m [2mmoq_net::lite::publisher[0m[2m:[0m finished group [3msequence[0m[2m=[0m205
[2m2026-09-06T14:54:36.527673Z[0m [34mDEBUG[0m [1mconn[0m[1m{[0m[3mid[0m[2m=[0m1[1m}[0m[2m:[0m [2mmoq_net::lite::publisher[0m[2m:[0m serving group [3msubscribe[0m[2m=[0m1 [3mtrack[0m[2m=[0maudio [3msequence[0m[2m=[0m206
[2m2026-09-06T14:54:36.529353Z[0m [34mDEBUG[0m [1mconn[0m[1m{[0m[3mid[0m[2m=[0m1[1m}[0m[2m:[0m [2mmoq_net::lite::publisher[0m[2m:[0m finished group [3msequence[0m[2m=[0m206
[2m2026-09-06T14:54:36.547881Z[0m [34mDEBUG[0m [1mconn[0m[1m{[0m[3mid[0m[2m=[0m1[1m}[0m[2m:[0m [2mmoq_net::lite::publisher[0m[2m:[0m serving group [3msubscribe[0m[2m=[0m1 [3mtrack[0m[2m=[0maudio [3msequence[0m[2m=[0m207
[2m2026-09-06T14:54:36.549581Z[0m [34mDEBUG[0m [1mconn[0m[1m{[0m[3mid[0m[2m=[0m1[1m}[0m[2m:[0m [2mmoq_net::lite::publisher[0m[2m:[0m finished group [3msequence[0m[2m=[0m207
[2m2026-09-06T14:54:36.567762Z[0m [34mDEBUG[0m [1mconn[0m[1m{[0m[3mid[0m[2m=[0m1[1m}[0m[2m:[0m [2mmoq_net::lite::publisher[0m[2m:[0m serving group [3msubscribe[0m[2m=[0m1 [3mtrack[0m[2m=[0maudio [3msequence[0m[2m=[0m208
[2m2026-09-06T14:54:36.569544Z[0m [34mDEBUG[0m [1mconn[0m[1m{[0m[3mid[0m[2m=[0m1[1m}[0m[2m:[0m [2mmoq_net::lite::publisher[0m[2m:[0m finished group [3msequence[0m[2m=[0m208
[2m2026-09-06T14:54:36.588331Z[0m [34mDEBUG[0m [1mconn[0m[1m{[0m[3mid[0m[2m=[0m1[1m}[0m[2m:[0m [2mmoq_net::lite::publisher[0m[2m:[0m serving group [3msubscribe[0m[2m=[0m1 [3mtrack[0m[2m=[0maudio [3msequence[0m[2m=[0m209
[2m2026-09-06T14:54:36.590109Z[0m [34mDEBUG[0m [1mconn[0m[1m{[0m[3mid[0m[2m=[0m1[1m}[0m[2m:[0m [2mmoq_net::lite::publisher[0m[2m:[0m finished group [3msequence[0m[2m=[0m209
[2m2026-09-06T14:54:36.607704Z[0m [34mDEBUG[0m [1mconn[0m[1m{[0m[3mid[0m[2m=[0m1[1m}[0m[2m:[0m [2mmoq_net::lite::publisher[0m[2m:[0m serving group [3msubscribe[0m[2m=[0m1 [3mtrack[0m[2m=[0maudio [3msequence[0m[2m=[0m210
[2m2026-09-06T14:54:36.609406Z[0m [34mDEBUG[0m [1mconn[0m[1m{[0m[3mid[0m[2m=[0m1[1m}[0m[2m:[0m [2mmoq_net::lite::publisher[0m[2m:[0m finished group [3msequence[0m[2m=[0m210
[2m2026-09-06T14:54:36.628694Z[0m [34mDEBUG[0m [1mconn[0m[1m{[0m[3mid[0m[2m=[0m1[1m}[0m[2m:[0m [2mmoq_net::lite::publisher[0m[2m:[0m serving group [3msubscribe[0m[2m=[0m1 [3mtrack[0m[2m=[0maudio [3msequence[0m[2m=[0m211
[2m2026-09-06T14:54:36.630600Z[0m [34mDEBUG[0m [1mconn[0m[1m{[0m[3mid[0m[2m=[0m1[1m}[0m[2m:[0m [2mmoq_net::lite::publisher[0m[2m:[0m finished group [3msequence[0m[2m=[0m211
[2m2026-09-06T14:54:36.648250Z[0m [34mDEBUG[0m [1mconn[0m[1m{[0m[3mid[0m[2m=[0m1[1m}[0m[2m:[0m [2mmoq_net::lite::publisher[0m[2m:[0m serving group [3msubscribe[0m[2m=[0m1 [3mtrack[0m[2m=[0maudio [3msequence[0m[2m=[0m212
[2m2026-09-06T14:54:36.648740Z[0m [34mDEBUG[0m [1mconn[0m[1m{[0m[3mid[0m[2m=[0m1[1m}[0m[2m:[0m [2mmoq_net::lite::publisher[0m[2m:[0m finished group [3msequence[0m[2m=[0m212
[2m2026-09-06T14:54:36.669052Z[0m [34mDEBUG[0m [1mconn[0m[1m{[0m[3mid[0m[2m=[0m1[1m}[0m[2m:[0m [2mmoq_net::lite::publisher[0m[2m:[0m serving group [3msubscribe[0m[2m=[0m1 [3mtrack[0m[2m=[0maudio [3msequence[0m[2m=[0m213
[2m2026-09-06T14:54:36.669465Z[0m [34mDEBUG[0m [1mconn[0m[1m{[0m[3mid[0m[2m=[0m1[1m}[0m[2m:[0m [2mmoq_net::lite::publisher[0m[2m:[0m finished group [3msequence[0m[2m=[0m213
[2m2026-09-06T14:54:36.690952Z[0m [34mDEBUG[0m [1mconn[0m[1m{[0m[3mid[0m[2m=[0m1[1m}[0m[2m:[0m [2mmoq_net::lite::publisher[0m[2m:[0m serving group [3msubscribe[0m[2m=[0m1 [3mtrack[0m[2m=[0maudio [3msequence[0m[2m=[0m214
[2m2026-09-06T14:54:36.692603Z[0m [34mDEBUG[0m [1mconn[0m[1m{[0m[3mid[0m[2m=[0m1[1m}[0m[2m:[0m [2mmoq_net::lite::publisher[0m[2m:[0m finished group [3msequence[0m[2m=[0m214
[2m2026-09-06T14:54:36.707922Z[0m [34mDEBUG[0m [1mconn[0m[1m{[0m[3mid[0m[2m=[0m1[1m}[0m[2m:[0m [2mmoq_net::lite::publisher[0m[2m:[0m serving group [3msubscribe[0m[2m=[0m1 [3mtrack[0m[2m=[0maudio [3msequence[0m[2m=[0m215
[2m2026-09-06T14:54:36.709558Z[0m [34mDEBUG[0m [1mconn[0m[1m{[0m[3mid[0m[2m=[0m1[1m}[0m[2m:[0m [2mmoq_net::lite::publisher[0m[2m:[0m finished group [3msequence[0m[2m=[0m215
[2m2026-09-06T14:54:36.727905Z[0m [34mDEBUG[0m [1mconn[0m[1m{[0m[3mid[0m[2m=[0m1[1m}[0m[2m:[0m [2mmoq_net::lite::publisher[0m[2m:[0m serving group [3msubscribe[0m[2m=[0m1 [3mtrack[0m[2m=[0maudio [3msequence[0m[2m=[0m216
[2m2026-09-06T14:54:36.729652Z[0m [34mDEBUG[0m [1mconn[0m[1m{[0m[3mid[0m[2m=[0m1[1m}[0m[2m:[0m [2mmoq_net::lite::publisher[0m[2m:[0m finished group [3msequence[0m[2m=[0m216
[2m2026-09-06T14:54:36.747883Z[0m [34mDEBUG[0m [1mconn[0m[1m{[0m[3mid[0m[2m=[0m1[1m}[0m[2m:[0m [2mmoq_net::lite::publisher[0m[2m:[0m serving group [3msubscribe[0m[2m=[0m1 [3mtrack[0m[2m=[0maudio [3msequence[0m[2m=[0m217
[2m2026-09-06T14:54:36.749561Z[0m [34mDEBUG[0m [1mconn[0m[1m{[0m[3mid[0m[2m=[0m1[1m}[0m[2m:[0m [2mmoq_net::lite::publisher[0m[2m:[0m finished group [3msequence[0m[2m=[0m217
[2m2026-09-06T14:54:36.767698Z[0m [34mDEBUG[0m [1mconn[0m[1m{[0m[3mid[0m[2m=[0m1[1m}[0m[2m:[0m [2mmoq_net::lite::publisher[0m[2m:[0m serving group [3msubscribe[0m[2m=[0m1 [3mtrack[0m[2m=[0maudio [3msequence[0m[2m=[0m218
[2m2026-09-06T14:54:36.769341Z[0m [34mDEBUG[0m [1mconn[0m[1m{[0m[3mid[0m[2m=[0m1[1m}[0m[2m:[0m [2mmoq_net::lite::publisher[0m[2m:[0m finished group [3msequence[0m[2m=[0m218
[2m2026-09-06T14:54:36.788018Z[0m [34mDEBUG[0m [1mconn[0m[1m{[0m[3mid[0m[2m=[0m1[1m}[0m[2m:[0m [2mmoq_net::lite::publisher[0m[2m:[0m serving group [3msubscribe[0m[2m=[0m1 [3mtrack[0m[2m=[0maudio [3msequence[0m[2m=[0m219
[2m2026-09-06T14:54:36.789737Z[0m [34mDEBUG[0m [1mconn[0m[1m{[0m[3mid[0m[2m=[0m1[1m}[0m[2m:[0m [2mmoq_net::lite::publisher[0m[2m:[0m finished group [3msequence[0m[2m=[0m219
[2m2026-09-06T14:54:36.808151Z[0m [34mDEBUG[0m [1mconn[0m[1m{[0m[3mid[0m[2m=[0m1[1m}[0m[2m:[0m [2mmoq_net::lite::publisher[0m[2m:[0m serving group [3msubscribe[0m[2m=[0m1 [3mtrack[0m[2m=[0maudio [3msequence[0m[2m=[0m220
[2m2026-09-06T14:54:36.809801Z[0m [34mDEBUG[0m [1mconn[0m[1m{[0m[3mid[0m[2m=[0m1[1m}[0m[2m:[0m [2mmoq_net::lite::publisher[0m[2m:[0m finished group [3msequence[0m[2m=[0m220
[2m2026-09-06T14:54:36.827786Z[0m [34mDEBUG[0m [1mconn[0m[1m{[0m[3mid[0m[2m=[0m1[1m}[0m[2m:[0m [2mmoq_net::lite::publisher[0m[2m:[0m serving group [3msubscribe[0m[2m=[0m1 [3mtrack[0m[2m=[0maudio [3msequence[0m[2m=[0m221
[2m2026-09-06T14:54:36.829565Z[0m [34mDEBUG[0m [1mconn[0m[1m{[0m[3mid[0m[2m=[0m1[1m}[0m[2m:[0m [2mmoq_net::lite::publisher[0m[2m:[0m finished group [3msequence[0m[2m=[0m221
[2m2026-09-06T14:54:36.848152Z[0m [34mDEBUG[0m [1mconn[0m[1m{[0m[3mid[0m[2m=[0m1[1m}[0m[2m:[0m [2mmoq_net::lite::publisher[0m[2m:[0m serving group [3msubscribe[0m[2m=[0m1 [3mtrack[0m[2m=[0maudio [3msequence[0m[2m=[0m222
[2m2026-09-06T14:54:36.849932Z[0m [34mDEBUG[0m [1mconn[0m[1m{[0m[3mid[0m[2m=[0m1[1m}[0m[2m:[0m [2mmoq_net::lite::publisher[0m[2m:[0m finished group [3msequence[0m[2m=[0m222
[2m2026-09-06T14:54:36.868492Z[0m [34mDEBUG[0m [1mconn[0m[1m{[0m[3mid[0m[2m=[0m1[1m}[0m[2m:[0m [2mmoq_net::lite::publisher[0m[2m:[0m serving group [3msubscribe[0m[2m=[0m1 [3mtrack[0m[2m=[0maudio [3msequence[0m[2m=[0m223
[2m2026-09-06T14:54:36.870468Z[0m [34mDEBUG[0m [1mconn[0m[1m{[0m[3mid[0m[2m=[0m1[1m}[0m[2m:[0m [2mmoq_net::lite::publisher[0m[2m:[0m finished group [3msequence[0m[2m=[0m223
[2m2026-09-06T14:54:36.888497Z[0m [34mDEBUG[0m [1mconn[0m[1m{[0m[3mid[0m[2m=[0m1[1m}[0m[2m:[0m [2mmoq_net::lite::publisher[0m[2m:[0m serving group [3msubscribe[0m[2m=[0m1 [3mtrack[0m[2m=[0maudio [3msequence[0m[2m=[0m224
[2m2026-09-06T14:54:36.890681Z[0m [34mDEBUG[0m [1mconn[0m[1m{[0m[3mid[0m[2m=[0m1[1m}[0m[2m:[0m [2mmoq_net::lite::publisher[0m[2m:[0m finished group [3msequence[0m[2m=[0m224
[2m2026-09-06T14:54:36.908582Z[0m [34mDEBUG[0m [1mconn[0m[1m{[0m[3mid[0m[2m=[0m1[1m}[0m[2m:[0m [2mmoq_net::lite::publisher[0m[2m:[0m serving group [3msubscribe[0m[2m=[0m1 [3mtrack[0m[2m=[0maudio [3msequence[0m[2m=[0m225
[2m2026-09-06T14:54:36.910336Z[0m [34mDEBUG[0m [1mconn[0m[1m{[0m[3mid[0m[2m=[0m1[1m}[0m[2m:[0m [2mmoq_net::lite::publisher[0m[2m:[0m finished group [3msequence[0m[2m=[0m225
[2m2026-09-06T14:54:37.329504Z[0m [34mDEBUG[0m [1mconn[0m[1m{[0m[3mid[0m[2m=[0m1[1m}[0m[2m:[0m [2mmoq_net::lite::publisher[0m[2m:[0m serving group [3msubscribe[0m[2m=[0m1 [3mtrack[0m[2m=[0maudio [3msequence[0m[2m=[0m226
[2m2026-09-06T14:54:37.331666Z[0m [34mDEBUG[0m [1mconn[0m[1m{[0m[3mid[0m[2m=[0m1[1m}[0m[2m:[0m [2mmoq_net::lite::publisher[0m[2m:[0m finished group [3msequence[0m[2m=[0m226
[2m2026-09-06T14:54:37.372714Z[0m [34mDEBUG[0m [1mws[0m[1m{[0m[3mid[0m[2m=[0m0[1m}[0m[2m:[0m [2mmoq_net::lite::publisher[0m[2m:[0m serving group [3msubscribe[0m[2m=[0m2 [3mtrack[0m[2m=[0mpublisher.json [3msequence[0m[2m=[0m7
[2m2026-09-06T14:54:37.373064Z[0m [34mDEBUG[0m [1mws[0m[1m{[0m[3mid[0m[2m=[0m0[1m}[0m[2m:[0m [2mmoq_net::lite::publisher[0m[2m:[0m serving group [3msubscribe[0m[2m=[0m1 [3mtrack[0m[2m=[0msubscriber.json [3msequence[0m[2m=[0m7
[2m2026-09-06T14:54:37.529890Z[0m [34mDEBUG[0m [1mconn[0m[1m{[0m[3mid[0m[2m=[0m1[1m}[0m[2m:[0m [2mmoq_net::lite::publisher[0m[2m:[0m serving group [3msubscribe[0m[2m=[0m1 [3mtrack[0m[2m=[0maudio [3msequence[0m[2m=[0m227
[2m2026-09-06T14:54:37.532229Z[0m [34mDEBUG[0m [1mconn[0m[1m{[0m[3mid[0m[2m=[0m1[1m}[0m[2m:[0m [2mmoq_net::lite::publisher[0m[2m:[0m finished group [3msequence[0m[2m=[0m227
[2m2026-09-06T14:54:37.548845Z[0m [34mDEBUG[0m [1mconn[0m[1m{[0m[3mid[0m[2m=[0m1[1m}[0m[2m:[0m [2mmoq_net::lite::publisher[0m[2m:[0m serving group [3msubscribe[0m[2m=[0m1 [3mtrack[0m[2m=[0maudio [3msequence[0m[2m=[0m228
[2m2026-09-06T14:54:37.550613Z[0m [34mDEBUG[0m [1mconn[0m[1m{[0m[3mid[0m[2m=[0m1[1m}[0m[2m:[0m [2mmoq_net::lite::publisher[0m[2m:[0m finished group [3msequence[0m[2m=[0m228
[2m2026-09-06T14:54:37.569163Z[0m [34mDEBUG[0m [1mconn[0m[1m{[0m[3mid[0m[2m=[0m1[1m}[0m[2m:[0m [2mmoq_net::lite::publisher[0m[2m:[0m serving group [3msubscribe[0m[2m=[0m1 [3mtrack[0m[2m=[0maudio [3msequence[0m[2m=[0m229
[2m2026-09-06T14:54:37.570862Z[0m [34mDEBUG[0m [1mconn[0m[1m{[0m[3mid[0m[2m=[0m1[1m}[0m[2m:[0m [2mmoq_net::lite::publisher[0m[2m:[0m finished group [3msequence[0m[2m=[0m229
[2m2026-09-06T14:54:37.590028Z[0m [34mDEBUG[0m [1mconn[0m[1m{[0m[3mid[0m[2m=[0m1[1m}[0m[2m:[0m [2mmoq_net::lite::publisher[0m[2m:[0m serving group [3msubscribe[0m[2m=[0m1 [3mtrack[0m[2m=[0maudio [3msequence[0m[2m=[0m230
[2m2026-09-06T14:54:37.591842Z[0m [34mDEBUG[0m [1mconn[0m[1m{[0m[3mid[0m[2m=[0m1[1m}[0m[2m:[0m [2mmoq_net::lite::publisher[0m[2m:[0m finished group [3msequence[0m[2m=[0m230
[2m2026-09-06T14:54:37.608223Z[0m [34mDEBUG[0m [1mconn[0m[1m{[0m[3mid[0m[2m=[0m1[1m}[0m[2m:[0m [2mmoq_net::lite::publisher[0m[2m:[0m serving group [3msubscribe[0m[2m=[0m1 [3mtrack[0m[2m=[0maudio [3msequence[0m[2m=[0m231
[2m2026-09-06T14:54:37.609947Z[0m [34mDEBUG[0m [1mconn[0m[1m{[0m[3mid[0m[2m=[0m1[1m}[0m[2m:[0m [2mmoq_net::lite::publisher[0m[2m:[0m finished group [3msequence[0m[2m=[0m231
[2m2026-09-06T14:54:37.627838Z[0m [34mDEBUG[0m [1mconn[0m[1m{[0m[3mid[0m[2m=[0m1[1m}[0m[2m:[0m [2mmoq_net::lite::publisher[0m[2m:[0m serving group [3msubscribe[0m[2m=[0m1 [3mtrack[0m[2m=[0maudio [3msequence[0m[2m=[0m232
[2m2026-09-06T14:54:37.629488Z[0m [34mDEBUG[0m [1mconn[0m[1m{[0m[3mid[0m[2m=[0m1[1m}[0m[2m:[0m [2mmoq_net::lite::publisher[0m[2m:[0m finished group [3msequence[0m[2m=[0m232
[2m2026-09-06T14:54:37.648084Z[0m [34mDEBUG[0m [1mconn[0m[1m{[0m[3mid[0m[2m=[0m1[1m}[0m[2m:[0m [2mmoq_net::lite::publisher[0m[2m:[0m serving group [3msubscribe[0m[2m=[0m1 [3mtrack[0m[2m=[0maudio [3msequence[0m[2m=[0m233
[2m2026-09-06T14:54:37.649810Z[0m [34mDEBUG[0m [1mconn[0m[1m{[0m[3mid[0m[2m=[0m1[1m}[0m[2m:[0m [2mmoq_net::lite::publisher[0m[2m:[0m finished group [3msequence[0m[2m=[0m233
[2m2026-09-06T14:54:37.669085Z[0m [34mDEBUG[0m [1mconn[0m[1m{[0m[3mid[0m[2m=[0m1[1m}[0m[2m:[0m [2mmoq_net::lite::publisher[0m[2m:[0m serving group [3msubscribe[0m[2m=[0m1 [3mtrack[0m[2m=[0maudio [3msequence[0m[2m=[0m234
[2m2026-09-06T14:54:37.671015Z[0m [34mDEBUG[0m [1mconn[0m[1m{[0m[3mid[0m[2m=[0m1[1m}[0m[2m:[0m [2mmoq_net::lite::publisher[0m[2m:[0m finished group [3msequence[0m[2m=[0m234
[2m2026-09-06T14:54:37.690412Z[0m [34mDEBUG[0m [1mconn[0m[1m{[0m[3mid[0m[2m=[0m1[1m}[0m[2m:[0m [2mmoq_net::lite::publisher[0m[2m:[0m serving group [3msubscribe[0m[2m=[0m1 [3mtrack[0m[2m=[0maudio [3msequence[0m[2m=[0m235
[2m2026-09-06T14:54:37.692067Z[0m [34mDEBUG[0m [1mconn[0m[1m{[0m[3mid[0m[2m=[0m1[1m}[0m[2m:[0m [2mmoq_net::lite::publisher[0m[2m:[0m finished group [3msequence[0m[2m=[0m235
[2m2026-09-06T14:54:37.708410Z[0m [34mDEBUG[0m [1mconn[0m[1m{[0m[3mid[0m[2m=[0m1[1m}[0m[2m:[0m [2mmoq_net::lite::publisher[0m[2m:[0m serving group [3msubscribe[0m[2m=[0m1 [3mtrack[0m[2m=[0maudio [3msequence[0m[2m=[0m236
[2m2026-09-06T14:54:37.710272Z[0m [34mDEBUG[0m [1mconn[0m[1m{[0m[3mid[0m[2m=[0m1[1m}[0m[2m:[0m [2mmoq_net::lite::publisher[0m[2m:[0m finished group [3msequence[0m[2m=[0m236
[2m2026-09-06T14:54:37.727779Z[0m [34mDEBUG[0m [1mconn[0m[1m{[0m[3mid[0m[2m=[0m1[1m}[0m[2m:[0m [2mmoq_net::lite::publisher[0m[2m:[0m serving group [3msubscribe[0m[2m=[0m1 [3mtrack[0m[2m=[0maudio [3msequence[0m[2m=[0m237
[2m2026-09-06T14:54:37.729434Z[0m [34mDEBUG[0m [1mconn[0m[1m{[0m[3mid[0m[2m=[0m1[1m}[0m[2m:[0m [2mmoq_net::lite::publisher[0m[2m:[0m finished group [3msequence[0m[2m=[0m237
[2m2026-09-06T14:54:37.748279Z[0m [34mDEBUG[0m [1mconn[0m[1m{[0m[3mid[0m[2m=[0m1[1m}[0m[2m:[0m [2mmoq_net::lite::publisher[0m[2m:[0m serving group [3msubscribe[0m[2m=[0m1 [3mtrack[0m[2m=[0maudio [3msequence[0m[2m=[0m238
[2m2026-09-06T14:54:37.750023Z[0m [34mDEBUG[0m [1mconn[0m[1m{[0m[3mid[0m[2m=[0m1[1m}[0m[2m:[0m [2mmoq_net::lite::publisher[0m[2m:[0m finished group [3msequence[0m[2m=[0m238
[2m2026-09-06T14:54:37.767822Z[0m [34mDEBUG[0m [1mconn[0m[1m{[0m[3mid[0m[2m=[0m1[1m}[0m[2m:[0m [2mmoq_net::lite::publisher[0m[2m:[0m serving group [3msubscribe[0m[2m=[0m1 [3mtrack[0m[2m=[0maudio [3msequence[0m[2m=[0m239
[2m2026-09-06T14:54:37.769493Z[0m [34mDEBUG[0m [1mconn[0m[1m{[0m[3mid[0m[2m=[0m1[1m}[0m[2m:[0m [2mmoq_net::lite::publisher[0m[2m:[0m finished group [3msequence[0m[2m=[0m239
[2m2026-09-06T14:54:37.790984Z[0m [34mDEBUG[0m [1mconn[0m[1m{[0m[3mid[0m[2m=[0m1[1m}[0m[2m:[0m [2mmoq_net::lite::publisher[0m[2m:[0m serving group [3msubscribe[0m[2m=[0m1 [3mtrack[0m[2m=[0maudio [3msequence[0m[2m=[0m240
[2m2026-09-06T14:54:37.792715Z[0m [34mDEBUG[0m [1mconn[0m[1m{[0m[3mid[0m[2m=[0m1[1m}[0m[2m:[0m [2mmoq_net::lite::publisher[0m[2m:[0m finished group [3msequence[0m[2m=[0m240
[2m2026-09-06T14:54:37.808755Z[0m [34mDEBUG[0m [1mconn[0m[1m{[0m[3mid[0m[2m=[0m1[1m}[0m[2m:[0m [2mmoq_net::lite::publisher[0m[2m:[0m serving group [3msubscribe[0m[2m=[0m1 [3mtrack[0m[2m=[0maudio [3msequence[0m[2m=[0m241
[2m2026-09-06T14:54:37.810453Z[0m [34mDEBUG[0m [1mconn[0m[1m{[0m[3mid[0m[2m=[0m1[1m}[0m[2m:[0m [2mmoq_net::lite::publisher[0m[2m:[0m finished group [3msequence[0m[2m=[0m241
[2m2026-09-06T14:54:37.828650Z[0m [34mDEBUG[0m [1mconn[0m[1m{[0m[3mid[0m[2m=[0m1[1m}[0m[2m:[0m [2mmoq_net::lite::publisher[0m[2m:[0m serving group [3msubscribe[0m[2m=[0m1 [3mtrack[0m[2m=[0maudio [3msequence[0m[2m=[0m242
[2m2026-09-06T14:54:37.830442Z[0m [34mDEBUG[0m [1mconn[0m[1m{[0m[3mid[0m[2m=[0m1[1m}[0m[2m:[0m [2mmoq_net::lite::publisher[0m[2m:[0m finished group [3msequence[0m[2m=[0m242
[2m2026-09-06T14:54:37.843768Z[0m [34mDEBUG[0m [1mconn[0m[1m{[0m[3mid[0m[2m=[0m1[1m}[0m[2m:[0m [2mmoq_net::lite::publisher[0m[2m:[0m serving group [3msubscribe[0m[2m=[0m2 [3mtrack[0m[2m=[0mvideo [3msequence[0m[2m=[0m3
[2m2026-09-06T14:54:37.845278Z[0m [34mDEBUG[0m [1mconn[0m[1m{[0m[3mid[0m[2m=[0m1[1m}[0m[2m:[0m [2mmoq_net::lite::publisher[0m[2m:[0m finished group [3msequence[0m[2m=[0m2
[2m2026-09-06T14:54:37.848155Z[0m [34mDEBUG[0m [1mconn[0m[1m{[0m[3mid[0m[2m=[0m1[1m}[0m[2m:[0m [2mmoq_net::lite::publisher[0m[2m:[0m serving group [3msubscribe[0m[2m=[0m1 [3mtrack[0m[2m=[0maudio [3msequence[0m[2m=[0m243
[2m2026-09-06T14:54:37.848565Z[0m [34mDEBUG[0m [1mconn[0m[1m{[0m[3mid[0m[2m=[0m1[1m}[0m[2m:[0m [2mmoq_net::lite::publisher[0m[2m:[0m finished group [3msequence[0m[2m=[0m243
[2m2026-09-06T14:54:37.868140Z[0m [34mDEBUG[0m [1mconn[0m[1m{[0m[3mid[0m[2m=[0m1[1m}[0m[2m:[0m [2mmoq_net::lite::publisher[0m[2m:[0m serving group [3msubscribe[0m[2m=[0m1 [3mtrack[0m[2m=[0maudio [3msequence[0m[2m=[0m244
[2m2026-09-06T14:54:37.869835Z[0m [34mDEBUG[0m [1mconn[0m[1m{[0m[3mid[0m[2m=[0m1[1m}[0m[2m:[0m [2mmoq_net::lite::publisher[0m[2m:[0m finished group [3msequence[0m[2m=[0m244
[2m2026-09-06T14:54:37.887971Z[0m [34mDEBUG[0m [1mconn[0m[1m{[0m[3mid[0m[2m=[0m1[1m}[0m[2m:[0m [2mmoq_net::lite::publisher[0m[2m:[0m serving group [3msubscribe[0m[2m=[0m1 [3mtrack[0m[2m=[0maudio [3msequence[0m[2m=[0m245
[2m2026-09-06T14:54:37.889590Z[0m [34mDEBUG[0m [1mconn[0m[1m{[0m[3mid[0m[2m=[0m1[1m}[0m[2m:[0m [2mmoq_net::lite::publisher[0m[2m:[0m finished group [3msequence[0m[2m=[0m245
[2m2026-09-06T14:54:37.908002Z[0m [34mDEBUG[0m [1mconn[0m[1m{[0m[3mid[0m[2m=[0m1[1m}[0m[2m:[0m [2mmoq_net::lite::publisher[0m[2m:[0m serving group [3msubscribe[0m[2m=[0m1 [3mtrack[0m[2m=[0maudio [3msequence[0m[2m=[0m246
[2m2026-09-06T14:54:37.909600Z[0m [34mDEBUG[0m [1mconn[0m[1m{[0m[3mid[0m[2m=[0m1[1m}[0m[2m:[0m [2mmoq_net::lite::publisher[0m[2m:[0m finished group [3msequence[0m[2m=[0m246
[2m2026-09-06T14:54:37.927896Z[0m [34mDEBUG[0m [1mconn[0m[1m{[0m[3mid[0m[2m=[0m1[1m}[0m[2m:[0m [2mmoq_net::lite::publisher[0m[2m:[0m serving group [3msubscribe[0m[2m=[0m1 [3mtrack[0m[2m=[0maudio [3msequence[0m[2m=[0m247
[2m2026-09-06T14:54:37.929563Z[0m [34mDEBUG[0m [1mconn[0m[1m{[0m[3mid[0m[2m=[0m1[1m}[0m[2m:[0m [2mmoq_net::lite::publisher[0m[2m:[0m finished group [3msequence[0m[2m=[0m247
[2m2026-09-06T14:54:37.948619Z[0m [34mDEBUG[0m [1mconn[0m[1m{[0m[3mid[0m[2m=[0m1[1m}[0m[2m:[0m [2mmoq_net::lite::publisher[0m[2m:[0m serving group [3msubscribe[0m[2m=[0m1 [3mtrack[0m[2m=[0maudio [3msequence[0m[2m=[0m248
[2m2026-09-06T14:54:37.950287Z[0m [34mDEBUG[0m [1mconn[0m[1m{[0m[3mid[0m[2m=[0m1[1m}[0m[2m:[0m [2mmoq_net::lite::publisher[0m[2m:[0m finished group [3msequence[0m[2m=[0m248
[2m2026-09-06T14:54:37.968183Z[0m [34mDEBUG[0m [1mconn[0m[1m{[0m[3mid[0m[2m=[0m1[1m}[0m[2m:[0m [2mmoq_net::lite::publisher[0m[2m:[0m serving group [3msubscribe[0m[2m=[0m1 [3mtrack[0m[2m=[0maudio [3msequence[0m[2m=[0m249
[2m2026-09-06T14:54:37.969845Z[0m [34mDEBUG[0m [1mconn[0m[1m{[0m[3mid[0m[2m=[0m1[1m}[0m[2m:[0m [2mmoq_net::lite::publisher[0m[2m:[0m finished group [3msequence[0m[2m=[0m249
[2m2026-09-06T14:54:38.027566Z[0m [34mDEBUG[0m [1mconn[0m[1m{[0m[3mid[0m[2m=[0m1[1m}[0m[2m:[0m [2mmoq_net::lite::publisher[0m[2m:[0m serving group [3msubscribe[0m[2m=[0m1 [3mtrack[0m[2m=[0maudio [3msequence[0m[2m=[0m250
[2m2026-09-06T14:54:38.029179Z[0m [34mDEBUG[0m [1mconn[0m[1m{[0m[3mid[0m[2m=[0m1[1m}[0m[2m:[0m [2mmoq_net::lite::publisher[0m[2m:[0m finished group [3msequence[0m[2m=[0m250
[2m2026-09-06T14:54:38.047272Z[0m [34mDEBUG[0m [1mconn[0m[1m{[0m[3mid[0m[2m=[0m1[1m}[0m[2m:[0m [2mmoq_net::lite::publisher[0m[2m:[0m serving group [3msubscribe[0m[2m=[0m1 [3mtrack[0m[2m=[0maudio [3msequence[0m[2m=[0m251
[2m2026-09-06T14:54:38.048817Z[0m [34mDEBUG[0m [1mconn[0m[1m{[0m[3mid[0m[2m=[0m1[1m}[0m[2m:[0m [2mmoq_net::lite::publisher[0m[2m:[0m finished group [3msequence[0m[2m=[0m251
[2m2026-09-06T14:54:38.067711Z[0m [34mDEBUG[0m [1mconn[0m[1m{[0m[3mid[0m[2m=[0m1[1m}[0m[2m:[0m [2mmoq_net::lite::publisher[0m[2m:[0m serving group [3msubscribe[0m[2m=[0m1 [3mtrack[0m[2m=[0maudio [3msequence[0m[2m=[0m252
[2m2026-09-06T14:54:38.069258Z[0m [34mDEBUG[0m [1mconn[0m[1m{[0m[3mid[0m[2m=[0m1[1m}[0m[2m:[0m [2mmoq_net::lite::publisher[0m[2m:[0m finished group [3msequence[0m[2m=[0m252
[2m2026-09-06T14:54:38.087768Z[0m [34mDEBUG[0m [1mconn[0m[1m{[0m[3mid[0m[2m=[0m1[1m}[0m[2m:[0m [2mmoq_net::lite::publisher[0m[2m:[0m serving group [3msubscribe[0m[2m=[0m1 [3mtrack[0m[2m=[0maudio [3msequence[0m[2m=[0m253
[2m2026-09-06T14:54:38.089422Z[0m [34mDEBUG[0m [1mconn[0m[1m{[0m[3mid[0m[2m=[0m1[1m}[0m[2m:[0m [2mmoq_net::lite::publisher[0m[2m:[0m finished group [3msequence[0m[2m=[0m253
[2m2026-09-06T14:54:38.107500Z[0m [34mDEBUG[0m [1mconn[0m[1m{[0m[3mid[0m[2m=[0m1[1m}[0m[2m:[0m [2mmoq_net::lite::publisher[0m[2m:[0m serving group [3msubscribe[0m[2m=[0m1 [3mtrack[0m[2m=[0maudio [3msequence[0m[2m=[0m254
[2m2026-09-06T14:54:38.108947Z[0m [34mDEBUG[0m [1mconn[0m[1m{[0m[3mid[0m[2m=[0m1[1m}[0m[2m:[0m [2mmoq_net::lite::publisher[0m[2m:[0m finished group [3msequence[0m[2m=[0m254
[2m2026-09-06T14:54:38.127667Z[0m [34mDEBUG[0m [1mconn[0m[1m{[0m[3mid[0m[2m=[0m1[1m}[0m[2m:[0m [2mmoq_net::lite::publisher[0m[2m:[0m serving group [3msubscribe[0m[2m=[0m1 [3mtrack[0m[2m=[0maudio [3msequence[0m[2m=[0m255
[2m2026-09-06T14:54:38.129273Z[0m [34mDEBUG[0m [1mconn[0m[1m{[0m[3mid[0m[2m=[0m1[1m}[0m[2m:[0m [2mmoq_net::lite::publisher[0m[2m:[0m finished group [3msequence[0m[2m=[0m255
[2m2026-09-06T14:54:38.147801Z[0m [34mDEBUG[0m [1mconn[0m[1m{[0m[3mid[0m[2m=[0m1[1m}[0m[2m:[0m [2mmoq_net::lite::publisher[0m[2m:[0m serving group [3msubscribe[0m[2m=[0m1 [3mtrack[0m[2m=[0maudio [3msequence[0m[2m=[0m256
[2m2026-09-06T14:54:38.149520Z[0m [34mDEBUG[0m [1mconn[0m[1m{[0m[3mid[0m[2m=[0m1[1m}[0m[2m:[0m [2mmoq_net::lite::publisher[0m[2m:[0m finished group [3msequence[0m[2m=[0m256
[2m2026-09-06T14:54:38.167848Z[0m [34mDEBUG[0m [1mconn[0m[1m{[0m[3mid[0m[2m=[0m1[1m}[0m[2m:[0m [2mmoq_net::lite::publisher[0m[2m:[0m serving group [3msubscribe[0m[2m=[0m1 [3mtrack[0m[2m=[0maudio [3msequence[0m[2m=[0m257
[2m2026-09-06T14:54:38.169486Z[0m [34mDEBUG[0m [1mconn[0m[1m{[0m[3mid[0m[2m=[0m1[1m}[0m[2m:[0m [2mmoq_net::lite::publisher[0m[2m:[0m finished group [3msequence[0m[2m=[0m257
[2m2026-09-06T14:54:38.188251Z[0m [34mDEBUG[0m [1mconn[0m[1m{[0m[3mid[0m[2m=[0m1[1m}[0m[2m:[0m [2mmoq_net::lite::publisher[0m[2m:[0m serving group [3msubscribe[0m[2m=[0m1 [3mtrack[0m[2m=[0maudio [3msequence[0m[2m=[0m258
[2m2026-09-06T14:54:38.189842Z[0m [34mDEBUG[0m [1mconn[0m[1m{[0m[3mid[0m[2m=[0m1[1m}[0m[2m:[0m [2mmoq_net::lite::publisher[0m[2m:[0m finished group [3msequence[0m[2m=[0m258
[2m2026-09-06T14:54:38.208028Z[0m [34mDEBUG[0m [1mconn[0m[1m{[0m[3mid[0m[2m=[0m1[1m}[0m[2m:[0m [2mmoq_net::lite::publisher[0m[2m:[0m serving group [3msubscribe[0m[2m=[0m1 [3mtrack[0m[2m=[0maudio [3msequence[0m[2m=[0m259
[2m2026-09-06T14:54:38.209894Z[0m [34mDEBUG[0m [1mconn[0m[1m{[0m[3mid[0m[2m=[0m1[1m}[0m[2m:[0m [2mmoq_net::lite::publisher[0m[2m:[0m finished group [3msequence[0m[2m=[0m259
[2m2026-09-06T14:54:38.231718Z[0m [34mDEBUG[0m [1mconn[0m[1m{[0m[3mid[0m[2m=[0m1[1m}[0m[2m:[0m [2mmoq_net::lite::publisher[0m[2m:[0m serving group [3msubscribe[0m[2m=[0m1 [3mtrack[0m[2m=[0maudio [3msequence[0m[2m=[0m260
[2m2026-09-06T14:54:38.233205Z[0m [34mDEBUG[0m [1mconn[0m[1m{[0m[3mid[0m[2m=[0m1[1m}[0m[2m:[0m [2mmoq_net::lite::publisher[0m[2m:[0m finished group [3msequence[0m[2m=[0m260
[2m2026-09-06T14:54:38.248546Z[0m [34mDEBUG[0m [1mconn[0m[1m{[0m[3mid[0m[2m=[0m1[1m}[0m[2m:[0m [2mmoq_net::lite::publisher[0m[2m:[0m serving group [3msubscribe[0m[2m=[0m1 [3mtrack[0m[2m=[0maudio [3msequence[0m[2m=[0m261
[2m2026-09-06T14:54:38.250419Z[0m [34mDEBUG[0m [1mconn[0m[1m{[0m[3mid[0m[2m=[0m1[1m}[0m[2m:[0m [2mmoq_net::lite::publisher[0m[2m:[0m finished group [3msequence[0m[2m=[0m261
[2m2026-09-06T14:54:38.268246Z[0m [34mDEBUG[0m [1mconn[0m[1m{[0m[3mid[0m[2m=[0m1[1m}[0m[2m:[0m [2mmoq_net::lite::publisher[0m[2m:[0m serving group [3msubscribe[0m[2m=[0m1 [3mtrack[0m[2m=[0maudio [3msequence[0m[2m=[0m262
[2m2026-09-06T14:54:38.269830Z[0m [34mDEBUG[0m [1mconn[0m[1m{[0m[3mid[0m[2m=[0m1[1m}[0m[2m:[0m [2mmoq_net::lite::publisher[0m[2m:[0m finished group [3msequence[0m[2m=[0m262
[2m2026-09-06T14:54:38.372978Z[0m [34mDEBUG[0m [1mws[0m[1m{[0m[3mid[0m[2m=[0m0[1m}[0m[2m:[0m [2mmoq_net::lite::publisher[0m[2m:[0m serving group [3msubscribe[0m[2m=[0m2 [3mtrack[0m[2m=[0mpublisher.json [3msequence[0m[2m=[0m8
[2m2026-09-06T14:54:38.373443Z[0m [34mDEBUG[0m [1mws[0m[1m{[0m[3mid[0m[2m=[0m0[1m}[0m[2m:[0m [2mmoq_net::lite::publisher[0m[2m:[0m serving group [3msubscribe[0m[2m=[0m1 [3mtrack[0m[2m=[0msubscriber.json [3msequence[0m[2m=[0m8
[2m2026-09-06T14:54:38.527900Z[0m [34mDEBUG[0m [1mconn[0m[1m{[0m[3mid[0m[2m=[0m1[1m}[0m[2m:[0m [2mmoq_net::lite::publisher[0m[2m:[0m serving group [3msubscribe[0m[2m=[0m1 [3mtrack[0m[2m=[0maudio [3msequence[0m[2m=[0m263
[2m2026-09-06T14:54:38.529655Z[0m [34mDEBUG[0m [1mconn[0m[1m{[0m[3mid[0m[2m=[0m1[1m}[0m[2m:[0m [2mmoq_net::lite::publisher[0m[2m:[0m finished group [3msequence[0m[2m=[0m263
[2m2026-09-06T14:54:38.547921Z[0m [34mDEBUG[0m [1mconn[0m[1m{[0m[3mid[0m[2m=[0m1[1m}[0m[2m:[0m [2mmoq_net::lite::publisher[0m[2m:[0m serving group [3msubscribe[0m[2m=[0m1 [3mtrack[0m[2m=[0maudio [3msequence[0m[2m=[0m264
[2m2026-09-06T14:54:38.549589Z[0m [34mDEBUG[0m [1mconn[0m[1m{[0m[3mid[0m[2m=[0m1[1m}[0m[2m:[0m [2mmoq_net::lite::publisher[0m[2m:[0m finished group [3msequence[0m[2m=[0m264
[2m2026-09-06T14:54:38.567988Z[0m [34mDEBUG[0m [1mconn[0m[1m{[0m[3mid[0m[2m=[0m1[1m}[0m[2m:[0m [2mmoq_net::lite::publisher[0m[2m:[0m serving group [3msubscribe[0m[2m=[0m1 [3mtrack[0m[2m=[0maudio [3msequence[0m[2m=[0m265
[2m2026-09-06T14:54:38.569645Z[0m [34mDEBUG[0m [1mconn[0m[1m{[0m[3mid[0m[2m=[0m1[1m}[0m[2m:[0m [2mmoq_net::lite::publisher[0m[2m:[0m finished group [3msequence[0m[2m=[0m265
[2m2026-09-06T14:54:38.588147Z[0m [34mDEBUG[0m [1mconn[0m[1m{[0m[3mid[0m[2m=[0m1[1m}[0m[2m:[0m [2mmoq_net::lite::publisher[0m[2m:[0m serving group [3msubscribe[0m[2m=[0m1 [3mtrack[0m[2m=[0maudio [3msequence[0m[2m=[0m266
[2m2026-09-06T14:54:38.589985Z[0m [34mDEBUG[0m [1mconn[0m[1m{[0m[3mid[0m[2m=[0m1[1m}[0m[2m:[0m [2mmoq_net::lite::publisher[0m[2m:[0m finished group [3msequence[0m[2m=[0m266
[2m2026-09-06T14:54:38.607864Z[0m [34mDEBUG[0m [1mconn[0m[1m{[0m[3mid[0m[2m=[0m1[1m}[0m[2m:[0m [2mmoq_net::lite::publisher[0m[2m:[0m serving group [3msubscribe[0m[2m=[0m1 [3mtrack[0m[2m=[0maudio [3msequence[0m[2m=[0m267
[2m2026-09-06T14:54:38.609817Z[0m [34mDEBUG[0m [1mconn[0m[1m{[0m[3mid[0m[2m=[0m1[1m}[0m[2m:[0m [2mmoq_net::lite::publisher[0m[2m:[0m finished group [3msequence[0m[2m=[0m267
[2m2026-09-06T14:54:38.627643Z[0m [34mDEBUG[0m [1mconn[0m[1m{[0m[3mid[0m[2m=[0m1[1m}[0m[2m:[0m [2mmoq_net::lite::publisher[0m[2m:[0m serving group [3msubscribe[0m[2m=[0m1 [3mtrack[0m[2m=[0maudio [3msequence[0m[2m=[0m268
[2m2026-09-06T14:54:38.629083Z[0m [34mDEBUG[0m [1mconn[0m[1m{[0m[3mid[0m[2m=[0m1[1m}[0m[2m:[0m [2mmoq_net::lite::publisher[0m[2m:[0m finished group [3msequence[0m[2m=[0m268
[2m2026-09-06T14:54:38.647547Z[0m [34mDEBUG[0m [1mconn[0m[1m{[0m[3mid[0m[2m=[0m1[1m}[0m[2m:[0m [2mmoq_net::lite::publisher[0m[2m:[0m serving group [3msubscribe[0m[2m=[0m1 [3mtrack[0m[2m=[0maudio [3msequence[0m[2m=[0m269
[2m2026-09-06T14:54:38.649180Z[0m [34mDEBUG[0m [1mconn[0m[1m{[0m[3mid[0m[2m=[0m1[1m}[0m[2m:[0m [2mmoq_net::lite::publisher[0m[2m:[0m finished group [3msequence[0m[2m=[0m269
[2m2026-09-06T14:54:38.667492Z[0m [34mDEBUG[0m [1mconn[0m[1m{[0m[3mid[0m[2m=[0m1[1m}[0m[2m:[0m [2mmoq_net::lite::publisher[0m[2m:[0m serving group [3msubscribe[0m[2m=[0m1 [3mtrack[0m[2m=[0maudio [3msequence[0m[2m=[0m270
[2m2026-09-06T14:54:38.669095Z[0m [34mDEBUG[0m [1mconn[0m[1m{[0m[3mid[0m[2m=[0m1[1m}[0m[2m:[0m [2mmoq_net::lite::publisher[0m[2m:[0m finished group [3msequence[0m[2m=[0m270
[2m2026-09-06T14:54:38.688388Z[0m [34mDEBUG[0m [1mconn[0m[1m{[0m[3mid[0m[2m=[0m1[1m}[0m[2m:[0m [2mmoq_net::lite::publisher[0m[2m:[0m serving group [3msubscribe[0m[2m=[0m1 [3mtrack[0m[2m=[0maudio [3msequence[0m[2m=[0m271
[2m2026-09-06T14:54:38.690139Z[0m [34mDEBUG[0m [1mconn[0m[1m{[0m[3mid[0m[2m=[0m1[1m}[0m[2m:[0m [2mmoq_net::lite::publisher[0m[2m:[0m finished group [3msequence[0m[2m=[0m271
[2m2026-09-06T14:54:38.707727Z[0m [34mDEBUG[0m [1mconn[0m[1m{[0m[3mid[0m[2m=[0m1[1m}[0m[2m:[0m [2mmoq_net::lite::publisher[0m[2m:[0m serving group [3msubscribe[0m[2m=[0m1 [3mtrack[0m[2m=[0maudio [3msequence[0m[2m=[0m272
[2m2026-09-06T14:54:38.709307Z[0m [34mDEBUG[0m [1mconn[0m[1m{[0m[3mid[0m[2m=[0m1[1m}[0m[2m:[0m [2mmoq_net::lite::publisher[0m[2m:[0m finished group [3msequence[0m[2m=[0m272
[2m2026-09-06T14:54:38.727561Z[0m [34mDEBUG[0m [1mconn[0m[1m{[0m[3mid[0m[2m=[0m1[1m}[0m[2m:[0m [2mmoq_net::lite::publisher[0m[2m:[0m serving group [3msubscribe[0m[2m=[0m1 [3mtrack[0m[2m=[0maudio [3msequence[0m[2m=[0m273
[2m2026-09-06T14:54:38.729082Z[0m [34mDEBUG[0m [1mconn[0m[1m{[0m[3mid[0m[2m=[0m1[1m}[0m[2m:[0m [2mmoq_net::lite::publisher[0m[2m:[0m finished group [3msequence[0m[2m=[0m273
[2m2026-09-06T14:54:38.747783Z[0m [34mDEBUG[0m [1mconn[0m[1m{[0m[3mid[0m[2m=[0m1[1m}[0m[2m:[0m [2mmoq_net::lite::publisher[0m[2m:[0m serving group [3msubscribe[0m[2m=[0m1 [3mtrack[0m[2m=[0maudio [3msequence[0m[2m=[0m274
[2m2026-09-06T14:54:38.749413Z[0m [34mDEBUG[0m [1mconn[0m[1m{[0m[3mid[0m[2m=[0m1[1m}[0m[2m:[0m [2mmoq_net::lite::publisher[0m[2m:[0m finished group [3msequence[0m[2m=[0m274
[2m2026-09-06T14:54:38.767871Z[0m [34mDEBUG[0m [1mconn[0m[1m{[0m[3mid[0m[2m=[0m1[1m}[0m[2m:[0m [2mmoq_net::lite::publisher[0m[2m:[0m serving group [3msubscribe[0m[2m=[0m1 [3mtrack[0m[2m=[0maudio [3msequence[0m[2m=[0m275
[2m2026-09-06T14:54:38.769560Z[0m [34mDEBUG[0m [1mconn[0m[1m{[0m[3mid[0m[2m=[0m1[1m}[0m[2m:[0m [2mmoq_net::lite::publisher[0m[2m:[0m finished group [3msequence[0m[2m=[0m275
[2m2026-09-06T14:54:38.788360Z[0m [34mDEBUG[0m [1mconn[0m[1m{[0m[3mid[0m[2m=[0m1[1m}[0m[2m:[0m [2mmoq_net::lite::publisher[0m[2m:[0m serving group [3msubscribe[0m[2m=[0m1 [3mtrack[0m[2m=[0maudio [3msequence[0m[2m=[0m276
[2m2026-09-06T14:54:38.790117Z[0m [34mDEBUG[0m [1mconn[0m[1m{[0m[3mid[0m[2m=[0m1[1m}[0m[2m:[0m [2mmoq_net::lite::publisher[0m[2m:[0m finished group [3msequence[0m[2m=[0m276
[2m2026-09-06T14:54:38.807333Z[0m [34mDEBUG[0m [1mconn[0m[1m{[0m[3mid[0m[2m=[0m1[1m}[0m[2m:[0m [2mmoq_net::lite::publisher[0m[2m:[0m serving group [3msubscribe[0m[2m=[0m1 [3mtrack[0m[2m=[0maudio [3msequence[0m[2m=[0m277
[2m2026-09-06T14:54:38.807842Z[0m [34mDEBUG[0m [1mconn[0m[1m{[0m[3mid[0m[2m=[0m1[1m}[0m[2m:[0m [2mmoq_net::lite::publisher[0m[2m:[0m finished group [3msequence[0m[2m=[0m277
[2m2026-09-06T14:54:38.827701Z[0m [34mDEBUG[0m [1mconn[0m[1m{[0m[3mid[0m[2m=[0m1[1m}[0m[2m:[0m [2mmoq_net::lite::publisher[0m[2m:[0m serving group [3msubscribe[0m[2m=[0m1 [3mtrack[0m[2m=[0maudio [3msequence[0m[2m=[0m278
[2m2026-09-06T14:54:38.830207Z[0m [34mDEBUG[0m [1mconn[0m[1m{[0m[3mid[0m[2m=[0m1[1m}[0m[2m:[0m [2mmoq_net::lite::publisher[0m[2m:[0m finished group [3msequence[0m[2m=[0m278
[2m2026-09-06T14:54:38.848576Z[0m [34mDEBUG[0m [1mconn[0m[1m{[0m[3mid[0m[2m=[0m1[1m}[0m[2m:[0m [2mmoq_net::lite::publisher[0m[2m:[0m serving group [3msubscribe[0m[2m=[0m1 [3mtrack[0m[2m=[0maudio [3msequence[0m[2m=[0m279
[2m2026-09-06T14:54:38.850235Z[0m [34mDEBUG[0m [1mconn[0m[1m{[0m[3mid[0m[2m=[0m1[1m}[0m[2m:[0m [2mmoq_net::lite::publisher[0m[2m:[0m finished group [3msequence[0m[2m=[0m279
[2m2026-09-06T14:54:38.867574Z[0m [34mDEBUG[0m [1mconn[0m[1m{[0m[3mid[0m[2m=[0m1[1m}[0m[2m:[0m [2mmoq_net::lite::publisher[0m[2m:[0m serving group [3msubscribe[0m[2m=[0m1 [3mtrack[0m[2m=[0maudio [3msequence[0m[2m=[0m280
[2m2026-09-06T14:54:38.869181Z[0m [34mDEBUG[0m [1mconn[0m[1m{[0m[3mid[0m[2m=[0m1[1m}[0m[2m:[0m [2mmoq_net::lite::publisher[0m[2m:[0m finished group [3msequence[0m[2m=[0m280
[2m2026-09-06T14:54:38.888515Z[0m [34mDEBUG[0m [1mconn[0m[1m{[0m[3mid[0m[2m=[0m1[1m}[0m[2m:[0m [2mmoq_net::lite::publisher[0m[2m:[0m serving group [3msubscribe[0m[2m=[0m1 [3mtrack[0m[2m=[0maudio [3msequence[0m[2m=[0m281
[2m2026-09-06T14:54:38.890156Z[0m [34mDEBUG[0m [1mconn[0m[1m{[0m[3mid[0m[2m=[0m1[1m}[0m[2m:[0m [2mmoq_net::lite::publisher[0m[2m:[0m finished group [3msequence[0m[2m=[0m281
[2m2026-09-06T14:54:38.907282Z[0m [34mDEBUG[0m [1mconn[0m[1m{[0m[3mid[0m[2m=[0m1[1m}[0m[2m:[0m [2mmoq_net::lite::publisher[0m[2m:[0m serving group [3msubscribe[0m[2m=[0m1 [3mtrack[0m[2m=[0maudio [3msequence[0m[2m=[0m282
[2m2026-09-06T14:54:38.908854Z[0m [34mDEBUG[0m [1mconn[0m[1m{[0m[3mid[0m[2m=[0m1[1m}[0m[2m:[0m [2mmoq_net::lite::publisher[0m[2m:[0m finished group [3msequence[0m[2m=[0m282
[2m2026-09-06T14:54:38.927457Z[0m [34mDEBUG[0m [1mconn[0m[1m{[0m[3mid[0m[2m=[0m1[1m}[0m[2m:[0m [2mmoq_net::lite::publisher[0m[2m:[0m serving group [3msubscribe[0m[2m=[0m1 [3mtrack[0m[2m=[0maudio [3msequence[0m[2m=[0m283
[2m2026-09-06T14:54:38.929012Z[0m [34mDEBUG[0m [1mconn[0m[1m{[0m[3mid[0m[2m=[0m1[1m}[0m[2m:[0m [2mmoq_net::lite::publisher[0m[2m:[0m finished group [3msequence[0m[2m=[0m283
[2m2026-09-06T14:54:39.048252Z[0m [34mDEBUG[0m [1mconn[0m[1m{[0m[3mid[0m[2m=[0m1[1m}[0m[2m:[0m [2mmoq_net::lite::publisher[0m[2m:[0m serving group [3msubscribe[0m[2m=[0m1 [3mtrack[0m[2m=[0maudio [3msequence[0m[2m=[0m284
[2m2026-09-06T14:54:39.048834Z[0m [34mDEBUG[0m [1mconn[0m[1m{[0m[3mid[0m[2m=[0m1[1m}[0m[2m:[0m [2mmoq_net::lite::publisher[0m[2m:[0m finished group [3msequence[0m[2m=[0m284
[2m2026-09-06T14:54:39.068377Z[0m [34mDEBUG[0m [1mconn[0m[1m{[0m[3mid[0m[2m=[0m1[1m}[0m[2m:[0m [2mmoq_net::lite::publisher[0m[2m:[0m serving group [3msubscribe[0m[2m=[0m1 [3mtrack[0m[2m=[0maudio [3msequence[0m[2m=[0m285
[2m2026-09-06T14:54:39.070151Z[0m [34mDEBUG[0m [1mconn[0m[1m{[0m[3mid[0m[2m=[0m1[1m}[0m[2m:[0m [2mmoq_net::lite::publisher[0m[2m:[0m finished group [3msequence[0m[2m=[0m285
[2m2026-09-06T14:54:39.088177Z[0m [34mDEBUG[0m [1mconn[0m[1m{[0m[3mid[0m[2m=[0m1[1m}[0m[2m:[0m [2mmoq_net::lite::publisher[0m[2m:[0m serving group [3msubscribe[0m[2m=[0m1 [3mtrack[0m[2m=[0maudio [3msequence[0m[2m=[0m286
[2m2026-09-06T14:54:39.090072Z[0m [34mDEBUG[0m [1mconn[0m[1m{[0m[3mid[0m[2m=[0m1[1m}[0m[2m:[0m [2mmoq_net::lite::publisher[0m[2m:[0m finished group [3msequence[0m[2m=[0m286
[2m2026-09-06T14:54:39.107555Z[0m [34mDEBUG[0m [1mconn[0m[1m{[0m[3mid[0m[2m=[0m1[1m}[0m[2m:[0m [2mmoq_net::lite::publisher[0m[2m:[0m serving group [3msubscribe[0m[2m=[0m1 [3mtrack[0m[2m=[0maudio [3msequence[0m[2m=[0m287
[2m2026-09-06T14:54:39.109328Z[0m [34mDEBUG[0m [1mconn[0m[1m{[0m[3mid[0m[2m=[0m1[1m}[0m[2m:[0m [2mmoq_net::lite::publisher[0m[2m:[0m finished group [3msequence[0m[2m=[0m287
[2m2026-09-06T14:54:39.127712Z[0m [34mDEBUG[0m [1mconn[0m[1m{[0m[3mid[0m[2m=[0m1[1m}[0m[2m:[0m [2mmoq_net::lite::publisher[0m[2m:[0m serving group [3msubscribe[0m[2m=[0m1 [3mtrack[0m[2m=[0maudio [3msequence[0m[2m=[0m288
[2m2026-09-06T14:54:39.129410Z[0m [34mDEBUG[0m [1mconn[0m[1m{[0m[3mid[0m[2m=[0m1[1m}[0m[2m:[0m [2mmoq_net::lite::publisher[0m[2m:[0m finished group [3msequence[0m[2m=[0m288
[2m2026-09-06T14:54:39.147893Z[0m [34mDEBUG[0m [1mconn[0m[1m{[0m[3mid[0m[2m=[0m1[1m}[0m[2m:[0m [2mmoq_net::lite::publisher[0m[2m:[0m serving group [3msubscribe[0m[2m=[0m1 [3mtrack[0m[2m=[0maudio [3msequence[0m[2m=[0m289
[2m2026-09-06T14:54:39.149514Z[0m [34mDEBUG[0m [1mconn[0m[1m{[0m[3mid[0m[2m=[0m1[1m}[0m[2m:[0m [2mmoq_net::lite::publisher[0m[2m:[0m finished group [3msequence[0m[2m=[0m289
[2m2026-09-06T14:54:39.168035Z[0m [34mDEBUG[0m [1mconn[0m[1m{[0m[3mid[0m[2m=[0m1[1m}[0m[2m:[0m [2mmoq_net::lite::publisher[0m[2m:[0m serving group [3msubscribe[0m[2m=[0m1 [3mtrack[0m[2m=[0maudio [3msequence[0m[2m=[0m290
[2m2026-09-06T14:54:39.169738Z[0m [34mDEBUG[0m [1mconn[0m[1m{[0m[3mid[0m[2m=[0m1[1m}[0m[2m:[0m [2mmoq_net::lite::publisher[0m[2m:[0m finished group [3msequence[0m[2m=[0m290
[2m2026-09-06T14:54:39.188063Z[0m [34mDEBUG[0m [1mconn[0m[1m{[0m[3mid[0m[2m=[0m1[1m}[0m[2m:[0m [2mmoq_net::lite::publisher[0m[2m:[0m serving group [3msubscribe[0m[2m=[0m1 [3mtrack[0m[2m=[0maudio [3msequence[0m[2m=[0m291
[2m2026-09-06T14:54:39.190163Z[0m [34mDEBUG[0m [1mconn[0m[1m{[0m[3mid[0m[2m=[0m1[1m}[0m[2m:[0m [2mmoq_net::lite::publisher[0m[2m:[0m finished group [3msequence[0m[2m=[0m291
[2m2026-09-06T14:54:39.207649Z[0m [34mDEBUG[0m [1mconn[0m[1m{[0m[3mid[0m[2m=[0m1[1m}[0m[2m:[0m [2mmoq_net::lite::publisher[0m[2m:[0m serving group [3msubscribe[0m[2m=[0m1 [3mtrack[0m[2m=[0maudio [3msequence[0m[2m=[0m292
[2m2026-09-06T14:54:39.209196Z[0m [34mDEBUG[0m [1mconn[0m[1m{[0m[3mid[0m[2m=[0m1[1m}[0m[2m:[0m [2mmoq_net::lite::publisher[0m[2m:[0m finished group [3msequence[0m[2m=[0m292
[2m2026-09-06T14:54:39.227823Z[0m [34mDEBUG[0m [1mconn[0m[1m{[0m[3mid[0m[2m=[0m1[1m}[0m[2m:[0m [2mmoq_net::lite::publisher[0m[2m:[0m serving group [3msubscribe[0m[2m=[0m1 [3mtrack[0m[2m=[0maudio [3msequence[0m[2m=[0m293
[2m2026-09-06T14:54:39.228346Z[0m [34mDEBUG[0m [1mconn[0m[1m{[0m[3mid[0m[2m=[0m1[1m}[0m[2m:[0m [2mmoq_net::lite::publisher[0m[2m:[0m finished group [3msequence[0m[2m=[0m293
[2m2026-09-06T14:54:39.247679Z[0m [34mDEBUG[0m [1mconn[0m[1m{[0m[3mid[0m[2m=[0m1[1m}[0m[2m:[0m [2mmoq_net::lite::publisher[0m[2m:[0m serving group [3msubscribe[0m[2m=[0m1 [3mtrack[0m[2m=[0maudio [3msequence[0m[2m=[0m294
[2m2026-09-06T14:54:39.249321Z[0m [34mDEBUG[0m [1mconn[0m[1m{[0m[3mid[0m[2m=[0m1[1m}[0m[2m:[0m [2mmoq_net::lite::publisher[0m[2m:[0m finished group [3msequence[0m[2m=[0m294
[2m2026-09-06T14:54:39.267664Z[0m [34mDEBUG[0m [1mconn[0m[1m{[0m[3mid[0m[2m=[0m1[1m}[0m[2m:[0m [2mmoq_net::lite::publisher[0m[2m:[0m serving group [3msubscribe[0m[2m=[0m1 [3mtrack[0m[2m=[0maudio [3msequence[0m[2m=[0m295
[2m2026-09-06T14:54:39.269275Z[0m [34mDEBUG[0m [1mconn[0m[1m{[0m[3mid[0m[2m=[0m1[1m}[0m[2m:[0m [2mmoq_net::lite::publisher[0m[2m:[0m finished group [3msequence[0m[2m=[0m295
[2m2026-09-06T14:54:39.372183Z[0m [34mDEBUG[0m [1mws[0m[1m{[0m[3mid[0m[2m=[0m0[1m}[0m[2m:[0m [2mmoq_net::lite::publisher[0m[2m:[0m serving group [3msubscribe[0m[2m=[0m2 [3mtrack[0m[2m=[0mpublisher.json [3msequence[0m[2m=[0m9
[2m2026-09-06T14:54:39.372478Z[0m [34mDEBUG[0m [1mws[0m[1m{[0m[3mid[0m[2m=[0m0[1m}[0m[2m:[0m [2mmoq_net::lite::publisher[0m[2m:[0m serving group [3msubscribe[0m[2m=[0m1 [3mtrack[0m[2m=[0msubscriber.json [3msequence[0m[2m=[0m9
[2m2026-09-06T14:54:39.527933Z[0m [34mDEBUG[0m [1mconn[0m[1m{[0m[3mid[0m[2m=[0m1[1m}[0m[2m:[0m [2mmoq_net::lite::publisher[0m[2m:[0m serving group [3msubscribe[0m[2m=[0m1 [3mtrack[0m[2m=[0maudio [3msequence[0m[2m=[0m296
[2m2026-09-06T14:54:39.529622Z[0m [34mDEBUG[0m [1mconn[0m[1m{[0m[3mid[0m[2m=[0m1[1m}[0m[2m:[0m [2mmoq_net::lite::publisher[0m[2m:[0m finished group [3msequence[0m[2m=[0m296
[2m2026-09-06T14:54:39.547930Z[0m [34mDEBUG[0m [1mconn[0m[1m{[0m[3mid[0m[2m=[0m1[1m}[0m[2m:[0m [2mmoq_net::lite::publisher[0m[2m:[0m serving group [3msubscribe[0m[2m=[0m1 [3mtrack[0m[2m=[0maudio [3msequence[0m[2m=[0m297
[2m2026-09-06T14:54:39.549637Z[0m [34mDEBUG[0m [1mconn[0m[1m{[0m[3mid[0m[2m=[0m1[1m}[0m[2m:[0m [2mmoq_net::lite::publisher[0m[2m:[0m finished group [3msequence[0m[2m=[0m297
[2m2026-09-06T14:54:39.567573Z[0m [34mDEBUG[0m [1mconn[0m[1m{[0m[3mid[0m[2m=[0m1[1m}[0m[2m:[0m [2mmoq_net::lite::publisher[0m[2m:[0m serving group [3msubscribe[0m[2m=[0m1 [3mtrack[0m[2m=[0maudio [3msequence[0m[2m=[0m298
[2m2026-09-06T14:54:39.569143Z[0m [34mDEBUG[0m [1mconn[0m[1m{[0m[3mid[0m[2m=[0m1[1m}[0m[2m:[0m [2mmoq_net::lite::publisher[0m[2m:[0m finished group [3msequence[0m[2m=[0m298
[2m2026-09-06T14:54:39.588012Z[0m [34mDEBUG[0m [1mconn[0m[1m{[0m[3mid[0m[2m=[0m1[1m}[0m[2m:[0m [2mmoq_net::lite::publisher[0m[2m:[0m serving group [3msubscribe[0m[2m=[0m1 [3mtrack[0m[2m=[0maudio [3msequence[0m[2m=[0m299
[2m2026-09-06T14:54:39.589791Z[0m [34mDEBUG[0m [1mconn[0m[1m{[0m[3mid[0m[2m=[0m1[1m}[0m[2m:[0m [2mmoq_net::lite::publisher[0m[2m:[0m finished group [3msequence[0m[2m=[0m299
[2m2026-09-06T14:54:39.607849Z[0m [34mDEBUG[0m [1mconn[0m[1m{[0m[3mid[0m[2m=[0m1[1m}[0m[2m:[0m [2mmoq_net::lite::publisher[0m[2m:[0m serving group [3msubscribe[0m[2m=[0m1 [3mtrack[0m[2m=[0maudio [3msequence[0m[2m=[0m300
[2m2026-09-06T14:54:39.609569Z[0m [34mDEBUG[0m [1mconn[0m[1m{[0m[3mid[0m[2m=[0m1[1m}[0m[2m:[0m [2mmoq_net::lite::publisher[0m[2m:[0m finished group [3msequence[0m[2m=[0m300
[2m2026-09-06T14:54:39.628135Z[0m [34mDEBUG[0m [1mconn[0m[1m{[0m[3mid[0m[2m=[0m1[1m}[0m[2m:[0m [2mmoq_net::lite::publisher[0m[2m:[0m serving group [3msubscribe[0m[2m=[0m1 [3mtrack[0m[2m=[0maudio [3msequence[0m[2m=[0m301
[2m2026-09-06T14:54:39.629889Z[0m [34mDEBUG[0m [1mconn[0m[1m{[0m[3mid[0m[2m=[0m1[1m}[0m[2m:[0m [2mmoq_net::lite::publisher[0m[2m:[0m finished group [3msequence[0m[2m=[0m301
[2m2026-09-06T14:54:39.647946Z[0m [34mDEBUG[0m [1mconn[0m[1m{[0m[3mid[0m[2m=[0m1[1m}[0m[2m:[0m [2mmoq_net::lite::publisher[0m[2m:[0m serving group [3msubscribe[0m[2m=[0m1 [3mtrack[0m[2m=[0maudio [3msequence[0m[2m=[0m302
[2m2026-09-06T14:54:39.649571Z[0m [34mDEBUG[0m [1mconn[0m[1m{[0m[3mid[0m[2m=[0m1[1m}[0m[2m:[0m [2mmoq_net::lite::publisher[0m[2m:[0m finished group [3msequence[0m[2m=[0m302
[2m2026-09-06T14:54:39.667995Z[0m [34mDEBUG[0m [1mconn[0m[1m{[0m[3mid[0m[2m=[0m1[1m}[0m[2m:[0m [2mmoq_net::lite::publisher[0m[2m:[0m serving group [3msubscribe[0m[2m=[0m1 [3mtrack[0m[2m=[0maudio [3msequence[0m[2m=[0m303
[2m2026-09-06T14:54:39.669630Z[0m [34mDEBUG[0m [1mconn[0m[1m{[0m[3mid[0m[2m=[0m1[1m}[0m[2m:[0m [2mmoq_net::lite::publisher[0m[2m:[0m finished group [3msequence[0m[2m=[0m303
[2m2026-09-06T14:54:39.688081Z[0m [34mDEBUG[0m [1mconn[0m[1m{[0m[3mid[0m[2m=[0m1[1m}[0m[2m:[0m [2mmoq_net::lite::publisher[0m[2m:[0m serving group [3msubscribe[0m[2m=[0m1 [3mtrack[0m[2m=[0maudio [3msequence[0m[2m=[0m304
[2m2026-09-06T14:54:39.690248Z[0m [34mDEBUG[0m [1mconn[0m[1m{[0m[3mid[0m[2m=[0m1[1m}[0m[2m:[0m [2mmoq_net::lite::publisher[0m[2m:[0m finished group [3msequence[0m[2m=[0m304
[2m2026-09-06T14:54:39.707807Z[0m [34mDEBUG[0m [1mconn[0m[1m{[0m[3mid[0m[2m=[0m1[1m}[0m[2m:[0m [2mmoq_net::lite::publisher[0m[2m:[0m serving group [3msubscribe[0m[2m=[0m1 [3mtrack[0m[2m=[0maudio [3msequence[0m[2m=[0m305
[2m2026-09-06T14:54:39.709403Z[0m [34mDEBUG[0m [1mconn[0m[1m{[0m[3mid[0m[2m=[0m1[1m}[0m[2m:[0m [2mmoq_net::lite::publisher[0m[2m:[0m finished group [3msequence[0m[2m=[0m305
[2m2026-09-06T14:54:39.727793Z[0m [34mDEBUG[0m [1mconn[0m[1m{[0m[3mid[0m[2m=[0m1[1m}[0m[2m:[0m [2mmoq_net::lite::publisher[0m[2m:[0m serving group [3msubscribe[0m[2m=[0m1 [3mtrack[0m[2m=[0maudio [3msequence[0m[2m=[0m306
[2m2026-09-06T14:54:39.729462Z[0m [34mDEBUG[0m [1mconn[0m[1m{[0m[3mid[0m[2m=[0m1[1m}[0m[2m:[0m [2mmoq_net::lite::publisher[0m[2m:[0m finished group [3msequence[0m[2m=[0m306
[2m2026-09-06T14:54:39.747261Z[0m [34mDEBUG[0m [1mconn[0m[1m{[0m[3mid[0m[2m=[0m1[1m}[0m[2m:[0m [2mmoq_net::lite::publisher[0m[2m:[0m serving group [3msubscribe[0m[2m=[0m1 [3mtrack[0m[2m=[0maudio [3msequence[0m[2m=[0m307
[2m2026-09-06T14:54:39.748833Z[0m [34mDEBUG[0m [1mconn[0m[1m{[0m[3mid[0m[2m=[0m1[1m}[0m[2m:[0m [2mmoq_net::lite::publisher[0m[2m:[0m finished group [3msequence[0m[2m=[0m307
[2m2026-09-06T14:54:39.767412Z[0m [34mDEBUG[0m [1mconn[0m[1m{[0m[3mid[0m[2m=[0m1[1m}[0m[2m:[0m [2mmoq_net::lite::publisher[0m[2m:[0m serving group [3msubscribe[0m[2m=[0m1 [3mtrack[0m[2m=[0maudio [3msequence[0m[2m=[0m308
[2m2026-09-06T14:54:39.768971Z[0m [34mDEBUG[0m [1mconn[0m[1m{[0m[3mid[0m[2m=[0m1[1m}[0m[2m:[0m [2mmoq_net::lite::publisher[0m[2m:[0m finished group [3msequence[0m[2m=[0m308
[2m2026-09-06T14:54:39.787739Z[0m [34mDEBUG[0m [1mconn[0m[1m{[0m[3mid[0m[2m=[0m1[1m}[0m[2m:[0m [2mmoq_net::lite::publisher[0m[2m:[0m serving group [3msubscribe[0m[2m=[0m1 [3mtrack[0m[2m=[0maudio [3msequence[0m[2m=[0m309
[2m2026-09-06T14:54:39.789422Z[0m [34mDEBUG[0m [1mconn[0m[1m{[0m[3mid[0m[2m=[0m1[1m}[0m[2m:[0m [2mmoq_net::lite::publisher[0m[2m:[0m finished group [3msequence[0m[2m=[0m309
[2m2026-09-06T14:54:39.807264Z[0m [34mDEBUG[0m [1mconn[0m[1m{[0m[3mid[0m[2m=[0m1[1m}[0m[2m:[0m [2mmoq_net::lite::publisher[0m[2m:[0m serving group [3msubscribe[0m[2m=[0m1 [3mtrack[0m[2m=[0maudio [3msequence[0m[2m=[0m310
[2m2026-09-06T14:54:39.808922Z[0m [34mDEBUG[0m [1mconn[0m[1m{[0m[3mid[0m[2m=[0m1[1m}[0m[2m:[0m [2mmoq_net::lite::publisher[0m[2m:[0m finished group [3msequence[0m[2m=[0m310
[2m2026-09-06T14:54:39.827871Z[0m [34mDEBUG[0m [1mconn[0m[1m{[0m[3mid[0m[2m=[0m1[1m}[0m[2m:[0m [2mmoq_net::lite::publisher[0m[2m:[0m serving group [3msubscribe[0m[2m=[0m1 [3mtrack[0m[2m=[0maudio [3msequence[0m[2m=[0m311
[2m2026-09-06T14:54:39.829472Z[0m [34mDEBUG[0m [1mconn[0m[1m{[0m[3mid[0m[2m=[0m1[1m}[0m[2m:[0m [2mmoq_net::lite::publisher[0m[2m:[0m finished group [3msequence[0m[2m=[0m311
[2m2026-09-06T14:54:39.847759Z[0m [34mDEBUG[0m [1mconn[0m[1m{[0m[3mid[0m[2m=[0m1[1m}[0m[2m:[0m [2mmoq_net::lite::publisher[0m[2m:[0m serving group [3msubscribe[0m[2m=[0m1 [3mtrack[0m[2m=[0maudio [3msequence[0m[2m=[0m312
[2m2026-09-06T14:54:39.849429Z[0m [34mDEBUG[0m [1mconn[0m[1m{[0m[3mid[0m[2m=[0m1[1m}[0m[2m:[0m [2mmoq_net::lite::publisher[0m[2m:[0m finished group [3msequence[0m[2m=[0m312
[2m2026-09-06T14:54:39.867436Z[0m [34mDEBUG[0m [1mconn[0m[1m{[0m[3mid[0m[2m=[0m1[1m}[0m[2m:[0m [2mmoq_net::lite::publisher[0m[2m:[0m serving group [3msubscribe[0m[2m=[0m1 [3mtrack[0m[2m=[0maudio [3msequence[0m[2m=[0m313
[2m2026-09-06T14:54:39.869008Z[0m [34mDEBUG[0m [1mconn[0m[1m{[0m[3mid[0m[2m=[0m1[1m}[0m[2m:[0m [2mmoq_net::lite::publisher[0m[2m:[0m finished group [3msequence[0m[2m=[0m313
[2m2026-09-06T14:54:39.888008Z[0m [34mDEBUG[0m [1mconn[0m[1m{[0m[3mid[0m[2m=[0m1[1m}[0m[2m:[0m [2mmoq_net::lite::publisher[0m[2m:[0m serving group [3msubscribe[0m[2m=[0m1 [3mtrack[0m[2m=[0maudio [3msequence[0m[2m=[0m314
[2m2026-09-06T14:54:39.889713Z[0m [34mDEBUG[0m [1mconn[0m[1m{[0m[3mid[0m[2m=[0m1[1m}[0m[2m:[0m [2mmoq_net::lite::publisher[0m[2m:[0m finished group [3msequence[0m[2m=[0m314
[2m2026-09-06T14:54:39.896243Z[0m [34mDEBUG[0m [1mconn[0m[1m{[0m[3mid[0m[2m=[0m1[1m}[0m[2m:[0m [2mmoq_net::lite::publisher[0m[2m:[0m serving group [3msubscribe[0m[2m=[0m2 [3mtrack[0m[2m=[0mvideo [3msequence[0m[2m=[0m4
[2m2026-09-06T14:54:39.897883Z[0m [34mDEBUG[0m [1mconn[0m[1m{[0m[3mid[0m[2m=[0m1[1m}[0m[2m:[0m [2mmoq_net::lite::publisher[0m[2m:[0m finished group [3msequence[0m[2m=[0m3
[2m2026-09-06T14:54:39.908173Z[0m [34mDEBUG[0m [1mconn[0m[1m{[0m[3mid[0m[2m=[0m1[1m}[0m[2m:[0m [2mmoq_net::lite::publisher[0m[2m:[0m serving group [3msubscribe[0m[2m=[0m1 [3mtrack[0m[2m=[0maudio [3msequence[0m[2m=[0m315
[2m2026-09-06T14:54:39.909758Z[0m [34mDEBUG[0m [1mconn[0m[1m{[0m[3mid[0m[2m=[0m1[1m}[0m[2m:[0m [2mmoq_net::lite::publisher[0m[2m:[0m finished group [3msequence[0m[2m=[0m315
[2m2026-09-06T14:54:40.029672Z[0m [34mDEBUG[0m [1mconn[0m[1m{[0m[3mid[0m[2m=[0m1[1m}[0m[2m:[0m [2mmoq_net::lite::publisher[0m[2m:[0m serving group [3msubscribe[0m[2m=[0m1 [3mtrack[0m[2m=[0maudio [3msequence[0m[2m=[0m316
[2m2026-09-06T14:54:40.031955Z[0m [34mDEBUG[0m [1mconn[0m[1m{[0m[3mid[0m[2m=[0m1[1m}[0m[2m:[0m [2mmoq_net::lite::publisher[0m[2m:[0m finished group [3msequence[0m[2m=[0m316
[2m2026-09-06T14:54:40.049890Z[0m [34mDEBUG[0m [1mconn[0m[1m{[0m[3mid[0m[2m=[0m1[1m}[0m[2m:[0m [2mmoq_net::lite::publisher[0m[2m:[0m serving group [3msubscribe[0m[2m=[0m1 [3mtrack[0m[2m=[0maudio [3msequence[0m[2m=[0m317
[2m2026-09-06T14:54:40.051707Z[0m [34mDEBUG[0m [1mconn[0m[1m{[0m[3mid[0m[2m=[0m1[1m}[0m[2m:[0m [2mmoq_net::lite::publisher[0m[2m:[0m finished group [3msequence[0m[2m=[0m317
[2m2026-09-06T14:54:40.068364Z[0m [34mDEBUG[0m [1mconn[0m[1m{[0m[3mid[0m[2m=[0m1[1m}[0m[2m:[0m [2mmoq_net::lite::publisher[0m[2m:[0m serving group [3msubscribe[0m[2m=[0m1 [3mtrack[0m[2m=[0maudio [3msequence[0m[2m=[0m318
[2m2026-09-06T14:54:40.070117Z[0m [34mDEBUG[0m [1mconn[0m[1m{[0m[3mid[0m[2m=[0m1[1m}[0m[2m:[0m [2mmoq_net::lite::publisher[0m[2m:[0m finished group [3msequence[0m[2m=[0m318
[2m2026-09-06T14:54:40.088517Z[0m [34mDEBUG[0m [1mconn[0m[1m{[0m[3mid[0m[2m=[0m1[1m}[0m[2m:[0m [2mmoq_net::lite::publisher[0m[2m:[0m serving group [3msubscribe[0m[2m=[0m1 [3mtrack[0m[2m=[0maudio [3msequence[0m[2m=[0m319
[2m2026-09-06T14:54:40.090469Z[0m [34mDEBUG[0m [1mconn[0m[1m{[0m[3mid[0m[2m=[0m1[1m}[0m[2m:[0m [2mmoq_net::lite::publisher[0m[2m:[0m finished group [3msequence[0m[2m=[0m319
[2m2026-09-06T14:54:40.107991Z[0m [34mDEBUG[0m [1mconn[0m[1m{[0m[3mid[0m[2m=[0m1[1m}[0m[2m:[0m [2mmoq_net::lite::publisher[0m[2m:[0m serving group [3msubscribe[0m[2m=[0m1 [3mtrack[0m[2m=[0maudio [3msequence[0m[2m=[0m320
[2m2026-09-06T14:54:40.109624Z[0m [34mDEBUG[0m [1mconn[0m[1m{[0m[3mid[0m[2m=[0m1[1m}[0m[2m:[0m [2mmoq_net::lite::publisher[0m[2m:[0m finished group [3msequence[0m[2m=[0m320
[2m2026-09-06T14:54:40.127612Z[0m [34mDEBUG[0m [1mconn[0m[1m{[0m[3mid[0m[2m=[0m1[1m}[0m[2m:[0m [2mmoq_net::lite::publisher[0m[2m:[0m serving group [3msubscribe[0m[2m=[0m1 [3mtrack[0m[2m=[0maudio [3msequence[0m[2m=[0m321
[2m2026-09-06T14:54:40.129320Z[0m [34mDEBUG[0m [1mconn[0m[1m{[0m[3mid[0m[2m=[0m1[1m}[0m[2m:[0m [2mmoq_net::lite::publisher[0m[2m:[0m finished group [3msequence[0m[2m=[0m321
[2m2026-09-06T14:54:40.148391Z[0m [34mDEBUG[0m [1mconn[0m[1m{[0m[3mid[0m[2m=[0m1[1m}[0m[2m:[0m [2mmoq_net::lite::publisher[0m[2m:[0m serving group [3msubscribe[0m[2m=[0m1 [3mtrack[0m[2m=[0maudio [3msequence[0m[2m=[0m322
[2m2026-09-06T14:54:40.150197Z[0m [34mDEBUG[0m [1mconn[0m[1m{[0m[3mid[0m[2m=[0m1[1m}[0m[2m:[0m [2mmoq_net::lite::publisher[0m[2m:[0m finished group [3msequence[0m[2m=[0m322
[2m2026-09-06T14:54:40.168052Z[0m [34mDEBUG[0m [1mconn[0m[1m{[0m[3mid[0m[2m=[0m1[1m}[0m[2m:[0m [2mmoq_net::lite::publisher[0m[2m:[0m serving group [3msubscribe[0m[2m=[0m1 [3mtrack[0m[2m=[0maudio [3msequence[0m[2m=[0m323
[2m2026-09-06T14:54:40.170052Z[0m [34mDEBUG[0m [1mconn[0m[1m{[0m[3mid[0m[2m=[0m1[1m}[0m[2m:[0m [2mmoq_net::lite::publisher[0m[2m:[0m finished group [3msequence[0m[2m=[0m323
[2m2026-09-06T14:54:40.188286Z[0m [34mDEBUG[0m [1mconn[0m[1m{[0m[3mid[0m[2m=[0m1[1m}[0m[2m:[0m [2mmoq_net::lite::publisher[0m[2m:[0m serving group [3msubscribe[0m[2m=[0m1 [3mtrack[0m[2m=[0maudio [3msequence[0m[2m=[0m324
[2m2026-09-06T14:54:40.190005Z[0m [34mDEBUG[0m [1mconn[0m[1m{[0m[3mid[0m[2m=[0m1[1m}[0m[2m:[0m [2mmoq_net::lite::publisher[0m[2m:[0m finished group [3msequence[0m[2m=[0m324
[2m2026-09-06T14:54:40.207803Z[0m [34mDEBUG[0m [1mconn[0m[1m{[0m[3mid[0m[2m=[0m1[1m}[0m[2m:[0m [2mmoq_net::lite::publisher[0m[2m:[0m serving group [3msubscribe[0m[2m=[0m1 [3mtrack[0m[2m=[0maudio [3msequence[0m[2m=[0m325
[2m2026-09-06T14:54:40.209577Z[0m [34mDEBUG[0m [1mconn[0m[1m{[0m[3mid[0m[2m=[0m1[1m}[0m[2m:[0m [2mmoq_net::lite::publisher[0m[2m:[0m finished group [3msequence[0m[2m=[0m325
[2m2026-09-06T14:54:40.228002Z[0m [34mDEBUG[0m [1mconn[0m[1m{[0m[3mid[0m[2m=[0m1[1m}[0m[2m:[0m [2mmoq_net::lite::publisher[0m[2m:[0m serving group [3msubscribe[0m[2m=[0m1 [3mtrack[0m[2m=[0maudio [3msequence[0m[2m=[0m326
[2m2026-09-06T14:54:40.229860Z[0m [34mDEBUG[0m [1mconn[0m[1m{[0m[3mid[0m[2m=[0m1[1m}[0m[2m:[0m [2mmoq_net::lite::publisher[0m[2m:[0m finished group [3msequence[0m[2m=[0m326
[2m2026-09-06T14:54:40.248632Z[0m [34mDEBUG[0m [1mconn[0m[1m{[0m[3mid[0m[2m=[0m1[1m}[0m[2m:[0m [2mmoq_net::lite::publisher[0m[2m:[0m serving group [3msubscribe[0m[2m=[0m1 [3mtrack[0m[2m=[0maudio [3msequence[0m[2m=[0m327
[2m2026-09-06T14:54:40.250332Z[0m [34mDEBUG[0m [1mconn[0m[1m{[0m[3mid[0m[2m=[0m1[1m}[0m[2m:[0m [2mmoq_net::lite::publisher[0m[2m:[0m finished group [3msequence[0m[2m=[0m327
[2m2026-09-06T14:54:40.268074Z[0m [34mDEBUG[0m [1mconn[0m[1m{[0m[3mid[0m[2m=[0m1[1m}[0m[2m:[0m [2mmoq_net::lite::publisher[0m[2m:[0m serving group [3msubscribe[0m[2m=[0m1 [3mtrack[0m[2m=[0maudio [3msequence[0m[2m=[0m328
[2m2026-09-06T14:54:40.269764Z[0m [34mDEBUG[0m [1mconn[0m[1m{[0m[3mid[0m[2m=[0m1[1m}[0m[2m:[0m [2mmoq_net::lite::publisher[0m[2m:[0m finished group [3msequence[0m[2m=[0m328
[2m2026-09-06T14:54:40.372030Z[0m [34mDEBUG[0m [1mws[0m[1m{[0m[3mid[0m[2m=[0m0[1m}[0m[2m:[0m [2mmoq_net::lite::publisher[0m[2m:[0m serving group [3msubscribe[0m[2m=[0m2 [3mtrack[0m[2m=[0mpublisher.json [3msequence[0m[2m=[0m10
[2m2026-09-06T14:54:40.372217Z[0m [34mDEBUG[0m [1mws[0m[1m{[0m[3mid[0m[2m=[0m0[1m}[0m[2m:[0m [2mmoq_net::lite::publisher[0m[2m:[0m serving group [3msubscribe[0m[2m=[0m1 [3mtrack[0m[2m=[0msubscriber.json [3msequence[0m[2m=[0m10
[2m2026-09-06T14:54:40.528133Z[0m [34mDEBUG[0m [1mconn[0m[1m{[0m[3mid[0m[2m=[0m1[1m}[0m[2m:[0m [2mmoq_net::lite::publisher[0m[2m:[0m serving group [3msubscribe[0m[2m=[0m1 [3mtrack[0m[2m=[0maudio [3msequence[0m[2m=[0m329
[2m2026-09-06T14:54:40.529935Z[0m [34mDEBUG[0m [1mconn[0m[1m{[0m[3mid[0m[2m=[0m1[1m}[0m[2m:[0m [2mmoq_net::lite::publisher[0m[2m:[0m finished group [3msequence[0m[2m=[0m329
[2m2026-09-06T14:54:40.548014Z[0m [34mDEBUG[0m [1mconn[0m[1m{[0m[3mid[0m[2m=[0m1[1m}[0m[2m:[0m [2mmoq_net::lite::publisher[0m[2m:[0m serving group [3msubscribe[0m[2m=[0m1 [3mtrack[0m[2m=[0maudio [3msequence[0m[2m=[0m330
[2m2026-09-06T14:54:40.549751Z[0m [34mDEBUG[0m [1mconn[0m[1m{[0m[3mid[0m[2m=[0m1[1m}[0m[2m:[0m [2mmoq_net::lite::publisher[0m[2m:[0m finished group [3msequence[0m[2m=[0m330
[2m2026-09-06T14:54:40.568175Z[0m [34mDEBUG[0m [1mconn[0m[1m{[0m[3mid[0m[2m=[0m1[1m}[0m[2m:[0m [2mmoq_net::lite::publisher[0m[2m:[0m serving group [3msubscribe[0m[2m=[0m1 [3mtrack[0m[2m=[0maudio [3msequence[0m[2m=[0m331
[2m2026-09-06T14:54:40.569832Z[0m [34mDEBUG[0m [1mconn[0m[1m{[0m[3mid[0m[2m=[0m1[1m}[0m[2m:[0m [2mmoq_net::lite::publisher[0m[2m:[0m finished group [3msequence[0m[2m=[0m331
[2m2026-09-06T14:54:40.588877Z[0m [34mDEBUG[0m [1mconn[0m[1m{[0m[3mid[0m[2m=[0m1[1m}[0m[2m:[0m [2mmoq_net::lite::publisher[0m[2m:[0m serving group [3msubscribe[0m[2m=[0m1 [3mtrack[0m[2m=[0maudio [3msequence[0m[2m=[0m332
[2m2026-09-06T14:54:40.590891Z[0m [34mDEBUG[0m [1mconn[0m[1m{[0m[3mid[0m[2m=[0m1[1m}[0m[2m:[0m [2mmoq_net::lite::publisher[0m[2m:[0m finished group [3msequence[0m[2m=[0m332
[2m2026-09-06T14:54:40.608885Z[0m [34mDEBUG[0m [1mconn[0m[1m{[0m[3mid[0m[2m=[0m1[1m}[0m[2m:[0m [2mmoq_net::lite::publisher[0m[2m:[0m serving group [3msubscribe[0m[2m=[0m1 [3mtrack[0m[2m=[0maudio [3msequence[0m[2m=[0m333
[2m2026-09-06T14:54:40.611280Z[0m [34mDEBUG[0m [1mconn[0m[1m{[0m[3mid[0m[2m=[0m1[1m}[0m[2m:[0m [2mmoq_net::lite::publisher[0m[2m:[0m finished group [3msequence[0m[2m=[0m333
[2m2026-09-06T14:54:40.627471Z[0m [34mDEBUG[0m [1mconn[0m[1m{[0m[3mid[0m[2m=[0m1[1m}[0m[2m:[0m [2mmoq_net::lite::publisher[0m[2m:[0m serving group [3msubscribe[0m[2m=[0m1 [3mtrack[0m[2m=[0maudio [3msequence[0m[2m=[0m334
[2m2026-09-06T14:54:40.628956Z[0m [34mDEBUG[0m [1mconn[0m[1m{[0m[3mid[0m[2m=[0m1[1m}[0m[2m:[0m [2mmoq_net::lite::publisher[0m[2m:[0m finished group [3msequence[0m[2m=[0m334
[2m2026-09-06T14:54:40.647727Z[0m [34mDEBUG[0m [1mconn[0m[1m{[0m[3mid[0m[2m=[0m1[1m}[0m[2m:[0m [2mmoq_net::lite::publisher[0m[2m:[0m serving group [3msubscribe[0m[2m=[0m1 [3mtrack[0m[2m=[0maudio [3msequence[0m[2m=[0m335
[2m2026-09-06T14:54:40.649413Z[0m [34mDEBUG[0m [1mconn[0m[1m{[0m[3mid[0m[2m=[0m1[1m}[0m[2m:[0m [2mmoq_net::lite::publisher[0m[2m:[0m finished group [3msequence[0m[2m=[0m335
[2m2026-09-06T14:54:40.668288Z[0m [34mDEBUG[0m [1mconn[0m[1m{[0m[3mid[0m[2m=[0m1[1m}[0m[2m:[0m [2mmoq_net::lite::publisher[0m[2m:[0m serving group [3msubscribe[0m[2m=[0m1 [3mtrack[0m[2m=[0maudio [3msequence[0m[2m=[0m336
[2m2026-09-06T14:54:40.669865Z[0m [34mDEBUG[0m [1mconn[0m[1m{[0m[3mid[0m[2m=[0m1[1m}[0m[2m:[0m [2mmoq_net::lite::publisher[0m[2m:[0m finished group [3msequence[0m[2m=[0m336
[2m2026-09-06T14:54:40.690492Z[0m [34mDEBUG[0m [1mconn[0m[1m{[0m[3mid[0m[2m=[0m1[1m}[0m[2m:[0m [2mmoq_net::lite::publisher[0m[2m:[0m serving group [3msubscribe[0m[2m=[0m1 [3mtrack[0m[2m=[0maudio [3msequence[0m[2m=[0m337
[2m2026-09-06T14:54:40.693278Z[0m [34mDEBUG[0m [1mconn[0m[1m{[0m[3mid[0m[2m=[0m1[1m}[0m[2m:[0m [2mmoq_net::lite::publisher[0m[2m:[0m finished group [3msequence[0m[2m=[0m337
[2m2026-09-06T14:54:40.707700Z[0m [34mDEBUG[0m [1mconn[0m[1m{[0m[3mid[0m[2m=[0m1[1m}[0m[2m:[0m [2mmoq_net::lite::publisher[0m[2m:[0m serving group [3msubscribe[0m[2m=[0m1 [3mtrack[0m[2m=[0maudio [3msequence[0m[2m=[0m338
[2m2026-09-06T14:54:40.709345Z[0m [34mDEBUG[0m [1mconn[0m[1m{[0m[3mid[0m[2m=[0m1[1m}[0m[2m:[0m [2mmoq_net::lite::publisher[0m[2m:[0m finished group [3msequence[0m[2m=[0m338
[2m2026-09-06T14:54:40.727544Z[0m [34mDEBUG[0m [1mconn[0m[1m{[0m[3mid[0m[2m=[0m1[1m}[0m[2m:[0m [2mmoq_net::lite::publisher[0m[2m:[0m serving group [3msubscribe[0m[2m=[0m1 [3mtrack[0m[2m=[0maudio [3msequence[0m[2m=[0m339
[2m2026-09-06T14:54:40.728905Z[0m [34mDEBUG[0m [1mconn[0m[1m{[0m[3mid[0m[2m=[0m1[1m}[0m[2m:[0m [2mmoq_net::lite::publisher[0m[2m:[0m finished group [3msequence[0m[2m=[0m339
[2m2026-09-06T14:54:40.747439Z[0m [34mDEBUG[0m [1mconn[0m[1m{[0m[3mid[0m[2m=[0m1[1m}[0m[2m:[0m [2mmoq_net::lite::publisher[0m[2m:[0m serving group [3msubscribe[0m[2m=[0m1 [3mtrack[0m[2m=[0maudio [3msequence[0m[2m=[0m340
[2m2026-09-06T14:54:40.749046Z[0m [34mDEBUG[0m [1mconn[0m[1m{[0m[3mid[0m[2m=[0m1[1m}[0m[2m:[0m [2mmoq_net::lite::publisher[0m[2m:[0m finished group [3msequence[0m[2m=[0m340
[2m2026-09-06T14:54:40.767231Z[0m [34mDEBUG[0m [1mconn[0m[1m{[0m[3mid[0m[2m=[0m1[1m}[0m[2m:[0m [2mmoq_net::lite::publisher[0m[2m:[0m serving group [3msubscribe[0m[2m=[0m1 [3mtrack[0m[2m=[0maudio [3msequence[0m[2m=[0m341
[2m2026-09-06T14:54:40.768792Z[0m [34mDEBUG[0m [1mconn[0m[1m{[0m[3mid[0m[2m=[0m1[1m}[0m[2m:[0m [2mmoq_net::lite::publisher[0m[2m:[0m finished group [3msequence[0m[2m=[0m341
[2m2026-09-06T14:54:41.029245Z[0m [34mDEBUG[0m [1mconn[0m[1m{[0m[3mid[0m[2m=[0m1[1m}[0m[2m:[0m [2mmoq_net::lite::publisher[0m[2m:[0m serving group [3msubscribe[0m[2m=[0m1 [3mtrack[0m[2m=[0maudio [3msequence[0m[2m=[0m342
[2m2026-09-06T14:54:41.030297Z[0m [34mDEBUG[0m [1mconn[0m[1m{[0m[3mid[0m[2m=[0m1[1m}[0m[2m:[0m [2mmoq_net::lite::publisher[0m[2m:[0m finished group [3msequence[0m[2m=[0m342
[2m2026-09-06T14:54:41.049119Z[0m [34mDEBUG[0m [1mconn[0m[1m{[0m[3mid[0m[2m=[0m1[1m}[0m[2m:[0m [2mmoq_net::lite::publisher[0m[2m:[0m serving group [3msubscribe[0m[2m=[0m1 [3mtrack[0m[2m=[0maudio [3msequence[0m[2m=[0m343
[2m2026-09-06T14:54:41.050852Z[0m [34mDEBUG[0m [1mconn[0m[1m{[0m[3mid[0m[2m=[0m1[1m}[0m[2m:[0m [2mmoq_net::lite::publisher[0m[2m:[0m finished group [3msequence[0m[2m=[0m343
[2m2026-09-06T14:54:41.069394Z[0m [34mDEBUG[0m [1mconn[0m[1m{[0m[3mid[0m[2m=[0m1[1m}[0m[2m:[0m [2mmoq_net::lite::publisher[0m[2m:[0m serving group [3msubscribe[0m[2m=[0m1 [3mtrack[0m[2m=[0maudio [3msequence[0m[2m=[0m344
[2m2026-09-06T14:54:41.071189Z[0m [34mDEBUG[0m [1mconn[0m[1m{[0m[3mid[0m[2m=[0m1[1m}[0m[2m:[0m [2mmoq_net::lite::publisher[0m[2m:[0m finished group [3msequence[0m[2m=[0m344
[2m2026-09-06T14:54:41.092043Z[0m [34mDEBUG[0m [1mconn[0m[1m{[0m[3mid[0m[2m=[0m1[1m}[0m[2m:[0m [2mmoq_net::lite::publisher[0m[2m:[0m serving group [3msubscribe[0m[2m=[0m1 [3mtrack[0m[2m=[0maudio [3msequence[0m[2m=[0m345
[2m2026-09-06T14:54:41.093669Z[0m [34mDEBUG[0m [1mconn[0m[1m{[0m[3mid[0m[2m=[0m1[1m}[0m[2m:[0m [2mmoq_net::lite::publisher[0m[2m:[0m finished group [3msequence[0m[2m=[0m345
[2m2026-09-06T14:54:41.107546Z[0m [34mDEBUG[0m [1mconn[0m[1m{[0m[3mid[0m[2m=[0m1[1m}[0m[2m:[0m [2mmoq_net::lite::publisher[0m[2m:[0m serving group [3msubscribe[0m[2m=[0m1 [3mtrack[0m[2m=[0maudio [3msequence[0m[2m=[0m346
[2m2026-09-06T14:54:41.109119Z[0m [34mDEBUG[0m [1mconn[0m[1m{[0m[3mid[0m[2m=[0m1[1m}[0m[2m:[0m [2mmoq_net::lite::publisher[0m[2m:[0m finished group [3msequence[0m[2m=[0m346
[2m2026-09-06T14:54:41.127730Z[0m [34mDEBUG[0m [1mconn[0m[1m{[0m[3mid[0m[2m=[0m1[1m}[0m[2m:[0m [2mmoq_net::lite::publisher[0m[2m:[0m serving group [3msubscribe[0m[2m=[0m1 [3mtrack[0m[2m=[0maudio [3msequence[0m[2m=[0m347
[2m2026-09-06T14:54:41.129336Z[0m [34mDEBUG[0m [1mconn[0m[1m{[0m[3mid[0m[2m=[0m1[1m}[0m[2m:[0m [2mmoq_net::lite::publisher[0m[2m:[0m finished group [3msequence[0m[2m=[0m347
[2m2026-09-06T14:54:41.147878Z[0m [34mDEBUG[0m [1mconn[0m[1m{[0m[3mid[0m[2m=[0m1[1m}[0m[2m:[0m [2mmoq_net::lite::publisher[0m[2m:[0m serving group [3msubscribe[0m[2m=[0m1 [3mtrack[0m[2m=[0maudio [3msequence[0m[2m=[0m348
[2m2026-09-06T14:54:41.149546Z[0m [34mDEBUG[0m [1mconn[0m[1m{[0m[3mid[0m[2m=[0m1[1m}[0m[2m:[0m [2mmoq_net::lite::publisher[0m[2m:[0m finished group [3msequence[0m[2m=[0m348
[2m2026-09-06T14:54:41.167789Z[0m [34mDEBUG[0m [1mconn[0m[1m{[0m[3mid[0m[2m=[0m1[1m}[0m[2m:[0m [2mmoq_net::lite::publisher[0m[2m:[0m serving group [3msubscribe[0m[2m=[0m1 [3mtrack[0m[2m=[0maudio [3msequence[0m[2m=[0m349
[2m2026-09-06T14:54:41.169462Z[0m [34mDEBUG[0m [1mconn[0m[1m{[0m[3mid[0m[2m=[0m1[1m}[0m[2m:[0m [2mmoq_net::lite::publisher[0m[2m:[0m finished group [3msequence[0m[2m=[0m349
[2m2026-09-06T14:54:41.188572Z[0m [34mDEBUG[0m [1mconn[0m[1m{[0m[3mid[0m[2m=[0m1[1m}[0m[2m:[0m [2mmoq_net::lite::publisher[0m[2m:[0m serving group [3msubscribe[0m[2m=[0m1 [3mtrack[0m[2m=[0maudio [3msequence[0m[2m=[0m350
[2m2026-09-06T14:54:41.190408Z[0m [34mDEBUG[0m [1mconn[0m[1m{[0m[3mid[0m[2m=[0m1[1m}[0m[2m:[0m [2mmoq_net::lite::publisher[0m[2m:[0m finished group [3msequence[0m[2m=[0m350
[2m2026-09-06T14:54:41.207612Z[0m [34mDEBUG[0m [1mconn[0m[1m{[0m[3mid[0m[2m=[0m1[1m}[0m[2m:[0m [2mmoq_net::lite::publisher[0m[2m:[0m serving group [3msubscribe[0m[2m=[0m1 [3mtrack[0m[2m=[0maudio [3msequence[0m[2m=[0m351
[2m2026-09-06T14:54:41.209306Z[0m [34mDEBUG[0m [1mconn[0m[1m{[0m[3mid[0m[2m=[0m1[1m}[0m[2m:[0m [2mmoq_net::lite::publisher[0m[2m:[0m finished group [3msequence[0m[2m=[0m351
[2m2026-09-06T14:54:41.227902Z[0m [34mDEBUG[0m [1mconn[0m[1m{[0m[3mid[0m[2m=[0m1[1m}[0m[2m:[0m [2mmoq_net::lite::publisher[0m[2m:[0m serving group [3msubscribe[0m[2m=[0m1 [3mtrack[0m[2m=[0maudio [3msequence[0m[2m=[0m352
[2m2026-09-06T14:54:41.229630Z[0m [34mDEBUG[0m [1mconn[0m[1m{[0m[3mid[0m[2m=[0m1[1m}[0m[2m:[0m [2mmoq_net::lite::publisher[0m[2m:[0m finished group [3msequence[0m[2m=[0m352
[2m2026-09-06T14:54:41.248304Z[0m [34mDEBUG[0m [1mconn[0m[1m{[0m[3mid[0m[2m=[0m1[1m}[0m[2m:[0m [2mmoq_net::lite::publisher[0m[2m:[0m serving group [3msubscribe[0m[2m=[0m1 [3mtrack[0m[2m=[0maudio [3msequence[0m[2m=[0m353
[2m2026-09-06T14:54:41.250034Z[0m [34mDEBUG[0m [1mconn[0m[1m{[0m[3mid[0m[2m=[0m1[1m}[0m[2m:[0m [2mmoq_net::lite::publisher[0m[2m:[0m finished group [3msequence[0m[2m=[0m353
[2m2026-09-06T14:54:41.267801Z[0m [34mDEBUG[0m [1mconn[0m[1m{[0m[3mid[0m[2m=[0m1[1m}[0m[2m:[0m [2mmoq_net::lite::publisher[0m[2m:[0m serving group [3msubscribe[0m[2m=[0m1 [3mtrack[0m[2m=[0maudio [3msequence[0m[2m=[0m354
[2m2026-09-06T14:54:41.269515Z[0m [34mDEBUG[0m [1mconn[0m[1m{[0m[3mid[0m[2m=[0m1[1m}[0m[2m:[0m [2mmoq_net::lite::publisher[0m[2m:[0m finished group [3msequence[0m[2m=[0m354
[2m2026-09-06T14:54:41.371680Z[0m [34mDEBUG[0m [1mws[0m[1m{[0m[3mid[0m[2m=[0m0[1m}[0m[2m:[0m [2mmoq_net::lite::publisher[0m[2m:[0m serving group [3msubscribe[0m[2m=[0m2 [3mtrack[0m[2m=[0mpublisher.json [3msequence[0m[2m=[0m11
[2m2026-09-06T14:54:41.371888Z[0m [34mDEBUG[0m [1mws[0m[1m{[0m[3mid[0m[2m=[0m0[1m}[0m[2m:[0m [2mmoq_net::lite::publisher[0m[2m:[0m serving group [3msubscribe[0m[2m=[0m1 [3mtrack[0m[2m=[0msubscriber.json [3msequence[0m[2m=[0m11
[2m2026-09-06T14:54:41.529396Z[0m [34mDEBUG[0m [1mconn[0m[1m{[0m[3mid[0m[2m=[0m1[1m}[0m[2m:[0m [2mmoq_net::lite::publisher[0m[2m:[0m serving group [3msubscribe[0m[2m=[0m1 [3mtrack[0m[2m=[0maudio [3msequence[0m[2m=[0m355
[2m2026-09-06T14:54:41.531454Z[0m [34mDEBUG[0m [1mconn[0m[1m{[0m[3mid[0m[2m=[0m1[1m}[0m[2m:[0m [2mmoq_net::lite::publisher[0m[2m:[0m finished group [3msequence[0m[2m=[0m355
[2m2026-09-06T14:54:41.549995Z[0m [34mDEBUG[0m [1mconn[0m[1m{[0m[3mid[0m[2m=[0m1[1m}[0m[2m:[0m [2mmoq_net::lite::publisher[0m[2m:[0m serving group [3msubscribe[0m[2m=[0m1 [3mtrack[0m[2m=[0maudio [3msequence[0m[2m=[0m356
[2m2026-09-06T14:54:41.551464Z[0m [34mDEBUG[0m [1mconn[0m[1m{[0m[3mid[0m[2m=[0m1[1m}[0m[2m:[0m [2mmoq_net::lite::publisher[0m[2m:[0m finished group [3msequence[0m[2m=[0m356
[2m2026-09-06T14:54:41.568061Z[0m [34mDEBUG[0m [1mconn[0m[1m{[0m[3mid[0m[2m=[0m1[1m}[0m[2m:[0m [2mmoq_net::lite::publisher[0m[2m:[0m serving group [3msubscribe[0m[2m=[0m1 [3mtrack[0m[2m=[0maudio [3msequence[0m[2m=[0m357
[2m2026-09-06T14:54:41.569759Z[0m [34mDEBUG[0m [1mconn[0m[1m{[0m[3mid[0m[2m=[0m1[1m}[0m[2m:[0m [2mmoq_net::lite::publisher[0m[2m:[0m finished group [3msequence[0m[2m=[0m357
[2m2026-09-06T14:54:41.590653Z[0m [34mDEBUG[0m [1mconn[0m[1m{[0m[3mid[0m[2m=[0m1[1m}[0m[2m:[0m [2mmoq_net::lite::publisher[0m[2m:[0m serving group [3msubscribe[0m[2m=[0m1 [3mtrack[0m[2m=[0maudio [3msequence[0m[2m=[0m358
[2m2026-09-06T14:54:41.592357Z[0m [34mDEBUG[0m [1mconn[0m[1m{[0m[3mid[0m[2m=[0m1[1m}[0m[2m:[0m [2mmoq_net::lite::publisher[0m[2m:[0m finished group [3msequence[0m[2m=[0m358
[2m2026-09-06T14:54:41.610089Z[0m [34mDEBUG[0m [1mconn[0m[1m{[0m[3mid[0m[2m=[0m1[1m}[0m[2m:[0m [2mmoq_net::lite::publisher[0m[2m:[0m serving group [3msubscribe[0m[2m=[0m1 [3mtrack[0m[2m=[0maudio [3msequence[0m[2m=[0m359
[2m2026-09-06T14:54:41.611753Z[0m [34mDEBUG[0m [1mconn[0m[1m{[0m[3mid[0m[2m=[0m1[1m}[0m[2m:[0m [2mmoq_net::lite::publisher[0m[2m:[0m finished group [3msequence[0m[2m=[0m359
[2m2026-09-06T14:54:41.629307Z[0m [34mDEBUG[0m [1mconn[0m[1m{[0m[3mid[0m[2m=[0m1[1m}[0m[2m:[0m [2mmoq_net::lite::publisher[0m[2m:[0m serving group [3msubscribe[0m[2m=[0m1 [3mtrack[0m[2m=[0maudio [3msequence[0m[2m=[0m360
[2m2026-09-06T14:54:41.631200Z[0m [34mDEBUG[0m [1mconn[0m[1m{[0m[3mid[0m[2m=[0m1[1m}[0m[2m:[0m [2mmoq_net::lite::publisher[0m[2m:[0m finished group [3msequence[0m[2m=[0m360
[2m2026-09-06T14:54:41.648769Z[0m [34mDEBUG[0m [1mconn[0m[1m{[0m[3mid[0m[2m=[0m1[1m}[0m[2m:[0m [2mmoq_net::lite::publisher[0m[2m:[0m serving group [3msubscribe[0m[2m=[0m1 [3mtrack[0m[2m=[0maudio [3msequence[0m[2m=[0m361
[2m2026-09-06T14:54:41.650488Z[0m [34mDEBUG[0m [1mconn[0m[1m{[0m[3mid[0m[2m=[0m1[1m}[0m[2m:[0m [2mmoq_net::lite::publisher[0m[2m:[0m finished group [3msequence[0m[2m=[0m361
[2m2026-09-06T14:54:41.667704Z[0m [34mDEBUG[0m [1mconn[0m[1m{[0m[3mid[0m[2m=[0m1[1m}[0m[2m:[0m [2mmoq_net::lite::publisher[0m[2m:[0m serving group [3msubscribe[0m[2m=[0m1 [3mtrack[0m[2m=[0maudio [3msequence[0m[2m=[0m362
[2m2026-09-06T14:54:41.669341Z[0m [34mDEBUG[0m [1mconn[0m[1m{[0m[3mid[0m[2m=[0m1[1m}[0m[2m:[0m [2mmoq_net::lite::publisher[0m[2m:[0m finished group [3msequence[0m[2m=[0m362
[2m2026-09-06T14:54:41.688697Z[0m [34mDEBUG[0m [1mconn[0m[1m{[0m[3mid[0m[2m=[0m1[1m}[0m[2m:[0m [2mmoq_net::lite::publisher[0m[2m:[0m serving group [3msubscribe[0m[2m=[0m1 [3mtrack[0m[2m=[0maudio [3msequence[0m[2m=[0m363
[2m2026-09-06T14:54:41.690329Z[0m [34mDEBUG[0m [1mconn[0m[1m{[0m[3mid[0m[2m=[0m1[1m}[0m[2m:[0m [2mmoq_net::lite::publisher[0m[2m:[0m finished group [3msequence[0m[2m=[0m363
[2m2026-09-06T14:54:41.707793Z[0m [34mDEBUG[0m [1mconn[0m[1m{[0m[3mid[0m[2m=[0m1[1m}[0m[2m:[0m [2mmoq_net::lite::publisher[0m[2m:[0m serving group [3msubscribe[0m[2m=[0m1 [3mtrack[0m[2m=[0maudio [3msequence[0m[2m=[0m364
[2m2026-09-06T14:54:41.709318Z[0m [34mDEBUG[0m [1mconn[0m[1m{[0m[3mid[0m[2m=[0m1[1m}[0m[2m:[0m [2mmoq_net::lite::publisher[0m[2m:[0m finished group [3msequence[0m[2m=[0m364
[2m2026-09-06T14:54:41.729652Z[0m [34mDEBUG[0m [1mconn[0m[1m{[0m[3mid[0m[2m=[0m1[1m}[0m[2m:[0m [2mmoq_net::lite::publisher[0m[2m:[0m serving group [3msubscribe[0m[2m=[0m1 [3mtrack[0m[2m=[0maudio [3msequence[0m[2m=[0m365
[2m2026-09-06T14:54:41.731572Z[0m [34mDEBUG[0m [1mconn[0m[1m{[0m[3mid[0m[2m=[0m1[1m}[0m[2m:[0m [2mmoq_net::lite::publisher[0m[2m:[0m finished group [3msequence[0m[2m=[0m365
[2m2026-09-06T14:54:41.748219Z[0m [34mDEBUG[0m [1mconn[0m[1m{[0m[3mid[0m[2m=[0m1[1m}[0m[2m:[0m [2mmoq_net::lite::publisher[0m[2m:[0m serving group [3msubscribe[0m[2m=[0m1 [3mtrack[0m[2m=[0maudio [3msequence[0m[2m=[0m366
[2m2026-09-06T14:54:41.749947Z[0m [34mDEBUG[0m [1mconn[0m[1m{[0m[3mid[0m[2m=[0m1[1m}[0m[2m:[0m [2mmoq_net::lite::publisher[0m[2m:[0m finished group [3msequence[0m[2m=[0m366
[2m2026-09-06T14:54:41.767778Z[0m [34mDEBUG[0m [1mconn[0m[1m{[0m[3mid[0m[2m=[0m1[1m}[0m[2m:[0m [2mmoq_net::lite::publisher[0m[2m:[0m serving group [3msubscribe[0m[2m=[0m1 [3mtrack[0m[2m=[0maudio [3msequence[0m[2m=[0m367
[2m2026-09-06T14:54:41.769456Z[0m [34mDEBUG[0m [1mconn[0m[1m{[0m[3mid[0m[2m=[0m1[1m}[0m[2m:[0m [2mmoq_net::lite::publisher[0m[2m:[0m finished group [3msequence[0m[2m=[0m367
[2m2026-09-06T14:54:41.893490Z[0m [34mDEBUG[0m [1mconn[0m[1m{[0m[3mid[0m[2m=[0m1[1m}[0m[2m:[0m [2mmoq_net::lite::publisher[0m[2m:[0m serving group [3msubscribe[0m[2m=[0m2 [3mtrack[0m[2m=[0mvideo [3msequence[0m[2m=[0m5
[2m2026-09-06T14:54:41.894895Z[0m [34mDEBUG[0m [1mconn[0m[1m{[0m[3mid[0m[2m=[0m1[1m}[0m[2m:[0m [2mmoq_net::lite::publisher[0m[2m:[0m finished group [3msequence[0m[2m=[0m4
[2m2026-09-06T14:54:42.028184Z[0m [34mDEBUG[0m [1mconn[0m[1m{[0m[3mid[0m[2m=[0m1[1m}[0m[2m:[0m [2mmoq_net::lite::publisher[0m[2m:[0m serving group [3msubscribe[0m[2m=[0m1 [3mtrack[0m[2m=[0maudio [3msequence[0m[2m=[0m368
[2m2026-09-06T14:54:42.029949Z[0m [34mDEBUG[0m [1mconn[0m[1m{[0m[3mid[0m[2m=[0m1[1m}[0m[2m:[0m [2mmoq_net::lite::publisher[0m[2m:[0m finished group [3msequence[0m[2m=[0m368
[2m2026-09-06T14:54:42.047641Z[0m [34mDEBUG[0m [1mconn[0m[1m{[0m[3mid[0m[2m=[0m1[1m}[0m[2m:[0m [2mmoq_net::lite::publisher[0m[2m:[0m serving group [3msubscribe[0m[2m=[0m1 [3mtrack[0m[2m=[0maudio [3msequence[0m[2m=[0m369
[2m2026-09-06T14:54:42.049300Z[0m [34mDEBUG[0m [1mconn[0m[1m{[0m[3mid[0m[2m=[0m1[1m}[0m[2m:[0m [2mmoq_net::lite::publisher[0m[2m:[0m finished group [3msequence[0m[2m=[0m369
[2m2026-09-06T14:54:42.068057Z[0m [34mDEBUG[0m [1mconn[0m[1m{[0m[3mid[0m[2m=[0m1[1m}[0m[2m:[0m [2mmoq_net::lite::publisher[0m[2m:[0m serving group [3msubscribe[0m[2m=[0m1 [3mtrack[0m[2m=[0maudio [3msequence[0m[2m=[0m370
[2m2026-09-06T14:54:42.069819Z[0m [34mDEBUG[0m [1mconn[0m[1m{[0m[3mid[0m[2m=[0m1[1m}[0m[2m:[0m [2mmoq_net::lite::publisher[0m[2m:[0m finished group [3msequence[0m[2m=[0m370
[2m2026-09-06T14:54:42.087933Z[0m [34mDEBUG[0m [1mconn[0m[1m{[0m[3mid[0m[2m=[0m1[1m}[0m[2m:[0m [2mmoq_net::lite::publisher[0m[2m:[0m serving group [3msubscribe[0m[2m=[0m1 [3mtrack[0m[2m=[0maudio [3msequence[0m[2m=[0m371
[2m2026-09-06T14:54:42.089636Z[0m [34mDEBUG[0m [1mconn[0m[1m{[0m[3mid[0m[2m=[0m1[1m}[0m[2m:[0m [2mmoq_net::lite::publisher[0m[2m:[0m finished group [3msequence[0m[2m=[0m371
[2m2026-09-06T14:54:42.107546Z[0m [34mDEBUG[0m [1mconn[0m[1m{[0m[3mid[0m[2m=[0m1[1m}[0m[2m:[0m [2mmoq_net::lite::publisher[0m[2m:[0m serving group [3msubscribe[0m[2m=[0m1 [3mtrack[0m[2m=[0maudio [3msequence[0m[2m=[0m372
[2m2026-09-06T14:54:42.109129Z[0m [34mDEBUG[0m [1mconn[0m[1m{[0m[3mid[0m[2m=[0m1[1m}[0m[2m:[0m [2mmoq_net::lite::publisher[0m[2m:[0m finished group [3msequence[0m[2m=[0m372
[2m2026-09-06T14:54:42.127494Z[0m [34mDEBUG[0m [1mconn[0m[1m{[0m[3mid[0m[2m=[0m1[1m}[0m[2m:[0m [2mmoq_net::lite::publisher[0m[2m:[0m serving group [3msubscribe[0m[2m=[0m1 [3mtrack[0m[2m=[0maudio [3msequence[0m[2m=[0m373
[2m2026-09-06T14:54:42.128986Z[0m [34mDEBUG[0m [1mconn[0m[1m{[0m[3mid[0m[2m=[0m1[1m}[0m[2m:[0m [2mmoq_net::lite::publisher[0m[2m:[0m finished group [3msequence[0m[2m=[0m373
[2m2026-09-06T14:54:42.148534Z[0m [34mDEBUG[0m [1mconn[0m[1m{[0m[3mid[0m[2m=[0m1[1m}[0m[2m:[0m [2mmoq_net::lite::publisher[0m[2m:[0m serving group [3msubscribe[0m[2m=[0m1 [3mtrack[0m[2m=[0maudio [3msequence[0m[2m=[0m374
[2m2026-09-06T14:54:42.150168Z[0m [34mDEBUG[0m [1mconn[0m[1m{[0m[3mid[0m[2m=[0m1[1m}[0m[2m:[0m [2mmoq_net::lite::publisher[0m[2m:[0m finished group [3msequence[0m[2m=[0m374
[2m2026-09-06T14:54:42.168722Z[0m [34mDEBUG[0m [1mconn[0m[1m{[0m[3mid[0m[2m=[0m1[1m}[0m[2m:[0m [2mmoq_net::lite::publisher[0m[2m:[0m serving group [3msubscribe[0m[2m=[0m1 [3mtrack[0m[2m=[0maudio [3msequence[0m[2m=[0m375
[2m2026-09-06T14:54:42.170370Z[0m [34mDEBUG[0m [1mconn[0m[1m{[0m[3mid[0m[2m=[0m1[1m}[0m[2m:[0m [2mmoq_net::lite::publisher[0m[2m:[0m finished group [3msequence[0m[2m=[0m375
[2m2026-09-06T14:54:42.189409Z[0m [34mDEBUG[0m [1mconn[0m[1m{[0m[3mid[0m[2m=[0m1[1m}[0m[2m:[0m [2mmoq_net::lite::publisher[0m[2m:[0m serving group [3msubscribe[0m[2m=[0m1 [3mtrack[0m[2m=[0maudio [3msequence[0m[2m=[0m376
[2m2026-09-06T14:54:42.191191Z[0m [34mDEBUG[0m [1mconn[0m[1m{[0m[3mid[0m[2m=[0m1[1m}[0m[2m:[0m [2mmoq_net::lite::publisher[0m[2m:[0m finished group [3msequence[0m[2m=[0m376
[2m2026-09-06T14:54:42.207806Z[0m [34mDEBUG[0m [1mconn[0m[1m{[0m[3mid[0m[2m=[0m1[1m}[0m[2m:[0m [2mmoq_net::lite::publisher[0m[2m:[0m serving group [3msubscribe[0m[2m=[0m1 [3mtrack[0m[2m=[0maudio [3msequence[0m[2m=[0m377
[2m2026-09-06T14:54:42.209487Z[0m [34mDEBUG[0m [1mconn[0m[1m{[0m[3mid[0m[2m=[0m1[1m}[0m[2m:[0m [2mmoq_net::lite::publisher[0m[2m:[0m finished group [3msequence[0m[2m=[0m377
[2m2026-09-06T14:54:42.228044Z[0m [34mDEBUG[0m [1mconn[0m[1m{[0m[3mid[0m[2m=[0m1[1m}[0m[2m:[0m [2mmoq_net::lite::publisher[0m[2m:[0m serving group [3msubscribe[0m[2m=[0m1 [3mtrack[0m[2m=[0maudio [3msequence[0m[2m=[0m378
[2m2026-09-06T14:54:42.229851Z[0m [34mDEBUG[0m [1mconn[0m[1m{[0m[3mid[0m[2m=[0m1[1m}[0m[2m:[0m [2mmoq_net::lite::publisher[0m[2m:[0m finished group [3msequence[0m[2m=[0m378
[2m2026-09-06T14:54:42.248644Z[0m [34mDEBUG[0m [1mconn[0m[1m{[0m[3mid[0m[2m=[0m1[1m}[0m[2m:[0m [2mmoq_net::lite::publisher[0m[2m:[0m serving group [3msubscribe[0m[2m=[0m1 [3mtrack[0m[2m=[0maudio [3msequence[0m[2m=[0m379
[2m2026-09-06T14:54:42.250352Z[0m [34mDEBUG[0m [1mconn[0m[1m{[0m[3mid[0m[2m=[0m1[1m}[0m[2m:[0m [2mmoq_net::lite::publisher[0m[2m:[0m finished group [3msequence[0m[2m=[0m379
[2m2026-09-06T14:54:42.267487Z[0m [34mDEBUG[0m [1mconn[0m[1m{[0m[3mid[0m[2m=[0m1[1m}[0m[2m:[0m [2mmoq_net::lite::publisher[0m[2m:[0m serving group [3msubscribe[0m[2m=[0m1 [3mtrack[0m[2m=[0maudio [3msequence[0m[2m=[0m380
[2m2026-09-06T14:54:42.268801Z[0m [34mDEBUG[0m [1mconn[0m[1m{[0m[3mid[0m[2m=[0m1[1m}[0m[2m:[0m [2mmoq_net::lite::publisher[0m[2m:[0m finished group [3msequence[0m[2m=[0m380
[2m2026-09-06T14:54:42.371550Z[0m [34mDEBUG[0m [1mws[0m[1m{[0m[3mid[0m[2m=[0m0[1m}[0m[2m:[0m [2mmoq_net::lite::publisher[0m[2m:[0m serving group [3msubscribe[0m[2m=[0m2 [3mtrack[0m[2m=[0mpublisher.json [3msequence[0m[2m=[0m12
[2m2026-09-06T14:54:42.371741Z[0m [34mDEBUG[0m [1mws[0m[1m{[0m[3mid[0m[2m=[0m0[1m}[0m[2m:[0m [2mmoq_net::lite::publisher[0m[2m:[0m serving group [3msubscribe[0m[2m=[0m1 [3mtrack[0m[2m=[0msubscriber.json [3msequence[0m[2m=[0m12
[2m2026-09-06T14:54:42.527459Z[0m [34mDEBUG[0m [1mconn[0m[1m{[0m[3mid[0m[2m=[0m1[1m}[0m[2m:[0m [2mmoq_net::lite::publisher[0m[2m:[0m serving group [3msubscribe[0m[2m=[0m1 [3mtrack[0m[2m=[0maudio [3msequence[0m[2m=[0m381
[2m2026-09-06T14:54:42.529018Z[0m [34mDEBUG[0m [1mconn[0m[1m{[0m[3mid[0m[2m=[0m1[1m}[0m[2m:[0m [2mmoq_net::lite::publisher[0m[2m:[0m finished group [3msequence[0m[2m=[0m381
[2m2026-09-06T14:54:42.548014Z[0m [34mDEBUG[0m [1mconn[0m[1m{[0m[3mid[0m[2m=[0m1[1m}[0m[2m:[0m [2mmoq_net::lite::publisher[0m[2m:[0m serving group [3msubscribe[0m[2m=[0m1 [3mtrack[0m[2m=[0maudio [3msequence[0m[2m=[0m382
[2m2026-09-06T14:54:42.549660Z[0m [34mDEBUG[0m [1mconn[0m[1m{[0m[3mid[0m[2m=[0m1[1m}[0m[2m:[0m [2mmoq_net::lite::publisher[0m[2m:[0m finished group [3msequence[0m[2m=[0m382
[2m2026-09-06T14:54:42.567520Z[0m [34mDEBUG[0m [1mconn[0m[1m{[0m[3mid[0m[2m=[0m1[1m}[0m[2m:[0m [2mmoq_net::lite::publisher[0m[2m:[0m serving group [3msubscribe[0m[2m=[0m1 [3mtrack[0m[2m=[0maudio [3msequence[0m[2m=[0m383
[2m2026-09-06T14:54:42.569159Z[0m [34mDEBUG[0m [1mconn[0m[1m{[0m[3mid[0m[2m=[0m1[1m}[0m[2m:[0m [2mmoq_net::lite::publisher[0m[2m:[0m finished group [3msequence[0m[2m=[0m383
[2m2026-09-06T14:54:42.587655Z[0m [34mDEBUG[0m [1mconn[0m[1m{[0m[3mid[0m[2m=[0m1[1m}[0m[2m:[0m [2mmoq_net::lite::publisher[0m[2m:[0m serving group [3msubscribe[0m[2m=[0m1 [3mtrack[0m[2m=[0maudio [3msequence[0m[2m=[0m384
[2m2026-09-06T14:54:42.589564Z[0m [34mDEBUG[0m [1mconn[0m[1m{[0m[3mid[0m[2m=[0m1[1m}[0m[2m:[0m [2mmoq_net::lite::publisher[0m[2m:[0m finished group [3msequence[0m[2m=[0m384
[2m2026-09-06T14:54:42.607373Z[0m [34mDEBUG[0m [1mconn[0m[1m{[0m[3mid[0m[2m=[0m1[1m}[0m[2m:[0m [2mmoq_net::lite::publisher[0m[2m:[0m serving group [3msubscribe[0m[2m=[0m1 [3mtrack[0m[2m=[0maudio [3msequence[0m[2m=[0m385
[2m2026-09-06T14:54:42.608790Z[0m [34mDEBUG[0m [1mconn[0m[1m{[0m[3mid[0m[2m=[0m1[1m}[0m[2m:[0m [2mmoq_net::lite::publisher[0m[2m:[0m finished group [3msequence[0m[2m=[0m385
[2m2026-09-06T14:54:42.627519Z[0m [34mDEBUG[0m [1mconn[0m[1m{[0m[3mid[0m[2m=[0m1[1m}[0m[2m:[0m [2mmoq_net::lite::publisher[0m[2m:[0m serving group [3msubscribe[0m[2m=[0m1 [3mtrack[0m[2m=[0maudio [3msequence[0m[2m=[0m386
[2m2026-09-06T14:54:42.628914Z[0m [34mDEBUG[0m [1mconn[0m[1m{[0m[3mid[0m[2m=[0m1[1m}[0m[2m:[0m [2mmoq_net::lite::publisher[0m[2m:[0m finished group [3msequence[0m[2m=[0m386
[2m2026-09-06T14:54:42.647950Z[0m [34mDEBUG[0m [1mconn[0m[1m{[0m[3mid[0m[2m=[0m1[1m}[0m[2m:[0m [2mmoq_net::lite::publisher[0m[2m:[0m serving group [3msubscribe[0m[2m=[0m1 [3mtrack[0m[2m=[0maudio [3msequence[0m[2m=[0m387
[2m2026-09-06T14:54:42.649533Z[0m [34mDEBUG[0m [1mconn[0m[1m{[0m[3mid[0m[2m=[0m1[1m}[0m[2m:[0m [2mmoq_net::lite::publisher[0m[2m:[0m finished group [3msequence[0m[2m=[0m387
[2m2026-09-06T14:54:42.667614Z[0m [34mDEBUG[0m [1mconn[0m[1m{[0m[3mid[0m[2m=[0m1[1m}[0m[2m:[0m [2mmoq_net::lite::publisher[0m[2m:[0m serving group [3msubscribe[0m[2m=[0m1 [3mtrack[0m[2m=[0maudio [3msequence[0m[2m=[0m388
[2m2026-09-06T14:54:42.669249Z[0m [34mDEBUG[0m [1mconn[0m[1m{[0m[3mid[0m[2m=[0m1[1m}[0m[2m:[0m [2mmoq_net::lite::publisher[0m[2m:[0m finished group [3msequence[0m[2m=[0m388
[2m2026-09-06T14:54:42.688160Z[0m [34mDEBUG[0m [1mconn[0m[1m{[0m[3mid[0m[2m=[0m1[1m}[0m[2m:[0m [2mmoq_net::lite::publisher[0m[2m:[0m serving group [3msubscribe[0m[2m=[0m1 [3mtrack[0m[2m=[0maudio [3msequence[0m[2m=[0m389
[2m2026-09-06T14:54:42.689771Z[0m [34mDEBUG[0m [1mconn[0m[1m{[0m[3mid[0m[2m=[0m1[1m}[0m[2m:[0m [2mmoq_net::lite::publisher[0m[2m:[0m finished group [3msequence[0m[2m=[0m389
[2m2026-09-06T14:54:42.707952Z[0m [34mDEBUG[0m [1mconn[0m[1m{[0m[3mid[0m[2m=[0m1[1m}[0m[2m:[0m [2mmoq_net::lite::publisher[0m[2m:[0m serving group [3msubscribe[0m[2m=[0m1 [3mtrack[0m[2m=[0maudio [3msequence[0m[2m=[0m390
[2m2026-09-06T14:54:42.709512Z[0m [34mDEBUG[0m [1mconn[0m[1m{[0m[3mid[0m[2m=[0m1[1m}[0m[2m:[0m [2mmoq_net::lite::publisher[0m[2m:[0m finished group [3msequence[0m[2m=[0m390
[2m2026-09-06T14:54:42.727626Z[0m [34mDEBUG[0m [1mconn[0m[1m{[0m[3mid[0m[2m=[0m1[1m}[0m[2m:[0m [2mmoq_net::lite::publisher[0m[2m:[0m serving group [3msubscribe[0m[2m=[0m1 [3mtrack[0m[2m=[0maudio [3msequence[0m[2m=[0m391
[2m2026-09-06T14:54:42.727944Z[0m [34mDEBUG[0m [1mconn[0m[1m{[0m[3mid[0m[2m=[0m1[1m}[0m[2m:[0m [2mmoq_net::lite::publisher[0m[2m:[0m finished group [3msequence[0m[2m=[0m391
[2m2026-09-06T14:54:42.747692Z[0m [34mDEBUG[0m [1mconn[0m[1m{[0m[3mid[0m[2m=[0m1[1m}[0m[2m:[0m [2mmoq_net::lite::publisher[0m[2m:[0m serving group [3msubscribe[0m[2m=[0m1 [3mtrack[0m[2m=[0maudio [3msequence[0m[2m=[0m392
[2m2026-09-06T14:54:42.749275Z[0m [34mDEBUG[0m [1mconn[0m[1m{[0m[3mid[0m[2m=[0m1[1m}[0m[2m:[0m [2mmoq_net::lite::publisher[0m[2m:[0m finished group [3msequence[0m[2m=[0m392
[2m2026-09-06T14:54:42.767617Z[0m [34mDEBUG[0m [1mconn[0m[1m{[0m[3mid[0m[2m=[0m1[1m}[0m[2m:[0m [2mmoq_net::lite::publisher[0m[2m:[0m serving group [3msubscribe[0m[2m=[0m1 [3mtrack[0m[2m=[0maudio [3msequence[0m[2m=[0m393
[2m2026-09-06T14:54:42.769230Z[0m [34mDEBUG[0m [1mconn[0m[1m{[0m[3mid[0m[2m=[0m1[1m}[0m[2m:[0m [2mmoq_net::lite::publisher[0m[2m:[0m finished group [3msequence[0m[2m=[0m393
[2m2026-09-06T14:54:43.027826Z[0m [34mDEBUG[0m [1mconn[0m[1m{[0m[3mid[0m[2m=[0m1[1m}[0m[2m:[0m [2mmoq_net::lite::publisher[0m[2m:[0m serving group [3msubscribe[0m[2m=[0m1 [3mtrack[0m[2m=[0maudio [3msequence[0m[2m=[0m394
[2m2026-09-06T14:54:43.029432Z[0m [34mDEBUG[0m [1mconn[0m[1m{[0m[3mid[0m[2m=[0m1[1m}[0m[2m:[0m [2mmoq_net::lite::publisher[0m[2m:[0m finished group [3msequence[0m[2m=[0m394
[2m2026-09-06T14:54:43.047752Z[0m [34mDEBUG[0m [1mconn[0m[1m{[0m[3mid[0m[2m=[0m1[1m}[0m[2m:[0m [2mmoq_net::lite::publisher[0m[2m:[0m serving group [3msubscribe[0m[2m=[0m1 [3mtrack[0m[2m=[0maudio [3msequence[0m[2m=[0m395
[2m2026-09-06T14:54:43.049400Z[0m [34mDEBUG[0m [1mconn[0m[1m{[0m[3mid[0m[2m=[0m1[1m}[0m[2m:[0m [2mmoq_net::lite::publisher[0m[2m:[0m finished group [3msequence[0m[2m=[0m395
[2m2026-09-06T14:54:43.067566Z[0m [34mDEBUG[0m [1mconn[0m[1m{[0m[3mid[0m[2m=[0m1[1m}[0m[2m:[0m [2mmoq_net::lite::publisher[0m[2m:[0m serving group [3msubscribe[0m[2m=[0m1 [3mtrack[0m[2m=[0maudio [3msequence[0m[2m=[0m396
[2m2026-09-06T14:54:43.069150Z[0m [34mDEBUG[0m [1mconn[0m[1m{[0m[3mid[0m[2m=[0m1[1m}[0m[2m:[0m [2mmoq_net::lite::publisher[0m[2m:[0m finished group [3msequence[0m[2m=[0m396
[2m2026-09-06T14:54:43.088258Z[0m [34mDEBUG[0m [1mconn[0m[1m{[0m[3mid[0m[2m=[0m1[1m}[0m[2m:[0m [2mmoq_net::lite::publisher[0m[2m:[0m serving group [3msubscribe[0m[2m=[0m1 [3mtrack[0m[2m=[0maudio [3msequence[0m[2m=[0m397
[2m2026-09-06T14:54:43.090030Z[0m [34mDEBUG[0m [1mconn[0m[1m{[0m[3mid[0m[2m=[0m1[1m}[0m[2m:[0m [2mmoq_net::lite::publisher[0m[2m:[0m finished group [3msequence[0m[2m=[0m397
[2m2026-09-06T14:54:43.107933Z[0m [34mDEBUG[0m [1mconn[0m[1m{[0m[3mid[0m[2m=[0m1[1m}[0m[2m:[0m [2mmoq_net::lite::publisher[0m[2m:[0m serving group [3msubscribe[0m[2m=[0m1 [3mtrack[0m[2m=[0maudio [3msequence[0m[2m=[0m398
[2m2026-09-06T14:54:43.109683Z[0m [34mDEBUG[0m [1mconn[0m[1m{[0m[3mid[0m[2m=[0m1[1m}[0m[2m:[0m [2mmoq_net::lite::publisher[0m[2m:[0m finished group [3msequence[0m[2m=[0m398
[2m2026-09-06T14:54:43.127712Z[0m [34mDEBUG[0m [1mconn[0m[1m{[0m[3mid[0m[2m=[0m1[1m}[0m[2m:[0m [2mmoq_net::lite::publisher[0m[2m:[0m serving group [3msubscribe[0m[2m=[0m1 [3mtrack[0m[2m=[0maudio [3msequence[0m[2m=[0m399
[2m2026-09-06T14:54:43.129415Z[0m [34mDEBUG[0m [1mconn[0m[1m{[0m[3mid[0m[2m=[0m1[1m}[0m[2m:[0m [2mmoq_net::lite::publisher[0m[2m:[0m finished group [3msequence[0m[2m=[0m399
[2m2026-09-06T14:54:43.147574Z[0m [34mDEBUG[0m [1mconn[0m[1m{[0m[3mid[0m[2m=[0m1[1m}[0m[2m:[0m [2mmoq_net::lite::publisher[0m[2m:[0m serving group [3msubscribe[0m[2m=[0m1 [3mtrack[0m[2m=[0maudio [3msequence[0m[2m=[0m400
[2m2026-09-06T14:54:43.149201Z[0m [34mDEBUG[0m [1mconn[0m[1m{[0m[3mid[0m[2m=[0m1[1m}[0m[2m:[0m [2mmoq_net::lite::publisher[0m[2m:[0m finished group [3msequence[0m[2m=[0m400
[2m2026-09-06T14:54:43.167367Z[0m [34mDEBUG[0m [1mconn[0m[1m{[0m[3mid[0m[2m=[0m1[1m}[0m[2m:[0m [2mmoq_net::lite::publisher[0m[2m:[0m serving group [3msubscribe[0m[2m=[0m1 [3mtrack[0m[2m=[0maudio [3msequence[0m[2m=[0m401
[2m2026-09-06T14:54:43.168732Z[0m [34mDEBUG[0m [1mconn[0m[1m{[0m[3mid[0m[2m=[0m1[1m}[0m[2m:[0m [2mmoq_net::lite::publisher[0m[2m:[0m finished group [3msequence[0m[2m=[0m401
[2m2026-09-06T14:54:43.188226Z[0m [34mDEBUG[0m [1mconn[0m[1m{[0m[3mid[0m[2m=[0m1[1m}[0m[2m:[0m [2mmoq_net::lite::publisher[0m[2m:[0m serving group [3msubscribe[0m[2m=[0m1 [3mtrack[0m[2m=[0maudio [3msequence[0m[2m=[0m402
[2m2026-09-06T14:54:43.189936Z[0m [34mDEBUG[0m [1mconn[0m[1m{[0m[3mid[0m[2m=[0m1[1m}[0m[2m:[0m [2mmoq_net::lite::publisher[0m[2m:[0m finished group [3msequence[0m[2m=[0m402
[2m2026-09-06T14:54:43.208000Z[0m [34mDEBUG[0m [1mconn[0m[1m{[0m[3mid[0m[2m=[0m1[1m}[0m[2m:[0m [2mmoq_net::lite::publisher[0m[2m:[0m serving group [3msubscribe[0m[2m=[0m1 [3mtrack[0m[2m=[0maudio [3msequence[0m[2m=[0m403
[2m2026-09-06T14:54:43.209688Z[0m [34mDEBUG[0m [1mconn[0m[1m{[0m[3mid[0m[2m=[0m1[1m}[0m[2m:[0m [2mmoq_net::lite::publisher[0m[2m:[0m finished group [3msequence[0m[2m=[0m403
[2m2026-09-06T14:54:43.227503Z[0m [34mDEBUG[0m [1mconn[0m[1m{[0m[3mid[0m[2m=[0m1[1m}[0m[2m:[0m [2mmoq_net::lite::publisher[0m[2m:[0m serving group [3msubscribe[0m[2m=[0m1 [3mtrack[0m[2m=[0maudio [3msequence[0m[2m=[0m404
[2m2026-09-06T14:54:43.228968Z[0m [34mDEBUG[0m [1mconn[0m[1m{[0m[3mid[0m[2m=[0m1[1m}[0m[2m:[0m [2mmoq_net::lite::publisher[0m[2m:[0m finished group [3msequence[0m[2m=[0m404
[2m2026-09-06T14:54:43.247647Z[0m [34mDEBUG[0m [1mconn[0m[1m{[0m[3mid[0m[2m=[0m1[1m}[0m[2m:[0m [2mmoq_net::lite::publisher[0m[2m:[0m serving group [3msubscribe[0m[2m=[0m1 [3mtrack[0m[2m=[0maudio [3msequence[0m[2m=[0m405
[2m2026-09-06T14:54:43.249246Z[0m [34mDEBUG[0m [1mconn[0m[1m{[0m[3mid[0m[2m=[0m1[1m}[0m[2m:[0m [2mmoq_net::lite::publisher[0m[2m:[0m finished group [3msequence[0m[2m=[0m405
[2m2026-09-06T14:54:43.267917Z[0m [34mDEBUG[0m [1mconn[0m[1m{[0m[3mid[0m[2m=[0m1[1m}[0m[2m:[0m [2mmoq_net::lite::publisher[0m[2m:[0m serving group [3msubscribe[0m[2m=[0m1 [3mtrack[0m[2m=[0maudio [3msequence[0m[2m=[0m406
[2m2026-09-06T14:54:43.269568Z[0m [34mDEBUG[0m [1mconn[0m[1m{[0m[3mid[0m[2m=[0m1[1m}[0m[2m:[0m [2mmoq_net::lite::publisher[0m[2m:[0m finished group [3msequence[0m[2m=[0m406
[2m2026-09-06T14:54:43.372882Z[0m [34mDEBUG[0m [1mws[0m[1m{[0m[3mid[0m[2m=[0m0[1m}[0m[2m:[0m [2mmoq_net::lite::publisher[0m[2m:[0m serving group [3msubscribe[0m[2m=[0m2 [3mtrack[0m[2m=[0mpublisher.json [3msequence[0m[2m=[0m13
[2m2026-09-06T14:54:43.373135Z[0m [34mDEBUG[0m [1mws[0m[1m{[0m[3mid[0m[2m=[0m0[1m}[0m[2m:[0m [2mmoq_net::lite::publisher[0m[2m:[0m serving group [3msubscribe[0m[2m=[0m1 [3mtrack[0m[2m=[0msubscriber.json [3msequence[0m[2m=[0m13
[2m2026-09-06T14:54:43.528085Z[0m [34mDEBUG[0m [1mconn[0m[1m{[0m[3mid[0m[2m=[0m1[1m}[0m[2m:[0m [2mmoq_net::lite::publisher[0m[2m:[0m serving group [3msubscribe[0m[2m=[0m1 [3mtrack[0m[2m=[0maudio [3msequence[0m[2m=[0m407
[2m2026-09-06T14:54:43.529724Z[0m [34mDEBUG[0m [1mconn[0m[1m{[0m[3mid[0m[2m=[0m1[1m}[0m[2m:[0m [2mmoq_net::lite::publisher[0m[2m:[0m finished group [3msequence[0m[2m=[0m407
[2m2026-09-06T14:54:43.547696Z[0m [34mDEBUG[0m [1mconn[0m[1m{[0m[3mid[0m[2m=[0m1[1m}[0m[2m:[0m [2mmoq_net::lite::publisher[0m[2m:[0m serving group [3msubscribe[0m[2m=[0m1 [3mtrack[0m[2m=[0maudio [3msequence[0m[2m=[0m408
[2m2026-09-06T14:54:43.549265Z[0m [34mDEBUG[0m [1mconn[0m[1m{[0m[3mid[0m[2m=[0m1[1m}[0m[2m:[0m [2mmoq_net::lite::publisher[0m[2m:[0m finished group [3msequence[0m[2m=[0m408
[2m2026-09-06T14:54:43.567613Z[0m [34mDEBUG[0m [1mconn[0m[1m{[0m[3mid[0m[2m=[0m1[1m}[0m[2m:[0m [2mmoq_net::lite::publisher[0m[2m:[0m serving group [3msubscribe[0m[2m=[0m1 [3mtrack[0m[2m=[0maudio [3msequence[0m[2m=[0m409
[2m2026-09-06T14:54:43.569219Z[0m [34mDEBUG[0m [1mconn[0m[1m{[0m[3mid[0m[2m=[0m1[1m}[0m[2m:[0m [2mmoq_net::lite::publisher[0m[2m:[0m finished group [3msequence[0m[2m=[0m409
[2m2026-09-06T14:54:43.588893Z[0m [34mDEBUG[0m [1mconn[0m[1m{[0m[3mid[0m[2m=[0m1[1m}[0m[2m:[0m [2mmoq_net::lite::publisher[0m[2m:[0m serving group [3msubscribe[0m[2m=[0m1 [3mtrack[0m[2m=[0maudio [3msequence[0m[2m=[0m410
[2m2026-09-06T14:54:43.590661Z[0m [34mDEBUG[0m [1mconn[0m[1m{[0m[3mid[0m[2m=[0m1[1m}[0m[2m:[0m [2mmoq_net::lite::publisher[0m[2m:[0m finished group [3msequence[0m[2m=[0m410
[2m2026-09-06T14:54:43.607917Z[0m [34mDEBUG[0m [1mconn[0m[1m{[0m[3mid[0m[2m=[0m1[1m}[0m[2m:[0m [2mmoq_net::lite::publisher[0m[2m:[0m serving group [3msubscribe[0m[2m=[0m1 [3mtrack[0m[2m=[0maudio [3msequence[0m[2m=[0m411
[2m2026-09-06T14:54:43.609795Z[0m [34mDEBUG[0m [1mconn[0m[1m{[0m[3mid[0m[2m=[0m1[1m}[0m[2m:[0m [2mmoq_net::lite::publisher[0m[2m:[0m finished group [3msequence[0m[2m=[0m411
[2m2026-09-06T14:54:43.627490Z[0m [34mDEBUG[0m [1mconn[0m[1m{[0m[3mid[0m[2m=[0m1[1m}[0m[2m:[0m [2mmoq_net::lite::publisher[0m[2m:[0m serving group [3msubscribe[0m[2m=[0m1 [3mtrack[0m[2m=[0maudio [3msequence[0m[2m=[0m412
[2m2026-09-06T14:54:43.628914Z[0m [34mDEBUG[0m [1mconn[0m[1m{[0m[3mid[0m[2m=[0m1[1m}[0m[2m:[0m [2mmoq_net::lite::publisher[0m[2m:[0m finished group [3msequence[0m[2m=[0m412
[2m2026-09-06T14:54:43.647786Z[0m [34mDEBUG[0m [1mconn[0m[1m{[0m[3mid[0m[2m=[0m1[1m}[0m[2m:[0m [2mmoq_net::lite::publisher[0m[2m:[0m serving group [3msubscribe[0m[2m=[0m1 [3mtrack[0m[2m=[0maudio [3msequence[0m[2m=[0m413
[2m2026-09-06T14:54:43.649390Z[0m [34mDEBUG[0m [1mconn[0m[1m{[0m[3mid[0m[2m=[0m1[1m}[0m[2m:[0m [2mmoq_net::lite::publisher[0m[2m:[0m finished group [3msequence[0m[2m=[0m413
[2m2026-09-06T14:54:43.668087Z[0m [34mDEBUG[0m [1mconn[0m[1m{[0m[3mid[0m[2m=[0m1[1m}[0m[2m:[0m [2mmoq_net::lite::publisher[0m[2m:[0m serving group [3msubscribe[0m[2m=[0m1 [3mtrack[0m[2m=[0maudio [3msequence[0m[2m=[0m414
[2m2026-09-06T14:54:43.669621Z[0m [34mDEBUG[0m [1mconn[0m[1m{[0m[3mid[0m[2m=[0m1[1m}[0m[2m:[0m [2mmoq_net::lite::publisher[0m[2m:[0m finished group [3msequence[0m[2m=[0m414
[2m2026-09-06T14:54:43.687981Z[0m [34mDEBUG[0m [1mconn[0m[1m{[0m[3mid[0m[2m=[0m1[1m}[0m[2m:[0m [2mmoq_net::lite::publisher[0m[2m:[0m serving group [3msubscribe[0m[2m=[0m1 [3mtrack[0m[2m=[0maudio [3msequence[0m[2m=[0m415
[2m2026-09-06T14:54:43.689564Z[0m [34mDEBUG[0m [1mconn[0m[1m{[0m[3mid[0m[2m=[0m1[1m}[0m[2m:[0m [2mmoq_net::lite::publisher[0m[2m:[0m finished group [3msequence[0m[2m=[0m415
[2m2026-09-06T14:54:43.707733Z[0m [34mDEBUG[0m [1mconn[0m[1m{[0m[3mid[0m[2m=[0m1[1m}[0m[2m:[0m [2mmoq_net::lite::publisher[0m[2m:[0m serving group [3msubscribe[0m[2m=[0m1 [3mtrack[0m[2m=[0maudio [3msequence[0m[2m=[0m416
[2m2026-09-06T14:54:43.709471Z[0m [34mDEBUG[0m [1mconn[0m[1m{[0m[3mid[0m[2m=[0m1[1m}[0m[2m:[0m [2mmoq_net::lite::publisher[0m[2m:[0m finished group [3msequence[0m[2m=[0m416
[2m2026-09-06T14:54:43.727430Z[0m [34mDEBUG[0m [1mconn[0m[1m{[0m[3mid[0m[2m=[0m1[1m}[0m[2m:[0m [2mmoq_net::lite::publisher[0m[2m:[0m serving group [3msubscribe[0m[2m=[0m1 [3mtrack[0m[2m=[0maudio [3msequence[0m[2m=[0m417
[2m2026-09-06T14:54:43.728898Z[0m [34mDEBUG[0m [1mconn[0m[1m{[0m[3mid[0m[2m=[0m1[1m}[0m[2m:[0m [2mmoq_net::lite::publisher[0m[2m:[0m finished group [3msequence[0m[2m=[0m417
[2m2026-09-06T14:54:43.747475Z[0m [34mDEBUG[0m [1mconn[0m[1m{[0m[3mid[0m[2m=[0m1[1m}[0m[2m:[0m [2mmoq_net::lite::publisher[0m[2m:[0m serving group [3msubscribe[0m[2m=[0m1 [3mtrack[0m[2m=[0maudio [3msequence[0m[2m=[0m418
[2m2026-09-06T14:54:43.748971Z[0m [34mDEBUG[0m [1mconn[0m[1m{[0m[3mid[0m[2m=[0m1[1m}[0m[2m:[0m [2mmoq_net::lite::publisher[0m[2m:[0m finished group [3msequence[0m[2m=[0m418
[2m2026-09-06T14:54:43.767708Z[0m [34mDEBUG[0m [1mconn[0m[1m{[0m[3mid[0m[2m=[0m1[1m}[0m[2m:[0m [2mmoq_net::lite::publisher[0m[2m:[0m serving group [3msubscribe[0m[2m=[0m1 [3mtrack[0m[2m=[0maudio [3msequence[0m[2m=[0m419
[2m2026-09-06T14:54:43.769332Z[0m [34mDEBUG[0m [1mconn[0m[1m{[0m[3mid[0m[2m=[0m1[1m}[0m[2m:[0m [2mmoq_net::lite::publisher[0m[2m:[0m finished group [3msequence[0m[2m=[0m419
[2m2026-09-06T14:54:43.940852Z[0m [34mDEBUG[0m [1mconn[0m[1m{[0m[3mid[0m[2m=[0m1[1m}[0m[2m:[0m [2mmoq_net::lite::publisher[0m[2m:[0m serving group [3msubscribe[0m[2m=[0m2 [3mtrack[0m[2m=[0mvideo [3msequence[0m[2m=[0m6
[2m2026-09-06T14:54:43.942578Z[0m [34mDEBUG[0m [1mconn[0m[1m{[0m[3mid[0m[2m=[0m1[1m}[0m[2m:[0m [2mmoq_net::lite::publisher[0m[2m:[0m finished group [3msequence[0m[2m=[0m5
[2m2026-09-06T14:54:44.028172Z[0m [34mDEBUG[0m [1mconn[0m[1m{[0m[3mid[0m[2m=[0m1[1m}[0m[2m:[0m [2mmoq_net::lite::publisher[0m[2m:[0m serving group [3msubscribe[0m[2m=[0m1 [3mtrack[0m[2m=[0maudio [3msequence[0m[2m=[0m420
[2m2026-09-06T14:54:44.029798Z[0m [34mDEBUG[0m [1mconn[0m[1m{[0m[3mid[0m[2m=[0m1[1m}[0m[2m:[0m [2mmoq_net::lite::publisher[0m[2m:[0m finished group [3msequence[0m[2m=[0m420
[2m2026-09-06T14:54:44.048162Z[0m [34mDEBUG[0m [1mconn[0m[1m{[0m[3mid[0m[2m=[0m1[1m}[0m[2m:[0m [2mmoq_net::lite::publisher[0m[2m:[0m serving group [3msubscribe[0m[2m=[0m1 [3mtrack[0m[2m=[0maudio [3msequence[0m[2m=[0m421
[2m2026-09-06T14:54:44.049880Z[0m [34mDEBUG[0m [1mconn[0m[1m{[0m[3mid[0m[2m=[0m1[1m}[0m[2m:[0m [2mmoq_net::lite::publisher[0m[2m:[0m finished group [3msequence[0m[2m=[0m421
[2m2026-09-06T14:54:44.068136Z[0m [34mDEBUG[0m [1mconn[0m[1m{[0m[3mid[0m[2m=[0m1[1m}[0m[2m:[0m [2mmoq_net::lite::publisher[0m[2m:[0m serving group [3msubscribe[0m[2m=[0m1 [3mtrack[0m[2m=[0maudio [3msequence[0m[2m=[0m422
[2m2026-09-06T14:54:44.069733Z[0m [34mDEBUG[0m [1mconn[0m[1m{[0m[3mid[0m[2m=[0m1[1m}[0m[2m:[0m [2mmoq_net::lite::publisher[0m[2m:[0m finished group [3msequence[0m[2m=[0m422
[2m2026-09-06T14:54:44.087740Z[0m [34mDEBUG[0m [1mconn[0m[1m{[0m[3mid[0m[2m=[0m1[1m}[0m[2m:[0m [2mmoq_net::lite::publisher[0m[2m:[0m serving group [3msubscribe[0m[2m=[0m1 [3mtrack[0m[2m=[0maudio [3msequence[0m[2m=[0m423
[2m2026-09-06T14:54:44.089957Z[0m [34mDEBUG[0m [1mconn[0m[1m{[0m[3mid[0m[2m=[0m1[1m}[0m[2m:[0m [2mmoq_net::lite::publisher[0m[2m:[0m finished group [3msequence[0m[2m=[0m423
[2m2026-09-06T14:54:44.107905Z[0m [34mDEBUG[0m [1mconn[0m[1m{[0m[3mid[0m[2m=[0m1[1m}[0m[2m:[0m [2mmoq_net::lite::publisher[0m[2m:[0m serving group [3msubscribe[0m[2m=[0m1 [3mtrack[0m[2m=[0maudio [3msequence[0m[2m=[0m424
[2m2026-09-06T14:54:44.109669Z[0m [34mDEBUG[0m [1mconn[0m[1m{[0m[3mid[0m[2m=[0m1[1m}[0m[2m:[0m [2mmoq_net::lite::publisher[0m[2m:[0m finished group [3msequence[0m[2m=[0m424
[2m2026-09-06T14:54:44.127997Z[0m [34mDEBUG[0m [1mconn[0m[1m{[0m[3mid[0m[2m=[0m1[1m}[0m[2m:[0m [2mmoq_net::lite::publisher[0m[2m:[0m serving group [3msubscribe[0m[2m=[0m1 [3mtrack[0m[2m=[0maudio [3msequence[0m[2m=[0m425
[2m2026-09-06T14:54:44.129685Z[0m [34mDEBUG[0m [1mconn[0m[1m{[0m[3mid[0m[2m=[0m1[1m}[0m[2m:[0m [2mmoq_net::lite::publisher[0m[2m:[0m finished group [3msequence[0m[2m=[0m425
[2m2026-09-06T14:54:44.147786Z[0m [34mDEBUG[0m [1mconn[0m[1m{[0m[3mid[0m[2m=[0m1[1m}[0m[2m:[0m [2mmoq_net::lite::publisher[0m[2m:[0m serving group [3msubscribe[0m[2m=[0m1 [3mtrack[0m[2m=[0maudio [3msequence[0m[2m=[0m426
[2m2026-09-06T14:54:44.149497Z[0m [34mDEBUG[0m [1mconn[0m[1m{[0m[3mid[0m[2m=[0m1[1m}[0m[2m:[0m [2mmoq_net::lite::publisher[0m[2m:[0m finished group [3msequence[0m[2m=[0m426
[2m2026-09-06T14:54:44.167899Z[0m [34mDEBUG[0m [1mconn[0m[1m{[0m[3mid[0m[2m=[0m1[1m}[0m[2m:[0m [2mmoq_net::lite::publisher[0m[2m:[0m serving group [3msubscribe[0m[2m=[0m1 [3mtrack[0m[2m=[0maudio [3msequence[0m[2m=[0m427
[2m2026-09-06T14:54:44.169517Z[0m [34mDEBUG[0m [1mconn[0m[1m{[0m[3mid[0m[2m=[0m1[1m}[0m[2m:[0m [2mmoq_net::lite::publisher[0m[2m:[0m finished group [3msequence[0m[2m=[0m427
[2m2026-09-06T14:54:44.187768Z[0m [34mDEBUG[0m [1mconn[0m[1m{[0m[3mid[0m[2m=[0m1[1m}[0m[2m:[0m [2mmoq_net::lite::publisher[0m[2m:[0m serving group [3msubscribe[0m[2m=[0m1 [3mtrack[0m[2m=[0maudio [3msequence[0m[2m=[0m428
[2m2026-09-06T14:54:44.189642Z[0m [34mDEBUG[0m [1mconn[0m[1m{[0m[3mid[0m[2m=[0m1[1m}[0m[2m:[0m [2mmoq_net::lite::publisher[0m[2m:[0m finished group [3msequence[0m[2m=[0m428
[2m2026-09-06T14:54:44.207699Z[0m [34mDEBUG[0m [1mconn[0m[1m{[0m[3mid[0m[2m=[0m1[1m}[0m[2m:[0m [2mmoq_net::lite::publisher[0m[2m:[0m serving group [3msubscribe[0m[2m=[0m1 [3mtrack[0m[2m=[0maudio [3msequence[0m[2m=[0m429
[2m2026-09-06T14:54:44.209203Z[0m [34mDEBUG[0m [1mconn[0m[1m{[0m[3mid[0m[2m=[0m1[1m}[0m[2m:[0m [2mmoq_net::lite::publisher[0m[2m:[0m finished group [3msequence[0m[2m=[0m429
[2m2026-09-06T14:54:44.228002Z[0m [34mDEBUG[0m [1mconn[0m[1m{[0m[3mid[0m[2m=[0m1[1m}[0m[2m:[0m [2mmoq_net::lite::publisher[0m[2m:[0m serving group [3msubscribe[0m[2m=[0m1 [3mtrack[0m[2m=[0maudio [3msequence[0m[2m=[0m430
[2m2026-09-06T14:54:44.229602Z[0m [34mDEBUG[0m [1mconn[0m[1m{[0m[3mid[0m[2m=[0m1[1m}[0m[2m:[0m [2mmoq_net::lite::publisher[0m[2m:[0m finished group [3msequence[0m[2m=[0m430
[2m2026-09-06T14:54:44.247741Z[0m [34mDEBUG[0m [1mconn[0m[1m{[0m[3mid[0m[2m=[0m1[1m}[0m[2m:[0m [2mmoq_net::lite::publisher[0m[2m:[0m serving group [3msubscribe[0m[2m=[0m1 [3mtrack[0m[2m=[0maudio [3msequence[0m[2m=[0m431
[2m2026-09-06T14:54:44.249388Z[0m [34mDEBUG[0m [1mconn[0m[1m{[0m[3mid[0m[2m=[0m1[1m}[0m[2m:[0m [2mmoq_net::lite::publisher[0m[2m:[0m finished group [3msequence[0m[2m=[0m431
[2m2026-09-06T14:54:44.267594Z[0m [34mDEBUG[0m [1mconn[0m[1m{[0m[3mid[0m[2m=[0m1[1m}[0m[2m:[0m [2mmoq_net::lite::publisher[0m[2m:[0m serving group [3msubscribe[0m[2m=[0m1 [3mtrack[0m[2m=[0maudio [3msequence[0m[2m=[0m432
[2m2026-09-06T14:54:44.269158Z[0m [34mDEBUG[0m [1mconn[0m[1m{[0m[3mid[0m[2m=[0m1[1m}[0m[2m:[0m [2mmoq_net::lite::publisher[0m[2m:[0m finished group [3msequence[0m[2m=[0m432
[2m2026-09-06T14:54:44.371410Z[0m [34mDEBUG[0m [1mws[0m[1m{[0m[3mid[0m[2m=[0m0[1m}[0m[2m:[0m [2mmoq_net::lite::publisher[0m[2m:[0m serving group [3msubscribe[0m[2m=[0m2 [3mtrack[0m[2m=[0mpublisher.json [3msequence[0m[2m=[0m14
[2m2026-09-06T14:54:44.371742Z[0m [34mDEBUG[0m [1mws[0m[1m{[0m[3mid[0m[2m=[0m0[1m}[0m[2m:[0m [2mmoq_net::lite::publisher[0m[2m:[0m serving group [3msubscribe[0m[2m=[0m1 [3mtrack[0m[2m=[0msubscriber.json [3msequence[0m[2m=[0m14
[2m2026-09-06T14:54:44.527987Z[0m [34mDEBUG[0m [1mconn[0m[1m{[0m[3mid[0m[2m=[0m1[1m}[0m[2m:[0m [2mmoq_net::lite::publisher[0m[2m:[0m serving group [3msubscribe[0m[2m=[0m1 [3mtrack[0m[2m=[0maudio [3msequence[0m[2m=[0m433
[2m2026-09-06T14:54:44.529684Z[0m [34mDEBUG[0m [1mconn[0m[1m{[0m[3mid[0m[2m=[0m1[1m}[0m[2m:[0m [2mmoq_net::lite::publisher[0m[2m:[0m finished group [3msequence[0m[2m=[0m433
[2m2026-09-06T14:54:44.550128Z[0m [34mDEBUG[0m [1mconn[0m[1m{[0m[3mid[0m[2m=[0m1[1m}[0m[2m:[0m [2mmoq_net::lite::publisher[0m[2m:[0m serving group [3msubscribe[0m[2m=[0m1 [3mtrack[0m[2m=[0maudio [3msequence[0m[2m=[0m434
[2m2026-09-06T14:54:44.557435Z[0m [34mDEBUG[0m [1mconn[0m[1m{[0m[3mid[0m[2m=[0m1[1m}[0m[2m:[0m [2mmoq_net::lite::publisher[0m[2m:[0m finished group [3msequence[0m[2m=[0m434
[2m2026-09-06T14:54:44.567663Z[0m [34mDEBUG[0m [1mconn[0m[1m{[0m[3mid[0m[2m=[0m1[1m}[0m[2m:[0m [2mmoq_net::lite::publisher[0m[2m:[0m serving group [3msubscribe[0m[2m=[0m1 [3mtrack[0m[2m=[0maudio [3msequence[0m[2m=[0m435
[2m2026-09-06T14:54:44.569223Z[0m [34mDEBUG[0m [1mconn[0m[1m{[0m[3mid[0m[2m=[0m1[1m}[0m[2m:[0m [2mmoq_net::lite::publisher[0m[2m:[0m finished group [3msequence[0m[2m=[0m435
[2m2026-09-06T14:54:44.587956Z[0m [34mDEBUG[0m [1mconn[0m[1m{[0m[3mid[0m[2m=[0m1[1m}[0m[2m:[0m [2mmoq_net::lite::publisher[0m[2m:[0m serving group [3msubscribe[0m[2m=[0m1 [3mtrack[0m[2m=[0maudio [3msequence[0m[2m=[0m436
[2m2026-09-06T14:54:44.589474Z[0m [34mDEBUG[0m [1mconn[0m[1m{[0m[3mid[0m[2m=[0m1[1m}[0m[2m:[0m [2mmoq_net::lite::publisher[0m[2m:[0m finished group [3msequence[0m[2m=[0m436
[2m2026-09-06T14:54:44.607432Z[0m [34mDEBUG[0m [1mconn[0m[1m{[0m[3mid[0m[2m=[0m1[1m}[0m[2m:[0m [2mmoq_net::lite::publisher[0m[2m:[0m serving group [3msubscribe[0m[2m=[0m1 [3mtrack[0m[2m=[0maudio [3msequence[0m[2m=[0m437
[2m2026-09-06T14:54:44.609026Z[0m [34mDEBUG[0m [1mconn[0m[1m{[0m[3mid[0m[2m=[0m1[1m}[0m[2m:[0m [2mmoq_net::lite::publisher[0m[2m:[0m finished group [3msequence[0m[2m=[0m437
[2m2026-09-06T14:54:44.627676Z[0m [34mDEBUG[0m [1mconn[0m[1m{[0m[3mid[0m[2m=[0m1[1m}[0m[2m:[0m [2mmoq_net::lite::publisher[0m[2m:[0m serving group [3msubscribe[0m[2m=[0m1 [3mtrack[0m[2m=[0maudio [3msequence[0m[2m=[0m438
[2m2026-09-06T14:54:44.629290Z[0m [34mDEBUG[0m [1mconn[0m[1m{[0m[3mid[0m[2m=[0m1[1m}[0m[2m:[0m [2mmoq_net::lite::publisher[0m[2m:[0m finished group [3msequence[0m[2m=[0m438
[2m2026-09-06T14:54:44.647770Z[0m [34mDEBUG[0m [1mconn[0m[1m{[0m[3mid[0m[2m=[0m1[1m}[0m[2m:[0m [2mmoq_net::lite::publisher[0m[2m:[0m serving group [3msubscribe[0m[2m=[0m1 [3mtrack[0m[2m=[0maudio [3msequence[0m[2m=[0m439
[2m2026-09-06T14:54:44.649368Z[0m [34mDEBUG[0m [1mconn[0m[1m{[0m[3mid[0m[2m=[0m1[1m}[0m[2m:[0m [2mmoq_net::lite::publisher[0m[2m:[0m finished group [3msequence[0m[2m=[0m439
[2m2026-09-06T14:54:44.667627Z[0m [34mDEBUG[0m [1mconn[0m[1m{[0m[3mid[0m[2m=[0m1[1m}[0m[2m:[0m [2mmoq_net::lite::publisher[0m[2m:[0m serving group [3msubscribe[0m[2m=[0m1 [3mtrack[0m[2m=[0maudio [3msequence[0m[2m=[0m440
[2m2026-09-06T14:54:44.667930Z[0m [34mDEBUG[0m [1mconn[0m[1m{[0m[3mid[0m[2m=[0m1[1m}[0m[2m:[0m [2mmoq_net::lite::publisher[0m[2m:[0m finished group [3msequence[0m[2m=[0m440
[2m2026-09-06T14:54:44.687328Z[0m [34mDEBUG[0m [1mconn[0m[1m{[0m[3mid[0m[2m=[0m1[1m}[0m[2m:[0m [2mmoq_net::lite::publisher[0m[2m:[0m serving group [3msubscribe[0m[2m=[0m1 [3mtrack[0m[2m=[0maudio [3msequence[0m[2m=[0m441
[2m2026-09-06T14:54:44.689228Z[0m [34mDEBUG[0m [1mconn[0m[1m{[0m[3mid[0m[2m=[0m1[1m}[0m[2m:[0m [2mmoq_net::lite::publisher[0m[2m:[0m finished group [3msequence[0m[2m=[0m441
[2m2026-09-06T14:54:44.707725Z[0m [34mDEBUG[0m [1mconn[0m[1m{[0m[3mid[0m[2m=[0m1[1m}[0m[2m:[0m [2mmoq_net::lite::publisher[0m[2m:[0m serving group [3msubscribe[0m[2m=[0m1 [3mtrack[0m[2m=[0maudio [3msequence[0m[2m=[0m442
[2m2026-09-06T14:54:44.709256Z[0m [34mDEBUG[0m [1mconn[0m[1m{[0m[3mid[0m[2m=[0m1[1m}[0m[2m:[0m [2mmoq_net::lite::publisher[0m[2m:[0m finished group [3msequence[0m[2m=[0m442
[2m2026-09-06T14:54:44.727412Z[0m [34mDEBUG[0m [1mconn[0m[1m{[0m[3mid[0m[2m=[0m1[1m}[0m[2m:[0m [2mmoq_net::lite::publisher[0m[2m:[0m serving group [3msubscribe[0m[2m=[0m1 [3mtrack[0m[2m=[0maudio [3msequence[0m[2m=[0m443
[2m2026-09-06T14:54:44.728958Z[0m [34mDEBUG[0m [1mconn[0m[1m{[0m[3mid[0m[2m=[0m1[1m}[0m[2m:[0m [2mmoq_net::lite::publisher[0m[2m:[0m finished group [3msequence[0m[2m=[0m443
[2m2026-09-06T14:54:44.747409Z[0m [34mDEBUG[0m [1mconn[0m[1m{[0m[3mid[0m[2m=[0m1[1m}[0m[2m:[0m [2mmoq_net::lite::publisher[0m[2m:[0m serving group [3msubscribe[0m[2m=[0m1 [3mtrack[0m[2m=[0maudio [3msequence[0m[2m=[0m444
[2m2026-09-06T14:54:44.748953Z[0m [34mDEBUG[0m [1mconn[0m[1m{[0m[3mid[0m[2m=[0m1[1m}[0m[2m:[0m [2mmoq_net::lite::publisher[0m[2m:[0m finished group [3msequence[0m[2m=[0m444
[2m2026-09-06T14:54:44.767615Z[0m [34mDEBUG[0m [1mconn[0m[1m{[0m[3mid[0m[2m=[0m1[1m}[0m[2m:[0m [2mmoq_net::lite::publisher[0m[2m:[0m serving group [3msubscribe[0m[2m=[0m1 [3mtrack[0m[2m=[0maudio [3msequence[0m[2m=[0m445
[2m2026-09-06T14:54:44.769226Z[0m [34mDEBUG[0m [1mconn[0m[1m{[0m[3mid[0m[2m=[0m1[1m}[0m[2m:[0m [2mmoq_net::lite::publisher[0m[2m:[0m finished group [3msequence[0m[2m=[0m445
[2m2026-09-06T14:54:45.027609Z[0m [34mDEBUG[0m [1mconn[0m[1m{[0m[3mid[0m[2m=[0m1[1m}[0m[2m:[0m [2mmoq_net::lite::publisher[0m[2m:[0m serving group [3msubscribe[0m[2m=[0m1 [3mtrack[0m[2m=[0maudio [3msequence[0m[2m=[0m446
[2m2026-09-06T14:54:45.029202Z[0m [34mDEBUG[0m [1mconn[0m[1m{[0m[3mid[0m[2m=[0m1[1m}[0m[2m:[0m [2mmoq_net::lite::publisher[0m[2m:[0m finished group [3msequence[0m[2m=[0m446
[2m2026-09-06T14:54:45.048271Z[0m [34mDEBUG[0m [1mconn[0m[1m{[0m[3mid[0m[2m=[0m1[1m}[0m[2m:[0m [2mmoq_net::lite::publisher[0m[2m:[0m serving group [3msubscribe[0m[2m=[0m1 [3mtrack[0m[2m=[0maudio [3msequence[0m[2m=[0m447
[2m2026-09-06T14:54:45.049807Z[0m [34mDEBUG[0m [1mconn[0m[1m{[0m[3mid[0m[2m=[0m1[1m}[0m[2m:[0m [2mmoq_net::lite::publisher[0m[2m:[0m finished group [3msequence[0m[2m=[0m447
[2m2026-09-06T14:54:45.067900Z[0m [34mDEBUG[0m [1mconn[0m[1m{[0m[3mid[0m[2m=[0m1[1m}[0m[2m:[0m [2mmoq_net::lite::publisher[0m[2m:[0m serving group [3msubscribe[0m[2m=[0m1 [3mtrack[0m[2m=[0maudio [3msequence[0m[2m=[0m448
[2m2026-09-06T14:54:45.069497Z[0m [34mDEBUG[0m [1mconn[0m[1m{[0m[3mid[0m[2m=[0m1[1m}[0m[2m:[0m [2mmoq_net::lite::publisher[0m[2m:[0m finished group [3msequence[0m[2m=[0m448
[2m2026-09-06T14:54:45.088770Z[0m [34mDEBUG[0m [1mconn[0m[1m{[0m[3mid[0m[2m=[0m1[1m}[0m[2m:[0m [2mmoq_net::lite::publisher[0m[2m:[0m serving group [3msubscribe[0m[2m=[0m1 [3mtrack[0m[2m=[0maudio [3msequence[0m[2m=[0m449
[2m2026-09-06T14:54:45.090856Z[0m [34mDEBUG[0m [1mconn[0m[1m{[0m[3mid[0m[2m=[0m1[1m}[0m[2m:[0m [2mmoq_net::lite::publisher[0m[2m:[0m finished group [3msequence[0m[2m=[0m449
[2m2026-09-06T14:54:45.107721Z[0m [34mDEBUG[0m [1mconn[0m[1m{[0m[3mid[0m[2m=[0m1[1m}[0m[2m:[0m [2mmoq_net::lite::publisher[0m[2m:[0m serving group [3msubscribe[0m[2m=[0m1 [3mtrack[0m[2m=[0maudio [3msequence[0m[2m=[0m450
[2m2026-09-06T14:54:45.109425Z[0m [34mDEBUG[0m [1mconn[0m[1m{[0m[3mid[0m[2m=[0m1[1m}[0m[2m:[0m [2mmoq_net::lite::publisher[0m[2m:[0m finished group [3msequence[0m[2m=[0m450
[2m2026-09-06T14:54:45.127486Z[0m [34mDEBUG[0m [1mconn[0m[1m{[0m[3mid[0m[2m=[0m1[1m}[0m[2m:[0m [2mmoq_net::lite::publisher[0m[2m:[0m serving group [3msubscribe[0m[2m=[0m1 [3mtrack[0m[2m=[0maudio [3msequence[0m[2m=[0m451
[2m2026-09-06T14:54:45.129111Z[0m [34mDEBUG[0m [1mconn[0m[1m{[0m[3mid[0m[2m=[0m1[1m}[0m[2m:[0m [2mmoq_net::lite::publisher[0m[2m:[0m finished group [3msequence[0m[2m=[0m451
[2m2026-09-06T14:54:45.148039Z[0m [34mDEBUG[0m [1mconn[0m[1m{[0m[3mid[0m[2m=[0m1[1m}[0m[2m:[0m [2mmoq_net::lite::publisher[0m[2m:[0m serving group [3msubscribe[0m[2m=[0m1 [3mtrack[0m[2m=[0maudio [3msequence[0m[2m=[0m452
[2m2026-09-06T14:54:45.149625Z[0m [34mDEBUG[0m [1mconn[0m[1m{[0m[3mid[0m[2m=[0m1[1m}[0m[2m:[0m [2mmoq_net::lite::publisher[0m[2m:[0m finished group [3msequence[0m[2m=[0m452
[2m2026-09-06T14:54:45.167875Z[0m [34mDEBUG[0m [1mconn[0m[1m{[0m[3mid[0m[2m=[0m1[1m}[0m[2m:[0m [2mmoq_net::lite::publisher[0m[2m:[0m serving group [3msubscribe[0m[2m=[0m1 [3mtrack[0m[2m=[0maudio [3msequence[0m[2m=[0m453
[2m2026-09-06T14:54:45.169422Z[0m [34mDEBUG[0m [1mconn[0m[1m{[0m[3mid[0m[2m=[0m1[1m}[0m[2m:[0m [2mmoq_net::lite::publisher[0m[2m:[0m finished group [3msequence[0m[2m=[0m453
[2m2026-09-06T14:54:45.187488Z[0m [34mDEBUG[0m [1mconn[0m[1m{[0m[3mid[0m[2m=[0m1[1m}[0m[2m:[0m [2mmoq_net::lite::publisher[0m[2m:[0m serving group [3msubscribe[0m[2m=[0m1 [3mtrack[0m[2m=[0maudio [3msequence[0m[2m=[0m454
[2m2026-09-06T14:54:45.189216Z[0m [34mDEBUG[0m [1mconn[0m[1m{[0m[3mid[0m[2m=[0m1[1m}[0m[2m:[0m [2mmoq_net::lite::publisher[0m[2m:[0m finished group [3msequence[0m[2m=[0m454
[2m2026-09-06T14:54:45.207639Z[0m [34mDEBUG[0m [1mconn[0m[1m{[0m[3mid[0m[2m=[0m1[1m}[0m[2m:[0m [2mmoq_net::lite::publisher[0m[2m:[0m serving group [3msubscribe[0m[2m=[0m1 [3mtrack[0m[2m=[0maudio [3msequence[0m[2m=[0m455
[2m2026-09-06T14:54:45.209193Z[0m [34mDEBUG[0m [1mconn[0m[1m{[0m[3mid[0m[2m=[0m1[1m}[0m[2m:[0m [2mmoq_net::lite::publisher[0m[2m:[0m finished group [3msequence[0m[2m=[0m455
[2m2026-09-06T14:54:45.227610Z[0m [34mDEBUG[0m [1mconn[0m[1m{[0m[3mid[0m[2m=[0m1[1m}[0m[2m:[0m [2mmoq_net::lite::publisher[0m[2m:[0m serving group [3msubscribe[0m[2m=[0m1 [3mtrack[0m[2m=[0maudio [3msequence[0m[2m=[0m456
[2m2026-09-06T14:54:45.229174Z[0m [34mDEBUG[0m [1mconn[0m[1m{[0m[3mid[0m[2m=[0m1[1m}[0m[2m:[0m [2mmoq_net::lite::publisher[0m[2m:[0m finished group [3msequence[0m[2m=[0m456
[2m2026-09-06T14:54:45.247888Z[0m [34mDEBUG[0m [1mconn[0m[1m{[0m[3mid[0m[2m=[0m1[1m}[0m[2m:[0m [2mmoq_net::lite::publisher[0m[2m:[0m serving group [3msubscribe[0m[2m=[0m1 [3mtrack[0m[2m=[0maudio [3msequence[0m[2m=[0m457
[2m2026-09-06T14:54:45.249550Z[0m [34mDEBUG[0m [1mconn[0m[1m{[0m[3mid[0m[2m=[0m1[1m}[0m[2m:[0m [2mmoq_net::lite::publisher[0m[2m:[0m finished group [3msequence[0m[2m=[0m457
[2m2026-09-06T14:54:45.267807Z[0m [34mDEBUG[0m [1mconn[0m[1m{[0m[3mid[0m[2m=[0m1[1m}[0m[2m:[0m [2mmoq_net::lite::publisher[0m[2m:[0m serving group [3msubscribe[0m[2m=[0m1 [3mtrack[0m[2m=[0maudio [3msequence[0m[2m=[0m458
[2m2026-09-06T14:54:45.269446Z[0m [34mDEBUG[0m [1mconn[0m[1m{[0m[3mid[0m[2m=[0m1[1m}[0m[2m:[0m [2mmoq_net::lite::publisher[0m[2m:[0m finished group [3msequence[0m[2m=[0m458
[2m2026-09-06T14:54:45.372586Z[0m [34mDEBUG[0m [1mws[0m[1m{[0m[3mid[0m[2m=[0m0[1m}[0m[2m:[0m [2mmoq_net::lite::publisher[0m[2m:[0m serving group [3msubscribe[0m[2m=[0m2 [3mtrack[0m[2m=[0mpublisher.json [3msequence[0m[2m=[0m15
[2m2026-09-06T14:54:45.372782Z[0m [34mDEBUG[0m [1mws[0m[1m{[0m[3mid[0m[2m=[0m0[1m}[0m[2m:[0m [2mmoq_net::lite::publisher[0m[2m:[0m serving group [3msubscribe[0m[2m=[0m1 [3mtrack[0m[2m=[0msubscriber.json [3msequence[0m[2m=[0m15
[2m2026-09-06T14:54:45.688887Z[0m [34mDEBUG[0m [1mconn[0m[1m{[0m[3mid[0m[2m=[0m1[1m}[0m[2m:[0m [2mmoq_net::lite::publisher[0m[2m:[0m serving group [3msubscribe[0m[2m=[0m1 [3mtrack[0m[2m=[0maudio [3msequence[0m[2m=[0m459
[2m2026-09-06T14:54:45.690767Z[0m [34mDEBUG[0m [1mconn[0m[1m{[0m[3mid[0m[2m=[0m1[1m}[0m[2m:[0m [2mmoq_net::lite::publisher[0m[2m:[0m finished group [3msequence[0m[2m=[0m459
[2m2026-09-06T14:54:45.943498Z[0m [34mDEBUG[0m [1mconn[0m[1m{[0m[3mid[0m[2m=[0m1[1m}[0m[2m:[0m [2mmoq_net::lite::publisher[0m[2m:[0m serving group [3msubscribe[0m[2m=[0m2 [3mtrack[0m[2m=[0mvideo [3msequence[0m[2m=[0m7
[2m2026-09-06T14:54:45.944993Z[0m [34mDEBUG[0m [1mconn[0m[1m{[0m[3mid[0m[2m=[0m1[1m}[0m[2m:[0m [2mmoq_net::lite::publisher[0m[2m:[0m finished group [3msequence[0m[2m=[0m6
[2m2026-09-06T14:54:46.027599Z[0m [34mDEBUG[0m [1mconn[0m[1m{[0m[3mid[0m[2m=[0m1[1m}[0m[2m:[0m [2mmoq_net::lite::publisher[0m[2m:[0m serving group [3msubscribe[0m[2m=[0m1 [3mtrack[0m[2m=[0maudio [3msequence[0m[2m=[0m460
[2m2026-09-06T14:54:46.029268Z[0m [34mDEBUG[0m [1mconn[0m[1m{[0m[3mid[0m[2m=[0m1[1m}[0m[2m:[0m [2mmoq_net::lite::publisher[0m[2m:[0m finished group [3msequence[0m[2m=[0m460
[2m2026-09-06T14:54:46.047725Z[0m [34mDEBUG[0m [1mconn[0m[1m{[0m[3mid[0m[2m=[0m1[1m}[0m[2m:[0m [2mmoq_net::lite::publisher[0m[2m:[0m serving group [3msubscribe[0m[2m=[0m1 [3mtrack[0m[2m=[0maudio [3msequence[0m[2m=[0m461
[2m2026-09-06T14:54:46.049357Z[0m [34mDEBUG[0m [1mconn[0m[1m{[0m[3mid[0m[2m=[0m1[1m}[0m[2m:[0m [2mmoq_net::lite::publisher[0m[2m:[0m finished group [3msequence[0m[2m=[0m461
[2m2026-09-06T14:54:46.067823Z[0m [34mDEBUG[0m [1mconn[0m[1m{[0m[3mid[0m[2m=[0m1[1m}[0m[2m:[0m [2mmoq_net::lite::publisher[0m[2m:[0m serving group [3msubscribe[0m[2m=[0m1 [3mtrack[0m[2m=[0maudio [3msequence[0m[2m=[0m462
[2m2026-09-06T14:54:46.069445Z[0m [34mDEBUG[0m [1mconn[0m[1m{[0m[3mid[0m[2m=[0m1[1m}[0m[2m:[0m [2mmoq_net::lite::publisher[0m[2m:[0m finished group [3msequence[0m[2m=[0m462
[2m2026-09-06T14:54:46.087846Z[0m [34mDEBUG[0m [1mconn[0m[1m{[0m[3mid[0m[2m=[0m1[1m}[0m[2m:[0m [2mmoq_net::lite::publisher[0m[2m:[0m serving group [3msubscribe[0m[2m=[0m1 [3mtrack[0m[2m=[0maudio [3msequence[0m[2m=[0m463
[2m2026-09-06T14:54:46.089930Z[0m [34mDEBUG[0m [1mconn[0m[1m{[0m[3mid[0m[2m=[0m1[1m}[0m[2m:[0m [2mmoq_net::lite::publisher[0m[2m:[0m finished group [3msequence[0m[2m=[0m463
[2m2026-09-06T14:54:46.107768Z[0m [34mDEBUG[0m [1mconn[0m[1m{[0m[3mid[0m[2m=[0m1[1m}[0m[2m:[0m [2mmoq_net::lite::publisher[0m[2m:[0m serving group [3msubscribe[0m[2m=[0m1 [3mtrack[0m[2m=[0maudio [3msequence[0m[2m=[0m464
[2m2026-09-06T14:54:46.109494Z[0m [34mDEBUG[0m [1mconn[0m[1m{[0m[3mid[0m[2m=[0m1[1m}[0m[2m:[0m [2mmoq_net::lite::publisher[0m[2m:[0m finished group [3msequence[0m[2m=[0m464
[2m2026-09-06T14:54:46.127524Z[0m [34mDEBUG[0m [1mconn[0m[1m{[0m[3mid[0m[2m=[0m1[1m}[0m[2m:[0m [2mmoq_net::lite::publisher[0m[2m:[0m serving group [3msubscribe[0m[2m=[0m1 [3mtrack[0m[2m=[0maudio [3msequence[0m[2m=[0m465
[2m2026-09-06T14:54:46.128930Z[0m [34mDEBUG[0m [1mconn[0m[1m{[0m[3mid[0m[2m=[0m1[1m}[0m[2m:[0m [2mmoq_net::lite::publisher[0m[2m:[0m finished group [3msequence[0m[2m=[0m465
[2m2026-09-06T14:54:46.148108Z[0m [34mDEBUG[0m [1mconn[0m[1m{[0m[3mid[0m[2m=[0m1[1m}[0m[2m:[0m [2mmoq_net::lite::publisher[0m[2m:[0m serving group [3msubscribe[0m[2m=[0m1 [3mtrack[0m[2m=[0maudio [3msequence[0m[2m=[0m466
[2m2026-09-06T14:54:46.149811Z[0m [34mDEBUG[0m [1mconn[0m[1m{[0m[3mid[0m[2m=[0m1[1m}[0m[2m:[0m [2mmoq_net::lite::publisher[0m[2m:[0m finished group [3msequence[0m[2m=[0m466
[2m2026-09-06T14:54:46.167517Z[0m [34mDEBUG[0m [1mconn[0m[1m{[0m[3mid[0m[2m=[0m1[1m}[0m[2m:[0m [2mmoq_net::lite::publisher[0m[2m:[0m serving group [3msubscribe[0m[2m=[0m1 [3mtrack[0m[2m=[0maudio [3msequence[0m[2m=[0m467
[2m2026-09-06T14:54:46.169106Z[0m [34mDEBUG[0m [1mconn[0m[1m{[0m[3mid[0m[2m=[0m1[1m}[0m[2m:[0m [2mmoq_net::lite::publisher[0m[2m:[0m finished group [3msequence[0m[2m=[0m467
[2m2026-09-06T14:54:46.187813Z[0m [34mDEBUG[0m [1mconn[0m[1m{[0m[3mid[0m[2m=[0m1[1m}[0m[2m:[0m [2mmoq_net::lite::publisher[0m[2m:[0m serving group [3msubscribe[0m[2m=[0m1 [3mtrack[0m[2m=[0maudio [3msequence[0m[2m=[0m468
[2m2026-09-06T14:54:46.189548Z[0m [34mDEBUG[0m [1mconn[0m[1m{[0m[3mid[0m[2m=[0m1[1m}[0m[2m:[0m [2mmoq_net::lite::publisher[0m[2m:[0m finished group [3msequence[0m[2m=[0m468
[2m2026-09-06T14:54:46.207280Z[0m [34mDEBUG[0m [1mconn[0m[1m{[0m[3mid[0m[2m=[0m1[1m}[0m[2m:[0m [2mmoq_net::lite::publisher[0m[2m:[0m serving group [3msubscribe[0m[2m=[0m1 [3mtrack[0m[2m=[0maudio [3msequence[0m[2m=[0m469
[2m2026-09-06T14:54:46.208924Z[0m [34mDEBUG[0m [1mconn[0m[1m{[0m[3mid[0m[2m=[0m1[1m}[0m[2m:[0m [2mmoq_net::lite::publisher[0m[2m:[0m finished group [3msequence[0m[2m=[0m469
[2m2026-09-06T14:54:46.227725Z[0m [34mDEBUG[0m [1mconn[0m[1m{[0m[3mid[0m[2m=[0m1[1m}[0m[2m:[0m [2mmoq_net::lite::publisher[0m[2m:[0m serving group [3msubscribe[0m[2m=[0m1 [3mtrack[0m[2m=[0maudio [3msequence[0m[2m=[0m470
[2m2026-09-06T14:54:46.229357Z[0m [34mDEBUG[0m [1mconn[0m[1m{[0m[3mid[0m[2m=[0m1[1m}[0m[2m:[0m [2mmoq_net::lite::publisher[0m[2m:[0m finished group [3msequence[0m[2m=[0m470
[2m2026-09-06T14:54:46.248809Z[0m [34mDEBUG[0m [1mconn[0m[1m{[0m[3mid[0m[2m=[0m1[1m}[0m[2m:[0m [2mmoq_net::lite::publisher[0m[2m:[0m serving group [3msubscribe[0m[2m=[0m1 [3mtrack[0m[2m=[0maudio [3msequence[0m[2m=[0m471
[2m2026-09-06T14:54:46.250446Z[0m [34mDEBUG[0m [1mconn[0m[1m{[0m[3mid[0m[2m=[0m1[1m}[0m[2m:[0m [2mmoq_net::lite::publisher[0m[2m:[0m finished group [3msequence[0m[2m=[0m471
[2m2026-09-06T14:54:46.267699Z[0m [34mDEBUG[0m [1mconn[0m[1m{[0m[3mid[0m[2m=[0m1[1m}[0m[2m:[0m [2mmoq_net::lite::publisher[0m[2m:[0m serving group [3msubscribe[0m[2m=[0m1 [3mtrack[0m[2m=[0maudio [3msequence[0m[2m=[0m472
[2m2026-09-06T14:54:46.269295Z[0m [34mDEBUG[0m [1mconn[0m[1m{[0m[3mid[0m[2m=[0m1[1m}[0m[2m:[0m [2mmoq_net::lite::publisher[0m[2m:[0m finished group [3msequence[0m[2m=[0m472
[2m2026-09-06T14:54:46.287731Z[0m [34mDEBUG[0m [1mconn[0m[1m{[0m[3mid[0m[2m=[0m1[1m}[0m[2m:[0m [2mmoq_net::lite::publisher[0m[2m:[0m serving group [3msubscribe[0m[2m=[0m1 [3mtrack[0m[2m=[0maudio [3msequence[0m[2m=[0m473
[2m2026-09-06T14:54:46.289699Z[0m [34mDEBUG[0m [1mconn[0m[1m{[0m[3mid[0m[2m=[0m1[1m}[0m[2m:[0m [2mmoq_net::lite::publisher[0m[2m:[0m finished group [3msequence[0m[2m=[0m473
[2m2026-09-06T14:54:46.308242Z[0m [34mDEBUG[0m [1mconn[0m[1m{[0m[3mid[0m[2m=[0m1[1m}[0m[2m:[0m [2mmoq_net::lite::publisher[0m[2m:[0m serving group [3msubscribe[0m[2m=[0m1 [3mtrack[0m[2m=[0maudio [3msequence[0m[2m=[0m474
[2m2026-09-06T14:54:46.309832Z[0m [34mDEBUG[0m [1mconn[0m[1m{[0m[3mid[0m[2m=[0m1[1m}[0m[2m:[0m [2mmoq_net::lite::publisher[0m[2m:[0m finished group [3msequence[0m[2m=[0m474
[2m2026-09-06T14:54:46.327876Z[0m [34mDEBUG[0m [1mconn[0m[1m{[0m[3mid[0m[2m=[0m1[1m}[0m[2m:[0m [2mmoq_net::lite::publisher[0m[2m:[0m serving group [3msubscribe[0m[2m=[0m1 [3mtrack[0m[2m=[0maudio [3msequence[0m[2m=[0m475
[2m2026-09-06T14:54:46.329518Z[0m [34mDEBUG[0m [1mconn[0m[1m{[0m[3mid[0m[2m=[0m1[1m}[0m[2m:[0m [2mmoq_net::lite::publisher[0m[2m:[0m finished group [3msequence[0m[2m=[0m475
[2m2026-09-06T14:54:46.348187Z[0m [34mDEBUG[0m [1mconn[0m[1m{[0m[3mid[0m[2m=[0m1[1m}[0m[2m:[0m [2mmoq_net::lite::publisher[0m[2m:[0m serving group [3msubscribe[0m[2m=[0m1 [3mtrack[0m[2m=[0maudio [3msequence[0m[2m=[0m476
[2m2026-09-06T14:54:46.349872Z[0m [34mDEBUG[0m [1mconn[0m[1m{[0m[3mid[0m[2m=[0m1[1m}[0m[2m:[0m [2mmoq_net::lite::publisher[0m[2m:[0m finished group [3msequence[0m[2m=[0m476
[2m2026-09-06T14:54:46.368395Z[0m [34mDEBUG[0m [1mconn[0m[1m{[0m[3mid[0m[2m=[0m1[1m}[0m[2m:[0m [2mmoq_net::lite::publisher[0m[2m:[0m serving group [3msubscribe[0m[2m=[0m1 [3mtrack[0m[2m=[0maudio [3msequence[0m[2m=[0m477
[2m2026-09-06T14:54:46.369893Z[0m [34mDEBUG[0m [1mconn[0m[1m{[0m[3mid[0m[2m=[0m1[1m}[0m[2m:[0m [2mmoq_net::lite::publisher[0m[2m:[0m finished group [3msequence[0m[2m=[0m477
[2m2026-09-06T14:54:46.371560Z[0m [34mDEBUG[0m [1mws[0m[1m{[0m[3mid[0m[2m=[0m0[1m}[0m[2m:[0m [2mmoq_net::lite::publisher[0m[2m:[0m serving group [3msubscribe[0m[2m=[0m2 [3mtrack[0m[2m=[0mpublisher.json [3msequence[0m[2m=[0m16
[2m2026-09-06T14:54:46.371721Z[0m [34mDEBUG[0m [1mws[0m[1m{[0m[3mid[0m[2m=[0m0[1m}[0m[2m:[0m [2mmoq_net::lite::publisher[0m[2m:[0m serving group [3msubscribe[0m[2m=[0m1 [3mtrack[0m[2m=[0msubscriber.json [3msequence[0m[2m=[0m16
[2m2026-09-06T14:54:46.388637Z[0m [34mDEBUG[0m [1mconn[0m[1m{[0m[3mid[0m[2m=[0m1[1m}[0m[2m:[0m [2mmoq_net::lite::publisher[0m[2m:[0m serving group [3msubscribe[0m[2m=[0m1 [3mtrack[0m[2m=[0maudio [3msequence[0m[2m=[0m478
[2m2026-09-06T14:54:46.390824Z[0m [34mDEBUG[0m [1mconn[0m[1m{[0m[3mid[0m[2m=[0m1[1m}[0m[2m:[0m [2mmoq_net::lite::publisher[0m[2m:[0m finished group [3msequence[0m[2m=[0m478
[2m2026-09-06T14:54:46.408336Z[0m [34mDEBUG[0m [1mconn[0m[1m{[0m[3mid[0m[2m=[0m1[1m}[0m[2m:[0m [2mmoq_net::lite::publisher[0m[2m:[0m serving group [3msubscribe[0m[2m=[0m1 [3mtrack[0m[2m=[0maudio [3msequence[0m[2m=[0m479
[2m2026-09-06T14:54:46.410027Z[0m [34mDEBUG[0m [1mconn[0m[1m{[0m[3mid[0m[2m=[0m1[1m}[0m[2m:[0m [2mmoq_net::lite::publisher[0m[2m:[0m finished group [3msequence[0m[2m=[0m479
[2m2026-09-06T14:54:46.427647Z[0m [34mDEBUG[0m [1mconn[0m[1m{[0m[3mid[0m[2m=[0m1[1m}[0m[2m:[0m [2mmoq_net::lite::publisher[0m[2m:[0m serving group [3msubscribe[0m[2m=[0m1 [3mtrack[0m[2m=[0maudio [3msequence[0m[2m=[0m480
[2m2026-09-06T14:54:46.429215Z[0m [34mDEBUG[0m [1mconn[0m[1m{[0m[3mid[0m[2m=[0m1[1m}[0m[2m:[0m [2mmoq_net::lite::publisher[0m[2m:[0m finished group [3msequence[0m[2m=[0m480
[2m2026-09-06T14:54:46.447796Z[0m [34mDEBUG[0m [1mconn[0m[1m{[0m[3mid[0m[2m=[0m1[1m}[0m[2m:[0m [2mmoq_net::lite::publisher[0m[2m:[0m serving group [3msubscribe[0m[2m=[0m1 [3mtrack[0m[2m=[0maudio [3msequence[0m[2m=[0m481
[2m2026-09-06T14:54:46.449547Z[0m [34mDEBUG[0m [1mconn[0m[1m{[0m[3mid[0m[2m=[0m1[1m}[0m[2m:[0m [2mmoq_net::lite::publisher[0m[2m:[0m finished group [3msequence[0m[2m=[0m481
[2m2026-09-06T14:54:46.467683Z[0m [34mDEBUG[0m [1mconn[0m[1m{[0m[3mid[0m[2m=[0m1[1m}[0m[2m:[0m [2mmoq_net::lite::publisher[0m[2m:[0m serving group [3msubscribe[0m[2m=[0m1 [3mtrack[0m[2m=[0maudio [3msequence[0m[2m=[0m482
[2m2026-09-06T14:54:46.469275Z[0m [34mDEBUG[0m [1mconn[0m[1m{[0m[3mid[0m[2m=[0m1[1m}[0m[2m:[0m [2mmoq_net::lite::publisher[0m[2m:[0m finished group [3msequence[0m[2m=[0m482
[2m2026-09-06T14:54:46.888557Z[0m [34mDEBUG[0m [1mconn[0m[1m{[0m[3mid[0m[2m=[0m1[1m}[0m[2m:[0m [2mmoq_net::lite::publisher[0m[2m:[0m serving group [3msubscribe[0m[2m=[0m1 [3mtrack[0m[2m=[0maudio [3msequence[0m[2m=[0m483
[2m2026-09-06T14:54:46.890219Z[0m [34mDEBUG[0m [1mconn[0m[1m{[0m[3mid[0m[2m=[0m1[1m}[0m[2m:[0m [2mmoq_net::lite::publisher[0m[2m:[0m finished group [3msequence[0m[2m=[0m483
[2m2026-09-06T14:54:47.028375Z[0m [34mDEBUG[0m [1mconn[0m[1m{[0m[3mid[0m[2m=[0m1[1m}[0m[2m:[0m [2mmoq_net::lite::publisher[0m[2m:[0m serving group [3msubscribe[0m[2m=[0m1 [3mtrack[0m[2m=[0maudio [3msequence[0m[2m=[0m484
[2m2026-09-06T14:54:47.030088Z[0m [34mDEBUG[0m [1mconn[0m[1m{[0m[3mid[0m[2m=[0m1[1m}[0m[2m:[0m [2mmoq_net::lite::publisher[0m[2m:[0m finished group [3msequence[0m[2m=[0m484
[2m2026-09-06T14:54:47.048930Z[0m [34mDEBUG[0m [1mconn[0m[1m{[0m[3mid[0m[2m=[0m1[1m}[0m[2m:[0m [2mmoq_net::lite::publisher[0m[2m:[0m serving group [3msubscribe[0m[2m=[0m1 [3mtrack[0m[2m=[0maudio [3msequence[0m[2m=[0m485
[2m2026-09-06T14:54:47.050684Z[0m [34mDEBUG[0m [1mconn[0m[1m{[0m[3mid[0m[2m=[0m1[1m}[0m[2m:[0m [2mmoq_net::lite::publisher[0m[2m:[0m finished group [3msequence[0m[2m=[0m485
[2m2026-09-06T14:54:47.068155Z[0m [34mDEBUG[0m [1mconn[0m[1m{[0m[3mid[0m[2m=[0m1[1m}[0m[2m:[0m [2mmoq_net::lite::publisher[0m[2m:[0m serving group [3msubscribe[0m[2m=[0m1 [3mtrack[0m[2m=[0maudio [3msequence[0m[2m=[0m486
[2m2026-09-06T14:54:47.069796Z[0m [34mDEBUG[0m [1mconn[0m[1m{[0m[3mid[0m[2m=[0m1[1m}[0m[2m:[0m [2mmoq_net::lite::publisher[0m[2m:[0m finished group [3msequence[0m[2m=[0m486
[2m2026-09-06T14:54:47.088712Z[0m [34mDEBUG[0m [1mconn[0m[1m{[0m[3mid[0m[2m=[0m1[1m}[0m[2m:[0m [2mmoq_net::lite::publisher[0m[2m:[0m serving group [3msubscribe[0m[2m=[0m1 [3mtrack[0m[2m=[0maudio [3msequence[0m[2m=[0m487
[2m2026-09-06T14:54:47.090548Z[0m [34mDEBUG[0m [1mconn[0m[1m{[0m[3mid[0m[2m=[0m1[1m}[0m[2m:[0m [2mmoq_net::lite::publisher[0m[2m:[0m finished group [3msequence[0m[2m=[0m487
[2m2026-09-06T14:54:47.108557Z[0m [34mDEBUG[0m [1mconn[0m[1m{[0m[3mid[0m[2m=[0m1[1m}[0m[2m:[0m [2mmoq_net::lite::publisher[0m[2m:[0m serving group [3msubscribe[0m[2m=[0m1 [3mtrack[0m[2m=[0maudio [3msequence[0m[2m=[0m488
[2m2026-09-06T14:54:47.110469Z[0m [34mDEBUG[0m [1mconn[0m[1m{[0m[3mid[0m[2m=[0m1[1m}[0m[2m:[0m [2mmoq_net::lite::publisher[0m[2m:[0m finished group [3msequence[0m[2m=[0m488
[2m2026-09-06T14:54:47.127946Z[0m [34mDEBUG[0m [1mconn[0m[1m{[0m[3mid[0m[2m=[0m1[1m}[0m[2m:[0m [2mmoq_net::lite::publisher[0m[2m:[0m serving group [3msubscribe[0m[2m=[0m1 [3mtrack[0m[2m=[0maudio [3msequence[0m[2m=[0m489
[2m2026-09-06T14:54:47.128514Z[0m [34mDEBUG[0m [1mconn[0m[1m{[0m[3mid[0m[2m=[0m1[1m}[0m[2m:[0m [2mmoq_net::lite::publisher[0m[2m:[0m finished group [3msequence[0m[2m=[0m489
[2m2026-09-06T14:54:47.148155Z[0m [34mDEBUG[0m [1mconn[0m[1m{[0m[3mid[0m[2m=[0m1[1m}[0m[2m:[0m [2mmoq_net::lite::publisher[0m[2m:[0m serving group [3msubscribe[0m[2m=[0m1 [3mtrack[0m[2m=[0maudio [3msequence[0m[2m=[0m490
[2m2026-09-06T14:54:47.149852Z[0m [34mDEBUG[0m [1mconn[0m[1m{[0m[3mid[0m[2m=[0m1[1m}[0m[2m:[0m [2mmoq_net::lite::publisher[0m[2m:[0m finished group [3msequence[0m[2m=[0m490
[2m2026-09-06T14:54:47.167535Z[0m [34mDEBUG[0m [1mconn[0m[1m{[0m[3mid[0m[2m=[0m1[1m}[0m[2m:[0m [2mmoq_net::lite::publisher[0m[2m:[0m serving group [3msubscribe[0m[2m=[0m1 [3mtrack[0m[2m=[0maudio [3msequence[0m[2m=[0m491
[2m2026-09-06T14:54:47.169090Z[0m [34mDEBUG[0m [1mconn[0m[1m{[0m[3mid[0m[2m=[0m1[1m}[0m[2m:[0m [2mmoq_net::lite::publisher[0m[2m:[0m finished group [3msequence[0m[2m=[0m491
[2m2026-09-06T14:54:47.188598Z[0m [34mDEBUG[0m [1mconn[0m[1m{[0m[3mid[0m[2m=[0m1[1m}[0m[2m:[0m [2mmoq_net::lite::publisher[0m[2m:[0m serving group [3msubscribe[0m[2m=[0m1 [3mtrack[0m[2m=[0maudio [3msequence[0m[2m=[0m492
[2m2026-09-06T14:54:47.190157Z[0m [34mDEBUG[0m [1mconn[0m[1m{[0m[3mid[0m[2m=[0m1[1m}[0m[2m:[0m [2mmoq_net::lite::publisher[0m[2m:[0m finished group [3msequence[0m[2m=[0m492
[2m2026-09-06T14:54:47.207892Z[0m [34mDEBUG[0m [1mconn[0m[1m{[0m[3mid[0m[2m=[0m1[1m}[0m[2m:[0m [2mmoq_net::lite::publisher[0m[2m:[0m serving group [3msubscribe[0m[2m=[0m1 [3mtrack[0m[2m=[0maudio [3msequence[0m[2m=[0m493
[2m2026-09-06T14:54:47.209614Z[0m [34mDEBUG[0m [1mconn[0m[1m{[0m[3mid[0m[2m=[0m1[1m}[0m[2m:[0m [2mmoq_net::lite::publisher[0m[2m:[0m finished group [3msequence[0m[2m=[0m493
[2m2026-09-06T14:54:47.227275Z[0m [34mDEBUG[0m [1mconn[0m[1m{[0m[3mid[0m[2m=[0m1[1m}[0m[2m:[0m [2mmoq_net::lite::publisher[0m[2m:[0m serving group [3msubscribe[0m[2m=[0m1 [3mtrack[0m[2m=[0maudio [3msequence[0m[2m=[0m494
[2m2026-09-06T14:54:47.228782Z[0m [34mDEBUG[0m [1mconn[0m[1m{[0m[3mid[0m[2m=[0m1[1m}[0m[2m:[0m [2mmoq_net::lite::publisher[0m[2m:[0m finished group [3msequence[0m[2m=[0m494
[2m2026-09-06T14:54:47.247810Z[0m [34mDEBUG[0m [1mconn[0m[1m{[0m[3mid[0m[2m=[0m1[1m}[0m[2m:[0m [2mmoq_net::lite::publisher[0m[2m:[0m serving group [3msubscribe[0m[2m=[0m1 [3mtrack[0m[2m=[0maudio [3msequence[0m[2m=[0m495
[2m2026-09-06T14:54:47.249475Z[0m [34mDEBUG[0m [1mconn[0m[1m{[0m[3mid[0m[2m=[0m1[1m}[0m[2m:[0m [2mmoq_net::lite::publisher[0m[2m:[0m finished group [3msequence[0m[2m=[0m495
[2m2026-09-06T14:54:47.267385Z[0m [34mDEBUG[0m [1mconn[0m[1m{[0m[3mid[0m[2m=[0m1[1m}[0m[2m:[0m [2mmoq_net::lite::publisher[0m[2m:[0m serving group [3msubscribe[0m[2m=[0m1 [3mtrack[0m[2m=[0maudio [3msequence[0m[2m=[0m496
[2m2026-09-06T14:54:47.268695Z[0m [34mDEBUG[0m [1mconn[0m[1m{[0m[3mid[0m[2m=[0m1[1m}[0m[2m:[0m [2mmoq_net::lite::publisher[0m[2m:[0m finished group [3msequence[0m[2m=[0m496
[2m2026-09-06T14:54:47.288205Z[0m [34mDEBUG[0m [1mconn[0m[1m{[0m[3mid[0m[2m=[0m1[1m}[0m[2m:[0m [2mmoq_net::lite::publisher[0m[2m:[0m serving group [3msubscribe[0m[2m=[0m1 [3mtrack[0m[2m=[0maudio [3msequence[0m[2m=[0m497
[2m2026-09-06T14:54:47.289771Z[0m [34mDEBUG[0m [1mconn[0m[1m{[0m[3mid[0m[2m=[0m1[1m}[0m[2m:[0m [2mmoq_net::lite::publisher[0m[2m:[0m finished group [3msequence[0m[2m=[0m497
[2m2026-09-06T14:54:47.308009Z[0m [34mDEBUG[0m [1mconn[0m[1m{[0m[3mid[0m[2m=[0m1[1m}[0m[2m:[0m [2mmoq_net::lite::publisher[0m[2m:[0m serving group [3msubscribe[0m[2m=[0m1 [3mtrack[0m[2m=[0maudio [3msequence[0m[2m=[0m498
[2m2026-09-06T14:54:47.309567Z[0m [34mDEBUG[0m [1mconn[0m[1m{[0m[3mid[0m[2m=[0m1[1m}[0m[2m:[0m [2mmoq_net::lite::publisher[0m[2m:[0m finished group [3msequence[0m[2m=[0m498
[2m2026-09-06T14:54:47.327397Z[0m [34mDEBUG[0m [1mconn[0m[1m{[0m[3mid[0m[2m=[0m1[1m}[0m[2m:[0m [2mmoq_net::lite::publisher[0m[2m:[0m serving group [3msubscribe[0m[2m=[0m1 [3mtrack[0m[2m=[0maudio [3msequence[0m[2m=[0m499
[2m2026-09-06T14:54:47.328906Z[0m [34mDEBUG[0m [1mconn[0m[1m{[0m[3mid[0m[2m=[0m1[1m}[0m[2m:[0m [2mmoq_net::lite::publisher[0m[2m:[0m finished group [3msequence[0m[2m=[0m499
[2m2026-09-06T14:54:47.348846Z[0m [34mDEBUG[0m [1mconn[0m[1m{[0m[3mid[0m[2m=[0m1[1m}[0m[2m:[0m [2mmoq_net::lite::publisher[0m[2m:[0m serving group [3msubscribe[0m[2m=[0m1 [3mtrack[0m[2m=[0maudio [3msequence[0m[2m=[0m500
[2m2026-09-06T14:54:47.350373Z[0m [34mDEBUG[0m [1mconn[0m[1m{[0m[3mid[0m[2m=[0m1[1m}[0m[2m:[0m [2mmoq_net::lite::publisher[0m[2m:[0m finished group [3msequence[0m[2m=[0m500
[2m2026-09-06T14:54:47.368028Z[0m [34mDEBUG[0m [1mconn[0m[1m{[0m[3mid[0m[2m=[0m1[1m}[0m[2m:[0m [2mmoq_net::lite::publisher[0m[2m:[0m serving group [3msubscribe[0m[2m=[0m1 [3mtrack[0m[2m=[0maudio [3msequence[0m[2m=[0m501
[2m2026-09-06T14:54:47.369641Z[0m [34mDEBUG[0m [1mconn[0m[1m{[0m[3mid[0m[2m=[0m1[1m}[0m[2m:[0m [2mmoq_net::lite::publisher[0m[2m:[0m finished group [3msequence[0m[2m=[0m501
[2m2026-09-06T14:54:47.372174Z[0m [34mDEBUG[0m [1mws[0m[1m{[0m[3mid[0m[2m=[0m0[1m}[0m[2m:[0m [2mmoq_net::lite::publisher[0m[2m:[0m serving group [3msubscribe[0m[2m=[0m2 [3mtrack[0m[2m=[0mpublisher.json [3msequence[0m[2m=[0m17
[2m2026-09-06T14:54:47.372268Z[0m [34mDEBUG[0m [1mws[0m[1m{[0m[3mid[0m[2m=[0m0[1m}[0m[2m:[0m [2mmoq_net::lite::publisher[0m[2m:[0m serving group [3msubscribe[0m[2m=[0m1 [3mtrack[0m[2m=[0msubscriber.json [3msequence[0m[2m=[0m17
[2m2026-09-06T14:54:47.389054Z[0m [34mDEBUG[0m [1mconn[0m[1m{[0m[3mid[0m[2m=[0m1[1m}[0m[2m:[0m [2mmoq_net::lite::publisher[0m[2m:[0m serving group [3msubscribe[0m[2m=[0m1 [3mtrack[0m[2m=[0maudio [3msequence[0m[2m=[0m502
[2m2026-09-06T14:54:47.390658Z[0m [34mDEBUG[0m [1mconn[0m[1m{[0m[3mid[0m[2m=[0m1[1m}[0m[2m:[0m [2mmoq_net::lite::publisher[0m[2m:[0m finished group [3msequence[0m[2m=[0m502
[2m2026-09-06T14:54:47.408119Z[0m [34mDEBUG[0m [1mconn[0m[1m{[0m[3mid[0m[2m=[0m1[1m}[0m[2m:[0m [2mmoq_net::lite::publisher[0m[2m:[0m serving group [3msubscribe[0m[2m=[0m1 [3mtrack[0m[2m=[0maudio [3msequence[0m[2m=[0m503
[2m2026-09-06T14:54:47.409648Z[0m [34mDEBUG[0m [1mconn[0m[1m{[0m[3mid[0m[2m=[0m1[1m}[0m[2m:[0m [2mmoq_net::lite::publisher[0m[2m:[0m finished group [3msequence[0m[2m=[0m503
[2m2026-09-06T14:54:47.427907Z[0m [34mDEBUG[0m [1mconn[0m[1m{[0m[3mid[0m[2m=[0m1[1m}[0m[2m:[0m [2mmoq_net::lite::publisher[0m[2m:[0m serving group [3msubscribe[0m[2m=[0m1 [3mtrack[0m[2m=[0maudio [3msequence[0m[2m=[0m504
[2m2026-09-06T14:54:47.429592Z[0m [34mDEBUG[0m [1mconn[0m[1m{[0m[3mid[0m[2m=[0m1[1m}[0m[2m:[0m [2mmoq_net::lite::publisher[0m[2m:[0m finished group [3msequence[0m[2m=[0m504
[2m2026-09-06T14:54:47.447601Z[0m [34mDEBUG[0m [1mconn[0m[1m{[0m[3mid[0m[2m=[0m1[1m}[0m[2m:[0m [2mmoq_net::lite::publisher[0m[2m:[0m serving group [3msubscribe[0m[2m=[0m1 [3mtrack[0m[2m=[0maudio [3msequence[0m[2m=[0m505
[2m2026-09-06T14:54:47.449298Z[0m [34mDEBUG[0m [1mconn[0m[1m{[0m[3mid[0m[2m=[0m1[1m}[0m[2m:[0m [2mmoq_net::lite::publisher[0m[2m:[0m finished group [3msequence[0m[2m=[0m505
[2m2026-09-06T14:54:47.467741Z[0m [34mDEBUG[0m [1mconn[0m[1m{[0m[3mid[0m[2m=[0m1[1m}[0m[2m:[0m [2mmoq_net::lite::publisher[0m[2m:[0m serving group [3msubscribe[0m[2m=[0m1 [3mtrack[0m[2m=[0maudio [3msequence[0m[2m=[0m506
[2m2026-09-06T14:54:47.469290Z[0m [34mDEBUG[0m [1mconn[0m[1m{[0m[3mid[0m[2m=[0m1[1m}[0m[2m:[0m [2mmoq_net::lite::publisher[0m[2m:[0m finished group [3msequence[0m[2m=[0m506
[2m2026-09-06T14:54:47.888751Z[0m [34mDEBUG[0m [1mconn[0m[1m{[0m[3mid[0m[2m=[0m1[1m}[0m[2m:[0m [2mmoq_net::lite::publisher[0m[2m:[0m serving group [3msubscribe[0m[2m=[0m1 [3mtrack[0m[2m=[0maudio [3msequence[0m[2m=[0m507
[2m2026-09-06T14:54:47.890558Z[0m [34mDEBUG[0m [1mconn[0m[1m{[0m[3mid[0m[2m=[0m1[1m}[0m[2m:[0m [2mmoq_net::lite::publisher[0m[2m:[0m finished group [3msequence[0m[2m=[0m507
[2m2026-09-06T14:54:47.944209Z[0m [34mDEBUG[0m [1mconn[0m[1m{[0m[3mid[0m[2m=[0m1[1m}[0m[2m:[0m [2mmoq_net::lite::publisher[0m[2m:[0m serving group [3msubscribe[0m[2m=[0m2 [3mtrack[0m[2m=[0mvideo [3msequence[0m[2m=[0m8
[2m2026-09-06T14:54:47.945907Z[0m [34mDEBUG[0m [1mconn[0m[1m{[0m[3mid[0m[2m=[0m1[1m}[0m[2m:[0m [2mmoq_net::lite::publisher[0m[2m:[0m finished group [3msequence[0m[2m=[0m7
[2m2026-09-06T14:54:48.028050Z[0m [34mDEBUG[0m [1mconn[0m[1m{[0m[3mid[0m[2m=[0m1[1m}[0m[2m:[0m [2mmoq_net::lite::publisher[0m[2m:[0m serving group [3msubscribe[0m[2m=[0m1 [3mtrack[0m[2m=[0maudio [3msequence[0m[2m=[0m508
[2m2026-09-06T14:54:48.029770Z[0m [34mDEBUG[0m [1mconn[0m[1m{[0m[3mid[0m[2m=[0m1[1m}[0m[2m:[0m [2mmoq_net::lite::publisher[0m[2m:[0m finished group [3msequence[0m[2m=[0m508
[2m2026-09-06T14:54:48.048340Z[0m [34mDEBUG[0m [1mconn[0m[1m{[0m[3mid[0m[2m=[0m1[1m}[0m[2m:[0m [2mmoq_net::lite::publisher[0m[2m:[0m serving group [3msubscribe[0m[2m=[0m1 [3mtrack[0m[2m=[0maudio [3msequence[0m[2m=[0m509
[2m2026-09-06T14:54:48.049966Z[0m [34mDEBUG[0m [1mconn[0m[1m{[0m[3mid[0m[2m=[0m1[1m}[0m[2m:[0m [2mmoq_net::lite::publisher[0m[2m:[0m finished group [3msequence[0m[2m=[0m509
[2m2026-09-06T14:54:48.067917Z[0m [34mDEBUG[0m [1mconn[0m[1m{[0m[3mid[0m[2m=[0m1[1m}[0m[2m:[0m [2mmoq_net::lite::publisher[0m[2m:[0m serving group [3msubscribe[0m[2m=[0m1 [3mtrack[0m[2m=[0maudio [3msequence[0m[2m=[0m510
[2m2026-09-06T14:54:48.069580Z[0m [34mDEBUG[0m [1mconn[0m[1m{[0m[3mid[0m[2m=[0m1[1m}[0m[2m:[0m [2mmoq_net::lite::publisher[0m[2m:[0m finished group [3msequence[0m[2m=[0m510
[2m2026-09-06T14:54:48.089368Z[0m [34mDEBUG[0m [1mconn[0m[1m{[0m[3mid[0m[2m=[0m1[1m}[0m[2m:[0m [2mmoq_net::lite::publisher[0m[2m:[0m serving group [3msubscribe[0m[2m=[0m1 [3mtrack[0m[2m=[0maudio [3msequence[0m[2m=[0m511
[2m2026-09-06T14:54:48.091213Z[0m [34mDEBUG[0m [1mconn[0m[1m{[0m[3mid[0m[2m=[0m1[1m}[0m[2m:[0m [2mmoq_net::lite::publisher[0m[2m:[0m finished group [3msequence[0m[2m=[0m511
[2m2026-09-06T14:54:48.107521Z[0m [34mDEBUG[0m [1mconn[0m[1m{[0m[3mid[0m[2m=[0m1[1m}[0m[2m:[0m [2mmoq_net::lite::publisher[0m[2m:[0m serving group [3msubscribe[0m[2m=[0m1 [3mtrack[0m[2m=[0maudio [3msequence[0m[2m=[0m512
[2m2026-09-06T14:54:48.109307Z[0m [34mDEBUG[0m [1mconn[0m[1m{[0m[3mid[0m[2m=[0m1[1m}[0m[2m:[0m [2mmoq_net::lite::publisher[0m[2m:[0m finished group [3msequence[0m[2m=[0m512
[2m2026-09-06T14:54:48.128324Z[0m [34mDEBUG[0m [1mconn[0m[1m{[0m[3mid[0m[2m=[0m1[1m}[0m[2m:[0m [2mmoq_net::lite::publisher[0m[2m:[0m serving group [3msubscribe[0m[2m=[0m1 [3mtrack[0m[2m=[0maudio [3msequence[0m[2m=[0m513
[2m2026-09-06T14:54:48.129881Z[0m [34mDEBUG[0m [1mconn[0m[1m{[0m[3mid[0m[2m=[0m1[1m}[0m[2m:[0m [2mmoq_net::lite::publisher[0m[2m:[0m finished group [3msequence[0m[2m=[0m513
[2m2026-09-06T14:54:48.148367Z[0m [34mDEBUG[0m [1mconn[0m[1m{[0m[3mid[0m[2m=[0m1[1m}[0m[2m:[0m [2mmoq_net::lite::publisher[0m[2m:[0m serving group [3msubscribe[0m[2m=[0m1 [3mtrack[0m[2m=[0maudio [3msequence[0m[2m=[0m514
[2m2026-09-06T14:54:48.149919Z[0m [34mDEBUG[0m [1mconn[0m[1m{[0m[3mid[0m[2m=[0m1[1m}[0m[2m:[0m [2mmoq_net::lite::publisher[0m[2m:[0m finished group [3msequence[0m[2m=[0m514
[2m2026-09-06T14:54:48.167796Z[0m [34mDEBUG[0m [1mconn[0m[1m{[0m[3mid[0m[2m=[0m1[1m}[0m[2m:[0m [2mmoq_net::lite::publisher[0m[2m:[0m serving group [3msubscribe[0m[2m=[0m1 [3mtrack[0m[2m=[0maudio [3msequence[0m[2m=[0m515
[2m2026-09-06T14:54:48.169385Z[0m [34mDEBUG[0m [1mconn[0m[1m{[0m[3mid[0m[2m=[0m1[1m}[0m[2m:[0m [2mmoq_net::lite::publisher[0m[2m:[0m finished group [3msequence[0m[2m=[0m515
[2m2026-09-06T14:54:48.189110Z[0m [34mDEBUG[0m [1mconn[0m[1m{[0m[3mid[0m[2m=[0m1[1m}[0m[2m:[0m [2mmoq_net::lite::publisher[0m[2m:[0m serving group [3msubscribe[0m[2m=[0m1 [3mtrack[0m[2m=[0maudio [3msequence[0m[2m=[0m516
[2m2026-09-06T14:54:48.190835Z[0m [34mDEBUG[0m [1mconn[0m[1m{[0m[3mid[0m[2m=[0m1[1m}[0m[2m:[0m [2mmoq_net::lite::publisher[0m[2m:[0m finished group [3msequence[0m[2m=[0m516
[2m2026-09-06T14:54:48.207375Z[0m [34mDEBUG[0m [1mconn[0m[1m{[0m[3mid[0m[2m=[0m1[1m}[0m[2m:[0m [2mmoq_net::lite::publisher[0m[2m:[0m serving group [3msubscribe[0m[2m=[0m1 [3mtrack[0m[2m=[0maudio [3msequence[0m[2m=[0m517
[2m2026-09-06T14:54:48.208757Z[0m [34mDEBUG[0m [1mconn[0m[1m{[0m[3mid[0m[2m=[0m1[1m}[0m[2m:[0m [2mmoq_net::lite::publisher[0m[2m:[0m finished group [3msequence[0m[2m=[0m517
[2m2026-09-06T14:54:48.227668Z[0m [34mDEBUG[0m [1mconn[0m[1m{[0m[3mid[0m[2m=[0m1[1m}[0m[2m:[0m [2mmoq_net::lite::publisher[0m[2m:[0m serving group [3msubscribe[0m[2m=[0m1 [3mtrack[0m[2m=[0maudio [3msequence[0m[2m=[0m518
[2m2026-09-06T14:54:48.229245Z[0m [34mDEBUG[0m [1mconn[0m[1m{[0m[3mid[0m[2m=[0m1[1m}[0m[2m:[0m [2mmoq_net::lite::publisher[0m[2m:[0m finished group [3msequence[0m[2m=[0m518
[2m2026-09-06T14:54:48.248240Z[0m [34mDEBUG[0m [1mconn[0m[1m{[0m[3mid[0m[2m=[0m1[1m}[0m[2m:[0m [2mmoq_net::lite::publisher[0m[2m:[0m serving group [3msubscribe[0m[2m=[0m1 [3mtrack[0m[2m=[0maudio [3msequence[0m[2m=[0m519
[2m2026-09-06T14:54:48.249634Z[0m [34mDEBUG[0m [1mconn[0m[1m{[0m[3mid[0m[2m=[0m1[1m}[0m[2m:[0m [2mmoq_net::lite::publisher[0m[2m:[0m finished group [3msequence[0m[2m=[0m519
[2m2026-09-06T14:54:48.267584Z[0m [34mDEBUG[0m [1mconn[0m[1m{[0m[3mid[0m[2m=[0m1[1m}[0m[2m:[0m [2mmoq_net::lite::publisher[0m[2m:[0m serving group [3msubscribe[0m[2m=[0m1 [3mtrack[0m[2m=[0maudio [3msequence[0m[2m=[0m520
[2m2026-09-06T14:54:48.269166Z[0m [34mDEBUG[0m [1mconn[0m[1m{[0m[3mid[0m[2m=[0m1[1m}[0m[2m:[0m [2mmoq_net::lite::publisher[0m[2m:[0m finished group [3msequence[0m[2m=[0m520
[2m2026-09-06T14:54:48.287755Z[0m [34mDEBUG[0m [1mconn[0m[1m{[0m[3mid[0m[2m=[0m1[1m}[0m[2m:[0m [2mmoq_net::lite::publisher[0m[2m:[0m serving group [3msubscribe[0m[2m=[0m1 [3mtrack[0m[2m=[0maudio [3msequence[0m[2m=[0m521
[2m2026-09-06T14:54:48.289678Z[0m [34mDEBUG[0m [1mconn[0m[1m{[0m[3mid[0m[2m=[0m1[1m}[0m[2m:[0m [2mmoq_net::lite::publisher[0m[2m:[0m finished group [3msequence[0m[2m=[0m521
[2m2026-09-06T14:54:48.307601Z[0m [34mDEBUG[0m [1mconn[0m[1m{[0m[3mid[0m[2m=[0m1[1m}[0m[2m:[0m [2mmoq_net::lite::publisher[0m[2m:[0m serving group [3msubscribe[0m[2m=[0m1 [3mtrack[0m[2m=[0maudio [3msequence[0m[2m=[0m522
[2m2026-09-06T14:54:48.309138Z[0m [34mDEBUG[0m [1mconn[0m[1m{[0m[3mid[0m[2m=[0m1[1m}[0m[2m:[0m [2mmoq_net::lite::publisher[0m[2m:[0m finished group [3msequence[0m[2m=[0m522
[2m2026-09-06T14:54:48.327787Z[0m [34mDEBUG[0m [1mconn[0m[1m{[0m[3mid[0m[2m=[0m1[1m}[0m[2m:[0m [2mmoq_net::lite::publisher[0m[2m:[0m serving group [3msubscribe[0m[2m=[0m1 [3mtrack[0m[2m=[0maudio [3msequence[0m[2m=[0m523
[2m2026-09-06T14:54:48.329407Z[0m [34mDEBUG[0m [1mconn[0m[1m{[0m[3mid[0m[2m=[0m1[1m}[0m[2m:[0m [2mmoq_net::lite::publisher[0m[2m:[0m finished group [3msequence[0m[2m=[0m523
[2m2026-09-06T14:54:48.347909Z[0m [34mDEBUG[0m [1mconn[0m[1m{[0m[3mid[0m[2m=[0m1[1m}[0m[2m:[0m [2mmoq_net::lite::publisher[0m[2m:[0m serving group [3msubscribe[0m[2m=[0m1 [3mtrack[0m[2m=[0maudio [3msequence[0m[2m=[0m524
[2m2026-09-06T14:54:48.349523Z[0m [34mDEBUG[0m [1mconn[0m[1m{[0m[3mid[0m[2m=[0m1[1m}[0m[2m:[0m [2mmoq_net::lite::publisher[0m[2m:[0m finished group [3msequence[0m[2m=[0m524
[2m2026-09-06T14:54:48.367615Z[0m [34mDEBUG[0m [1mconn[0m[1m{[0m[3mid[0m[2m=[0m1[1m}[0m[2m:[0m [2mmoq_net::lite::publisher[0m[2m:[0m serving group [3msubscribe[0m[2m=[0m1 [3mtrack[0m[2m=[0maudio [3msequence[0m[2m=[0m525
[2m2026-09-06T14:54:48.369199Z[0m [34mDEBUG[0m [1mconn[0m[1m{[0m[3mid[0m[2m=[0m1[1m}[0m[2m:[0m [2mmoq_net::lite::publisher[0m[2m:[0m finished group [3msequence[0m[2m=[0m525
[2m2026-09-06T14:54:48.371808Z[0m [34mDEBUG[0m [1mws[0m[1m{[0m[3mid[0m[2m=[0m0[1m}[0m[2m:[0m [2mmoq_net::lite::publisher[0m[2m:[0m serving group [3msubscribe[0m[2m=[0m2 [3mtrack[0m[2m=[0mpublisher.json [3msequence[0m[2m=[0m18
[2m2026-09-06T14:54:48.371919Z[0m [34mDEBUG[0m [1mws[0m[1m{[0m[3mid[0m[2m=[0m0[1m}[0m[2m:[0m [2mmoq_net::lite::publisher[0m[2m:[0m serving group [3msubscribe[0m[2m=[0m1 [3mtrack[0m[2m=[0msubscriber.json [3msequence[0m[2m=[0m18
[2m2026-09-06T14:54:48.387780Z[0m [34mDEBUG[0m [1mconn[0m[1m{[0m[3mid[0m[2m=[0m1[1m}[0m[2m:[0m [2mmoq_net::lite::publisher[0m[2m:[0m serving group [3msubscribe[0m[2m=[0m1 [3mtrack[0m[2m=[0maudio [3msequence[0m[2m=[0m526
[2m2026-09-06T14:54:48.389801Z[0m [34mDEBUG[0m [1mconn[0m[1m{[0m[3mid[0m[2m=[0m1[1m}[0m[2m:[0m [2mmoq_net::lite::publisher[0m[2m:[0m finished group [3msequence[0m[2m=[0m526
[2m2026-09-06T14:54:48.407599Z[0m [34mDEBUG[0m [1mconn[0m[1m{[0m[3mid[0m[2m=[0m1[1m}[0m[2m:[0m [2mmoq_net::lite::publisher[0m[2m:[0m serving group [3msubscribe[0m[2m=[0m1 [3mtrack[0m[2m=[0maudio [3msequence[0m[2m=[0m527
[2m2026-09-06T14:54:48.408943Z[0m [34mDEBUG[0m [1mconn[0m[1m{[0m[3mid[0m[2m=[0m1[1m}[0m[2m:[0m [2mmoq_net::lite::publisher[0m[2m:[0m finished group [3msequence[0m[2m=[0m527
[2m2026-09-06T14:54:48.427245Z[0m [34mDEBUG[0m [1mconn[0m[1m{[0m[3mid[0m[2m=[0m1[1m}[0m[2m:[0m [2mmoq_net::lite::publisher[0m[2m:[0m serving group [3msubscribe[0m[2m=[0m1 [3mtrack[0m[2m=[0maudio [3msequence[0m[2m=[0m528
[2m2026-09-06T14:54:48.428756Z[0m [34mDEBUG[0m [1mconn[0m[1m{[0m[3mid[0m[2m=[0m1[1m}[0m[2m:[0m [2mmoq_net::lite::publisher[0m[2m:[0m finished group [3msequence[0m[2m=[0m528
[2m2026-09-06T14:54:48.447332Z[0m [34mDEBUG[0m [1mconn[0m[1m{[0m[3mid[0m[2m=[0m1[1m}[0m[2m:[0m [2mmoq_net::lite::publisher[0m[2m:[0m serving group [3msubscribe[0m[2m=[0m1 [3mtrack[0m[2m=[0maudio [3msequence[0m[2m=[0m529
[2m2026-09-06T14:54:48.448698Z[0m [34mDEBUG[0m [1mconn[0m[1m{[0m[3mid[0m[2m=[0m1[1m}[0m[2m:[0m [2mmoq_net::lite::publisher[0m[2m:[0m finished group [3msequence[0m[2m=[0m529
[2m2026-09-06T14:54:48.467882Z[0m [34mDEBUG[0m [1mconn[0m[1m{[0m[3mid[0m[2m=[0m1[1m}[0m[2m:[0m [2mmoq_net::lite::publisher[0m[2m:[0m serving group [3msubscribe[0m[2m=[0m1 [3mtrack[0m[2m=[0maudio [3msequence[0m[2m=[0m530
[2m2026-09-06T14:54:48.469406Z[0m [34mDEBUG[0m [1mconn[0m[1m{[0m[3mid[0m[2m=[0m1[1m}[0m[2m:[0m [2mmoq_net::lite::publisher[0m[2m:[0m finished group [3msequence[0m[2m=[0m530
[2m2026-09-06T14:54:48.488063Z[0m [34mDEBUG[0m [1mconn[0m[1m{[0m[3mid[0m[2m=[0m1[1m}[0m[2m:[0m [2mmoq_net::lite::publisher[0m[2m:[0m serving group [3msubscribe[0m[2m=[0m1 [3mtrack[0m[2m=[0maudio [3msequence[0m[2m=[0m531
[2m2026-09-06T14:54:48.489866Z[0m [34mDEBUG[0m [1mconn[0m[1m{[0m[3mid[0m[2m=[0m1[1m}[0m[2m:[0m [2mmoq_net::lite::publisher[0m[2m:[0m finished group [3msequence[0m[2m=[0m531
[2m2026-09-06T14:54:48.907549Z[0m [34mDEBUG[0m [1mconn[0m[1m{[0m[3mid[0m[2m=[0m1[1m}[0m[2m:[0m [2mmoq_net::lite::publisher[0m[2m:[0m serving group [3msubscribe[0m[2m=[0m1 [3mtrack[0m[2m=[0maudio [3msequence[0m[2m=[0m532
[2m2026-09-06T14:54:48.909100Z[0m [34mDEBUG[0m [1mconn[0m[1m{[0m[3mid[0m[2m=[0m1[1m}[0m[2m:[0m [2mmoq_net::lite::publisher[0m[2m:[0m finished group [3msequence[0m[2m=[0m532
[2m2026-09-06T14:54:49.028078Z[0m [34mDEBUG[0m [1mconn[0m[1m{[0m[3mid[0m[2m=[0m1[1m}[0m[2m:[0m [2mmoq_net::lite::publisher[0m[2m:[0m serving group [3msubscribe[0m[2m=[0m1 [3mtrack[0m[2m=[0maudio [3msequence[0m[2m=[0m533
[2m2026-09-06T14:54:49.029689Z[0m [34mDEBUG[0m [1mconn[0m[1m{[0m[3mid[0m[2m=[0m1[1m}[0m[2m:[0m [2mmoq_net::lite::publisher[0m[2m:[0m finished group [3msequence[0m[2m=[0m533
[2m2026-09-06T14:54:49.047843Z[0m [34mDEBUG[0m [1mconn[0m[1m{[0m[3mid[0m[2m=[0m1[1m}[0m[2m:[0m [2mmoq_net::lite::publisher[0m[2m:[0m serving group [3msubscribe[0m[2m=[0m1 [3mtrack[0m[2m=[0maudio [3msequence[0m[2m=[0m534
[2m2026-09-06T14:54:49.049423Z[0m [34mDEBUG[0m [1mconn[0m[1m{[0m[3mid[0m[2m=[0m1[1m}[0m[2m:[0m [2mmoq_net::lite::publisher[0m[2m:[0m finished group [3msequence[0m[2m=[0m534
[2m2026-09-06T14:54:49.067561Z[0m [34mDEBUG[0m [1mconn[0m[1m{[0m[3mid[0m[2m=[0m1[1m}[0m[2m:[0m [2mmoq_net::lite::publisher[0m[2m:[0m serving group [3msubscribe[0m[2m=[0m1 [3mtrack[0m[2m=[0maudio [3msequence[0m[2m=[0m535
[2m2026-09-06T14:54:49.069119Z[0m [34mDEBUG[0m [1mconn[0m[1m{[0m[3mid[0m[2m=[0m1[1m}[0m[2m:[0m [2mmoq_net::lite::publisher[0m[2m:[0m finished group [3msequence[0m[2m=[0m535
[2m2026-09-06T14:54:49.087781Z[0m [34mDEBUG[0m [1mconn[0m[1m{[0m[3mid[0m[2m=[0m1[1m}[0m[2m:[0m [2mmoq_net::lite::publisher[0m[2m:[0m serving group [3msubscribe[0m[2m=[0m1 [3mtrack[0m[2m=[0maudio [3msequence[0m[2m=[0m536
[2m2026-09-06T14:54:49.089591Z[0m [34mDEBUG[0m [1mconn[0m[1m{[0m[3mid[0m[2m=[0m1[1m}[0m[2m:[0m [2mmoq_net::lite::publisher[0m[2m:[0m finished group [3msequence[0m[2m=[0m536
[2m2026-09-06T14:54:49.107429Z[0m [34mDEBUG[0m [1mconn[0m[1m{[0m[3mid[0m[2m=[0m1[1m}[0m[2m:[0m [2mmoq_net::lite::publisher[0m[2m:[0m serving group [3msubscribe[0m[2m=[0m1 [3mtrack[0m[2m=[0maudio [3msequence[0m[2m=[0m537
[2m2026-09-06T14:54:49.109064Z[0m [34mDEBUG[0m [1mconn[0m[1m{[0m[3mid[0m[2m=[0m1[1m}[0m[2m:[0m [2mmoq_net::lite::publisher[0m[2m:[0m finished group [3msequence[0m[2m=[0m537
[2m2026-09-06T14:54:49.127717Z[0m [34mDEBUG[0m [1mconn[0m[1m{[0m[3mid[0m[2m=[0m1[1m}[0m[2m:[0m [2mmoq_net::lite::publisher[0m[2m:[0m serving group [3msubscribe[0m[2m=[0m1 [3mtrack[0m[2m=[0maudio [3msequence[0m[2m=[0m538
[2m2026-09-06T14:54:49.128139Z[0m [34mDEBUG[0m [1mconn[0m[1m{[0m[3mid[0m[2m=[0m1[1m}[0m[2m:[0m [2mmoq_net::lite::publisher[0m[2m:[0m finished group [3msequence[0m[2m=[0m538
[2m2026-09-06T14:54:49.147510Z[0m [34mDEBUG[0m [1mconn[0m[1m{[0m[3mid[0m[2m=[0m1[1m}[0m[2m:[0m [2mmoq_net::lite::publisher[0m[2m:[0m serving group [3msubscribe[0m[2m=[0m1 [3mtrack[0m[2m=[0maudio [3msequence[0m[2m=[0m539
[2m2026-09-06T14:54:49.149143Z[0m [34mDEBUG[0m [1mconn[0m[1m{[0m[3mid[0m[2m=[0m1[1m}[0m[2m:[0m [2mmoq_net::lite::publisher[0m[2m:[0m finished group [3msequence[0m[2m=[0m539
[2m2026-09-06T14:54:49.167525Z[0m [34mDEBUG[0m [1mconn[0m[1m{[0m[3mid[0m[2m=[0m1[1m}[0m[2m:[0m [2mmoq_net::lite::publisher[0m[2m:[0m serving group [3msubscribe[0m[2m=[0m1 [3mtrack[0m[2m=[0maudio [3msequence[0m[2m=[0m540
[2m2026-09-06T14:54:49.169041Z[0m [34mDEBUG[0m [1mconn[0m[1m{[0m[3mid[0m[2m=[0m1[1m}[0m[2m:[0m [2mmoq_net::lite::publisher[0m[2m:[0m finished group [3msequence[0m[2m=[0m540
[2m2026-09-06T14:54:49.187444Z[0m [34mDEBUG[0m [1mconn[0m[1m{[0m[3mid[0m[2m=[0m1[1m}[0m[2m:[0m [2mmoq_net::lite::publisher[0m[2m:[0m serving group [3msubscribe[0m[2m=[0m1 [3mtrack[0m[2m=[0maudio [3msequence[0m[2m=[0m541
[2m2026-09-06T14:54:49.188840Z[0m [34mDEBUG[0m [1mconn[0m[1m{[0m[3mid[0m[2m=[0m1[1m}[0m[2m:[0m [2mmoq_net::lite::publisher[0m[2m:[0m finished group [3msequence[0m[2m=[0m541
[2m2026-09-06T14:54:49.207494Z[0m [34mDEBUG[0m [1mconn[0m[1m{[0m[3mid[0m[2m=[0m1[1m}[0m[2m:[0m [2mmoq_net::lite::publisher[0m[2m:[0m serving group [3msubscribe[0m[2m=[0m1 [3mtrack[0m[2m=[0maudio [3msequence[0m[2m=[0m542
[2m2026-09-06T14:54:49.209051Z[0m [34mDEBUG[0m [1mconn[0m[1m{[0m[3mid[0m[2m=[0m1[1m}[0m[2m:[0m [2mmoq_net::lite::publisher[0m[2m:[0m finished group [3msequence[0m[2m=[0m542
[2m2026-09-06T14:54:49.227288Z[0m [34mDEBUG[0m [1mconn[0m[1m{[0m[3mid[0m[2m=[0m1[1m}[0m[2m:[0m [2mmoq_net::lite::publisher[0m[2m:[0m serving group [3msubscribe[0m[2m=[0m1 [3mtrack[0m[2m=[0maudio [3msequence[0m[2m=[0m543
[2m2026-09-06T14:54:49.228677Z[0m [34mDEBUG[0m [1mconn[0m[1m{[0m[3mid[0m[2m=[0m1[1m}[0m[2m:[0m [2mmoq_net::lite::publisher[0m[2m:[0m finished group [3msequence[0m[2m=[0m543
[2m2026-09-06T14:54:49.247822Z[0m [34mDEBUG[0m [1mconn[0m[1m{[0m[3mid[0m[2m=[0m1[1m}[0m[2m:[0m [2mmoq_net::lite::publisher[0m[2m:[0m serving group [3msubscribe[0m[2m=[0m1 [3mtrack[0m[2m=[0maudio [3msequence[0m[2m=[0m544
[2m2026-09-06T14:54:49.249442Z[0m [34mDEBUG[0m [1mconn[0m[1m{[0m[3mid[0m[2m=[0m1[1m}[0m[2m:[0m [2mmoq_net::lite::publisher[0m[2m:[0m finished group [3msequence[0m[2m=[0m544
[2m2026-09-06T14:54:49.267599Z[0m [34mDEBUG[0m [1mconn[0m[1m{[0m[3mid[0m[2m=[0m1[1m}[0m[2m:[0m [2mmoq_net::lite::publisher[0m[2m:[0m serving group [3msubscribe[0m[2m=[0m1 [3mtrack[0m[2m=[0maudio [3msequence[0m[2m=[0m545
[2m2026-09-06T14:54:49.269147Z[0m [34mDEBUG[0m [1mconn[0m[1m{[0m[3mid[0m[2m=[0m1[1m}[0m[2m:[0m [2mmoq_net::lite::publisher[0m[2m:[0m finished group [3msequence[0m[2m=[0m545
[2m2026-09-06T14:54:49.287489Z[0m [34mDEBUG[0m [1mconn[0m[1m{[0m[3mid[0m[2m=[0m1[1m}[0m[2m:[0m [2mmoq_net::lite::publisher[0m[2m:[0m serving group [3msubscribe[0m[2m=[0m1 [3mtrack[0m[2m=[0maudio [3msequence[0m[2m=[0m546
[2m2026-09-06T14:54:49.289568Z[0m [34mDEBUG[0m [1mconn[0m[1m{[0m[3mid[0m[2m=[0m1[1m}[0m[2m:[0m [2mmoq_net::lite::publisher[0m[2m:[0m finished group [3msequence[0m[2m=[0m546
[2m2026-09-06T14:54:49.307496Z[0m [34mDEBUG[0m [1mconn[0m[1m{[0m[3mid[0m[2m=[0m1[1m}[0m[2m:[0m [2mmoq_net::lite::publisher[0m[2m:[0m serving group [3msubscribe[0m[2m=[0m1 [3mtrack[0m[2m=[0maudio [3msequence[0m[2m=[0m547
[2m2026-09-06T14:54:49.308883Z[0m [34mDEBUG[0m [1mconn[0m[1m{[0m[3mid[0m[2m=[0m1[1m}[0m[2m:[0m [2mmoq_net::lite::publisher[0m[2m:[0m finished group [3msequence[0m[2m=[0m547
[2m2026-09-06T14:54:49.327204Z[0m [34mDEBUG[0m [1mconn[0m[1m{[0m[3mid[0m[2m=[0m1[1m}[0m[2m:[0m [2mmoq_net::lite::publisher[0m[2m:[0m serving group [3msubscribe[0m[2m=[0m1 [3mtrack[0m[2m=[0maudio [3msequence[0m[2m=[0m548
[2m2026-09-06T14:54:49.328765Z[0m [34mDEBUG[0m [1mconn[0m[1m{[0m[3mid[0m[2m=[0m1[1m}[0m[2m:[0m [2mmoq_net::lite::publisher[0m[2m:[0m finished group [3msequence[0m[2m=[0m548
[2m2026-09-06T14:54:49.347412Z[0m [34mDEBUG[0m [1mconn[0m[1m{[0m[3mid[0m[2m=[0m1[1m}[0m[2m:[0m [2mmoq_net::lite::publisher[0m[2m:[0m serving group [3msubscribe[0m[2m=[0m1 [3mtrack[0m[2m=[0maudio [3msequence[0m[2m=[0m549
[2m2026-09-06T14:54:49.354849Z[0m [34mDEBUG[0m [1mconn[0m[1m{[0m[3mid[0m[2m=[0m1[1m}[0m[2m:[0m [2mmoq_net::lite::publisher[0m[2m:[0m finished group [3msequence[0m[2m=[0m549
[2m2026-09-06T14:54:49.368404Z[0m [34mDEBUG[0m [1mconn[0m[1m{[0m[3mid[0m[2m=[0m1[1m}[0m[2m:[0m [2mmoq_net::lite::publisher[0m[2m:[0m serving group [3msubscribe[0m[2m=[0m1 [3mtrack[0m[2m=[0maudio [3msequence[0m[2m=[0m550
[2m2026-09-06T14:54:49.370310Z[0m [34mDEBUG[0m [1mconn[0m[1m{[0m[3mid[0m[2m=[0m1[1m}[0m[2m:[0m [2mmoq_net::lite::publisher[0m[2m:[0m finished group [3msequence[0m[2m=[0m550
[2m2026-09-06T14:54:49.374600Z[0m [34mDEBUG[0m [1mws[0m[1m{[0m[3mid[0m[2m=[0m0[1m}[0m[2m:[0m [2mmoq_net::lite::publisher[0m[2m:[0m serving group [3msubscribe[0m[2m=[0m2 [3mtrack[0m[2m=[0mpublisher.json [3msequence[0m[2m=[0m19
[2m2026-09-06T14:54:49.374895Z[0m [34mDEBUG[0m [1mws[0m[1m{[0m[3mid[0m[2m=[0m0[1m}[0m[2m:[0m [2mmoq_net::lite::publisher[0m[2m:[0m serving group [3msubscribe[0m[2m=[0m1 [3mtrack[0m[2m=[0msubscriber.json [3msequence[0m[2m=[0m19
[2m2026-09-06T14:54:49.388578Z[0m [34mDEBUG[0m [1mconn[0m[1m{[0m[3mid[0m[2m=[0m1[1m}[0m[2m:[0m [2mmoq_net::lite::publisher[0m[2m:[0m serving group [3msubscribe[0m[2m=[0m1 [3mtrack[0m[2m=[0maudio [3msequence[0m[2m=[0m551
[2m2026-09-06T14:54:49.390392Z[0m [34mDEBUG[0m [1mconn[0m[1m{[0m[3mid[0m[2m=[0m1[1m}[0m[2m:[0m [2mmoq_net::lite::publisher[0m[2m:[0m finished group [3msequence[0m[2m=[0m551
[2m2026-09-06T14:54:49.407818Z[0m [34mDEBUG[0m [1mconn[0m[1m{[0m[3mid[0m[2m=[0m1[1m}[0m[2m:[0m [2mmoq_net::lite::publisher[0m[2m:[0m serving group [3msubscribe[0m[2m=[0m1 [3mtrack[0m[2m=[0maudio [3msequence[0m[2m=[0m552
[2m2026-09-06T14:54:49.409310Z[0m [34mDEBUG[0m [1mconn[0m[1m{[0m[3mid[0m[2m=[0m1[1m}[0m[2m:[0m [2mmoq_net::lite::publisher[0m[2m:[0m finished group [3msequence[0m[2m=[0m552
[2m2026-09-06T14:54:49.427421Z[0m [34mDEBUG[0m [1mconn[0m[1m{[0m[3mid[0m[2m=[0m1[1m}[0m[2m:[0m [2mmoq_net::lite::publisher[0m[2m:[0m serving group [3msubscribe[0m[2m=[0m1 [3mtrack[0m[2m=[0maudio [3msequence[0m[2m=[0m553
[2m2026-09-06T14:54:49.428893Z[0m [34mDEBUG[0m [1mconn[0m[1m{[0m[3mid[0m[2m=[0m1[1m}[0m[2m:[0m [2mmoq_net::lite::publisher[0m[2m:[0m finished group [3msequence[0m[2m=[0m553
[2m2026-09-06T14:54:49.447882Z[0m [34mDEBUG[0m [1mconn[0m[1m{[0m[3mid[0m[2m=[0m1[1m}[0m[2m:[0m [2mmoq_net::lite::publisher[0m[2m:[0m serving group [3msubscribe[0m[2m=[0m1 [3mtrack[0m[2m=[0maudio [3msequence[0m[2m=[0m554
[2m2026-09-06T14:54:49.449471Z[0m [34mDEBUG[0m [1mconn[0m[1m{[0m[3mid[0m[2m=[0m1[1m}[0m[2m:[0m [2mmoq_net::lite::publisher[0m[2m:[0m finished group [3msequence[0m[2m=[0m554
[2m2026-09-06T14:54:49.467378Z[0m [34mDEBUG[0m [1mconn[0m[1m{[0m[3mid[0m[2m=[0m1[1m}[0m[2m:[0m [2mmoq_net::lite::publisher[0m[2m:[0m serving group [3msubscribe[0m[2m=[0m1 [3mtrack[0m[2m=[0maudio [3msequence[0m[2m=[0m555
[2m2026-09-06T14:54:49.468695Z[0m [34mDEBUG[0m [1mconn[0m[1m{[0m[3mid[0m[2m=[0m1[1m}[0m[2m:[0m [2mmoq_net::lite::publisher[0m[2m:[0m finished group [3msequence[0m[2m=[0m555
[2m2026-09-06T14:54:49.547356Z[0m [34mDEBUG[0m [1mconn[0m[1m{[0m[3mid[0m[2m=[0m1[1m}[0m[2m:[0m [2mmoq_net::lite::publisher[0m[2m:[0m serving group [3msubscribe[0m[2m=[0m1 [3mtrack[0m[2m=[0maudio [3msequence[0m[2m=[0m556
[2m2026-09-06T14:54:49.548702Z[0m [34mDEBUG[0m [1mconn[0m[1m{[0m[3mid[0m[2m=[0m1[1m}[0m[2m:[0m [2mmoq_net::lite::publisher[0m[2m:[0m finished group [3msequence[0m[2m=[0m556
[2m2026-09-06T14:54:49.567630Z[0m [34mDEBUG[0m [1mconn[0m[1m{[0m[3mid[0m[2m=[0m1[1m}[0m[2m:[0m [2mmoq_net::lite::publisher[0m[2m:[0m serving group [3msubscribe[0m[2m=[0m1 [3mtrack[0m[2m=[0maudio [3msequence[0m[2m=[0m557
[2m2026-09-06T14:54:49.569133Z[0m [34mDEBUG[0m [1mconn[0m[1m{[0m[3mid[0m[2m=[0m1[1m}[0m[2m:[0m [2mmoq_net::lite::publisher[0m[2m:[0m finished group [3msequence[0m[2m=[0m557
[2m2026-09-06T14:54:49.587665Z[0m [34mDEBUG[0m [1mconn[0m[1m{[0m[3mid[0m[2m=[0m1[1m}[0m[2m:[0m [2mmoq_net::lite::publisher[0m[2m:[0m serving group [3msubscribe[0m[2m=[0m1 [3mtrack[0m[2m=[0maudio [3msequence[0m[2m=[0m558
[2m2026-09-06T14:54:49.589043Z[0m [34mDEBUG[0m [1mconn[0m[1m{[0m[3mid[0m[2m=[0m1[1m}[0m[2m:[0m [2mmoq_net::lite::publisher[0m[2m:[0m finished group [3msequence[0m[2m=[0m558
[2m2026-09-06T14:54:49.607545Z[0m [34mDEBUG[0m [1mconn[0m[1m{[0m[3mid[0m[2m=[0m1[1m}[0m[2m:[0m [2mmoq_net::lite::publisher[0m[2m:[0m serving group [3msubscribe[0m[2m=[0m1 [3mtrack[0m[2m=[0maudio [3msequence[0m[2m=[0m559
[2m2026-09-06T14:54:49.609257Z[0m [34mDEBUG[0m [1mconn[0m[1m{[0m[3mid[0m[2m=[0m1[1m}[0m[2m:[0m [2mmoq_net::lite::publisher[0m[2m:[0m finished group [3msequence[0m[2m=[0m559
[2m2026-09-06T14:54:49.627694Z[0m [34mDEBUG[0m [1mconn[0m[1m{[0m[3mid[0m[2m=[0m1[1m}[0m[2m:[0m [2mmoq_net::lite::publisher[0m[2m:[0m serving group [3msubscribe[0m[2m=[0m1 [3mtrack[0m[2m=[0maudio [3msequence[0m[2m=[0m560
[2m2026-09-06T14:54:49.629274Z[0m [34mDEBUG[0m [1mconn[0m[1m{[0m[3mid[0m[2m=[0m1[1m}[0m[2m:[0m [2mmoq_net::lite::publisher[0m[2m:[0m finished group [3msequence[0m[2m=[0m560
[2m2026-09-06T14:54:49.647392Z[0m [34mDEBUG[0m [1mconn[0m[1m{[0m[3mid[0m[2m=[0m1[1m}[0m[2m:[0m [2mmoq_net::lite::publisher[0m[2m:[0m serving group [3msubscribe[0m[2m=[0m1 [3mtrack[0m[2m=[0maudio [3msequence[0m[2m=[0m561
[2m2026-09-06T14:54:49.649041Z[0m [34mDEBUG[0m [1mconn[0m[1m{[0m[3mid[0m[2m=[0m1[1m}[0m[2m:[0m [2mmoq_net::lite::publisher[0m[2m:[0m finished group [3msequence[0m[2m=[0m561
[2m2026-09-06T14:54:49.667453Z[0m [34mDEBUG[0m [1mconn[0m[1m{[0m[3mid[0m[2m=[0m1[1m}[0m[2m:[0m [2mmoq_net::lite::publisher[0m[2m:[0m serving group [3msubscribe[0m[2m=[0m1 [3mtrack[0m[2m=[0maudio [3msequence[0m[2m=[0m562
[2m2026-09-06T14:54:49.668767Z[0m [34mDEBUG[0m [1mconn[0m[1m{[0m[3mid[0m[2m=[0m1[1m}[0m[2m:[0m [2mmoq_net::lite::publisher[0m[2m:[0m finished group [3msequence[0m[2m=[0m562
[2m2026-09-06T14:54:49.687288Z[0m [34mDEBUG[0m [1mconn[0m[1m{[0m[3mid[0m[2m=[0m1[1m}[0m[2m:[0m [2mmoq_net::lite::publisher[0m[2m:[0m serving group [3msubscribe[0m[2m=[0m1 [3mtrack[0m[2m=[0maudio [3msequence[0m[2m=[0m563
[2m2026-09-06T14:54:49.688959Z[0m [34mDEBUG[0m [1mconn[0m[1m{[0m[3mid[0m[2m=[0m1[1m}[0m[2m:[0m [2mmoq_net::lite::publisher[0m[2m:[0m finished group [3msequence[0m[2m=[0m563
[2m2026-09-06T14:54:49.707625Z[0m [34mDEBUG[0m [1mconn[0m[1m{[0m[3mid[0m[2m=[0m1[1m}[0m[2m:[0m [2mmoq_net::lite::publisher[0m[2m:[0m serving group [3msubscribe[0m[2m=[0m1 [3mtrack[0m[2m=[0maudio [3msequence[0m[2m=[0m564
[2m2026-09-06T14:54:49.709076Z[0m [34mDEBUG[0m [1mconn[0m[1m{[0m[3mid[0m[2m=[0m1[1m}[0m[2m:[0m [2mmoq_net::lite::publisher[0m[2m:[0m finished group [3msequence[0m[2m=[0m564
[2m2026-09-06T14:54:49.727156Z[0m [34mDEBUG[0m [1mconn[0m[1m{[0m[3mid[0m[2m=[0m1[1m}[0m[2m:[0m [2mmoq_net::lite::publisher[0m[2m:[0m serving group [3msubscribe[0m[2m=[0m1 [3mtrack[0m[2m=[0maudio [3msequence[0m[2m=[0m565
[2m2026-09-06T14:54:49.728656Z[0m [34mDEBUG[0m [1mconn[0m[1m{[0m[3mid[0m[2m=[0m1[1m}[0m[2m:[0m [2mmoq_net::lite::publisher[0m[2m:[0m finished group [3msequence[0m[2m=[0m565
[2m2026-09-06T14:54:49.747690Z[0m [34mDEBUG[0m [1mconn[0m[1m{[0m[3mid[0m[2m=[0m1[1m}[0m[2m:[0m [2mmoq_net::lite::publisher[0m[2m:[0m serving group [3msubscribe[0m[2m=[0m1 [3mtrack[0m[2m=[0maudio [3msequence[0m[2m=[0m566
[2m2026-09-06T14:54:49.749319Z[0m [34mDEBUG[0m [1mconn[0m[1m{[0m[3mid[0m[2m=[0m1[1m}[0m[2m:[0m [2mmoq_net::lite::publisher[0m[2m:[0m finished group [3msequence[0m[2m=[0m566
[2m2026-09-06T14:54:49.767655Z[0m [34mDEBUG[0m [1mconn[0m[1m{[0m[3mid[0m[2m=[0m1[1m}[0m[2m:[0m [2mmoq_net::lite::publisher[0m[2m:[0m serving group [3msubscribe[0m[2m=[0m1 [3mtrack[0m[2m=[0maudio [3msequence[0m[2m=[0m567
[2m2026-09-06T14:54:49.769199Z[0m [34mDEBUG[0m [1mconn[0m[1m{[0m[3mid[0m[2m=[0m1[1m}[0m[2m:[0m [2mmoq_net::lite::publisher[0m[2m:[0m finished group [3msequence[0m[2m=[0m567
[2m2026-09-06T14:54:49.788020Z[0m [34mDEBUG[0m [1mconn[0m[1m{[0m[3mid[0m[2m=[0m1[1m}[0m[2m:[0m [2mmoq_net::lite::publisher[0m[2m:[0m serving group [3msubscribe[0m[2m=[0m1 [3mtrack[0m[2m=[0maudio [3msequence[0m[2m=[0m568
[2m2026-09-06T14:54:49.789595Z[0m [34mDEBUG[0m [1mconn[0m[1m{[0m[3mid[0m[2m=[0m1[1m}[0m[2m:[0m [2mmoq_net::lite::publisher[0m[2m:[0m finished group [3msequence[0m[2m=[0m568
[2m2026-09-06T14:54:49.807625Z[0m [34mDEBUG[0m [1mconn[0m[1m{[0m[3mid[0m[2m=[0m1[1m}[0m[2m:[0m [2mmoq_net::lite::publisher[0m[2m:[0m serving group [3msubscribe[0m[2m=[0m1 [3mtrack[0m[2m=[0maudio [3msequence[0m[2m=[0m569
[2m2026-09-06T14:54:49.809422Z[0m [34mDEBUG[0m [1mconn[0m[1m{[0m[3mid[0m[2m=[0m1[1m}[0m[2m:[0m [2mmoq_net::lite::publisher[0m[2m:[0m finished group [3msequence[0m[2m=[0m569
[2m2026-09-06T14:54:49.827951Z[0m [34mDEBUG[0m [1mconn[0m[1m{[0m[3mid[0m[2m=[0m1[1m}[0m[2m:[0m [2mmoq_net::lite::publisher[0m[2m:[0m serving group [3msubscribe[0m[2m=[0m1 [3mtrack[0m[2m=[0maudio [3msequence[0m[2m=[0m570
[2m2026-09-06T14:54:49.829546Z[0m [34mDEBUG[0m [1mconn[0m[1m{[0m[3mid[0m[2m=[0m1[1m}[0m[2m:[0m [2mmoq_net::lite::publisher[0m[2m:[0m finished group [3msequence[0m[2m=[0m570
[2m2026-09-06T14:54:49.847419Z[0m [34mDEBUG[0m [1mconn[0m[1m{[0m[3mid[0m[2m=[0m1[1m}[0m[2m:[0m [2mmoq_net::lite::publisher[0m[2m:[0m serving group [3msubscribe[0m[2m=[0m1 [3mtrack[0m[2m=[0maudio [3msequence[0m[2m=[0m571
[2m2026-09-06T14:54:49.849007Z[0m [34mDEBUG[0m [1mconn[0m[1m{[0m[3mid[0m[2m=[0m1[1m}[0m[2m:[0m [2mmoq_net::lite::publisher[0m[2m:[0m finished group [3msequence[0m[2m=[0m571
[2m2026-09-06T14:54:49.867838Z[0m [34mDEBUG[0m [1mconn[0m[1m{[0m[3mid[0m[2m=[0m1[1m}[0m[2m:[0m [2mmoq_net::lite::publisher[0m[2m:[0m serving group [3msubscribe[0m[2m=[0m1 [3mtrack[0m[2m=[0maudio [3msequence[0m[2m=[0m572
[2m2026-09-06T14:54:49.869277Z[0m [34mDEBUG[0m [1mconn[0m[1m{[0m[3mid[0m[2m=[0m1[1m}[0m[2m:[0m [2mmoq_net::lite::publisher[0m[2m:[0m finished group [3msequence[0m[2m=[0m572
[2m2026-09-06T14:54:49.887492Z[0m [34mDEBUG[0m [1mconn[0m[1m{[0m[3mid[0m[2m=[0m1[1m}[0m[2m:[0m [2mmoq_net::lite::publisher[0m[2m:[0m serving group [3msubscribe[0m[2m=[0m1 [3mtrack[0m[2m=[0maudio [3msequence[0m[2m=[0m573
[2m2026-09-06T14:54:49.889165Z[0m [34mDEBUG[0m [1mconn[0m[1m{[0m[3mid[0m[2m=[0m1[1m}[0m[2m:[0m [2mmoq_net::lite::publisher[0m[2m:[0m finished group [3msequence[0m[2m=[0m573
[2m2026-09-06T14:54:49.907303Z[0m [34mDEBUG[0m [1mconn[0m[1m{[0m[3mid[0m[2m=[0m1[1m}[0m[2m:[0m [2mmoq_net::lite::publisher[0m[2m:[0m serving group [3msubscribe[0m[2m=[0m1 [3mtrack[0m[2m=[0maudio [3msequence[0m[2m=[0m574
[2m2026-09-06T14:54:49.908931Z[0m [34mDEBUG[0m [1mconn[0m[1m{[0m[3mid[0m[2m=[0m1[1m}[0m[2m:[0m [2mmoq_net::lite::publisher[0m[2m:[0m finished group [3msequence[0m[2m=[0m574
[2m2026-09-06T14:54:49.991056Z[0m [34mDEBUG[0m [1mconn[0m[1m{[0m[3mid[0m[2m=[0m1[1m}[0m[2m:[0m [2mmoq_net::lite::publisher[0m[2m:[0m serving group [3msubscribe[0m[2m=[0m2 [3mtrack[0m[2m=[0mvideo [3msequence[0m[2m=[0m9
[2m2026-09-06T14:54:49.992948Z[0m [34mDEBUG[0m [1mconn[0m[1m{[0m[3mid[0m[2m=[0m1[1m}[0m[2m:[0m [2mmoq_net::lite::publisher[0m[2m:[0m finished group [3msequence[0m[2m=[0m8
[2m2026-09-06T14:54:50.027680Z[0m [34mDEBUG[0m [1mconn[0m[1m{[0m[3mid[0m[2m=[0m1[1m}[0m[2m:[0m [2mmoq_net::lite::publisher[0m[2m:[0m serving group [3msubscribe[0m[2m=[0m1 [3mtrack[0m[2m=[0maudio [3msequence[0m[2m=[0m575
[2m2026-09-06T14:54:50.029299Z[0m [34mDEBUG[0m [1mconn[0m[1m{[0m[3mid[0m[2m=[0m1[1m}[0m[2m:[0m [2mmoq_net::lite::publisher[0m[2m:[0m finished group [3msequence[0m[2m=[0m575
[2m2026-09-06T14:54:50.047466Z[0m [34mDEBUG[0m [1mconn[0m[1m{[0m[3mid[0m[2m=[0m1[1m}[0m[2m:[0m [2mmoq_net::lite::publisher[0m[2m:[0m serving group [3msubscribe[0m[2m=[0m1 [3mtrack[0m[2m=[0maudio [3msequence[0m[2m=[0m576
[2m2026-09-06T14:54:50.049028Z[0m [34mDEBUG[0m [1mconn[0m[1m{[0m[3mid[0m[2m=[0m1[1m}[0m[2m:[0m [2mmoq_net::lite::publisher[0m[2m:[0m finished group [3msequence[0m[2m=[0m576
[2m2026-09-06T14:54:50.067387Z[0m [34mDEBUG[0m [1mconn[0m[1m{[0m[3mid[0m[2m=[0m1[1m}[0m[2m:[0m [2mmoq_net::lite::publisher[0m[2m:[0m serving group [3msubscribe[0m[2m=[0m1 [3mtrack[0m[2m=[0maudio [3msequence[0m[2m=[0m577
[2m2026-09-06T14:54:50.068723Z[0m [34mDEBUG[0m [1mconn[0m[1m{[0m[3mid[0m[2m=[0m1[1m}[0m[2m:[0m [2mmoq_net::lite::publisher[0m[2m:[0m finished group [3msequence[0m[2m=[0m577
[2m2026-09-06T14:54:50.087956Z[0m [34mDEBUG[0m [1mconn[0m[1m{[0m[3mid[0m[2m=[0m1[1m}[0m[2m:[0m [2mmoq_net::lite::publisher[0m[2m:[0m serving group [3msubscribe[0m[2m=[0m1 [3mtrack[0m[2m=[0maudio [3msequence[0m[2m=[0m578
[2m2026-09-06T14:54:50.089678Z[0m [34mDEBUG[0m [1mconn[0m[1m{[0m[3mid[0m[2m=[0m1[1m}[0m[2m:[0m [2mmoq_net::lite::publisher[0m[2m:[0m finished group [3msequence[0m[2m=[0m578
[2m2026-09-06T14:54:50.107452Z[0m [34mDEBUG[0m [1mconn[0m[1m{[0m[3mid[0m[2m=[0m1[1m}[0m[2m:[0m [2mmoq_net::lite::publisher[0m[2m:[0m serving group [3msubscribe[0m[2m=[0m1 [3mtrack[0m[2m=[0maudio [3msequence[0m[2m=[0m579
[2m2026-09-06T14:54:50.109075Z[0m [34mDEBUG[0m [1mconn[0m[1m{[0m[3mid[0m[2m=[0m1[1m}[0m[2m:[0m [2mmoq_net::lite::publisher[0m[2m:[0m finished group [3msequence[0m[2m=[0m579
[2m2026-09-06T14:54:50.127410Z[0m [34mDEBUG[0m [1mconn[0m[1m{[0m[3mid[0m[2m=[0m1[1m}[0m[2m:[0m [2mmoq_net::lite::publisher[0m[2m:[0m serving group [3msubscribe[0m[2m=[0m1 [3mtrack[0m[2m=[0maudio [3msequence[0m[2m=[0m580
[2m2026-09-06T14:54:50.128961Z[0m [34mDEBUG[0m [1mconn[0m[1m{[0m[3mid[0m[2m=[0m1[1m}[0m[2m:[0m [2mmoq_net::lite::publisher[0m[2m:[0m finished group [3msequence[0m[2m=[0m580
[2m2026-09-06T14:54:50.147762Z[0m [34mDEBUG[0m [1mconn[0m[1m{[0m[3mid[0m[2m=[0m1[1m}[0m[2m:[0m [2mmoq_net::lite::publisher[0m[2m:[0m serving group [3msubscribe[0m[2m=[0m1 [3mtrack[0m[2m=[0maudio [3msequence[0m[2m=[0m581
[2m2026-09-06T14:54:50.149358Z[0m [34mDEBUG[0m [1mconn[0m[1m{[0m[3mid[0m[2m=[0m1[1m}[0m[2m:[0m [2mmoq_net::lite::publisher[0m[2m:[0m finished group [3msequence[0m[2m=[0m581
[2m2026-09-06T14:54:50.167608Z[0m [34mDEBUG[0m [1mconn[0m[1m{[0m[3mid[0m[2m=[0m1[1m}[0m[2m:[0m [2mmoq_net::lite::publisher[0m[2m:[0m serving group [3msubscribe[0m[2m=[0m1 [3mtrack[0m[2m=[0maudio [3msequence[0m[2m=[0m582
[2m2026-09-06T14:54:50.169158Z[0m [34mDEBUG[0m [1mconn[0m[1m{[0m[3mid[0m[2m=[0m1[1m}[0m[2m:[0m [2mmoq_net::lite::publisher[0m[2m:[0m finished group [3msequence[0m[2m=[0m582
[2m2026-09-06T14:54:50.187553Z[0m [34mDEBUG[0m [1mconn[0m[1m{[0m[3mid[0m[2m=[0m1[1m}[0m[2m:[0m [2mmoq_net::lite::publisher[0m[2m:[0m serving group [3msubscribe[0m[2m=[0m1 [3mtrack[0m[2m=[0maudio [3msequence[0m[2m=[0m583
[2m2026-09-06T14:54:50.189430Z[0m [34mDEBUG[0m [1mconn[0m[1m{[0m[3mid[0m[2m=[0m1[1m}[0m[2m:[0m [2mmoq_net::lite::publisher[0m[2m:[0m finished group [3msequence[0m[2m=[0m583
[2m2026-09-06T14:54:50.208104Z[0m [34mDEBUG[0m [1mconn[0m[1m{[0m[3mid[0m[2m=[0m1[1m}[0m[2m:[0m [2mmoq_net::lite::publisher[0m[2m:[0m serving group [3msubscribe[0m[2m=[0m1 [3mtrack[0m[2m=[0maudio [3msequence[0m[2m=[0m584
[2m2026-09-06T14:54:50.209652Z[0m [34mDEBUG[0m [1mconn[0m[1m{[0m[3mid[0m[2m=[0m1[1m}[0m[2m:[0m [2mmoq_net::lite::publisher[0m[2m:[0m finished group [3msequence[0m[2m=[0m584
[2m2026-09-06T14:54:50.227559Z[0m [34mDEBUG[0m [1mconn[0m[1m{[0m[3mid[0m[2m=[0m1[1m}[0m[2m:[0m [2mmoq_net::lite::publisher[0m[2m:[0m serving group [3msubscribe[0m[2m=[0m1 [3mtrack[0m[2m=[0maudio [3msequence[0m[2m=[0m585
[2m2026-09-06T14:54:50.229208Z[0m [34mDEBUG[0m [1mconn[0m[1m{[0m[3mid[0m[2m=[0m1[1m}[0m[2m:[0m [2mmoq_net::lite::publisher[0m[2m:[0m finished group [3msequence[0m[2m=[0m585
[2m2026-09-06T14:54:50.247515Z[0m [34mDEBUG[0m [1mconn[0m[1m{[0m[3mid[0m[2m=[0m1[1m}[0m[2m:[0m [2mmoq_net::lite::publisher[0m[2m:[0m serving group [3msubscribe[0m[2m=[0m1 [3mtrack[0m[2m=[0maudio [3msequence[0m[2m=[0m586
[2m2026-09-06T14:54:50.249188Z[0m [34mDEBUG[0m [1mconn[0m[1m{[0m[3mid[0m[2m=[0m1[1m}[0m[2m:[0m [2mmoq_net::lite::publisher[0m[2m:[0m finished group [3msequence[0m[2m=[0m586
[2m2026-09-06T14:54:50.268051Z[0m [34mDEBUG[0m [1mconn[0m[1m{[0m[3mid[0m[2m=[0m1[1m}[0m[2m:[0m [2mmoq_net::lite::publisher[0m[2m:[0m serving group [3msubscribe[0m[2m=[0m1 [3mtrack[0m[2m=[0maudio [3msequence[0m[2m=[0m587
[2m2026-09-06T14:54:50.268399Z[0m [34mDEBUG[0m [1mconn[0m[1m{[0m[3mid[0m[2m=[0m1[1m}[0m[2m:[0m [2mmoq_net::lite::publisher[0m[2m:[0m finished group [3msequence[0m[2m=[0m587
[2m2026-09-06T14:54:50.287814Z[0m [34mDEBUG[0m [1mconn[0m[1m{[0m[3mid[0m[2m=[0m1[1m}[0m[2m:[0m [2mmoq_net::lite::publisher[0m[2m:[0m serving group [3msubscribe[0m[2m=[0m1 [3mtrack[0m[2m=[0maudio [3msequence[0m[2m=[0m588
[2m2026-09-06T14:54:50.289460Z[0m [34mDEBUG[0m [1mconn[0m[1m{[0m[3mid[0m[2m=[0m1[1m}[0m[2m:[0m [2mmoq_net::lite::publisher[0m[2m:[0m finished group [3msequence[0m[2m=[0m588
[2m2026-09-06T14:54:50.307890Z[0m [34mDEBUG[0m [1mconn[0m[1m{[0m[3mid[0m[2m=[0m1[1m}[0m[2m:[0m [2mmoq_net::lite::publisher[0m[2m:[0m serving group [3msubscribe[0m[2m=[0m1 [3mtrack[0m[2m=[0maudio [3msequence[0m[2m=[0m589
[2m2026-09-06T14:54:50.309426Z[0m [34mDEBUG[0m [1mconn[0m[1m{[0m[3mid[0m[2m=[0m1[1m}[0m[2m:[0m [2mmoq_net::lite::publisher[0m[2m:[0m finished group [3msequence[0m[2m=[0m589
[2m2026-09-06T14:54:50.327422Z[0m [34mDEBUG[0m [1mconn[0m[1m{[0m[3mid[0m[2m=[0m1[1m}[0m[2m:[0m [2mmoq_net::lite::publisher[0m[2m:[0m serving group [3msubscribe[0m[2m=[0m1 [3mtrack[0m[2m=[0maudio [3msequence[0m[2m=[0m590
[2m2026-09-06T14:54:50.328965Z[0m [34mDEBUG[0m [1mconn[0m[1m{[0m[3mid[0m[2m=[0m1[1m}[0m[2m:[0m [2mmoq_net::lite::publisher[0m[2m:[0m finished group [3msequence[0m[2m=[0m590
[2m2026-09-06T14:54:50.347407Z[0m [34mDEBUG[0m [1mconn[0m[1m{[0m[3mid[0m[2m=[0m1[1m}[0m[2m:[0m [2mmoq_net::lite::publisher[0m[2m:[0m serving group [3msubscribe[0m[2m=[0m1 [3mtrack[0m[2m=[0maudio [3msequence[0m[2m=[0m591
[2m2026-09-06T14:54:50.348968Z[0m [34mDEBUG[0m [1mconn[0m[1m{[0m[3mid[0m[2m=[0m1[1m}[0m[2m:[0m [2mmoq_net::lite::publisher[0m[2m:[0m finished group [3msequence[0m[2m=[0m591
[2m2026-09-06T14:54:50.367585Z[0m [34mDEBUG[0m [1mconn[0m[1m{[0m[3mid[0m[2m=[0m1[1m}[0m[2m:[0m [2mmoq_net::lite::publisher[0m[2m:[0m serving group [3msubscribe[0m[2m=[0m1 [3mtrack[0m[2m=[0maudio [3msequence[0m[2m=[0m592
[2m2026-09-06T14:54:50.369172Z[0m [34mDEBUG[0m [1mconn[0m[1m{[0m[3mid[0m[2m=[0m1[1m}[0m[2m:[0m [2mmoq_net::lite::publisher[0m[2m:[0m finished group [3msequence[0m[2m=[0m592
[2m2026-09-06T14:54:50.371989Z[0m [34mDEBUG[0m [1mws[0m[1m{[0m[3mid[0m[2m=[0m0[1m}[0m[2m:[0m [2mmoq_net::lite::publisher[0m[2m:[0m serving group [3msubscribe[0m[2m=[0m2 [3mtrack[0m[2m=[0mpublisher.json [3msequence[0m[2m=[0m20
[2m2026-09-06T14:54:50.372083Z[0m [34mDEBUG[0m [1mws[0m[1m{[0m[3mid[0m[2m=[0m0[1m}[0m[2m:[0m [2mmoq_net::lite::publisher[0m[2m:[0m serving group [3msubscribe[0m[2m=[0m1 [3mtrack[0m[2m=[0msubscriber.json [3msequence[0m[2m=[0m20
[2m2026-09-06T14:54:50.387637Z[0m [34mDEBUG[0m [1mconn[0m[1m{[0m[3mid[0m[2m=[0m1[1m}[0m[2m:[0m [2mmoq_net::lite::publisher[0m[2m:[0m serving group [3msubscribe[0m[2m=[0m1 [3mtrack[0m[2m=[0maudio [3msequence[0m[2m=[0m593
[2m2026-09-06T14:54:50.389217Z[0m [34mDEBUG[0m [1mconn[0m[1m{[0m[3mid[0m[2m=[0m1[1m}[0m[2m:[0m [2mmoq_net::lite::publisher[0m[2m:[0m finished group [3msequence[0m[2m=[0m593
[2m2026-09-06T14:54:50.407543Z[0m [34mDEBUG[0m [1mconn[0m[1m{[0m[3mid[0m[2m=[0m1[1m}[0m[2m:[0m [2mmoq_net::lite::publisher[0m[2m:[0m serving group [3msubscribe[0m[2m=[0m1 [3mtrack[0m[2m=[0maudio [3msequence[0m[2m=[0m594
[2m2026-09-06T14:54:50.409113Z[0m [34mDEBUG[0m [1mconn[0m[1m{[0m[3mid[0m[2m=[0m1[1m}[0m[2m:[0m [2mmoq_net::lite::publisher[0m[2m:[0m finished group [3msequence[0m[2m=[0m594
[2m2026-09-06T14:54:50.427353Z[0m [34mDEBUG[0m [1mconn[0m[1m{[0m[3mid[0m[2m=[0m1[1m}[0m[2m:[0m [2mmoq_net::lite::publisher[0m[2m:[0m serving group [3msubscribe[0m[2m=[0m1 [3mtrack[0m[2m=[0maudio [3msequence[0m[2m=[0m595
[2m2026-09-06T14:54:50.428938Z[0m [34mDEBUG[0m [1mconn[0m[1m{[0m[3mid[0m[2m=[0m1[1m}[0m[2m:[0m [2mmoq_net::lite::publisher[0m[2m:[0m finished group [3msequence[0m[2m=[0m595
[2m2026-09-06T14:54:50.447622Z[0m [34mDEBUG[0m [1mconn[0m[1m{[0m[3mid[0m[2m=[0m1[1m}[0m[2m:[0m [2mmoq_net::lite::publisher[0m[2m:[0m serving group [3msubscribe[0m[2m=[0m1 [3mtrack[0m[2m=[0maudio [3msequence[0m[2m=[0m596
[2m2026-09-06T14:54:50.449205Z[0m [34mDEBUG[0m [1mconn[0m[1m{[0m[3mid[0m[2m=[0m1[1m}[0m[2m:[0m [2mmoq_net::lite::publisher[0m[2m:[0m finished group [3msequence[0m[2m=[0m596
[2m2026-09-06T14:54:50.467884Z[0m [34mDEBUG[0m [1mconn[0m[1m{[0m[3mid[0m[2m=[0m1[1m}[0m[2m:[0m [2mmoq_net::lite::publisher[0m[2m:[0m serving group [3msubscribe[0m[2m=[0m1 [3mtrack[0m[2m=[0maudio [3msequence[0m[2m=[0m597
[2m2026-09-06T14:54:50.469526Z[0m [34mDEBUG[0m [1mconn[0m[1m{[0m[3mid[0m[2m=[0m1[1m}[0m[2m:[0m [2mmoq_net::lite::publisher[0m[2m:[0m finished group [3msequence[0m[2m=[0m597
[2m2026-09-06T14:54:50.488744Z[0m [34mDEBUG[0m [1mconn[0m[1m{[0m[3mid[0m[2m=[0m1[1m}[0m[2m:[0m [2mmoq_net::lite::publisher[0m[2m:[0m serving group [3msubscribe[0m[2m=[0m1 [3mtrack[0m[2m=[0maudio [3msequence[0m[2m=[0m598
[2m2026-09-06T14:54:50.490369Z[0m [34mDEBUG[0m [1mconn[0m[1m{[0m[3mid[0m[2m=[0m1[1m}[0m[2m:[0m [2mmoq_net::lite::publisher[0m[2m:[0m finished group [3msequence[0m[2m=[0m598
[2m2026-09-06T14:54:50.547983Z[0m [34mDEBUG[0m [1mconn[0m[1m{[0m[3mid[0m[2m=[0m1[1m}[0m[2m:[0m [2mmoq_net::lite::publisher[0m[2m:[0m serving group [3msubscribe[0m[2m=[0m1 [3mtrack[0m[2m=[0maudio [3msequence[0m[2m=[0m599
[2m2026-09-06T14:54:50.549663Z[0m [34mDEBUG[0m [1mconn[0m[1m{[0m[3mid[0m[2m=[0m1[1m}[0m[2m:[0m [2mmoq_net::lite::publisher[0m[2m:[0m finished group [3msequence[0m[2m=[0m599
[2m2026-09-06T14:54:50.568290Z[0m [34mDEBUG[0m [1mconn[0m[1m{[0m[3mid[0m[2m=[0m1[1m}[0m[2m:[0m [2mmoq_net::lite::publisher[0m[2m:[0m serving group [3msubscribe[0m[2m=[0m1 [3mtrack[0m[2m=[0maudio [3msequence[0m[2m=[0m600
[2m2026-09-06T14:54:50.570006Z[0m [34mDEBUG[0m [1mconn[0m[1m{[0m[3mid[0m[2m=[0m1[1m}[0m[2m:[0m [2mmoq_net::lite::publisher[0m[2m:[0m finished group [3msequence[0m[2m=[0m600
[2m2026-09-06T14:54:50.588940Z[0m [34mDEBUG[0m [1mconn[0m[1m{[0m[3mid[0m[2m=[0m1[1m}[0m[2m:[0m [2mmoq_net::lite::publisher[0m[2m:[0m serving group [3msubscribe[0m[2m=[0m1 [3mtrack[0m[2m=[0maudio [3msequence[0m[2m=[0m601
[2m2026-09-06T14:54:50.590749Z[0m [34mDEBUG[0m [1mconn[0m[1m{[0m[3mid[0m[2m=[0m1[1m}[0m[2m:[0m [2mmoq_net::lite::publisher[0m[2m:[0m finished group [3msequence[0m[2m=[0m601
[2m2026-09-06T14:54:50.607873Z[0m [34mDEBUG[0m [1mconn[0m[1m{[0m[3mid[0m[2m=[0m1[1m}[0m[2m:[0m [2mmoq_net::lite::publisher[0m[2m:[0m serving group [3msubscribe[0m[2m=[0m1 [3mtrack[0m[2m=[0maudio [3msequence[0m[2m=[0m602
[2m2026-09-06T14:54:50.609313Z[0m [34mDEBUG[0m [1mconn[0m[1m{[0m[3mid[0m[2m=[0m1[1m}[0m[2m:[0m [2mmoq_net::lite::publisher[0m[2m:[0m finished group [3msequence[0m[2m=[0m602
[2m2026-09-06T14:54:50.627896Z[0m [34mDEBUG[0m [1mconn[0m[1m{[0m[3mid[0m[2m=[0m1[1m}[0m[2m:[0m [2mmoq_net::lite::publisher[0m[2m:[0m serving group [3msubscribe[0m[2m=[0m1 [3mtrack[0m[2m=[0maudio [3msequence[0m[2m=[0m603
[2m2026-09-06T14:54:50.629472Z[0m [34mDEBUG[0m [1mconn[0m[1m{[0m[3mid[0m[2m=[0m1[1m}[0m[2m:[0m [2mmoq_net::lite::publisher[0m[2m:[0m finished group [3msequence[0m[2m=[0m603
[2m2026-09-06T14:54:50.648033Z[0m [34mDEBUG[0m [1mconn[0m[1m{[0m[3mid[0m[2m=[0m1[1m}[0m[2m:[0m [2mmoq_net::lite::publisher[0m[2m:[0m serving group [3msubscribe[0m[2m=[0m1 [3mtrack[0m[2m=[0maudio [3msequence[0m[2m=[0m604
[2m2026-09-06T14:54:50.649682Z[0m [34mDEBUG[0m [1mconn[0m[1m{[0m[3mid[0m[2m=[0m1[1m}[0m[2m:[0m [2mmoq_net::lite::publisher[0m[2m:[0m finished group [3msequence[0m[2m=[0m604
[2m2026-09-06T14:54:50.668188Z[0m [34mDEBUG[0m [1mconn[0m[1m{[0m[3mid[0m[2m=[0m1[1m}[0m[2m:[0m [2mmoq_net::lite::publisher[0m[2m:[0m serving group [3msubscribe[0m[2m=[0m1 [3mtrack[0m[2m=[0maudio [3msequence[0m[2m=[0m605
[2m2026-09-06T14:54:50.669813Z[0m [34mDEBUG[0m [1mconn[0m[1m{[0m[3mid[0m[2m=[0m1[1m}[0m[2m:[0m [2mmoq_net::lite::publisher[0m[2m:[0m finished group [3msequence[0m[2m=[0m605
[2m2026-09-06T14:54:50.688032Z[0m [34mDEBUG[0m [1mconn[0m[1m{[0m[3mid[0m[2m=[0m1[1m}[0m[2m:[0m [2mmoq_net::lite::publisher[0m[2m:[0m serving group [3msubscribe[0m[2m=[0m1 [3mtrack[0m[2m=[0maudio [3msequence[0m[2m=[0m606
[2m2026-09-06T14:54:50.689973Z[0m [34mDEBUG[0m [1mconn[0m[1m{[0m[3mid[0m[2m=[0m1[1m}[0m[2m:[0m [2mmoq_net::lite::publisher[0m[2m:[0m finished group [3msequence[0m[2m=[0m606
[2m2026-09-06T14:54:50.707930Z[0m [34mDEBUG[0m [1mconn[0m[1m{[0m[3mid[0m[2m=[0m1[1m}[0m[2m:[0m [2mmoq_net::lite::publisher[0m[2m:[0m serving group [3msubscribe[0m[2m=[0m1 [3mtrack[0m[2m=[0maudio [3msequence[0m[2m=[0m607
[2m2026-09-06T14:54:50.709719Z[0m [34mDEBUG[0m [1mconn[0m[1m{[0m[3mid[0m[2m=[0m1[1m}[0m[2m:[0m [2mmoq_net::lite::publisher[0m[2m:[0m finished group [3msequence[0m[2m=[0m607
[2m2026-09-06T14:54:50.728017Z[0m [34mDEBUG[0m [1mconn[0m[1m{[0m[3mid[0m[2m=[0m1[1m}[0m[2m:[0m [2mmoq_net::lite::publisher[0m[2m:[0m serving group [3msubscribe[0m[2m=[0m1 [3mtrack[0m[2m=[0maudio [3msequence[0m[2m=[0m608
[2m2026-09-06T14:54:50.729652Z[0m [34mDEBUG[0m [1mconn[0m[1m{[0m[3mid[0m[2m=[0m1[1m}[0m[2m:[0m [2mmoq_net::lite::publisher[0m[2m:[0m finished group [3msequence[0m[2m=[0m608
[2m2026-09-06T14:54:50.748315Z[0m [34mDEBUG[0m [1mconn[0m[1m{[0m[3mid[0m[2m=[0m1[1m}[0m[2m:[0m [2mmoq_net::lite::publisher[0m[2m:[0m serving group [3msubscribe[0m[2m=[0m1 [3mtrack[0m[2m=[0maudio [3msequence[0m[2m=[0m609
[2m2026-09-06T14:54:50.749998Z[0m [34mDEBUG[0m [1mconn[0m[1m{[0m[3mid[0m[2m=[0m1[1m}[0m[2m:[0m [2mmoq_net::lite::publisher[0m[2m:[0m finished group [3msequence[0m[2m=[0m609
[2m2026-09-06T14:54:50.767860Z[0m [34mDEBUG[0m [1mconn[0m[1m{[0m[3mid[0m[2m=[0m1[1m}[0m[2m:[0m [2mmoq_net::lite::publisher[0m[2m:[0m serving group [3msubscribe[0m[2m=[0m1 [3mtrack[0m[2m=[0maudio [3msequence[0m[2m=[0m610
[2m2026-09-06T14:54:50.769443Z[0m [34mDEBUG[0m [1mconn[0m[1m{[0m[3mid[0m[2m=[0m1[1m}[0m[2m:[0m [2mmoq_net::lite::publisher[0m[2m:[0m finished group [3msequence[0m[2m=[0m610
[2m2026-09-06T14:54:50.788326Z[0m [34mDEBUG[0m [1mconn[0m[1m{[0m[3mid[0m[2m=[0m1[1m}[0m[2m:[0m [2mmoq_net::lite::publisher[0m[2m:[0m serving group [3msubscribe[0m[2m=[0m1 [3mtrack[0m[2m=[0maudio [3msequence[0m[2m=[0m611
[2m2026-09-06T14:54:50.789990Z[0m [34mDEBUG[0m [1mconn[0m[1m{[0m[3mid[0m[2m=[0m1[1m}[0m[2m:[0m [2mmoq_net::lite::publisher[0m[2m:[0m finished group [3msequence[0m[2m=[0m611
[2m2026-09-06T14:54:50.807825Z[0m [34mDEBUG[0m [1mconn[0m[1m{[0m[3mid[0m[2m=[0m1[1m}[0m[2m:[0m [2mmoq_net::lite::publisher[0m[2m:[0m serving group [3msubscribe[0m[2m=[0m1 [3mtrack[0m[2m=[0maudio [3msequence[0m[2m=[0m612
[2m2026-09-06T14:54:50.809538Z[0m [34mDEBUG[0m [1mconn[0m[1m{[0m[3mid[0m[2m=[0m1[1m}[0m[2m:[0m [2mmoq_net::lite::publisher[0m[2m:[0m finished group [3msequence[0m[2m=[0m612
[2m2026-09-06T14:54:50.827780Z[0m [34mDEBUG[0m [1mconn[0m[1m{[0m[3mid[0m[2m=[0m1[1m}[0m[2m:[0m [2mmoq_net::lite::publisher[0m[2m:[0m serving group [3msubscribe[0m[2m=[0m1 [3mtrack[0m[2m=[0maudio [3msequence[0m[2m=[0m613
[2m2026-09-06T14:54:50.829358Z[0m [34mDEBUG[0m [1mconn[0m[1m{[0m[3mid[0m[2m=[0m1[1m}[0m[2m:[0m [2mmoq_net::lite::publisher[0m[2m:[0m finished group [3msequence[0m[2m=[0m613
[2m2026-09-06T14:54:50.848216Z[0m [34mDEBUG[0m [1mconn[0m[1m{[0m[3mid[0m[2m=[0m1[1m}[0m[2m:[0m [2mmoq_net::lite::publisher[0m[2m:[0m serving group [3msubscribe[0m[2m=[0m1 [3mtrack[0m[2m=[0maudio [3msequence[0m[2m=[0m614
[2m2026-09-06T14:54:50.849745Z[0m [34mDEBUG[0m [1mconn[0m[1m{[0m[3mid[0m[2m=[0m1[1m}[0m[2m:[0m [2mmoq_net::lite::publisher[0m[2m:[0m finished group [3msequence[0m[2m=[0m614
[2m2026-09-06T14:54:50.868216Z[0m [34mDEBUG[0m [1mconn[0m[1m{[0m[3mid[0m[2m=[0m1[1m}[0m[2m:[0m [2mmoq_net::lite::publisher[0m[2m:[0m serving group [3msubscribe[0m[2m=[0m1 [3mtrack[0m[2m=[0maudio [3msequence[0m[2m=[0m615
[2m2026-09-06T14:54:50.869872Z[0m [34mDEBUG[0m [1mconn[0m[1m{[0m[3mid[0m[2m=[0m1[1m}[0m[2m:[0m [2mmoq_net::lite::publisher[0m[2m:[0m finished group [3msequence[0m[2m=[0m615
[2m2026-09-06T14:54:51.027634Z[0m [34mDEBUG[0m [1mconn[0m[1m{[0m[3mid[0m[2m=[0m1[1m}[0m[2m:[0m [2mmoq_net::lite::publisher[0m[2m:[0m serving group [3msubscribe[0m[2m=[0m1 [3mtrack[0m[2m=[0maudio [3msequence[0m[2m=[0m616
[2m2026-09-06T14:54:51.029222Z[0m [34mDEBUG[0m [1mconn[0m[1m{[0m[3mid[0m[2m=[0m1[1m}[0m[2m:[0m [2mmoq_net::lite::publisher[0m[2m:[0m finished group [3msequence[0m[2m=[0m616
[2m2026-09-06T14:54:51.047652Z[0m [34mDEBUG[0m [1mconn[0m[1m{[0m[3mid[0m[2m=[0m1[1m}[0m[2m:[0m [2mmoq_net::lite::publisher[0m[2m:[0m serving group [3msubscribe[0m[2m=[0m1 [3mtrack[0m[2m=[0maudio [3msequence[0m[2m=[0m617
[2m2026-09-06T14:54:51.049248Z[0m [34mDEBUG[0m [1mconn[0m[1m{[0m[3mid[0m[2m=[0m1[1m}[0m[2m:[0m [2mmoq_net::lite::publisher[0m[2m:[0m finished group [3msequence[0m[2m=[0m617
[2m2026-09-06T14:54:51.068123Z[0m [34mDEBUG[0m [1mconn[0m[1m{[0m[3mid[0m[2m=[0m1[1m}[0m[2m:[0m [2mmoq_net::lite::publisher[0m[2m:[0m serving group [3msubscribe[0m[2m=[0m1 [3mtrack[0m[2m=[0maudio [3msequence[0m[2m=[0m618
[2m2026-09-06T14:54:51.069771Z[0m [34mDEBUG[0m [1mconn[0m[1m{[0m[3mid[0m[2m=[0m1[1m}[0m[2m:[0m [2mmoq_net::lite::publisher[0m[2m:[0m finished group [3msequence[0m[2m=[0m618
[2m2026-09-06T14:54:51.088557Z[0m [34mDEBUG[0m [1mconn[0m[1m{[0m[3mid[0m[2m=[0m1[1m}[0m[2m:[0m [2mmoq_net::lite::publisher[0m[2m:[0m serving group [3msubscribe[0m[2m=[0m1 [3mtrack[0m[2m=[0maudio [3msequence[0m[2m=[0m619
[2m2026-09-06T14:54:51.090415Z[0m [34mDEBUG[0m [1mconn[0m[1m{[0m[3mid[0m[2m=[0m1[1m}[0m[2m:[0m [2mmoq_net::lite::publisher[0m[2m:[0m finished group [3msequence[0m[2m=[0m619
[2m2026-09-06T14:54:51.107768Z[0m [34mDEBUG[0m [1mconn[0m[1m{[0m[3mid[0m[2m=[0m1[1m}[0m[2m:[0m [2mmoq_net::lite::publisher[0m[2m:[0m serving group [3msubscribe[0m[2m=[0m1 [3mtrack[0m[2m=[0maudio [3msequence[0m[2m=[0m620
[2m2026-09-06T14:54:51.109477Z[0m [34mDEBUG[0m [1mconn[0m[1m{[0m[3mid[0m[2m=[0m1[1m}[0m[2m:[0m [2mmoq_net::lite::publisher[0m[2m:[0m finished group [3msequence[0m[2m=[0m620
[2m2026-09-06T14:54:51.128180Z[0m [34mDEBUG[0m [1mconn[0m[1m{[0m[3mid[0m[2m=[0m1[1m}[0m[2m:[0m [2mmoq_net::lite::publisher[0m[2m:[0m serving group [3msubscribe[0m[2m=[0m1 [3mtrack[0m[2m=[0maudio [3msequence[0m[2m=[0m621
[2m2026-09-06T14:54:51.130295Z[0m [34mDEBUG[0m [1mconn[0m[1m{[0m[3mid[0m[2m=[0m1[1m}[0m[2m:[0m [2mmoq_net::lite::publisher[0m[2m:[0m finished group [3msequence[0m[2m=[0m621
[2m2026-09-06T14:54:51.147817Z[0m [34mDEBUG[0m [1mconn[0m[1m{[0m[3mid[0m[2m=[0m1[1m}[0m[2m:[0m [2mmoq_net::lite::publisher[0m[2m:[0m serving group [3msubscribe[0m[2m=[0m1 [3mtrack[0m[2m=[0maudio [3msequence[0m[2m=[0m622
[2m2026-09-06T14:54:51.149367Z[0m [34mDEBUG[0m [1mconn[0m[1m{[0m[3mid[0m[2m=[0m1[1m}[0m[2m:[0m [2mmoq_net::lite::publisher[0m[2m:[0m finished group [3msequence[0m[2m=[0m622
[2m2026-09-06T14:54:51.167945Z[0m [34mDEBUG[0m [1mconn[0m[1m{[0m[3mid[0m[2m=[0m1[1m}[0m[2m:[0m [2mmoq_net::lite::publisher[0m[2m:[0m serving group [3msubscribe[0m[2m=[0m1 [3mtrack[0m[2m=[0maudio [3msequence[0m[2m=[0m623
[2m2026-09-06T14:54:51.169649Z[0m [34mDEBUG[0m [1mconn[0m[1m{[0m[3mid[0m[2m=[0m1[1m}[0m[2m:[0m [2mmoq_net::lite::publisher[0m[2m:[0m finished group [3msequence[0m[2m=[0m623
[2m2026-09-06T14:54:51.188679Z[0m [34mDEBUG[0m [1mconn[0m[1m{[0m[3mid[0m[2m=[0m1[1m}[0m[2m:[0m [2mmoq_net::lite::publisher[0m[2m:[0m serving group [3msubscribe[0m[2m=[0m1 [3mtrack[0m[2m=[0maudio [3msequence[0m[2m=[0m624
[2m2026-09-06T14:54:51.190292Z[0m [34mDEBUG[0m [1mconn[0m[1m{[0m[3mid[0m[2m=[0m1[1m}[0m[2m:[0m [2mmoq_net::lite::publisher[0m[2m:[0m finished group [3msequence[0m[2m=[0m624
[2m2026-09-06T14:54:51.207782Z[0m [34mDEBUG[0m [1mconn[0m[1m{[0m[3mid[0m[2m=[0m1[1m}[0m[2m:[0m [2mmoq_net::lite::publisher[0m[2m:[0m serving group [3msubscribe[0m[2m=[0m1 [3mtrack[0m[2m=[0maudio [3msequence[0m[2m=[0m625
[2m2026-09-06T14:54:51.209515Z[0m [34mDEBUG[0m [1mconn[0m[1m{[0m[3mid[0m[2m=[0m1[1m}[0m[2m:[0m [2mmoq_net::lite::publisher[0m[2m:[0m finished group [3msequence[0m[2m=[0m625
[2m2026-09-06T14:54:51.227960Z[0m [34mDEBUG[0m [1mconn[0m[1m{[0m[3mid[0m[2m=[0m1[1m}[0m[2m:[0m [2mmoq_net::lite::publisher[0m[2m:[0m serving group [3msubscribe[0m[2m=[0m1 [3mtrack[0m[2m=[0maudio [3msequence[0m[2m=[0m626
[2m2026-09-06T14:54:51.229530Z[0m [34mDEBUG[0m [1mconn[0m[1m{[0m[3mid[0m[2m=[0m1[1m}[0m[2m:[0m [2mmoq_net::lite::publisher[0m[2m:[0m finished group [3msequence[0m[2m=[0m626
[2m2026-09-06T14:54:51.248435Z[0m [34mDEBUG[0m [1mconn[0m[1m{[0m[3mid[0m[2m=[0m1[1m}[0m[2m:[0m [2mmoq_net::lite::publisher[0m[2m:[0m serving group [3msubscribe[0m[2m=[0m1 [3mtrack[0m[2m=[0maudio [3msequence[0m[2m=[0m627
[2m2026-09-06T14:54:51.250010Z[0m [34mDEBUG[0m [1mconn[0m[1m{[0m[3mid[0m[2m=[0m1[1m}[0m[2m:[0m [2mmoq_net::lite::publisher[0m[2m:[0m finished group [3msequence[0m[2m=[0m627
[2m2026-09-06T14:54:51.267659Z[0m [34mDEBUG[0m [1mconn[0m[1m{[0m[3mid[0m[2m=[0m1[1m}[0m[2m:[0m [2mmoq_net::lite::publisher[0m[2m:[0m serving group [3msubscribe[0m[2m=[0m1 [3mtrack[0m[2m=[0maudio [3msequence[0m[2m=[0m628
[2m2026-09-06T14:54:51.269253Z[0m [34mDEBUG[0m [1mconn[0m[1m{[0m[3mid[0m[2m=[0m1[1m}[0m[2m:[0m [2mmoq_net::lite::publisher[0m[2m:[0m finished group [3msequence[0m[2m=[0m628
[2m2026-09-06T14:54:51.288295Z[0m [34mDEBUG[0m [1mconn[0m[1m{[0m[3mid[0m[2m=[0m1[1m}[0m[2m:[0m [2mmoq_net::lite::publisher[0m[2m:[0m serving group [3msubscribe[0m[2m=[0m1 [3mtrack[0m[2m=[0maudio [3msequence[0m[2m=[0m629
[2m2026-09-06T14:54:51.290129Z[0m [34mDEBUG[0m [1mconn[0m[1m{[0m[3mid[0m[2m=[0m1[1m}[0m[2m:[0m [2mmoq_net::lite::publisher[0m[2m:[0m finished group [3msequence[0m[2m=[0m629
[2m2026-09-06T14:54:51.307671Z[0m [34mDEBUG[0m [1mconn[0m[1m{[0m[3mid[0m[2m=[0m1[1m}[0m[2m:[0m [2mmoq_net::lite::publisher[0m[2m:[0m serving group [3msubscribe[0m[2m=[0m1 [3mtrack[0m[2m=[0maudio [3msequence[0m[2m=[0m630
[2m2026-09-06T14:54:51.309248Z[0m [34mDEBUG[0m [1mconn[0m[1m{[0m[3mid[0m[2m=[0m1[1m}[0m[2m:[0m [2mmoq_net::lite::publisher[0m[2m:[0m finished group [3msequence[0m[2m=[0m630
[2m2026-09-06T14:54:51.327768Z[0m [34mDEBUG[0m [1mconn[0m[1m{[0m[3mid[0m[2m=[0m1[1m}[0m[2m:[0m [2mmoq_net::lite::publisher[0m[2m:[0m serving group [3msubscribe[0m[2m=[0m1 [3mtrack[0m[2m=[0maudio [3msequence[0m[2m=[0m631
[2m2026-09-06T14:54:51.329381Z[0m [34mDEBUG[0m [1mconn[0m[1m{[0m[3mid[0m[2m=[0m1[1m}[0m[2m:[0m [2mmoq_net::lite::publisher[0m[2m:[0m finished group [3msequence[0m[2m=[0m631
[2m2026-09-06T14:54:51.347313Z[0m [34mDEBUG[0m [1mconn[0m[1m{[0m[3mid[0m[2m=[0m1[1m}[0m[2m:[0m [2mmoq_net::lite::publisher[0m[2m:[0m serving group [3msubscribe[0m[2m=[0m1 [3mtrack[0m[2m=[0maudio [3msequence[0m[2m=[0m632
[2m2026-09-06T14:54:51.348900Z[0m [34mDEBUG[0m [1mconn[0m[1m{[0m[3mid[0m[2m=[0m1[1m}[0m[2m:[0m [2mmoq_net::lite::publisher[0m[2m:[0m finished group [3msequence[0m[2m=[0m632
[2m2026-09-06T14:54:51.367861Z[0m [34mDEBUG[0m [1mconn[0m[1m{[0m[3mid[0m[2m=[0m1[1m}[0m[2m:[0m [2mmoq_net::lite::publisher[0m[2m:[0m serving group [3msubscribe[0m[2m=[0m1 [3mtrack[0m[2m=[0maudio [3msequence[0m[2m=[0m633
[2m2026-09-06T14:54:51.369451Z[0m [34mDEBUG[0m [1mconn[0m[1m{[0m[3mid[0m[2m=[0m1[1m}[0m[2m:[0m [2mmoq_net::lite::publisher[0m[2m:[0m finished group [3msequence[0m[2m=[0m633
[2m2026-09-06T14:54:51.372267Z[0m [34mDEBUG[0m [1mws[0m[1m{[0m[3mid[0m[2m=[0m0[1m}[0m[2m:[0m [2mmoq_net::lite::publisher[0m[2m:[0m serving group [3msubscribe[0m[2m=[0m2 [3mtrack[0m[2m=[0mpublisher.json [3msequence[0m[2m=[0m21
[2m2026-09-06T14:54:51.372361Z[0m [34mDEBUG[0m [1mws[0m[1m{[0m[3mid[0m[2m=[0m0[1m}[0m[2m:[0m [2mmoq_net::lite::publisher[0m[2m:[0m serving group [3msubscribe[0m[2m=[0m1 [3mtrack[0m[2m=[0msubscriber.json [3msequence[0m[2m=[0m21
[2m2026-09-06T14:54:51.387987Z[0m [34mDEBUG[0m [1mconn[0m[1m{[0m[3mid[0m[2m=[0m1[1m}[0m[2m:[0m [2mmoq_net::lite::publisher[0m[2m:[0m serving group [3msubscribe[0m[2m=[0m1 [3mtrack[0m[2m=[0maudio [3msequence[0m[2m=[0m634
[2m2026-09-06T14:54:51.389616Z[0m [34mDEBUG[0m [1mconn[0m[1m{[0m[3mid[0m[2m=[0m1[1m}[0m[2m:[0m [2mmoq_net::lite::publisher[0m[2m:[0m finished group [3msequence[0m[2m=[0m634
[2m2026-09-06T14:54:51.407342Z[0m [34mDEBUG[0m [1mconn[0m[1m{[0m[3mid[0m[2m=[0m1[1m}[0m[2m:[0m [2mmoq_net::lite::publisher[0m[2m:[0m serving group [3msubscribe[0m[2m=[0m1 [3mtrack[0m[2m=[0maudio [3msequence[0m[2m=[0m635
[2m2026-09-06T14:54:51.408834Z[0m [34mDEBUG[0m [1mconn[0m[1m{[0m[3mid[0m[2m=[0m1[1m}[0m[2m:[0m [2mmoq_net::lite::publisher[0m[2m:[0m finished group [3msequence[0m[2m=[0m635
[2m2026-09-06T14:54:51.427387Z[0m [34mDEBUG[0m [1mconn[0m[1m{[0m[3mid[0m[2m=[0m1[1m}[0m[2m:[0m [2mmoq_net::lite::publisher[0m[2m:[0m serving group [3msubscribe[0m[2m=[0m1 [3mtrack[0m[2m=[0maudio [3msequence[0m[2m=[0m636
[2m2026-09-06T14:54:51.428922Z[0m [34mDEBUG[0m [1mconn[0m[1m{[0m[3mid[0m[2m=[0m1[1m}[0m[2m:[0m [2mmoq_net::lite::publisher[0m[2m:[0m finished group [3msequence[0m[2m=[0m636
[2m2026-09-06T14:54:51.447466Z[0m [34mDEBUG[0m [1mconn[0m[1m{[0m[3mid[0m[2m=[0m1[1m}[0m[2m:[0m [2mmoq_net::lite::publisher[0m[2m:[0m serving group [3msubscribe[0m[2m=[0m1 [3mtrack[0m[2m=[0maudio [3msequence[0m[2m=[0m637
[2m2026-09-06T14:54:51.447753Z[0m [34mDEBUG[0m [1mconn[0m[1m{[0m[3mid[0m[2m=[0m1[1m}[0m[2m:[0m [2mmoq_net::lite::publisher[0m[2m:[0m finished group [3msequence[0m[2m=[0m637
[2m2026-09-06T14:54:51.468455Z[0m [34mDEBUG[0m [1mconn[0m[1m{[0m[3mid[0m[2m=[0m1[1m}[0m[2m:[0m [2mmoq_net::lite::publisher[0m[2m:[0m serving group [3msubscribe[0m[2m=[0m1 [3mtrack[0m[2m=[0maudio [3msequence[0m[2m=[0m638
[2m2026-09-06T14:54:51.470019Z[0m [34mDEBUG[0m [1mconn[0m[1m{[0m[3mid[0m[2m=[0m1[1m}[0m[2m:[0m [2mmoq_net::lite::publisher[0m[2m:[0m finished group [3msequence[0m[2m=[0m638
[2m2026-09-06T14:54:51.548131Z[0m [34mDEBUG[0m [1mconn[0m[1m{[0m[3mid[0m[2m=[0m1[1m}[0m[2m:[0m [2mmoq_net::lite::publisher[0m[2m:[0m serving group [3msubscribe[0m[2m=[0m1 [3mtrack[0m[2m=[0maudio [3msequence[0m[2m=[0m639
[2m2026-09-06T14:54:51.549773Z[0m [34mDEBUG[0m [1mconn[0m[1m{[0m[3mid[0m[2m=[0m1[1m}[0m[2m:[0m [2mmoq_net::lite::publisher[0m[2m:[0m finished group [3msequence[0m[2m=[0m639
[2m2026-09-06T14:54:51.568036Z[0m [34mDEBUG[0m [1mconn[0m[1m{[0m[3mid[0m[2m=[0m1[1m}[0m[2m:[0m [2mmoq_net::lite::publisher[0m[2m:[0m serving group [3msubscribe[0m[2m=[0m1 [3mtrack[0m[2m=[0maudio [3msequence[0m[2m=[0m640
[2m2026-09-06T14:54:51.569739Z[0m [34mDEBUG[0m [1mconn[0m[1m{[0m[3mid[0m[2m=[0m1[1m}[0m[2m:[0m [2mmoq_net::lite::publisher[0m[2m:[0m finished group [3msequence[0m[2m=[0m640
[2m2026-09-06T14:54:51.588652Z[0m [34mDEBUG[0m [1mconn[0m[1m{[0m[3mid[0m[2m=[0m1[1m}[0m[2m:[0m [2mmoq_net::lite::publisher[0m[2m:[0m serving group [3msubscribe[0m[2m=[0m1 [3mtrack[0m[2m=[0maudio [3msequence[0m[2m=[0m641
[2m2026-09-06T14:54:51.590340Z[0m [34mDEBUG[0m [1mconn[0m[1m{[0m[3mid[0m[2m=[0m1[1m}[0m[2m:[0m [2mmoq_net::lite::publisher[0m[2m:[0m finished group [3msequence[0m[2m=[0m641
[2m2026-09-06T14:54:51.607620Z[0m [34mDEBUG[0m [1mconn[0m[1m{[0m[3mid[0m[2m=[0m1[1m}[0m[2m:[0m [2mmoq_net::lite::publisher[0m[2m:[0m serving group [3msubscribe[0m[2m=[0m1 [3mtrack[0m[2m=[0maudio [3msequence[0m[2m=[0m642
[2m2026-09-06T14:54:51.609455Z[0m [34mDEBUG[0m [1mconn[0m[1m{[0m[3mid[0m[2m=[0m1[1m}[0m[2m:[0m [2mmoq_net::lite::publisher[0m[2m:[0m finished group [3msequence[0m[2m=[0m642
[2m2026-09-06T14:54:51.627815Z[0m [34mDEBUG[0m [1mconn[0m[1m{[0m[3mid[0m[2m=[0m1[1m}[0m[2m:[0m [2mmoq_net::lite::publisher[0m[2m:[0m serving group [3msubscribe[0m[2m=[0m1 [3mtrack[0m[2m=[0maudio [3msequence[0m[2m=[0m643
[2m2026-09-06T14:54:51.629400Z[0m [34mDEBUG[0m [1mconn[0m[1m{[0m[3mid[0m[2m=[0m1[1m}[0m[2m:[0m [2mmoq_net::lite::publisher[0m[2m:[0m finished group [3msequence[0m[2m=[0m643
[2m2026-09-06T14:54:51.647640Z[0m [34mDEBUG[0m [1mconn[0m[1m{[0m[3mid[0m[2m=[0m1[1m}[0m[2m:[0m [2mmoq_net::lite::publisher[0m[2m:[0m serving group [3msubscribe[0m[2m=[0m1 [3mtrack[0m[2m=[0maudio [3msequence[0m[2m=[0m644
[2m2026-09-06T14:54:51.649248Z[0m [34mDEBUG[0m [1mconn[0m[1m{[0m[3mid[0m[2m=[0m1[1m}[0m[2m:[0m [2mmoq_net::lite::publisher[0m[2m:[0m finished group [3msequence[0m[2m=[0m644
[2m2026-09-06T14:54:51.667663Z[0m [34mDEBUG[0m [1mconn[0m[1m{[0m[3mid[0m[2m=[0m1[1m}[0m[2m:[0m [2mmoq_net::lite::publisher[0m[2m:[0m serving group [3msubscribe[0m[2m=[0m1 [3mtrack[0m[2m=[0maudio [3msequence[0m[2m=[0m645
[2m2026-09-06T14:54:51.669208Z[0m [34mDEBUG[0m [1mconn[0m[1m{[0m[3mid[0m[2m=[0m1[1m}[0m[2m:[0m [2mmoq_net::lite::publisher[0m[2m:[0m finished group [3msequence[0m[2m=[0m645
[2m2026-09-06T14:54:51.687626Z[0m [34mDEBUG[0m [1mconn[0m[1m{[0m[3mid[0m[2m=[0m1[1m}[0m[2m:[0m [2mmoq_net::lite::publisher[0m[2m:[0m serving group [3msubscribe[0m[2m=[0m1 [3mtrack[0m[2m=[0maudio [3msequence[0m[2m=[0m646
[2m2026-09-06T14:54:51.689672Z[0m [34mDEBUG[0m [1mconn[0m[1m{[0m[3mid[0m[2m=[0m1[1m}[0m[2m:[0m [2mmoq_net::lite::publisher[0m[2m:[0m finished group [3msequence[0m[2m=[0m646
[2m2026-09-06T14:54:51.707562Z[0m [34mDEBUG[0m [1mconn[0m[1m{[0m[3mid[0m[2m=[0m1[1m}[0m[2m:[0m [2mmoq_net::lite::publisher[0m[2m:[0m serving group [3msubscribe[0m[2m=[0m1 [3mtrack[0m[2m=[0maudio [3msequence[0m[2m=[0m647
[2m2026-09-06T14:54:51.709196Z[0m [34mDEBUG[0m [1mconn[0m[1m{[0m[3mid[0m[2m=[0m1[1m}[0m[2m:[0m [2mmoq_net::lite::publisher[0m[2m:[0m finished group [3msequence[0m[2m=[0m647
[2m2026-09-06T14:54:51.727453Z[0m [34mDEBUG[0m [1mconn[0m[1m{[0m[3mid[0m[2m=[0m1[1m}[0m[2m:[0m [2mmoq_net::lite::publisher[0m[2m:[0m serving group [3msubscribe[0m[2m=[0m1 [3mtrack[0m[2m=[0maudio [3msequence[0m[2m=[0m648
[2m2026-09-06T14:54:51.728958Z[0m [34mDEBUG[0m [1mconn[0m[1m{[0m[3mid[0m[2m=[0m1[1m}[0m[2m:[0m [2mmoq_net::lite::publisher[0m[2m:[0m finished group [3msequence[0m[2m=[0m648
[2m2026-09-06T14:54:51.747683Z[0m [34mDEBUG[0m [1mconn[0m[1m{[0m[3mid[0m[2m=[0m1[1m}[0m[2m:[0m [2mmoq_net::lite::publisher[0m[2m:[0m serving group [3msubscribe[0m[2m=[0m1 [3mtrack[0m[2m=[0maudio [3msequence[0m[2m=[0m649
[2m2026-09-06T14:54:51.749290Z[0m [34mDEBUG[0m [1mconn[0m[1m{[0m[3mid[0m[2m=[0m1[1m}[0m[2m:[0m [2mmoq_net::lite::publisher[0m[2m:[0m finished group [3msequence[0m[2m=[0m649
[2m2026-09-06T14:54:51.767532Z[0m [34mDEBUG[0m [1mconn[0m[1m{[0m[3mid[0m[2m=[0m1[1m}[0m[2m:[0m [2mmoq_net::lite::publisher[0m[2m:[0m serving group [3msubscribe[0m[2m=[0m1 [3mtrack[0m[2m=[0maudio [3msequence[0m[2m=[0m650
[2m2026-09-06T14:54:51.769111Z[0m [34mDEBUG[0m [1mconn[0m[1m{[0m[3mid[0m[2m=[0m1[1m}[0m[2m:[0m [2mmoq_net::lite::publisher[0m[2m:[0m finished group [3msequence[0m[2m=[0m650
[2m2026-09-06T14:54:51.788327Z[0m [34mDEBUG[0m [1mconn[0m[1m{[0m[3mid[0m[2m=[0m1[1m}[0m[2m:[0m [2mmoq_net::lite::publisher[0m[2m:[0m serving group [3msubscribe[0m[2m=[0m1 [3mtrack[0m[2m=[0maudio [3msequence[0m[2m=[0m651
[2m2026-09-06T14:54:51.790218Z[0m [34mDEBUG[0m [1mconn[0m[1m{[0m[3mid[0m[2m=[0m1[1m}[0m[2m:[0m [2mmoq_net::lite::publisher[0m[2m:[0m finished group [3msequence[0m[2m=[0m651
[2m2026-09-06T14:54:51.807624Z[0m [34mDEBUG[0m [1mconn[0m[1m{[0m[3mid[0m[2m=[0m1[1m}[0m[2m:[0m [2mmoq_net::lite::publisher[0m[2m:[0m serving group [3msubscribe[0m[2m=[0m1 [3mtrack[0m[2m=[0maudio [3msequence[0m[2m=[0m652
[2m2026-09-06T14:54:51.809494Z[0m [34mDEBUG[0m [1mconn[0m[1m{[0m[3mid[0m[2m=[0m1[1m}[0m[2m:[0m [2mmoq_net::lite::publisher[0m[2m:[0m finished group [3msequence[0m[2m=[0m652
[2m2026-09-06T14:54:51.828311Z[0m [34mDEBUG[0m [1mconn[0m[1m{[0m[3mid[0m[2m=[0m1[1m}[0m[2m:[0m [2mmoq_net::lite::publisher[0m[2m:[0m serving group [3msubscribe[0m[2m=[0m1 [3mtrack[0m[2m=[0maudio [3msequence[0m[2m=[0m653
[2m2026-09-06T14:54:51.829830Z[0m [34mDEBUG[0m [1mconn[0m[1m{[0m[3mid[0m[2m=[0m1[1m}[0m[2m:[0m [2mmoq_net::lite::publisher[0m[2m:[0m finished group [3msequence[0m[2m=[0m653
[2m2026-09-06T14:54:51.848304Z[0m [34mDEBUG[0m [1mconn[0m[1m{[0m[3mid[0m[2m=[0m1[1m}[0m[2m:[0m [2mmoq_net::lite::publisher[0m[2m:[0m serving group [3msubscribe[0m[2m=[0m1 [3mtrack[0m[2m=[0maudio [3msequence[0m[2m=[0m654
[2m2026-09-06T14:54:51.849810Z[0m [34mDEBUG[0m [1mconn[0m[1m{[0m[3mid[0m[2m=[0m1[1m}[0m[2m:[0m [2mmoq_net::lite::publisher[0m[2m:[0m finished group [3msequence[0m[2m=[0m654
[2m2026-09-06T14:54:51.867704Z[0m [34mDEBUG[0m [1mconn[0m[1m{[0m[3mid[0m[2m=[0m1[1m}[0m[2m:[0m [2mmoq_net::lite::publisher[0m[2m:[0m serving group [3msubscribe[0m[2m=[0m1 [3mtrack[0m[2m=[0maudio [3msequence[0m[2m=[0m655
[2m2026-09-06T14:54:51.869314Z[0m [34mDEBUG[0m [1mconn[0m[1m{[0m[3mid[0m[2m=[0m1[1m}[0m[2m:[0m [2mmoq_net::lite::publisher[0m[2m:[0m finished group [3msequence[0m[2m=[0m655
[2m2026-09-06T14:54:51.887585Z[0m [34mDEBUG[0m [1mconn[0m[1m{[0m[3mid[0m[2m=[0m1[1m}[0m[2m:[0m [2mmoq_net::lite::publisher[0m[2m:[0m serving group [3msubscribe[0m[2m=[0m1 [3mtrack[0m[2m=[0maudio [3msequence[0m[2m=[0m656
[2m2026-09-06T14:54:51.889640Z[0m [34mDEBUG[0m [1mconn[0m[1m{[0m[3mid[0m[2m=[0m1[1m}[0m[2m:[0m [2mmoq_net::lite::publisher[0m[2m:[0m finished group [3msequence[0m[2m=[0m656
[2m2026-09-06T14:54:51.907798Z[0m [34mDEBUG[0m [1mconn[0m[1m{[0m[3mid[0m[2m=[0m1[1m}[0m[2m:[0m [2mmoq_net::lite::publisher[0m[2m:[0m serving group [3msubscribe[0m[2m=[0m1 [3mtrack[0m[2m=[0maudio [3msequence[0m[2m=[0m657
[2m2026-09-06T14:54:51.909588Z[0m [34mDEBUG[0m [1mconn[0m[1m{[0m[3mid[0m[2m=[0m1[1m}[0m[2m:[0m [2mmoq_net::lite::publisher[0m[2m:[0m finished group [3msequence[0m[2m=[0m657
[2m2026-09-06T14:54:52.027995Z[0m [34mDEBUG[0m [1mconn[0m[1m{[0m[3mid[0m[2m=[0m1[1m}[0m[2m:[0m [2mmoq_net::lite::publisher[0m[2m:[0m serving group [3msubscribe[0m[2m=[0m1 [3mtrack[0m[2m=[0maudio [3msequence[0m[2m=[0m658
[2m2026-09-06T14:54:52.029576Z[0m [34mDEBUG[0m [1mconn[0m[1m{[0m[3mid[0m[2m=[0m1[1m}[0m[2m:[0m [2mmoq_net::lite::publisher[0m[2m:[0m finished group [3msequence[0m[2m=[0m658
[2m2026-09-06T14:54:52.042526Z[0m [34mDEBUG[0m [1mconn[0m[1m{[0m[3mid[0m[2m=[0m1[1m}[0m[2m:[0m [2mmoq_net::lite::publisher[0m[2m:[0m serving group [3msubscribe[0m[2m=[0m2 [3mtrack[0m[2m=[0mvideo [3msequence[0m[2m=[0m10
[2m2026-09-06T14:54:52.044009Z[0m [34mDEBUG[0m [1mconn[0m[1m{[0m[3mid[0m[2m=[0m1[1m}[0m[2m:[0m [2mmoq_net::lite::publisher[0m[2m:[0m finished group [3msequence[0m[2m=[0m9
[2m2026-09-06T14:54:52.047502Z[0m [34mDEBUG[0m [1mconn[0m[1m{[0m[3mid[0m[2m=[0m1[1m}[0m[2m:[0m [2mmoq_net::lite::publisher[0m[2m:[0m serving group [3msubscribe[0m[2m=[0m1 [3mtrack[0m[2m=[0maudio [3msequence[0m[2m=[0m659
[2m2026-09-06T14:54:52.049092Z[0m [34mDEBUG[0m [1mconn[0m[1m{[0m[3mid[0m[2m=[0m1[1m}[0m[2m:[0m [2mmoq_net::lite::publisher[0m[2m:[0m finished group [3msequence[0m[2m=[0m659
[2m2026-09-06T14:54:52.067704Z[0m [34mDEBUG[0m [1mconn[0m[1m{[0m[3mid[0m[2m=[0m1[1m}[0m[2m:[0m [2mmoq_net::lite::publisher[0m[2m:[0m serving group [3msubscribe[0m[2m=[0m1 [3mtrack[0m[2m=[0maudio [3msequence[0m[2m=[0m660
[2m2026-09-06T14:54:52.069314Z[0m [34mDEBUG[0m [1mconn[0m[1m{[0m[3mid[0m[2m=[0m1[1m}[0m[2m:[0m [2mmoq_net::lite::publisher[0m[2m:[0m finished group [3msequence[0m[2m=[0m660
[2m2026-09-06T14:54:52.087836Z[0m [34mDEBUG[0m [1mconn[0m[1m{[0m[3mid[0m[2m=[0m1[1m}[0m[2m:[0m [2mmoq_net::lite::publisher[0m[2m:[0m serving group [3msubscribe[0m[2m=[0m1 [3mtrack[0m[2m=[0maudio [3msequence[0m[2m=[0m661
[2m2026-09-06T14:54:52.089633Z[0m [34mDEBUG[0m [1mconn[0m[1m{[0m[3mid[0m[2m=[0m1[1m}[0m[2m:[0m [2mmoq_net::lite::publisher[0m[2m:[0m finished group [3msequence[0m[2m=[0m661
[2m2026-09-06T14:54:52.107874Z[0m [34mDEBUG[0m [1mconn[0m[1m{[0m[3mid[0m[2m=[0m1[1m}[0m[2m:[0m [2mmoq_net::lite::publisher[0m[2m:[0m serving group [3msubscribe[0m[2m=[0m1 [3mtrack[0m[2m=[0maudio [3msequence[0m[2m=[0m662
[2m2026-09-06T14:54:52.109508Z[0m [34mDEBUG[0m [1mconn[0m[1m{[0m[3mid[0m[2m=[0m1[1m}[0m[2m:[0m [2mmoq_net::lite::publisher[0m[2m:[0m finished group [3msequence[0m[2m=[0m662
[2m2026-09-06T14:54:52.127350Z[0m [34mDEBUG[0m [1mconn[0m[1m{[0m[3mid[0m[2m=[0m1[1m}[0m[2m:[0m [2mmoq_net::lite::publisher[0m[2m:[0m serving group [3msubscribe[0m[2m=[0m1 [3mtrack[0m[2m=[0maudio [3msequence[0m[2m=[0m663
[2m2026-09-06T14:54:52.128969Z[0m [34mDEBUG[0m [1mconn[0m[1m{[0m[3mid[0m[2m=[0m1[1m}[0m[2m:[0m [2mmoq_net::lite::publisher[0m[2m:[0m finished group [3msequence[0m[2m=[0m663
[2m2026-09-06T14:54:52.148404Z[0m [34mDEBUG[0m [1mconn[0m[1m{[0m[3mid[0m[2m=[0m1[1m}[0m[2m:[0m [2mmoq_net::lite::publisher[0m[2m:[0m serving group [3msubscribe[0m[2m=[0m1 [3mtrack[0m[2m=[0maudio [3msequence[0m[2m=[0m664
[2m2026-09-06T14:54:52.149976Z[0m [34mDEBUG[0m [1mconn[0m[1m{[0m[3mid[0m[2m=[0m1[1m}[0m[2m:[0m [2mmoq_net::lite::publisher[0m[2m:[0m finished group [3msequence[0m[2m=[0m664
[2m2026-09-06T14:54:52.167737Z[0m [34mDEBUG[0m [1mconn[0m[1m{[0m[3mid[0m[2m=[0m1[1m}[0m[2m:[0m [2mmoq_net::lite::publisher[0m[2m:[0m serving group [3msubscribe[0m[2m=[0m1 [3mtrack[0m[2m=[0maudio [3msequence[0m[2m=[0m665
[2m2026-09-06T14:54:52.169338Z[0m [34mDEBUG[0m [1mconn[0m[1m{[0m[3mid[0m[2m=[0m1[1m}[0m[2m:[0m [2mmoq_net::lite::publisher[0m[2m:[0m finished group [3msequence[0m[2m=[0m665
[2m2026-09-06T14:54:52.188907Z[0m [34mDEBUG[0m [1mconn[0m[1m{[0m[3mid[0m[2m=[0m1[1m}[0m[2m:[0m [2mmoq_net::lite::publisher[0m[2m:[0m serving group [3msubscribe[0m[2m=[0m1 [3mtrack[0m[2m=[0maudio [3msequence[0m[2m=[0m666
[2m2026-09-06T14:54:52.190871Z[0m [34mDEBUG[0m [1mconn[0m[1m{[0m[3mid[0m[2m=[0m1[1m}[0m[2m:[0m [2mmoq_net::lite::publisher[0m[2m:[0m finished group [3msequence[0m[2m=[0m666
[2m2026-09-06T14:54:52.208139Z[0m [34mDEBUG[0m [1mconn[0m[1m{[0m[3mid[0m[2m=[0m1[1m}[0m[2m:[0m [2mmoq_net::lite::publisher[0m[2m:[0m serving group [3msubscribe[0m[2m=[0m1 [3mtrack[0m[2m=[0maudio [3msequence[0m[2m=[0m667
[2m2026-09-06T14:54:52.209704Z[0m [34mDEBUG[0m [1mconn[0m[1m{[0m[3mid[0m[2m=[0m1[1m}[0m[2m:[0m [2mmoq_net::lite::publisher[0m[2m:[0m finished group [3msequence[0m[2m=[0m667
[2m2026-09-06T14:54:52.221539Z[0m [34mDEBUG[0m [1mconn[0m[1m{[0m[3mid[0m[2m=[0m1[1m}[0m[2m:[0m [2mmoq_net::lite::publisher[0m[2m:[0m announcing cancelled [3mprefix[0m[2m=[0m
[2m2026-09-06T14:54:52.221688Z[0m [33m WARN[0m [1mconn[0m[1m{[0m[3mid[0m[2m=[0m1[1m}[0m[2m:[0m [2mmoq_net::lite::publisher[0m[2m:[0m probe stream error [3merr[0m[2m=[0mcancelled
[2m2026-09-06T14:54:52.221813Z[0m [32m INFO[0m [1mconn[0m[1m{[0m[3mid[0m[2m=[0m1[1m}[0m[2m:[0m [2mmoq_net::lite::publisher[0m[2m:[0m subscribed cancelled [3mid[0m[2m=[0m0 [3mbroadcast[0m[2m=[0mrt/p1-focus-pub.hang [3mtrack[0m[2m=[0mcatalog.json
[2m2026-09-06T14:54:52.221991Z[0m [32m INFO[0m [1mconn[0m[1m{[0m[3mid[0m[2m=[0m0[1m}[0m[2m:[0m [2mmoq_net::lite::subscriber[0m[2m:[0m subscribe canceled (idle) [3mtrack[0m[2m=[0mcatalog.json
[2m2026-09-06T14:54:52.221986Z[0m [32m INFO[0m [1mconn[0m[1m{[0m[3mid[0m[2m=[0m1[1m}[0m[2m:[0m [2mmoq_net::lite::publisher[0m[2m:[0m subscribed cancelled [3mid[0m[2m=[0m1 [3mbroadcast[0m[2m=[0mrt/p1-focus-pub.hang [3mtrack[0m[2m=[0maudio
[2m2026-09-06T14:54:52.222106Z[0m [32m INFO[0m [1mconn[0m[1m{[0m[3mid[0m[2m=[0m1[1m}[0m[2m:[0m [2mmoq_net::lite::publisher[0m[2m:[0m subscribed cancelled [3mid[0m[2m=[0m2 [3mbroadcast[0m[2m=[0mrt/p1-focus-pub.hang [3mtrack[0m[2m=[0mvideo
[2m2026-09-06T14:54:52.222128Z[0m [32m INFO[0m [1mconn[0m[1m{[0m[3mid[0m[2m=[0m0[1m}[0m[2m:[0m [2mmoq_net::lite::subscriber[0m[2m:[0m subscribe canceled (idle) [3mtrack[0m[2m=[0maudio
[2m2026-09-06T14:54:52.222259Z[0m [32m INFO[0m [1mconn[0m[1m{[0m[3mid[0m[2m=[0m0[1m}[0m[2m:[0m [2mmoq_net::lite::subscriber[0m[2m:[0m subscribe canceled (idle) [3mtrack[0m[2m=[0mvideo
[2m2026-09-06T14:54:52.222002Z[0m [33m WARN[0m [2mmoq_relay::relay[0m[2m:[0m connection closed [3merr[0m[2m=[0mcancelled
[2m2026-09-06T14:54:52.222321Z[0m [33m WARN[0m [1mconn[0m[1m{[0m[3mid[0m[2m=[0m1[1m}[0m[2m:[0m [2mmoq_net::lite::session[0m[2m:[0m session error [3merr[0m[2m=[0mcancelled
[2m2026-09-06T14:54:52.230776Z[0m [34mDEBUG[0m [1mconn[0m[1m{[0m[3mid[0m[2m=[0m0[1m}[0m[2m:[0m [2mmoq_net::lite::subscriber[0m[2m:[0m group error [3merr[0m[2m=[0mremote error: code=0 [3mgroup[0m[2m=[0m10
[2m2026-09-06T14:54:52.372246Z[0m [34mDEBUG[0m [1mws[0m[1m{[0m[3mid[0m[2m=[0m0[1m}[0m[2m:[0m [2mmoq_net::lite::publisher[0m[2m:[0m serving group [3msubscribe[0m[2m=[0m2 [3mtrack[0m[2m=[0mpublisher.json [3msequence[0m[2m=[0m22
[2m2026-09-06T14:54:52.372507Z[0m [34mDEBUG[0m [1mws[0m[1m{[0m[3mid[0m[2m=[0m0[1m}[0m[2m:[0m [2mmoq_net::lite::publisher[0m[2m:[0m serving group [3msubscribe[0m[2m=[0m1 [3mtrack[0m[2m=[0msubscriber.json [3msequence[0m[2m=[0m22
[2m2026-09-06T14:54:52.372629Z[0m [34mDEBUG[0m [1mws[0m[1m{[0m[3mid[0m[2m=[0m0[1m}[0m[2m:[0m [2mmoq_net::lite::publisher[0m[2m:[0m serving group [3msubscribe[0m[2m=[0m0 [3mtrack[0m[2m=[0msessions.json [3msequence[0m[2m=[0m4
[2m2026-09-06T14:54:55.222654Z[0m [32m INFO[0m [2mmoq_relay::relay[0m[2m:[0m shutdown signal received; draining sessions (signal again to exit immediately) [3mwindow[0m[2m=[0m10s
[2m2026-09-06T14:54:55.222740Z[0m [32m INFO[0m [1mconn[0m[1m{[0m[3mid[0m[2m=[0m0[1m}[0m[2m:[0m [2mmoq_relay::connection[0m[2m:[0m relay shutting down; draining session
[2m2026-09-06T14:54:55.222782Z[0m [32m INFO[0m [1mws[0m[1m{[0m[3mid[0m[2m=[0m0[1m}[0m[2m:[0m [2mmoq_relay::websocket[0m[2m:[0m relay shutting down; draining session
[2m2026-09-06T14:54:55.223276Z[0m [33m WARN[0m [1mws[0m[1m{[0m[3mid[0m[2m=[0m0[1m}[0m[2m:[0m [2mmoq_net::lite::session[0m[2m:[0m failed to send goaway [3merr[0m[2m=[0mtransport: connection closed
[2m2026-09-06T14:54:55.223295Z[0m [33m WARN[0m [1mconn[0m[1m{[0m[3mid[0m[2m=[0m0[1m}[0m[2m:[0m [2mmoq_net::lite::session[0m[2m:[0m failed to send goaway [3merr[0m[2m=[0mcancelled
[2m2026-09-06T14:54:55.223417Z[0m [34mDEBUG[0m [1mconn[0m[1m{[0m[3mid[0m[2m=[0m0[1m}[0m[2m:[0m [2mmoq_net::lite::publisher[0m[2m:[0m announcing cancelled [3mprefix[0m[2m=[0m
[2m2026-09-06T14:54:55.223476Z[0m [33m WARN[0m [1mconn[0m[1m{[0m[3mid[0m[2m=[0m0[1m}[0m[2m:[0m [2mmoq_net::lite::publisher[0m[2m:[0m probe stream error [3merr[0m[2m=[0mcancelled
[2m2026-09-06T14:54:55.223517Z[0m [33m WARN[0m [1mconn[0m[1m{[0m[3mid[0m[2m=[0m0[1m}[0m[2m:[0m [2mmoq_net::lite::session[0m[2m:[0m session error [3merr[0m[2m=[0mcancelled
[2m2026-09-06T14:54:55.223632Z[0m [33m WARN[0m [1mconn[0m[1m{[0m[3mid[0m[2m=[0m0[1m}[0m[2m:[0m [2mmoq_net::model::track[0m[2m:[0m track::Producer dropped without finish() or abort() [3mtrack[0m[2m=[0mcatalog.json
[2m2026-09-06T14:54:55.223647Z[0m [34mDEBUG[0m [1mws[0m[1m{[0m[3mid[0m[2m=[0m0[1m}[0m[2m:[0m [2mmoq_net::lite::publisher[0m[2m:[0m unannounce [3mroute[0m[2m=[0mrt/p1-focus-pub.hang
[2m2026-09-06T14:54:55.223666Z[0m [33m WARN[0m [1mconn[0m[1m{[0m[3mid[0m[2m=[0m0[1m}[0m[2m:[0m [2mmoq_net::model::track[0m[2m:[0m track::Producer dropped without finish() or abort() [3mtrack[0m[2m=[0mvideo
[2m2026-09-06T14:54:55.223923Z[0m [33m WARN[0m [1mconn[0m[1m{[0m[3mid[0m[2m=[0m0[1m}[0m[2m:[0m [2mmoq_net::model::track[0m[2m:[0m track::Producer dropped without finish() or abort() [3mtrack[0m[2m=[0maudio
[2m2026-09-06T14:54:55.372318Z[0m [34mDEBUG[0m [1mws[0m[1m{[0m[3mid[0m[2m=[0m0[1m}[0m[2m:[0m [2mmoq_net::lite::publisher[0m[2m:[0m serving group [3msubscribe[0m[2m=[0m2 [3mtrack[0m[2m=[0mpublisher.json [3msequence[0m[2m=[0m23
[2m2026-09-06T14:54:55.372507Z[0m [34mDEBUG[0m [1mws[0m[1m{[0m[3mid[0m[2m=[0m0[1m}[0m[2m:[0m [2mmoq_net::lite::publisher[0m[2m:[0m serving group [3msubscribe[0m[2m=[0m1 [3mtrack[0m[2m=[0msubscriber.json [3msequence[0m[2m=[0m23
[2m2026-09-06T14:54:55.372574Z[0m [34mDEBUG[0m [1mws[0m[1m{[0m[3mid[0m[2m=[0m0[1m}[0m[2m:[0m [2mmoq_net::lite::publisher[0m[2m:[0m serving group [3msubscribe[0m[2m=[0m0 [3mtrack[0m[2m=[0msessions.json [3msequence[0m[2m=[0m5
[2m2026-09-06T14:54:56.373842Z[0m [34mDEBUG[0m [1mws[0m[1m{[0m[3mid[0m[2m=[0m0[1m}[0m[2m:[0m [2mmoq_net::lite::publisher[0m[2m:[0m serving group [3msubscribe[0m[2m=[0m2 [3mtrack[0m[2m=[0mpublisher.json [3msequence[0m[2m=[0m24
[2m2026-09-06T14:54:56.374244Z[0m [34mDEBUG[0m [1mws[0m[1m{[0m[3mid[0m[2m=[0m0[1m}[0m[2m:[0m [2mmoq_net::lite::publisher[0m[2m:[0m serving group [3msubscribe[0m[2m=[0m1 [3mtrack[0m[2m=[0msubscriber.json [3msequence[0m[2m=[0m24
[2m2026-09-06T14:55:05.224873Z[0m [33m WARN[0m [1mws[0m[1m{[0m[3mid[0m[2m=[0m0[1m}[0m[2m:[0m [2mmoq_net::goaway[0m[2m:[0m peer did not leave before the GOAWAY deadline; closing [3mtimeout[0m[2m=[0m10s
[2m2026-09-06T14:55:05.225185Z[0m [32m INFO[0m [1mws[0m[1m{[0m[3mid[0m[2m=[0m0[1m}[0m[2m:[0m [2mmoq_net::lite::session[0m[2m:[0m session terminated
[2m2026-09-06T14:55:05.225457Z[0m [31mERROR[0m [1mws[0m[1m{[0m[3mid[0m[2m=[0m0[1m}[0m[2m:[0m [2mmoq_relay::websocket[0m[2m:[0m [3merror[0m[2m=[0mtransport: connection closed
[2m2026-09-06T14:55:06.224906Z[0m [32m INFO[0m [2mmoq_relay::relay[0m[2m:[0m drain window elapsed; exiting
[2m2026-09-06T14:55:06.226217Z[0m [33m WARN[0m [2mmoq_net::model::broadcast[0m[2m:[0m broadcast::Producer dropped without finish(). Keep the producer alive while publishing, then call finish().
[2m2026-09-06T14:55:06.226285Z[0m [33m WARN[0m [2mmoq_net::model::track[0m[2m:[0m track::Producer dropped without finish() or abort() [3mtrack[0m[2m=[0mpublisher.json
[2m2026-09-06T14:55:06.226527Z[0m [33m WARN[0m [2mmoq_net::model::track[0m[2m:[0m track::Producer dropped without finish() or abort() [3mtrack[0m[2m=[0mpublisher.json.z
[2m2026-09-06T14:55:06.226591Z[0m [33m WARN[0m [2mmoq_net::model::group[0m[2m:[0m group::Producer dropped without finish() or abort() [3msequence[0m[2m=[0m1
[2m2026-09-06T14:55:06.226642Z[0m [33m WARN[0m [2mmoq_net::model::track[0m[2m:[0m track::Producer dropped without finish() or abort() [3mtrack[0m[2m=[0msubscriber.json
[2m2026-09-06T14:55:06.226807Z[0m [33m WARN[0m [2mmoq_net::model::track[0m[2m:[0m track::Producer dropped without finish() or abort() [3mtrack[0m[2m=[0msubscriber.json.z
[2m2026-09-06T14:55:06.226840Z[0m [33m WARN[0m [2mmoq_net::model::group[0m[2m:[0m group::Producer dropped without finish() or abort() [3msequence[0m[2m=[0m1
[2m2026-09-06T14:55:06.226877Z[0m [33m WARN[0m [2mmoq_net::model::track[0m[2m:[0m track::Producer dropped without finish() or abort() [3mtrack[0m[2m=[0msessions.json
[2m2026-09-06T14:55:06.226923Z[0m [33m WARN[0m [2mmoq_net::model::track[0m[2m:[0m track::Producer dropped without finish() or abort() [3mtrack[0m[2m=[0msessions.json.z
[2m2026-09-06T14:55:06.226951Z[0m [33m WARN[0m [2mmoq_net::model::group[0m[2m:[0m group::Producer dropped without finish() or abort() [3msequence[0m[2m=[0m1
