(!) Your Vite config uses features that are unsupported by `configLoader: 'native'`, which is planned to become the default in a future major version of Vite:
  - `__dirname` (vite.config.ts:12:18). Use `import.meta.dirname` instead
  - import "../../js/common/vite-plugin-isolate" without a file extension (vite.config.ts:5:38). Add the file extension
  - import "../../js/common/vite-plugin-worklet" without a file extension (vite.config.ts:6:31). Add the file extension
  - import "./console-overlay" without a file extension (vite.config.ts:7:32). Add the file extension
  - import "./open-tabs" without a file extension (vite.config.ts:8:26). Add the file extension
Set `VITE_CONFIG_NATIVE_IGNORE_WARNING=true` to suppress this warning.

  VITE v8.2.2  ready in 342 ms

  ➜  Local:   http://localhost:5175/
  ➜  Network: use --host to expose
1:42:03 PM [vite] (client) [console.warn] [audio] SharedArrayBuffer unavailable, falling back to the higher latency postMessage audio buffer. Serve the page cross-origin isolated (Cross-Origin-Opener-Policy: same-origin, Cross-Origin-Embedder-Policy: require-corp) to avoid this.
1:42:03 PM [vite] (client) [console.warn] skipping slow group: track=0.aac 28517417 -> 28517419
1:42:03 PM [vite] (client) [console.warn] skipping slow group: track=0.aac 28517419 -> 28517420
1:42:03 PM [vite] (client) [console.warn] skipping slow group: track=0.aac 28517420 -> 28517421
1:42:03 PM [vite] (client) [console.warn] skipping slow group: track=0.aac 28517421 -> 28517422
1:42:04 PM [vite] (client) [console.warn] skipping slow group: track=0.aac 28517433 -> 28517434
1:42:04 PM [vite] (client) [console.warn] skipping slow group: track=0.aac 28517434 -> 28517435
1:42:04 PM [vite] (client) [console.warn] skipping slow group: track=0.aac 28517435 -> 28517436
1:42:04 PM [vite] (client) [console.warn] skipping slow group: track=0.aac 28517440 -> 28517441
1:42:04 PM [vite] (client) [console.warn] skipping slow group: track=0.aac 28517441 -> 28517442
1:42:04 PM [vite] (client) [console.warn] skipping slow group: track=0.aac 28517442 -> 28517443
1:42:04 PM [vite] (client) [console.warn] skipping slow group: track=0.aac 28517447 -> 28517448
1:42:04 PM [vite] (client) [console.warn] skipping slow group: track=0.aac 28517448 -> 28517449
1:42:04 PM [vite] (client) [console.warn] skipping slow group: track=0.aac 28517449 -> 28517450
1:42:04 PM [vite] (client) [console.warn] skipping slow group: track=0.aac 28517454 -> 28517455
1:42:04 PM [vite] (client) [console.warn] skipping slow group: track=0.aac 28517455 -> 28517456
1:42:04 PM [vite] (client) [console.warn] skipping slow group: track=0.aac 28517456 -> 28517457
1:42:04 PM [vite] (client) [console.warn] skipping slow group: track=0.aac 28517461 -> 28517462
1:42:04 PM [vite] (client) [console.warn] skipping slow group: track=0.aac 28517462 -> 28517463
1:42:04 PM [vite] (client) [console.warn] skipping slow group: track=0.aac 28517463 -> 28517464
1:42:05 PM [vite] (client) [console.warn] skipping slow group: track=0.aac 28517468 -> 28517469
1:42:05 PM [vite] (client) [console.warn] skipping slow group: track=0.aac 28517469 -> 28517470
1:42:05 PM [vite] (client) [console.warn] skipping slow group: track=0.aac 28517470 -> 28517471
1:42:05 PM [vite] (client) [console.warn] skipping slow group: track=0.aac 28517475 -> 28517476
1:42:05 PM [vite] (client) [console.warn] skipping slow group: track=0.aac 28517476 -> 28517477
1:42:05 PM [vite] (client) [console.warn] skipping slow group: track=0.aac 28517477 -> 28517478
1:42:05 PM [vite] (client) [console.warn] skipping slow group: track=0.aac 28517482 -> 28517483
1:42:05 PM [vite] (client) [console.warn] skipping slow group: track=0.aac 28517483 -> 28517484
1:42:05 PM [vite] (client) [console.warn] skipping slow group: track=0.aac 28517484 -> 28517485
1:42:05 PM [vite] (client) [console.warn] skipping slow group: track=0.aac 28517489 -> 28517490
1:42:05 PM [vite] (client) [console.warn] skipping slow group: track=0.aac 28517490 -> 28517491
1:42:05 PM [vite] (client) [console.warn] skipping slow group: track=0.aac 28517491 -> 28517492
1:42:05 PM [vite] (client) [console.warn] skipping slow group: track=0.aac 28517496 -> 28517497
1:42:05 PM [vite] (client) [console.warn] skipping slow group: track=0.aac 28517497 -> 28517498
1:42:05 PM [vite] (client) [console.warn] skipping slow group: track=0.aac 28517498 -> 28517499
1:42:05 PM [vite] (client) [console.warn] skipping slow group: track=0.aac 28517503 -> 28517504
1:42:05 PM [vite] (client) [console.warn] skipping slow group: track=0.aac 28517504 -> 28517505
1:42:05 PM [vite] (client) [console.warn] skipping slow group: track=0.aac 28517505 -> 28517506
1:42:06 PM [vite] (client) [console.warn] skipping slow group: track=0.aac 28517511 -> 28517512
1:42:06 PM [vite] (client) [console.warn] skipping slow group: track=0.aac 28517512 -> 28517513
1:42:06 PM [vite] (client) [console.warn] skipping slow group: track=0.aac 28517519 -> 28517520
1:42:06 PM [vite] (client) [console.warn] skipping slow group: track=0.aac 28517524 -> 28517525
1:42:06 PM [vite] (client) [console.warn] skipping slow group: track=0.aac 28517525 -> 28517526
1:42:06 PM [vite] (client) [console.warn] skipping slow group: track=0.aac 28517526 -> 28517527
1:42:06 PM [vite] (client) [console.warn] skipping slow group: track=0.aac 28517532 -> 28517533
1:42:06 PM [vite] (client) [console.warn] skipping slow group: track=0.aac 28517533 -> 28517534
1:42:06 PM [vite] (client) [console.warn] skipping slow group: track=0.aac 28517538 -> 28517539
1:42:06 PM [vite] (client) [console.warn] skipping slow group: track=0.aac 28517539 -> 28517540
1:42:06 PM [vite] (client) [console.warn] skipping slow group: track=0.aac 28517540 -> 28517541
1:42:06 PM [vite] (client) [console.warn] skipping slow group: track=0.aac 28517546 -> 28517547
1:42:06 PM [vite] (client) [console.warn] skipping slow group: track=0.aac 28517547 -> 28517548
1:42:07 PM [vite] (client) [console.warn] skipping slow group: track=0.aac 28517552 -> 28517553
1:42:07 PM [vite] (client) [console.warn] skipping slow group: track=0.aac 28517553 -> 28517554
1:42:07 PM [vite] (client) [console.warn] skipping slow group: track=0.aac 28517554 -> 28517555
1:42:07 PM [vite] (client) [console.warn] skipping slow group: track=0.aac 28517560 -> 28517561
1:42:07 PM [vite] (client) [console.warn] skipping slow group: track=0.aac 28517561 -> 28517562
1:42:07 PM [vite] (client) [console.warn] skipping slow group: track=0.aac 28517566 -> 28517567
1:42:07 PM [vite] (client) [console.warn] skipping slow group: track=0.aac 28517567 -> 28517568
1:42:07 PM [vite] (client) [console.warn] skipping slow group: track=0.aac 28517568 -> 28517569
1:42:07 PM [vite] (client) [console.warn] skipping slow group: track=0.aac 28517573 -> 28517574
1:42:07 PM [vite] (client) [console.warn] skipping slow group: track=0.aac 28517574 -> 28517575
1:42:07 PM [vite] (client) [console.warn] skipping slow group: track=0.aac 28517575 -> 28517576
1:42:07 PM [vite] (client) [console.warn] skipping slow group: track=0.aac 28517580 -> 28517581
1:42:07 PM [vite] (client) [console.warn] skipping slow group: track=0.aac 28517581 -> 28517582
1:42:07 PM [vite] (client) [console.warn] skipping slow group: track=0.aac 28517582 -> 28517583
1:42:07 PM [vite] (client) [console.warn] skipping slow group: track=0.aac 28517588 -> 28517589
1:42:07 PM [vite] (client) [console.warn] skipping slow group: track=0.aac 28517589 -> 28517590
1:42:08 PM [vite] (client) [console.warn] skipping slow group: track=0.aac 28517594 -> 28517595
1:42:08 PM [vite] (client) [console.warn] skipping slow group: track=0.aac 28517595 -> 28517596
1:42:08 PM [vite] (client) [console.warn] skipping slow group: track=0.aac 28517596 -> 28517597
1:42:08 PM [vite] (client) [console.warn] skipping slow group: track=0.aac 28517601 -> 28517602
1:42:08 PM [vite] (client) [console.warn] skipping slow group: track=0.aac 28517602 -> 28517603
1:42:08 PM [vite] (client) [console.warn] skipping slow group: track=0.aac 28517603 -> 28517604
1:42:08 PM [vite] (client) [console.warn] skipping slow group: track=0.aac 28517608 -> 28517609
1:42:08 PM [vite] (client) [console.warn] skipping slow group: track=0.aac 28517609 -> 28517610
1:42:08 PM [vite] (client) [console.warn] skipping slow group: track=0.aac 28517610 -> 28517611
1:42:08 PM [vite] (client) [console.warn] skipping slow group: track=0.aac 28517615 -> 28517616
1:42:08 PM [vite] (client) [console.warn] skipping slow group: track=0.aac 28517616 -> 28517617
1:42:08 PM [vite] (client) [console.warn] skipping slow group: track=0.aac 28517617 -> 28517618
1:42:08 PM [vite] (client) [console.warn] skipping slow group: track=0.aac 28517618 -> 28517619
1:42:08 PM [vite] (client) [console.warn] skipping slow group: track=0.aac 28517623 -> 28517624
1:42:08 PM [vite] (client) [console.warn] skipping slow group: track=0.aac 28517624 -> 28517625
1:42:08 PM [vite] (client) [console.warn] skipping slow group: track=0.aac 28517625 -> 28517626
1:42:08 PM [vite] (client) [console.warn] skipping slow group: track=0.aac 28517631 -> 28517632
1:42:08 PM [vite] (client) [console.warn] skipping slow group: track=0.aac 28517632 -> 28517633
1:42:09 PM [vite] (client) [console.warn] skipping slow group: track=0.aac 28517646 -> 28517647
1:42:09 PM [vite] (client) [console.warn] skipping slow group: track=0.aac 28517651 -> 28517652
1:42:09 PM [vite] (client) [console.warn] skipping slow group: track=0.aac 28517652 -> 28517653
1:42:09 PM [vite] (client) [console.warn] skipping slow group: track=0.aac 28517653 -> 28517654
1:42:09 PM [vite] (client) [console.warn] skipping slow group: track=0.aac 28517658 -> 28517659
1:42:09 PM [vite] (client) [console.warn] skipping slow group: track=0.aac 28517659 -> 28517660
1:42:09 PM [vite] (client) [console.warn] skipping slow group: track=0.aac 28517660 -> 28517661
1:42:09 PM [vite] (client) [console.warn] skipping slow group: track=0.aac 28517665 -> 28517666
1:42:09 PM [vite] (client) [console.warn] skipping slow group: track=0.aac 28517666 -> 28517667
1:42:09 PM [vite] (client) [console.warn] skipping slow group: track=0.aac 28517667 -> 28517668
1:42:09 PM [vite] (client) [console.warn] skipping slow group: track=0.aac 28517672 -> 28517673
1:42:09 PM [vite] (client) [console.warn] skipping slow group: track=0.aac 28517673 -> 28517674
1:42:09 PM [vite] (client) [console.warn] skipping slow group: track=0.aac 28517674 -> 28517675
1:42:09 PM [vite] (client) [console.warn] skipping slow group: track=0.aac 28517675 -> 28517676
1:42:10 PM [vite] (client) [console.warn] skipping slow group: track=0.aac 28517681 -> 28517682
1:42:10 PM [vite] (client) [console.warn] skipping slow group: track=0.aac 28517682 -> 28517683
1:42:10 PM [vite] (client) [console.warn] skipping slow group: track=0.aac 28517687 -> 28517688
1:42:10 PM [vite] (client) [console.warn] skipping slow group: track=0.aac 28517688 -> 28517689
1:42:10 PM [vite] (client) [console.warn] skipping slow group: track=0.aac 28517689 -> 28517690
1:42:10 PM [vite] (client) [console.warn] skipping slow group: track=0.aac 28517695 -> 28517696
1:42:10 PM [vite] (client) [console.warn] skipping slow group: track=0.aac 28517696 -> 28517697
1:42:10 PM [vite] (client) [console.warn] skipping slow group: track=0.aac 28517709 -> 28517710
1:42:10 PM [vite] (client) [console.warn] skipping slow group: track=0.aac 28517710 -> 28517711
1:42:10 PM [vite] (client) [console.warn] skipping slow group: track=0.aac 28517715 -> 28517716
1:42:10 PM [vite] (client) [console.warn] skipping slow group: track=0.aac 28517716 -> 28517717
1:42:10 PM [vite] (client) [console.warn] skipping slow group: track=0.aac 28517717 -> 28517718
1:42:11 PM [vite] (client) [console.warn] skipping slow group: track=0.aac 28517722 -> 28517723
1:42:11 PM [vite] (client) [console.warn] skipping slow group: track=0.aac 28517723 -> 28517724
1:42:11 PM [vite] (client) [console.warn] skipping slow group: track=0.aac 28517724 -> 28517725
1:42:11 PM [vite] (client) [console.warn] skipping slow group: track=0.aac 28517729 -> 28517730
1:42:11 PM [vite] (client) [console.warn] skipping slow group: track=0.aac 28517730 -> 28517731
1:42:11 PM [vite] (client) [console.warn] skipping slow group: track=0.aac 28517731 -> 28517732
1:42:11 PM [vite] (client) [console.warn] skipping slow group: track=0.aac 28517736 -> 28517737
1:42:11 PM [vite] (client) [console.warn] skipping slow group: track=0.aac 28517737 -> 28517738
1:42:11 PM [vite] (client) [console.warn] skipping slow group: track=0.aac 28517738 -> 28517739
1:42:11 PM [vite] (client) [console.warn] skipping slow group: track=0.aac 28517739 -> 28517740
1:42:11 PM [vite] (client) [console.warn] skipping slow group: track=0.aac 28517744 -> 28517745
1:42:11 PM [vite] (client) [console.warn] skipping slow group: track=0.aac 28517745 -> 28517746
1:42:11 PM [vite] (client) [console.warn] skipping slow group: track=0.aac 28517746 -> 28517747
1:42:11 PM [vite] (client) [console.warn] skipping slow group: track=0.aac 28517751 -> 28517752
1:42:11 PM [vite] (client) [console.warn] skipping slow group: track=0.aac 28517752 -> 28517753
1:42:11 PM [vite] (client) [console.warn] skipping slow group: track=0.aac 28517753 -> 28517754
1:42:11 PM [vite] (client) [console.warn] skipping slow group: track=0.aac 28517758 -> 28517759
1:42:11 PM [vite] (client) [console.warn] skipping slow group: track=0.aac 28517759 -> 28517760
1:42:12 PM [vite] (client) [console.warn] skipping slow group: track=0.aac 28517764 -> 28517765
1:42:12 PM [vite] (client) [console.warn] skipping slow group: track=0.aac 28517765 -> 28517766
1:42:12 PM [vite] (client) [console.warn] skipping slow group: track=0.aac 28517766 -> 28517767
1:42:12 PM [vite] (client) [console.warn] skipping slow group: track=0.aac 28517772 -> 28517773
1:42:12 PM [vite] (client) [console.warn] skipping slow group: track=0.aac 28517773 -> 28517774
1:42:12 PM [vite] (client) [console.warn] skipping slow group: track=0.aac 28517778 -> 28517779
1:42:12 PM [vite] (client) [console.warn] skipping slow group: track=0.aac 28517779 -> 28517780
1:42:12 PM [vite] (client) [console.warn] skipping slow group: track=0.aac 28517780 -> 28517781
1:42:12 PM [vite] (client) [console.warn] skipping slow group: track=0.aac 28517781 -> 28517782
1:42:12 PM [vite] (client) [console.warn] skipping slow group: track=0.aac 28517787 -> 28517788
1:42:12 PM [vite] (client) [console.warn] skipping slow group: track=0.aac 28517788 -> 28517789
1:42:12 PM [vite] (client) [console.warn] skipping slow group: track=0.aac 28517793 -> 28517794
1:42:12 PM [vite] (client) [console.warn] skipping slow group: track=0.aac 28517794 -> 28517795
1:42:12 PM [vite] (client) [console.warn] skipping slow group: track=0.aac 28517795 -> 28517796
1:42:12 PM [vite] (client) [console.warn] skipping slow group: track=0.aac 28517801 -> 28517802
1:42:12 PM [vite] (client) [console.warn] skipping slow group: track=0.aac 28517802 -> 28517803
1:42:12 PM [vite] (client) [console.warn] skipping slow group: track=0.aac 28517808 -> 28517809
1:42:12 PM [vite] (client) [console.warn] skipping slow group: track=0.aac 28517809 -> 28517810
1:42:13 PM [vite] (client) [console.warn] skipping slow group: track=0.aac 28517814 -> 28517815
1:42:13 PM [vite] (client) [console.warn] skipping slow group: track=0.aac 28517815 -> 28517816
1:42:13 PM [vite] (client) [console.warn] skipping slow group: track=0.aac 28517816 -> 28517817
1:42:13 PM [vite] (client) [console.warn] skipping slow group: track=0.aac 28517821 -> 28517822
1:42:13 PM [vite] (client) [console.warn] skipping slow group: track=0.aac 28517822 -> 28517823
1:42:13 PM [vite] (client) [console.warn] skipping slow group: track=0.aac 28517823 -> 28517824
1:42:13 PM [vite] (client) [console.warn] skipping slow group: track=0.aac 28517827 -> 28517829
1:42:13 PM [vite] (client) [console.warn] skipping slow group: track=0.aac 28517829 -> 28517830
1:42:13 PM [vite] (client) [console.warn] skipping slow group: track=0.aac 28517830 -> 28517831
1:42:13 PM [vite] (client) [console.warn] skipping slow group: track=0.aac 28517835 -> 28517836
1:42:13 PM [vite] (client) [console.warn] skipping slow group: track=0.aac 28517836 -> 28517837
1:42:13 PM [vite] (client) [console.warn] skipping slow group: track=0.aac 28517837 -> 28517838
1:42:13 PM [vite] (client) [console.warn] skipping slow group: track=0.aac 28517842 -> 28517843
1:42:13 PM [vite] (client) [console.warn] skipping slow group: track=0.aac 28517843 -> 28517847
1:42:13 PM [vite] (client) [console.warn] skipping slow group: track=0.aac 28517844 -> 28517847
1:42:13 PM [vite] (client) [console.warn] skipping slow group: track=0.aac 28517849 -> 28517850
1:42:13 PM [vite] (client) [console.warn] skipping slow group: track=0.aac 28517850 -> 28517851
1:42:13 PM [vite] (client) [console.warn] skipping slow group: track=0.aac 28517851 -> 28517852
1:42:14 PM [vite] (client) [console.warn] skipping slow group: track=0.aac 28517856 -> 28517857
1:42:14 PM [vite] (client) [console.warn] skipping slow group: track=0.aac 28517857 -> 28517858
1:42:14 PM [vite] (client) [console.warn] skipping slow group: track=0.aac 28517858 -> 28517859
1:42:14 PM [vite] (client) [console.warn] skipping slow group: track=0.aac 28517863 -> 28517864
1:42:14 PM [vite] (client) [console.warn] skipping slow group: track=0.aac 28517864 -> 28517865
1:42:14 PM [vite] (client) [console.warn] skipping slow group: track=0.aac 28517865 -> 28517866
1:42:14 PM [vite] (client) [console.warn] skipping slow group: track=0.aac 28517870 -> 28517871
1:42:14 PM [vite] (client) [console.warn] skipping slow group: track=0.aac 28517871 -> 28517875
1:42:14 PM [vite] (client) [console.warn] skipping slow group: track=0.aac 28517872 -> 28517875
1:42:14 PM [vite] (client) [console.warn] skipping slow group: track=0.aac 28517878 -> 28517879
1:42:14 PM [vite] (client) [console.warn] skipping slow group: track=0.aac 28517879 -> 28517880
1:42:14 PM [vite] (client) [console.warn] skipping slow group: track=0.aac 28517885 -> 28517886
1:42:14 PM [vite] (client) [console.warn] skipping slow group: track=0.aac 28517886 -> 28517887
1:42:14 PM [vite] (client) [console.warn] skipping slow group: track=0.aac 28517891 -> 28517892
1:42:14 PM [vite] (client) [console.warn] skipping slow group: track=0.aac 28517892 -> 28517893
1:42:14 PM [vite] (client) [console.warn] skipping slow group: track=0.aac 28517893 -> 28517894
1:42:15 PM [vite] (client) [console.warn] skipping slow group: track=0.aac 28517899 -> 28517900
1:42:15 PM [vite] (client) [console.warn] skipping slow group: track=0.aac 28517900 -> 28517901
1:42:15 PM [vite] (client) [console.warn] skipping slow group: track=0.aac 28517905 -> 28517906
1:42:15 PM [vite] (client) [console.warn] skipping slow group: track=0.aac 28517906 -> 28517907
1:42:15 PM [vite] (client) [console.warn] skipping slow group: track=0.aac 28517907 -> 28517908
1:42:15 PM [vite] (client) [console.warn] skipping slow group: track=0.aac 28517911 -> 28517912
1:42:15 PM [vite] (client) [console.warn] skipping slow group: track=0.aac 28517913 -> 28517914
1:42:15 PM [vite] (client) [console.warn] skipping slow group: track=0.aac 28517914 -> 28517915
1:42:15 PM [vite] (client) [console.warn] skipping slow group: track=0.aac 28517920 -> 28517921
1:42:15 PM [vite] (client) [console.warn] skipping slow group: track=0.aac 28517921 -> 28517922
1:42:15 PM [vite] (client) [console.warn] skipping slow group: track=0.aac 28517926 -> 28517927
1:42:15 PM [vite] (client) [console.warn] skipping slow group: track=0.aac 28517927 -> 28517928
1:42:15 PM [vite] (client) [console.warn] skipping slow group: track=0.aac 28517928 -> 28517929
1:42:15 PM [vite] (client) [console.warn] skipping slow group: track=0.aac 28517933 -> 28517934
1:42:15 PM [vite] (client) [console.warn] skipping slow group: track=0.aac 28517934 -> 28517935
1:42:15 PM [vite] (client) [console.warn] skipping slow group: track=0.aac 28517935 -> 28517936
1:42:16 PM [vite] (client) [console.warn] skipping slow group: track=0.aac 28517940 -> 28517941
1:42:16 PM [vite] (client) [console.warn] skipping slow group: track=0.aac 28517941 -> 28517942
1:42:16 PM [vite] (client) [console.warn] skipping slow group: track=0.aac 28517942 -> 28517943
1:42:16 PM [vite] (client) [console.warn] skipping slow group: track=0.aac 28517946 -> 28517947
1:42:16 PM [vite] (client) [console.warn] skipping slow group: track=0.aac 28517948 -> 28517949
1:42:16 PM [vite] (client) [console.warn] skipping slow group: track=0.aac 28517949 -> 28517950
1:42:16 PM [vite] (client) [console.warn] skipping slow group: track=0.aac 28517954 -> 28517955
1:42:16 PM [vite] (client) [console.warn] skipping slow group: track=0.aac 28517955 -> 28517956
1:42:16 PM [vite] (client) [console.warn] skipping slow group: track=0.aac 28517956 -> 28517957
1:42:16 PM [vite] (client) [console.warn] skipping slow group: track=0.aac 28517961 -> 28517962
1:42:16 PM [vite] (client) [console.warn] skipping slow group: track=0.aac 28517962 -> 28517963
1:42:16 PM [vite] (client) [console.warn] skipping slow group: track=0.aac 28517963 -> 28517964
1:42:16 PM [vite] (client) [console.warn] skipping slow group: track=0.aac 28517968 -> 28517969
1:42:16 PM [vite] (client) [console.warn] skipping slow group: track=0.aac 28517969 -> 28517970
1:42:16 PM [vite] (client) [console.warn] skipping slow group: track=0.aac 28517970 -> 28517971
1:42:16 PM [vite] (client) [console.warn] skipping slow group: track=0.aac 28517975 -> 28517976
1:42:16 PM [vite] (client) [console.warn] skipping slow group: track=0.aac 28517976 -> 28517977
1:42:16 PM [vite] (client) [console.warn] skipping slow group: track=0.aac 28517977 -> 28517978
1:42:17 PM [vite] (client) [console.warn] skipping slow group: track=0.aac 28517982 -> 28517983
1:42:17 PM [vite] (client) [console.warn] skipping slow group: track=0.aac 28517983 -> 28517984
1:42:17 PM [vite] (client) [console.warn] skipping slow group: track=0.aac 28517984 -> 28517985
1:42:17 PM [vite] (client) [console.warn] skipping slow group: track=0.aac 28517989 -> 28517990
1:42:17 PM [vite] (client) [console.warn] skipping slow group: track=0.aac 28517990 -> 28517991
1:42:17 PM [vite] (client) [console.warn] skipping slow group: track=0.aac 28517991 -> 28517992
1:42:17 PM [vite] (client) [console.warn] skipping slow group: track=0.aac 28518010 -> 28518012
1:42:17 PM [vite] (client) [console.warn] skipping slow group: track=0.aac 28518012 -> 28518013
1:42:17 PM [vite] (client) [console.warn] skipping slow group: track=0.aac 28518018 -> 28518019
1:42:17 PM [vite] (client) [console.warn] skipping slow group: track=0.aac 28518019 -> 28518020
1:42:17 PM [vite] (client) [console.warn] skipping slow group: track=0.aac 28518020 -> 28518021
1:42:18 PM [vite] (client) [console.warn] skipping slow group: track=0.aac 28518026 -> 28518027
1:42:18 PM [vite] (client) [console.warn] skipping slow group: track=0.aac 28518027 -> 28518028
1:42:18 PM [vite] (client) [console.warn] skipping slow group: track=0.aac 28518032 -> 28518033
1:42:18 PM [vite] (client) [console.warn] skipping slow group: track=0.aac 28518033 -> 28518037
1:42:18 PM [vite] (client) [console.warn] skipping slow group: track=0.aac 28518034 -> 28518037
1:42:18 PM [vite] (client) [console.warn] skipping slow group: track=0.aac 28518039 -> 28518040
1:42:18 PM [vite] (client) [console.warn] skipping slow group: track=0.aac 28518040 -> 28518041
1:42:18 PM [vite] (client) [console.warn] skipping slow group: track=0.aac 28518041 -> 28518042
1:42:18 PM [vite] (client) [console.warn] skipping slow group: track=0.aac 28518042 -> 28518043
1:42:18 PM [vite] (client) [console.warn] skipping slow group: track=0.aac 28518047 -> 28518048
1:42:18 PM [vite] (client) [console.warn] skipping slow group: track=0.aac 28518048 -> 28518049
1:42:18 PM [vite] (client) [console.warn] skipping slow group: track=0.aac 28518049 -> 28518050
1:42:18 PM [vite] (client) [console.warn] skipping slow group: track=0.aac 28518055 -> 28518056
1:42:18 PM [vite] (client) [console.warn] skipping slow group: track=0.aac 28518056 -> 28518057
1:42:18 PM [vite] (client) [console.warn] skipping slow group: track=0.aac 28518061 -> 28518062
1:42:18 PM [vite] (client) [console.warn] skipping slow group: track=0.aac 28518062 -> 28518063
1:42:18 PM [vite] (client) [console.warn] skipping slow group: track=0.aac 28518063 -> 28518064
1:42:19 PM [vite] (client) [console.warn] skipping slow group: track=0.aac 28518067 -> 28518068
1:42:19 PM [vite] (client) [console.warn] skipping slow group: track=0.aac 28518083 -> 28518084
1:42:19 PM [vite] (client) [console.warn] skipping slow group: track=0.aac 28518084 -> 28518085
1:42:19 PM [vite] (client) [console.warn] skipping slow group: track=0.aac 28518089 -> 28518090
1:42:19 PM [vite] (client) [console.warn] skipping slow group: track=0.aac 28518090 -> 28518092
1:42:19 PM [vite] (client) [console.warn] skipping slow group: track=0.aac 28518091 -> 28518092
1:42:19 PM [vite] (client) [console.warn] skipping slow group: track=0.aac 28518096 -> 28518097
1:42:19 PM [vite] (client) [console.warn] skipping slow group: track=0.aac 28518097 -> 28518098
1:42:19 PM [vite] (client) [console.warn] skipping slow group: track=0.aac 28518098 -> 28518099
1:42:20 PM [vite] (client) [console.warn] skipping slow group: track=0.aac 28518110 -> 28518111
1:42:20 PM [vite] (client) [console.warn] skipping slow group: track=0.aac 28518111 -> 28518112
1:42:20 PM [vite] (client) [console.warn] skipping slow group: track=0.aac 28518112 -> 28518113
1:42:20 PM [vite] (client) [console.warn] skipping slow group: track=0.aac 28518117 -> 28518118
1:42:20 PM [vite] (client) [console.warn] skipping slow group: track=0.aac 28518118 -> 28518119
1:42:20 PM [vite] (client) [console.warn] skipping slow group: track=0.aac 28518119 -> 28518120
1:42:20 PM [vite] (client) [console.warn] skipping slow group: track=0.aac 28518124 -> 28518125
1:42:20 PM [vite] (client) [console.warn] skipping slow group: track=0.aac 28518125 -> 28518129
1:42:20 PM [vite] (client) [console.warn] skipping slow group: track=0.aac 28518126 -> 28518129
1:42:20 PM [vite] (client) [console.warn] skipping slow group: track=0.aac 28518132 -> 28518133
1:42:20 PM [vite] (client) [console.warn] skipping slow group: track=0.aac 28518133 -> 28518134
1:42:20 PM [vite] (client) [console.warn] skipping slow group: track=0.aac 28518146 -> 28518147
1:42:20 PM [vite] (client) [console.warn] skipping slow group: track=0.aac 28518147 -> 28518148
1:42:20 PM [vite] (client) [console.warn] skipping slow group: track=0.aac 28518152 -> 28518153
1:42:20 PM [vite] (client) [console.warn] skipping slow group: track=0.aac 28518153 -> 28518154
1:42:20 PM [vite] (client) [console.warn] skipping slow group: track=0.aac 28518154 -> 28518155
1:42:21 PM [vite] (client) [console.warn] skipping slow group: track=0.aac 28518159 -> 28518160
1:42:21 PM [vite] (client) [console.warn] skipping slow group: track=0.aac 28518160 -> 28518161
1:42:21 PM [vite] (client) [console.warn] skipping slow group: track=0.aac 28518161 -> 28518162
1:42:21 PM [vite] (client) [console.warn] skipping slow group: track=0.aac 28518166 -> 28518167
1:42:21 PM [vite] (client) [console.warn] skipping slow group: track=0.aac 28518167 -> 28518168
1:42:21 PM [vite] (client) [console.warn] skipping slow group: track=0.aac 28518168 -> 28518169
1:42:21 PM [vite] (client) [console.warn] skipping slow group: track=0.aac 28518173 -> 28518174
1:42:21 PM [vite] (client) [console.warn] skipping slow group: track=0.aac 28518174 -> 28518175
1:42:21 PM [vite] (client) [console.warn] skipping slow group: track=0.aac 28518175 -> 28518176
1:42:21 PM [vite] (client) [console.warn] skipping slow group: track=0.aac 28518180 -> 28518181
1:42:21 PM [vite] (client) [console.warn] skipping slow group: track=0.aac 28518181 -> 28518182
1:42:21 PM [vite] (client) [console.warn] skipping slow group: track=0.aac 28518182 -> 28518183
1:42:21 PM [vite] (client) [console.warn] skipping slow group: track=0.aac 28518188 -> 28518189
1:42:21 PM [vite] (client) [console.warn] skipping slow group: track=0.aac 28518189 -> 28518190
1:42:21 PM [vite] (client) [console.warn] skipping slow group: track=0.aac 28518194 -> 28518195
1:42:21 PM [vite] (client) [console.warn] skipping slow group: track=0.aac 28518195 -> 28518197
1:42:21 PM [vite] (client) [console.warn] skipping slow group: track=0.aac 28518196 -> 28518197
1:42:22 PM [vite] (client) [console.warn] skipping slow group: track=0.aac 28518201 -> 28518202
1:42:22 PM [vite] (client) [console.warn] skipping slow group: track=0.aac 28518202 -> 28518203
1:42:22 PM [vite] (client) [console.warn] skipping slow group: track=0.aac 28518203 -> 28518204
1:42:22 PM [vite] (client) [console.warn] skipping slow group: track=0.aac 28518209 -> 28518210
1:42:22 PM [vite] (client) [console.warn] skipping slow group: track=0.aac 28518210 -> 28518211
1:42:22 PM [vite] (client) [console.warn] skipping slow group: track=0.aac 28518215 -> 28518216
1:42:22 PM [vite] (client) [console.warn] skipping slow group: track=0.aac 28518216 -> 28518217
1:42:22 PM [vite] (client) [console.warn] skipping slow group: track=0.aac 28518217 -> 28518218
1:42:22 PM [vite] (client) [console.warn] skipping slow group: track=0.aac 28518222 -> 28518223
1:42:22 PM [vite] (client) [console.warn] skipping slow group: track=0.aac 28518223 -> 28518224
1:42:22 PM [vite] (client) [console.warn] skipping slow group: track=0.aac 28518224 -> 28518225
1:42:22 PM [vite] (client) [console.warn] skipping slow group: track=0.aac 28518231 -> 28518232
1:42:22 PM [vite] (client) [console.warn] skipping slow group: track=0.aac 28518235 -> 28518236
1:42:22 PM [vite] (client) [console.warn] skipping slow group: track=0.aac 28518237 -> 28518238
1:42:22 PM [vite] (client) [console.warn] skipping slow group: track=0.aac 28518238 -> 28518239
1:42:23 PM [vite] (client) [console.warn] skipping slow group: track=0.aac 28518249 -> 28518250
1:42:23 PM [vite] (client) [console.warn] skipping slow group: track=0.aac 28518251 -> 28518252
1:42:23 PM [vite] (client) [console.warn] skipping slow group: track=0.aac 28518252 -> 28518253
1:42:23 PM [vite] (client) [console.warn] skipping slow group: track=0.aac 28518257 -> 28518258
1:42:23 PM [vite] (client) [console.warn] skipping slow group: track=0.aac 28518258 -> 28518259
1:42:23 PM [vite] (client) [console.warn] skipping slow group: track=0.aac 28518259 -> 28518260
1:42:23 PM [vite] (client) [console.warn] skipping slow group: track=0.aac 28518263 -> 28518264
1:42:23 PM [vite] (client) [console.warn] skipping slow group: track=0.aac 28518265 -> 28518266
1:42:23 PM [vite] (client) [console.warn] skipping slow group: track=0.aac 28518266 -> 28518267
1:42:23 PM [vite] (client) [console.warn] skipping slow group: track=0.aac 28518267 -> 28518268
1:42:23 PM [vite] (client) [console.warn] skipping slow group: track=0.aac 28518272 -> 28518273
1:42:23 PM [vite] (client) [console.warn] skipping slow group: track=0.aac 28518273 -> 28518274
1:42:23 PM [vite] (client) [console.warn] skipping slow group: track=0.aac 28518274 -> 28518275
1:42:23 PM [vite] (client) [console.warn] skipping slow group: track=0.aac 28518280 -> 28518281
1:42:23 PM [vite] (client) [console.warn] skipping slow group: track=0.aac 28518281 -> 28518282
1:42:24 PM [vite] (client) [console.warn] skipping slow group: track=0.aac 28518293 -> 28518294
1:42:24 PM [vite] (client) [console.warn] skipping slow group: track=0.aac 28518294 -> 28518295
1:42:24 PM [vite] (client) [console.warn] skipping slow group: track=0.aac 28518295 -> 28518296
1:42:24 PM [vite] (client) [console.warn] skipping slow group: track=0.aac 28518300 -> 28518301
1:42:24 PM [vite] (client) [console.warn] skipping slow group: track=0.aac 28518301 -> 28518302
1:42:24 PM [vite] (client) [console.warn] skipping slow group: track=0.aac 28518302 -> 28518303
1:42:24 PM [vite] (client) [console.warn] skipping slow group: track=0.aac 28518308 -> 28518309
1:42:24 PM [vite] (client) [console.warn] skipping slow group: track=0.aac 28518309 -> 28518310
1:42:24 PM [vite] (client) [console.warn] skipping slow group: track=0.aac 28518314 -> 28518315
1:42:24 PM [vite] (client) [console.warn] skipping slow group: track=0.aac 28518315 -> 28518317
1:42:24 PM [vite] (client) [console.warn] skipping slow group: track=0.aac 28518316 -> 28518317
1:42:24 PM [vite] (client) [console.warn] skipping slow group: track=0.aac 28518321 -> 28518322
1:42:24 PM [vite] (client) [console.warn] skipping slow group: track=0.aac 28518322 -> 28518323
1:42:24 PM [vite] (client) [console.warn] skipping slow group: track=0.aac 28518323 -> 28518324
1:42:25 PM [vite] (client) [console.warn] skipping slow group: track=0.aac 28518329 -> 28518330
1:42:25 PM [vite] (client) [console.warn] skipping slow group: track=0.aac 28518330 -> 28518331
1:42:25 PM [vite] (client) [console.warn] skipping slow group: track=0.aac 28518335 -> 28518336
1:42:25 PM [vite] (client) [console.warn] skipping slow group: track=0.aac 28518336 -> 28518337
1:42:25 PM [vite] (client) [console.warn] skipping slow group: track=0.aac 28518337 -> 28518338
1:42:25 PM [vite] (client) [console.warn] skipping slow group: track=0.aac 28518343 -> 28518344
1:42:25 PM [vite] (client) [console.warn] skipping slow group: track=0.aac 28518344 -> 28518345
1:42:25 PM [vite] (client) [console.warn] skipping slow group: track=0.aac 28518350 -> 28518351
1:42:25 PM [vite] (client) [console.warn] skipping slow group: track=0.aac 28518351 -> 28518352
1:42:25 PM [vite] (client) [console.warn] skipping slow group: track=0.aac 28518356 -> 28518357
1:42:25 PM [vite] (client) [console.warn] skipping slow group: track=0.aac 28518357 -> 28518358
1:42:25 PM [vite] (client) [console.warn] skipping slow group: track=0.aac 28518358 -> 28518359
1:42:25 PM [vite] (client) [console.warn] skipping slow group: track=0.aac 28518363 -> 28518364
1:42:25 PM [vite] (client) [console.warn] skipping slow group: track=0.aac 28518364 -> 28518365
1:42:25 PM [vite] (client) [console.warn] skipping slow group: track=0.aac 28518365 -> 28518366
1:42:26 PM [vite] (client) [console.warn] skipping slow group: track=0.aac 28518369 -> 28518370
1:42:26 PM [vite] (client) [console.warn] skipping slow group: track=0.aac 28518371 -> 28518372
1:42:26 PM [vite] (client) [console.warn] skipping slow group: track=0.aac 28518372 -> 28518373
1:42:26 PM [vite] (client) [console.warn] skipping slow group: track=0.aac 28518377 -> 28518378
1:42:26 PM [vite] (client) [console.warn] skipping slow group: track=0.aac 28518378 -> 28518379
1:42:26 PM [vite] (client) [console.warn] skipping slow group: track=0.aac 28518379 -> 28518380
1:42:26 PM [vite] (client) [console.warn] skipping slow group: track=0.aac 28518383 -> 28518384
1:42:26 PM [vite] (client) [console.warn] skipping slow group: track=0.aac 28518385 -> 28518386
1:42:26 PM [vite] (client) [console.warn] skipping slow group: track=0.aac 28518386 -> 28518387
1:42:26 PM [vite] (client) [console.warn] skipping slow group: track=0.aac 28518397 -> 28518398
1:42:26 PM [vite] (client) [console.warn] skipping slow group: track=0.aac 28518399 -> 28518400
1:42:26 PM [vite] (client) [console.warn] skipping slow group: track=0.aac 28518400 -> 28518401
1:42:26 PM [vite] (client) [console.warn] skipping slow group: track=0.aac 28518405 -> 28518406
1:42:26 PM [vite] (client) [console.warn] skipping slow group: track=0.aac 28518406 -> 28518410
1:42:26 PM [vite] (client) [console.warn] skipping slow group: track=0.aac 28518407 -> 28518410
1:42:27 PM [vite] (client) [console.warn] skipping slow group: track=0.aac 28518413 -> 28518414
1:42:27 PM [vite] (client) [console.warn] skipping slow group: track=0.aac 28518414 -> 28518415
1:42:27 PM [vite] (client) [console.warn] skipping slow group: track=0.aac 28518419 -> 28518420
1:42:27 PM [vite] (client) [console.warn] skipping slow group: track=0.aac 28518420 -> 28518421
1:42:27 PM [vite] (client) [console.warn] skipping slow group: track=0.aac 28518421 -> 28518422
1:42:27 PM [vite] (client) [console.warn] skipping slow group: track=0.aac 28518426 -> 28518427
1:42:27 PM [vite] (client) [console.warn] skipping slow group: track=0.aac 28518427 -> 28518428
1:42:27 PM [vite] (client) [console.warn] skipping slow group: track=0.aac 28518428 -> 28518429
1:42:27 PM [vite] (client) [console.warn] skipping slow group: track=0.aac 28518429 -> 28518430
1:42:27 PM [vite] (client) [console.warn] skipping slow group: track=0.aac 28518434 -> 28518435
1:42:27 PM [vite] (client) [console.warn] skipping slow group: track=0.aac 28518435 -> 28518438
1:42:27 PM [vite] (client) [console.warn] skipping slow group: track=0.aac 28518436 -> 28518438
1:42:27 PM [vite] (client) [console.warn] skipping slow group: track=0.aac 28518442 -> 28518443
1:42:27 PM [vite] (client) [console.warn] skipping slow group: track=0.aac 28518443 -> 28518444
1:42:27 PM [vite] (client) [console.warn] skipping slow group: track=0.aac 28518449 -> 28518450
1:42:27 PM [vite] (client) [console.warn] skipping slow group: track=0.aac 28518450 -> 28518451
1:42:28 PM [vite] (client) [console.warn] skipping slow group: track=0.aac 28518455 -> 28518456
1:42:28 PM [vite] (client) [console.warn] skipping slow group: track=0.aac 28518456 -> 28518457
1:42:28 PM [vite] (client) [console.warn] skipping slow group: track=0.aac 28518457 -> 28518458
1:42:28 PM [vite] (client) [console.warn] skipping slow group: track=0.aac 28518462 -> 28518463
1:42:28 PM [vite] (client) [console.warn] skipping slow group: track=0.aac 28518463 -> 28518464
1:42:28 PM [vite] (client) [console.warn] skipping slow group: track=0.aac 28518464 -> 28518465
1:42:28 PM [vite] (client) [console.warn] skipping slow group: track=0.aac 28518469 -> 28518470
1:42:28 PM [vite] (client) [console.warn] skipping slow group: track=0.aac 28518470 -> 28518471
1:42:28 PM [vite] (client) [console.warn] skipping slow group: track=0.aac 28518471 -> 28518472
1:42:28 PM [vite] (client) [console.warn] skipping slow group: track=0.aac 28518477 -> 28518478
1:42:28 PM [vite] (client) [console.warn] skipping slow group: track=0.aac 28518478 -> 28518479
1:42:28 PM [vite] (client) [console.warn] skipping slow group: track=0.aac 28518483 -> 28518484
1:42:28 PM [vite] (client) [console.warn] skipping slow group: track=0.aac 28518484 -> 28518485
1:42:28 PM [vite] (client) [console.warn] skipping slow group: track=0.aac 28518485 -> 28518486
1:42:28 PM [vite] (client) [console.warn] skipping slow group: track=0.aac 28518489 -> 28518490
1:42:28 PM [vite] (client) [console.warn] skipping slow group: track=0.aac 28518491 -> 28518492
1:42:28 PM [vite] (client) [console.warn] skipping slow group: track=0.aac 28518492 -> 28518493
1:42:29 PM [vite] (client) [console.warn] skipping slow group: track=0.aac 28518497 -> 28518498
1:42:29 PM [vite] (client) [console.warn] skipping slow group: track=0.aac 28518498 -> 28518499
1:42:29 PM [vite] (client) [console.warn] skipping slow group: track=0.aac 28518499 -> 28518500
1:42:29 PM [vite] (client) [console.warn] skipping slow group: track=0.aac 28518506 -> 28518507
1:42:29 PM [vite] (client) [console.warn] skipping slow group: track=0.aac 28518511 -> 28518512
1:42:29 PM [vite] (client) [console.warn] skipping slow group: track=0.aac 28518512 -> 28518513
1:42:29 PM [vite] (client) [console.warn] skipping slow group: track=0.aac 28518513 -> 28518514
1:42:29 PM [vite] (client) [console.warn] skipping slow group: track=0.aac 28518518 -> 28518519
1:42:29 PM [vite] (client) [console.warn] skipping slow group: track=0.aac 28518519 -> 28518520
1:42:29 PM [vite] (client) [console.warn] skipping slow group: track=0.aac 28518520 -> 28518521
1:42:29 PM [vite] (client) [console.warn] skipping slow group: track=0.aac 28518525 -> 28518526
1:42:29 PM [vite] (client) [console.warn] skipping slow group: track=0.aac 28518526 -> 28518527
1:42:29 PM [vite] (client) [console.warn] skipping slow group: track=0.aac 28518527 -> 28518528
1:42:29 PM [vite] (client) [console.warn] skipping slow group: track=0.aac 28518532 -> 28518533
1:42:29 PM [vite] (client) [console.warn] skipping slow group: track=0.aac 28518534 -> 28518535
1:42:30 PM [vite] (client) [console.warn] skipping slow group: track=0.aac 28518540 -> 28518541
1:42:30 PM [vite] (client) [console.warn] skipping slow group: track=0.aac 28518541 -> 28518542
1:42:30 PM [vite] (client) [console.warn] skipping slow group: track=0.aac 28518546 -> 28518547
1:42:30 PM [vite] (client) [console.warn] skipping slow group: track=0.aac 28518547 -> 28518549
1:42:30 PM [vite] (client) [console.warn] skipping slow group: track=0.aac 28518548 -> 28518549
1:42:30 PM [vite] (client) [console.warn] skipping slow group: track=0.aac 28518554 -> 28518555
1:42:30 PM [vite] (client) [console.warn] skipping slow group: track=0.aac 28518555 -> 28518556
1:42:30 PM [vite] (client) [console.warn] skipping slow group: track=0.aac 28518560 -> 28518561
1:42:30 PM [vite] (client) [console.warn] skipping slow group: track=0.aac 28518561 -> 28518562
1:42:30 PM [vite] (client) [console.warn] skipping slow group: track=0.aac 28518562 -> 28518563
1:42:30 PM [vite] (client) [console.warn] skipping slow group: track=0.aac 28518567 -> 28518568
1:42:30 PM [vite] (client) [console.warn] skipping slow group: track=0.aac 28518568 -> 28518569
1:42:30 PM [vite] (client) [console.warn] skipping slow group: track=0.aac 28518569 -> 28518570
1:42:30 PM [vite] (client) [console.warn] skipping slow group: track=0.aac 28518574 -> 28518575
1:42:30 PM [vite] (client) [console.warn] skipping slow group: track=0.aac 28518575 -> 28518576
1:42:30 PM [vite] (client) [console.warn] skipping slow group: track=0.aac 28518576 -> 28518577
1:42:30 PM [vite] (client) [console.warn] skipping slow group: track=0.aac 28518582 -> 28518583
1:42:30 PM [vite] (client) [console.warn] skipping slow group: track=0.aac 28518583 -> 28518584
1:42:31 PM [vite] (client) [console.warn] skipping slow group: track=0.aac 28518596 -> 28518597
1:42:31 PM [vite] (client) [console.warn] skipping slow group: track=0.aac 28518597 -> 28518598
1:42:31 PM [vite] (client) [console.warn] skipping slow group: track=0.aac 28518602 -> 28518603
1:42:31 PM [vite] (client) [console.warn] skipping slow group: track=0.aac 28518603 -> 28518606
1:42:31 PM [vite] (client) [console.warn] skipping slow group: track=0.aac 28518604 -> 28518606
1:42:31 PM [vite] (client) [console.warn] skipping slow group: track=0.aac 28518609 -> 28518610
1:42:31 PM [vite] (client) [console.warn] skipping slow group: track=0.aac 28518610 -> 28518611
1:42:31 PM [vite] (client) [console.warn] skipping slow group: track=0.aac 28518611 -> 28518612
1:42:31 PM [vite] (client) [console.warn] skipping slow group: track=0.aac 28518617 -> 28518618
1:42:31 PM [vite] (client) [console.warn] skipping slow group: track=0.aac 28518618 -> 28518619
1:42:31 PM [vite] (client) [console.warn] skipping slow group: track=0.aac 28518623 -> 28518624
1:42:31 PM [vite] (client) [console.warn] skipping slow group: track=0.aac 28518624 -> 28518625
1:42:31 PM [vite] (client) [console.warn] skipping slow group: track=0.aac 28518625 -> 28518626
1:42:32 PM [vite] (client) [console.warn] skipping slow group: track=0.aac 28518630 -> 28518631
1:42:32 PM [vite] (client) [console.warn] skipping slow group: track=0.aac 28518631 -> 28518632
1:42:32 PM [vite] (client) [console.warn] skipping slow group: track=0.aac 28518632 -> 28518633
1:42:32 PM [vite] (client) [console.warn] skipping slow group: track=0.aac 28518637 -> 28518638
1:42:32 PM [vite] (client) [console.warn] skipping slow group: track=0.aac 28518638 -> 28518639
1:42:32 PM [vite] (client) [console.warn] skipping slow group: track=0.aac 28518639 -> 28518640
1:42:32 PM [vite] (client) [console.warn] skipping slow group: track=0.aac 28518644 -> 28518645
1:42:32 PM [vite] (client) [console.warn] skipping slow group: track=0.aac 28518645 -> 28518646
1:42:32 PM [vite] (client) [console.warn] skipping slow group: track=0.aac 28518646 -> 28518647
1:42:32 PM [vite] (client) [console.warn] skipping slow group: track=0.aac 28518652 -> 28518653
1:42:32 PM [vite] (client) [console.warn] skipping slow group: track=0.aac 28518653 -> 28518654
1:42:33 PM [vite] (client) [console.warn] skipping slow group: track=0.aac 28518672 -> 28518673
1:42:33 PM [vite] (client) [console.warn] skipping slow group: track=0.aac 28518673 -> 28518674
1:42:33 PM [vite] (client) [console.warn] skipping slow group: track=0.aac 28518674 -> 28518675
1:42:33 PM [vite] (client) [console.warn] skipping slow group: track=0.aac 28518680 -> 28518681
1:42:33 PM [vite] (client) [console.warn] skipping slow group: track=0.aac 28518681 -> 28518684
1:42:33 PM [vite] (client) [console.warn] skipping slow group: track=0.aac 28518686 -> 28518687
1:42:33 PM [vite] (client) [console.warn] skipping slow group: track=0.aac 28518687 -> 28518688
1:42:33 PM [vite] (client) [console.warn] skipping slow group: track=0.aac 28518688 -> 28518689
1:42:33 PM [vite] (client) [console.warn] skipping slow group: track=0.aac 28518694 -> 28518695
1:42:33 PM [vite] (client) [console.warn] skipping slow group: track=0.aac 28518700 -> 28518701
1:42:33 PM [vite] (client) [console.warn] skipping slow group: track=0.aac 28518701 -> 28518702
1:42:33 PM [vite] (client) [console.warn] skipping slow group: track=0.aac 28518702 -> 28518703
1:42:33 PM [vite] (client) [console.warn] skipping slow group: track=0.aac 28518707 -> 28518708
1:42:33 PM [vite] (client) [console.warn] skipping slow group: track=0.aac 28518708 -> 28518709
1:42:33 PM [vite] (client) [console.warn] skipping slow group: track=0.aac 28518709 -> 28518710
1:42:34 PM [vite] (client) [console.warn] skipping slow group: track=0.aac 28518714 -> 28518715
1:42:34 PM [vite] (client) [console.warn] skipping slow group: track=0.aac 28518715 -> 28518716
1:42:34 PM [vite] (client) [console.warn] skipping slow group: track=0.aac 28518716 -> 28518717
1:42:34 PM [vite] (client) [console.warn] skipping slow group: track=0.aac 28518721 -> 28518722
1:42:34 PM [vite] (client) [console.warn] skipping slow group: track=0.aac 28518722 -> 28518723
1:42:34 PM [vite] (client) [console.warn] skipping slow group: track=0.aac 28518723 -> 28518724
1:42:34 PM [vite] (client) [console.warn] skipping slow group: track=0.aac 28518728 -> 28518729
1:42:34 PM [vite] (client) [console.warn] skipping slow group: track=0.aac 28518729 -> 28518730
1:42:34 PM [vite] (client) [console.warn] skipping slow group: track=0.aac 28518730 -> 28518731
1:42:34 PM [vite] (client) [console.warn] skipping slow group: track=0.aac 28518731 -> 28518732
1:42:34 PM [vite] (client) [console.warn] skipping slow group: track=0.aac 28518736 -> 28518737
1:42:34 PM [vite] (client) [console.warn] skipping slow group: track=0.aac 28518737 -> 28518738
1:42:34 PM [vite] (client) [console.warn] skipping slow group: track=0.aac 28518738 -> 28518739
1:42:34 PM [vite] (client) [console.warn] skipping slow group: track=0.aac 28518743 -> 28518744
1:42:34 PM [vite] (client) [console.warn] skipping slow group: track=0.aac 28518744 -> 28518745
1:42:34 PM [vite] (client) [console.warn] skipping slow group: track=0.aac 28518745 -> 28518746
1:42:34 PM [vite] (client) [console.warn] skipping slow group: track=0.aac 28518750 -> 28518751
1:42:34 PM [vite] (client) [console.warn] skipping slow group: track=0.aac 28518751 -> 28518752
1:42:34 PM [vite] (client) [console.warn] skipping slow group: track=0.aac 28518752 -> 28518753
1:42:35 PM [vite] (client) [console.warn] skipping slow group: track=0.aac 28518764 -> 28518765
1:42:35 PM [vite] (client) [console.warn] skipping slow group: track=0.aac 28518765 -> 28518766
1:42:35 PM [vite] (client) [console.warn] skipping slow group: track=0.aac 28518766 -> 28518767
1:42:35 PM [vite] (client) [console.warn] skipping slow group: track=0.aac 28518770 -> 28518771
1:42:35 PM [vite] (client) [console.warn] skipping slow group: track=0.aac 28518772 -> 28518773
1:42:35 PM [vite] (client) [console.warn] skipping slow group: track=0.aac 28518773 -> 28518774
1:42:35 PM [vite] (client) [console.warn] skipping slow group: track=0.aac 28518793 -> 28518794
1:42:35 PM [vite] (client) [console.warn] skipping slow group: track=0.aac 28518794 -> 28518795
1:42:35 PM [vite] (client) [console.warn] skipping slow group: track=0.aac 28518795 -> 28518796
1:42:36 PM [vite] (client) [console.warn] skipping slow group: track=0.aac 28518800 -> 28518801
1:42:36 PM [vite] (client) [console.warn] skipping slow group: track=0.aac 28518802 -> 28518803
1:48:33 PM [vite] (client) [console.warn] [audio] SharedArrayBuffer unavailable, falling back to the higher latency postMessage audio buffer. Serve the page cross-origin isolated (Cross-Origin-Opener-Policy: same-origin, Cross-Origin-Embedder-Policy: require-corp) to avoid this.
1:48:42 PM [vite] (client) [console.warn] skipping covered group: 6 -> 7
1:49:10 PM [vite] (client) [console.warn] skipping covered group: 17 -> 18
1:49:37 PM [vite] (client) [console.warn] [audio] SharedArrayBuffer unavailable, falling back to the higher latency postMessage audio buffer. Serve the page cross-origin isolated (Cross-Origin-Opener-Policy: same-origin, Cross-Origin-Embedder-Policy: require-corp) to avoid this.
1:49:42 PM [vite] (client) [console.warn] skipping covered group: 31 -> 32
1:50:18 PM [vite] (client) [console.warn] skipping covered group: 46 -> 47
1:50:41 PM [vite] (client) [console.warn] [audio] SharedArrayBuffer unavailable, falling back to the higher latency postMessage audio buffer. Serve the page cross-origin isolated (Cross-Origin-Opener-Policy: same-origin, Cross-Origin-Embedder-Policy: require-corp) to avoid this.
1:51:29 PM [vite] (client) [console.warn] [audio] SharedArrayBuffer unavailable, falling back to the higher latency postMessage audio buffer. Serve the page cross-origin isolated (Cross-Origin-Opener-Policy: same-origin, Cross-Origin-Embedder-Policy: require-corp) to avoid this.
1:51:44 PM [vite] (client) [console.warn] [audio] SharedArrayBuffer unavailable, falling back to the higher latency postMessage audio buffer. Serve the page cross-origin isolated (Cross-Origin-Opener-Policy: same-origin, Cross-Origin-Embedder-Policy: require-corp) to avoid this.
1:51:54 PM [vite] (client) [console.warn] skipping covered group: 90 -> 91
1:51:56 PM [vite] (client) [console.warn] skipping covered group: 91 -> 92
1:53:17 PM [vite] (client) [console.warn] [audio] SharedArrayBuffer unavailable, falling back to the higher latency postMessage audio buffer. Serve the page cross-origin isolated (Cross-Origin-Opener-Policy: same-origin, Cross-Origin-Embedder-Policy: require-corp) to avoid this.
1:53:17 PM [vite] (client) [console.warn] skipping slow group: track=0.aac 297 -> 302
1:53:17 PM [vite] (client) [console.warn] skipping slow group: track=0.aac 305 -> 309
1:53:17 PM [vite] (client) [console.warn] skipping slow group: track=0.aac 316 -> 317
1:53:17 PM [vite] (client) [console.warn] skipping slow group: track=0.aac 317 -> 324
1:53:17 PM [vite] (client) [console.warn] skipping slow group: track=0.aac 320 -> 323
1:53:18 PM [vite] (client) [console.warn] skipping slow group: track=0.aac 330 -> 331
1:53:18 PM [vite] (client) [console.warn] skipping slow group: track=0.aac 331 -> 338
1:53:18 PM [vite] (client) [console.warn] skipping slow group: track=0.aac 333 -> 337
1:53:18 PM [vite] (client) [console.warn] skipping slow group: track=0.aac 340 -> 344
1:53:18 PM [vite] (client) [console.warn] skipping slow group: track=0.aac 346 -> 351
1:53:18 PM [vite] (client) [console.warn] [audio] SharedArrayBuffer unavailable, falling back to the higher latency postMessage audio buffer. Serve the page cross-origin isolated (Cross-Origin-Opener-Policy: same-origin, Cross-Origin-Embedder-Policy: require-corp) to avoid this.
1:53:18 PM [vite] (client) [console.warn] skipping slow group: track=0.aac 358 -> 359
1:53:18 PM [vite] (client) [console.warn] skipping slow group: track=0.aac 359 -> 366
1:53:18 PM [vite] (client) [console.warn] skipping slow group: track=0.aac 360 -> 365
1:53:19 PM [vite] (client) [console.warn] skipping slow group: track=0.aac 368 -> 372
1:53:19 PM [vite] (client) [console.warn] skipping slow group: track=0.aac 375 -> 379
1:53:19 PM [vite] (client) [console.warn] skipping slow group: track=0.aac 382 -> 386
1:53:19 PM [vite] (client) [console.warn] skipping slow group: track=0.aac 389 -> 393
1:53:19 PM [vite] (client) [console.warn] skipping slow group: track=0.aac 400 -> 401
1:53:19 PM [vite] (client) [console.warn] skipping slow group: track=0.aac 401 -> 408
1:53:19 PM [vite] (client) [console.warn] skipping slow group: track=0.aac 403 -> 407
1:53:20 PM [vite] (client) [console.warn] skipping slow group: track=0.aac 410 -> 414
1:53:20 PM [vite] (client) [console.warn] skipping slow group: track=0.aac 417 -> 421
1:53:20 PM [vite] (client) [console.warn] skipping slow group: track=0.aac 428 -> 429
1:53:20 PM [vite] (client) [console.warn] skipping slow group: track=0.aac 429 -> 435
1:53:20 PM [vite] (client) [console.warn] [audio] SharedArrayBuffer unavailable, falling back to the higher latency postMessage audio buffer. Serve the page cross-origin isolated (Cross-Origin-Opener-Policy: same-origin, Cross-Origin-Embedder-Policy: require-corp) to avoid this.
1:53:20 PM [vite] (client) [console.warn] skipping slow group: track=0.aac 448 -> 449
1:53:21 PM [vite] (client) [console.warn] skipping slow group: track=0.aac 456 -> 457
1:53:21 PM [vite] (client) [console.warn] skipping slow group: track=0.aac 457 -> 464
1:53:21 PM [vite] (client) [console.warn] skipping slow group: track=0.aac 459 -> 463
1:53:21 PM [vite] (client) [console.warn] skipping slow group: track=0.aac 466 -> 470
1:53:21 PM [vite] (client) [console.warn] skipping slow group: track=0.aac 474 -> 477
1:53:21 PM [vite] (client) [console.warn] skipping slow group: track=0.aac 484 -> 485
1:53:21 PM [vite] (client) [console.warn] skipping slow group: track=0.aac 485 -> 493
1:53:21 PM [vite] (client) [console.warn] skipping slow group: track=0.aac 487 -> 492
1:53:22 PM [vite] (client) [console.warn] skipping slow group: track=0.aac 495 -> 499
1:53:22 PM [vite] (client) [console.warn] skipping slow group: track=0.aac 504 -> 506
1:53:22 PM [vite] (client) [console.warn] skipping slow group: track=0.aac 508 -> 514
1:53:22 PM [vite] (client) [console.warn] skipping slow group: track=0.aac 519 -> 520
1:53:22 PM [vite] (client) [console.warn] skipping slow group: track=0.aac 523 -> 527
1:53:22 PM [vite] (client) [console.warn] skipping slow group: track=0.aac 530 -> 534
1:53:23 PM [vite] (client) [console.warn] skipping slow group: track=0.aac 537 -> 541
1:53:23 PM [vite] (client) [console.warn] skipping slow group: track=0.aac 544 -> 548
1:53:23 PM [vite] (client) [console.warn] skipping slow group: track=0.aac 551 -> 555
1:53:23 PM [vite] (client) [console.warn] skipping slow group: track=0.aac 558 -> 562
1:53:23 PM [vite] (client) [console.warn] skipping slow group: track=0.aac 569 -> 570
1:53:23 PM [vite] (client) [console.warn] skipping slow group: track=0.aac 570 -> 577
1:53:23 PM [vite] (client) [console.warn] skipping slow group: track=0.aac 572 -> 576
1:53:24 PM [vite] (client) [console.warn] skipping slow group: track=0.aac 579 -> 583
1:53:24 PM [vite] (client) [console.warn] skipping slow group: track=0.aac 590 -> 591
1:53:24 PM [vite] (client) [console.warn] skipping slow group: track=0.aac 591 -> 598
1:53:24 PM [vite] (client) [console.warn] skipping slow group: track=0.aac 592 -> 597
1:53:24 PM [vite] (client) [console.warn] skipping slow group: track=0.aac 604 -> 605
1:53:24 PM [vite] (client) [console.warn] skipping slow group: track=0.aac 605 -> 612
1:53:24 PM [vite] (client) [console.warn] skipping slow group: track=0.aac 607 -> 611
1:53:24 PM [vite] (client) [console.warn] skipping slow group: track=0.aac 615 -> 618
1:53:24 PM [vite] (client) [console.warn] skipping slow group: track=0.aac 622 -> 625
1:53:25 PM [vite] (client) [console.warn] skipping slow group: track=0.aac 628 -> 632
1:53:25 PM [vite] (client) [console.warn] skipping slow group: track=0.aac 635 -> 639
1:53:25 PM [vite] (client) [console.warn] skipping slow group: track=0.aac 643 -> 646
1:53:25 PM [vite] (client) [console.warn] skipping slow group: track=0.aac 650 -> 653
1:53:25 PM [vite] (client) [console.warn] skipping slow group: track=0.aac 656 -> 660
1:53:25 PM [vite] (client) [console.warn] skipping slow group: track=0.aac 663 -> 667
1:53:26 PM [vite] (client) [console.warn] skipping slow group: track=0.aac 670 -> 674
1:53:26 PM [vite] (client) [console.warn] skipping slow group: track=0.aac 677 -> 681
1:53:26 PM [vite] (client) [console.warn] skipping slow group: track=0.aac 684 -> 688
1:53:26 PM [vite] (client) [console.warn] skipping slow group: track=0.aac 691 -> 695
1:53:26 PM [vite] (client) [console.warn] skipping slow group: track=0.aac 698 -> 702
1:53:27 PM [vite] (client) [console.warn] skipping slow group: track=0.aac 709 -> 710
1:53:27 PM [vite] (client) [console.warn] skipping slow group: track=0.aac 710 -> 717
1:53:27 PM [vite] (client) [console.warn] skipping slow group: track=0.aac 712 -> 716
1:53:27 PM [vite] (client) [console.warn] skipping slow group: track=0.aac 723 -> 724
1:53:27 PM [vite] (client) [console.warn] skipping slow group: track=0.aac 724 -> 731
1:53:27 PM [vite] (client) [console.warn] skipping slow group: track=0.aac 725 -> 730
1:53:27 PM [vite] (client) [console.warn] skipping slow group: track=0.aac 733 -> 737
1:53:27 PM [vite] (client) [console.warn] skipping slow group: track=0.aac 742 -> 744
1:53:27 PM [vite] (client) [console.warn] skipping slow group: track=0.aac 747 -> 751
1:53:28 PM [vite] (client) [console.warn] skipping slow group: track=0.aac 754 -> 758
1:53:28 PM [vite] (client) [console.warn] skipping slow group: track=0.aac 761 -> 765
1:53:28 PM [vite] (client) [console.warn] skipping slow group: track=0.aac 769 -> 772
1:53:28 PM [vite] (client) [console.warn] skipping slow group: track=0.aac 775 -> 779
1:53:28 PM [vite] (client) [console.warn] skipping slow group: track=0.aac 782 -> 787
1:53:29 PM [vite] (client) [console.warn] skipping slow group: track=0.aac 794 -> 795
1:53:29 PM [vite] (client) [console.warn] skipping slow group: track=0.aac 795 -> 802
1:53:29 PM [vite] (client) [console.warn] skipping slow group: track=0.aac 797 -> 801
1:53:29 PM [vite] (client) [console.warn] skipping slow group: track=0.aac 803 -> 808
1:53:29 PM [vite] (client) [console.warn] skipping slow group: track=0.aac 811 -> 815
1:53:29 PM [vite] (client) [console.warn] skipping slow group: track=0.aac 818 -> 822
1:53:29 PM [vite] (client) [console.warn] skipping slow group: track=0.aac 827 -> 829
1:53:29 PM [vite] (client) [console.warn] skipping slow group: track=0.aac 832 -> 837
1:53:30 PM [vite] (client) [console.warn] skipping slow group: track=0.aac 839 -> 843
1:53:30 PM [vite] (client) [console.warn] skipping slow group: track=0.aac 846 -> 850
1:53:30 PM [vite] (client) [console.warn] skipping slow group: track=0.aac 853 -> 857
1:53:30 PM [vite] (client) [console.warn] skipping slow group: track=0.aac 861 -> 865
1:53:30 PM [vite] (client) [console.warn] skipping slow group: track=0.aac 872 -> 873
1:53:30 PM [vite] (client) [console.warn] skipping slow group: track=0.aac 873 -> 880
1:53:30 PM [vite] (client) [console.warn] skipping slow group: track=0.aac 876 -> 879
1:53:31 PM [vite] (client) [console.warn] skipping slow group: track=0.aac 882 -> 886
1:53:31 PM [vite] (client) [console.warn] skipping slow group: track=0.aac 889 -> 893
1:53:31 PM [vite] (client) [console.warn] skipping slow group: track=0.aac 897 -> 900
1:53:31 PM [vite] (client) [console.warn] skipping slow group: track=0.aac 908 -> 909
1:53:31 PM [vite] (client) [console.warn] skipping slow group: track=0.aac 909 -> 916
1:53:31 PM [vite] (client) [console.warn] skipping slow group: track=0.aac 910 -> 915
1:53:31 PM [vite] (client) [console.warn] skipping slow group: track=0.aac 919 -> 922
1:53:32 PM [vite] (client) [console.warn] skipping slow group: track=0.aac 925 -> 929
1:53:32 PM [vite] (client) [console.warn] skipping slow group: track=0.aac 932 -> 936
1:53:32 PM [vite] (client) [console.warn] skipping slow group: track=0.aac 939 -> 943
1:53:32 PM [vite] (client) [console.warn] skipping slow group: track=0.aac 950 -> 951
1:53:32 PM [vite] (client) [console.warn] skipping slow group: track=0.aac 951 -> 958
1:53:32 PM [vite] (client) [console.warn] skipping slow group: track=0.aac 952 -> 957
1:53:32 PM [vite] (client) [console.warn] skipping slow group: track=0.aac 959 -> 964
1:53:33 PM [vite] (client) [console.warn] skipping slow group: track=0.aac 967 -> 971
1:53:33 PM [vite] (client) [console.warn] skipping slow group: track=0.aac 974 -> 978
1:53:33 PM [vite] (client) [console.warn] skipping slow group: track=0.aac 981 -> 985
1:53:33 PM [vite] (client) [console.warn] skipping slow group: track=0.aac 988 -> 992
1:53:33 PM [vite] (client) [console.warn] skipping slow group: track=0.aac 995 -> 999
1:53:33 PM [vite] (client) [console.warn] skipping slow group: track=0.aac 1003 -> 1006
1:53:34 PM [vite] (client) [console.warn] [audio] SharedArrayBuffer unavailable, falling back to the higher latency postMessage audio buffer. Serve the page cross-origin isolated (Cross-Origin-Opener-Policy: same-origin, Cross-Origin-Embedder-Policy: require-corp) to avoid this.
1:53:34 PM [vite] (client) [console.warn] skipping slow group: track=0.aac 1018 -> 1020
1:53:34 PM [vite] (client) [console.warn] skipping slow group: track=0.aac 1027 -> 1028
1:53:34 PM [vite] (client) [console.warn] skipping slow group: track=0.aac 1028 -> 1035
1:53:34 PM [vite] (client) [console.warn] skipping slow group: track=0.aac 1030 -> 1034
1:53:34 PM [vite] (client) [console.warn] skipping slow group: track=0.aac 1037 -> 1041
1:53:35 PM [vite] (client) [console.warn] skipping slow group: track=0.aac 1048 -> 1049
1:53:35 PM [vite] (client) [console.warn] skipping slow group: track=0.aac 1049 -> 1056
1:53:35 PM [vite] (client) [console.warn] skipping slow group: track=0.aac 1050 -> 1055
1:53:35 PM [vite] (client) [console.warn] skipping slow group: track=0.aac 1058 -> 1062
1:53:35 PM [vite] (client) [console.warn] skipping slow group: track=0.aac 1065 -> 1069
1:53:35 PM [vite] (client) [console.warn] skipping slow group: track=0.aac 1072 -> 1076
1:53:35 PM [vite] (client) [console.warn] skipping slow group: track=0.aac 1079 -> 1083
1:53:35 PM [vite] (client) [console.warn] skipping slow group: track=0.aac 1090 -> 1091
1:53:35 PM [vite] (client) [console.warn] skipping slow group: track=0.aac 1091 -> 1098
1:53:35 PM [vite] (client) [console.warn] skipping slow group: track=0.aac 1093 -> 1097
1:53:36 PM [vite] (client) [console.warn] skipping slow group: track=0.aac 1099 -> 1104
1:53:36 PM [vite] (client) [console.warn] skipping slow group: track=0.aac 1109 -> 1111
1:53:36 PM [vite] (client) [console.warn] skipping slow group: track=0.aac 1114 -> 1118
1:53:36 PM [vite] (client) [console.warn] skipping slow group: track=0.aac 1121 -> 1125
1:53:36 PM [vite] (client) [console.warn] skipping slow group: track=0.aac 1128 -> 1132
1:53:36 PM [vite] (client) [console.warn] skipping slow group: track=0.aac 1135 -> 1139
1:53:37 PM [vite] (client) [console.warn] skipping slow group: track=0.aac 1142 -> 1146
1:53:37 PM [vite] (client) [console.warn] skipping slow group: track=0.aac 1150 -> 1153
1:53:37 PM [vite] (client) [console.warn] skipping slow group: track=0.aac 1156 -> 1160
1:53:37 PM [vite] (client) [console.warn] skipping slow group: track=0.aac 1163 -> 1167
1:53:37 PM [vite] (client) [console.warn] skipping slow group: track=0.aac 1171 -> 1174
1:53:38 PM [vite] (client) [console.warn] skipping slow group: track=0.aac 1181 -> 1182
1:53:38 PM [vite] (client) [console.warn] skipping slow group: track=0.aac 1182 -> 1189
1:53:38 PM [vite] (client) [console.warn] skipping slow group: track=0.aac 1184 -> 1188
1:53:38 PM [vite] (client) [console.warn] skipping slow group: track=0.aac 1192 -> 1195
1:53:38 PM [vite] (client) [console.warn] skipping slow group: track=0.aac 1202 -> 1203
1:53:38 PM [vite] (client) [console.warn] skipping slow group: track=0.aac 1203 -> 1210
1:53:38 PM [vite] (client) [console.warn] skipping slow group: track=0.aac 1204 -> 1209
1:53:38 PM [vite] (client) [console.warn] skipping slow group: track=0.aac 1216 -> 1217
1:53:38 PM [vite] (client) [console.warn] skipping slow group: track=0.aac 1217 -> 1224
1:53:38 PM [vite] (client) [console.warn] skipping slow group: track=0.aac 1220 -> 1223
1:53:39 PM [vite] (client) [console.warn] skipping slow group: track=0.aac 1227 -> 1230
1:53:39 PM [vite] (client) [console.warn] skipping slow group: track=0.aac 1237 -> 1238
1:53:39 PM [vite] (client) [console.warn] skipping slow group: track=0.aac 1238 -> 1245
1:53:39 PM [vite] (client) [console.warn] skipping slow group: track=0.aac 1241 -> 1244
1:53:39 PM [vite] (client) [console.warn] skipping slow group: track=0.aac 1249 -> 1251
1:53:39 PM [vite] (client) [console.warn] skipping slow group: track=0.aac 1256 -> 1258
1:53:40 PM [vite] (client) [console.warn] skipping slow group: track=0.aac 1265 -> 1266
1:53:40 PM [vite] (client) [console.warn] skipping slow group: track=0.aac 1266 -> 1273
1:53:40 PM [vite] (client) [console.warn] skipping slow group: track=0.aac 1267 -> 1272
1:53:40 PM [vite] (client) [console.warn] skipping slow group: track=0.aac 1276 -> 1279
1:53:40 PM [vite] (client) [console.warn] skipping slow group: track=0.aac 1286 -> 1287
1:53:40 PM [vite] (client) [console.warn] skipping slow group: track=0.aac 1287 -> 1293
1:53:40 PM [vite] (client) [console.warn] skipping slow group: track=0.aac 1288 -> 1293
1:53:40 PM [vite] (client) [console.warn] skipping slow group: track=0.aac 1296 -> 1300
1:53:40 PM [vite] (client) [console.warn] skipping slow group: track=0.aac 1303 -> 1307
1:53:40 PM [vite] (client) [console.warn] skipping slow group: track=0.aac 1310 -> 1314
1:53:41 PM [vite] (client) [console.warn] skipping slow group: track=0.aac 1317 -> 1321
1:53:41 PM [vite] (client) [console.warn] skipping slow group: track=0.aac 1324 -> 1328
1:53:41 PM [vite] (client) [console.warn] skipping slow group: track=0.aac 1331 -> 1335
1:53:41 PM [vite] (client) [console.warn] skipping slow group: track=0.aac 1339 -> 1342
1:53:41 PM [vite] (client) [console.warn] skipping slow group: track=0.aac 1345 -> 1349
1:53:41 PM [vite] (client) [console.warn] skipping slow group: track=0.aac 1352 -> 1356
1:53:42 PM [vite] (client) [console.warn] skipping slow group: track=0.aac 1359 -> 1363
1:53:42 PM [vite] (client) [console.warn] skipping slow group: track=0.aac 1366 -> 1370
1:53:42 PM [vite] (client) [console.warn] skipping slow group: track=0.aac 1377 -> 1378
1:53:42 PM [vite] (client) [console.warn] skipping slow group: track=0.aac 1378 -> 1385
1:53:42 PM [vite] (client) [console.warn] skipping slow group: track=0.aac 1379 -> 1384
1:53:42 PM [vite] (client) [console.warn] skipping slow group: track=0.aac 1387 -> 1391
1:53:42 PM [vite] (client) [console.warn] skipping slow group: track=0.aac 1394 -> 1398
1:53:43 PM [vite] (client) [console.warn] skipping slow group: track=0.aac 1405 -> 1406
1:53:43 PM [vite] (client) [console.warn] skipping slow group: track=0.aac 1406 -> 1413
1:53:43 PM [vite] (client) [console.warn] skipping slow group: track=0.aac 1408 -> 1412
1:53:43 PM [vite] (client) [console.warn] skipping slow group: track=0.aac 1415 -> 1419
1:53:43 PM [vite] (client) [console.warn] skipping slow group: track=0.aac 1422 -> 1426
1:53:43 PM [vite] (client) [console.warn] skipping slow group: track=0.aac 1429 -> 1433
1:53:43 PM [vite] (client) [console.warn] skipping slow group: track=0.aac 1436 -> 1440
1:53:44 PM [vite] (client) [console.warn] skipping slow group: track=0.aac 1447 -> 1448
1:53:44 PM [vite] (client) [console.warn] skipping slow group: track=0.aac 1448 -> 1455
1:53:44 PM [vite] (client) [console.warn] skipping slow group: track=0.aac 1449 -> 1454
1:53:44 PM [vite] (client) [console.warn] skipping slow group: track=0.aac 1457 -> 1461
1:53:44 PM [vite] (client) [console.warn] skipping slow group: track=0.aac 1465 -> 1468
1:53:44 PM [vite] (client) [console.warn] skipping slow group: track=0.aac 1475 -> 1476
1:53:44 PM [vite] (client) [console.warn] skipping slow group: track=0.aac 1476 -> 1483
1:53:45 PM [vite] (client) [console.warn] skipping slow group: track=0.aac 1489 -> 1490
1:53:45 PM [vite] (client) [console.warn] skipping slow group: track=0.aac 1490 -> 1497
1:53:45 PM [vite] (client) [console.warn] skipping slow group: track=0.aac 1492 -> 1496
1:53:45 PM [vite] (client) [console.warn] skipping slow group: track=0.aac 1498 -> 1503
1:53:45 PM [vite] (client) [console.warn] skipping slow group: track=0.aac 1506 -> 1510
1:53:45 PM [vite] (client) [console.warn] skipping slow group: track=0.aac 1512 -> 1517
1:53:45 PM [vite] (client) [console.warn] skipping slow group: track=0.aac 1520 -> 1524
1:53:46 PM [vite] (client) [console.warn] skipping slow group: track=0.aac 1527 -> 1531
1:53:46 PM [vite] (client) [console.warn] skipping slow group: track=0.aac 1538 -> 1539
1:53:46 PM [vite] (client) [console.warn] skipping slow group: track=0.aac 1539 -> 1546
1:53:46 PM [vite] (client) [console.warn] skipping slow group: track=0.aac 1541 -> 1545
1:53:46 PM [vite] (client) [console.warn] skipping slow group: track=0.aac 1549 -> 1552
1:53:46 PM [vite] (client) [console.warn] skipping slow group: track=0.aac 1559 -> 1560
1:53:46 PM [vite] (client) [console.warn] skipping slow group: track=0.aac 1560 -> 1567
1:53:46 PM [vite] (client) [console.warn] skipping slow group: track=0.aac 1562 -> 1566
1:53:47 PM [vite] (client) [console.warn] skipping slow group: track=0.aac 1572 -> 1573
1:53:47 PM [vite] (client) [console.warn] skipping slow group: track=0.aac 1576 -> 1580
1:53:47 PM [vite] (client) [console.warn] skipping slow group: track=0.aac 1583 -> 1587
1:53:47 PM [vite] (client) [console.warn] skipping slow group: track=0.aac 1594 -> 1595
1:53:47 PM [vite] (client) [console.warn] skipping slow group: track=0.aac 1595 -> 1602
1:53:47 PM [vite] (client) [console.warn] skipping slow group: track=0.aac 1596 -> 1601
1:53:47 PM [vite] (client) [console.warn] skipping slow group: track=0.aac 1604 -> 1608
1:53:47 PM [vite] (client) [console.warn] skipping slow group: track=0.aac 1611 -> 1615
1:53:48 PM [vite] (client) [console.warn] skipping slow group: track=0.aac 1620 -> 1622
1:53:48 PM [vite] (client) [console.warn] skipping slow group: track=0.aac 1629 -> 1630
1:53:48 PM [vite] (client) [console.warn] skipping slow group: track=0.aac 1630 -> 1637
1:53:48 PM [vite] (client) [console.warn] skipping slow group: track=0.aac 1631 -> 1636
1:53:48 PM [vite] (client) [console.warn] skipping slow group: track=0.aac 1641 -> 1643
1:53:48 PM [vite] (client) [console.warn] skipping slow group: track=0.aac 1650 -> 1651
1:53:48 PM [vite] (client) [console.warn] skipping slow group: track=0.aac 1651 -> 1658
1:53:48 PM [vite] (client) [console.warn] skipping slow group: track=0.aac 1652 -> 1657
1:53:49 PM [vite] (client) [console.warn] skipping slow group: track=0.aac 1660 -> 1664
1:53:49 PM [vite] (client) [console.warn] skipping slow group: track=0.aac 1668 -> 1671
1:53:49 PM [vite] (client) [console.warn] skipping slow group: track=0.aac 1678 -> 1679
1:53:49 PM [vite] (client) [console.warn] skipping slow group: track=0.aac 1679 -> 1686
1:53:49 PM [vite] (client) [console.warn] skipping slow group: track=0.aac 1680 -> 1685
1:53:49 PM [vite] (client) [console.warn] skipping slow group: track=0.aac 1692 -> 1693
1:53:49 PM [vite] (client) [console.warn] skipping slow group: track=0.aac 1693 -> 1699
1:53:49 PM [vite] (client) [console.warn] skipping slow group: track=0.aac 1695 -> 1699
1:53:50 PM [vite] (client) [console.warn] skipping slow group: track=0.aac 1702 -> 1706
1:53:50 PM [vite] (client) [console.warn] skipping slow group: track=0.aac 1711 -> 1713
1:53:50 PM [vite] (client) [console.warn] skipping slow group: track=0.aac 1717 -> 1720
1:53:50 PM [vite] (client) [console.warn] skipping slow group: track=0.aac 1723 -> 1727
1:53:50 PM [vite] (client) [console.warn] skipping slow group: track=0.aac 1734 -> 1735
1:53:50 PM [vite] (client) [console.warn] skipping slow group: track=0.aac 1735 -> 1742
1:53:50 PM [vite] (client) [console.warn] skipping slow group: track=0.aac 1738 -> 1741
1:53:51 PM [vite] (client) [console.warn] skipping slow group: track=0.aac 1748 -> 1749
1:53:51 PM [vite] (client) [console.warn] skipping slow group: track=0.aac 1749 -> 1756
1:53:51 PM [vite] (client) [console.warn] skipping slow group: track=0.aac 1750 -> 1755
1:53:51 PM [vite] (client) [console.warn] skipping slow group: track=0.aac 1758 -> 1762
1:53:51 PM [vite] (client) [console.warn] skipping slow group: track=0.aac 1765 -> 1769
1:53:51 PM [vite] (client) [console.warn] skipping slow group: track=0.aac 1772 -> 1776
1:53:51 PM [vite] (client) [console.warn] skipping slow group: track=0.aac 1779 -> 1783
1:53:52 PM [vite] (client) [console.warn] skipping slow group: track=0.aac 1790 -> 1791
1:53:52 PM [vite] (client) [console.warn] skipping slow group: track=0.aac 1791 -> 1798
1:53:52 PM [vite] (client) [console.warn] skipping slow group: track=0.aac 1793 -> 1797
1:53:52 PM [vite] (client) [console.warn] skipping slow group: track=0.aac 1799 -> 1804
1:53:52 PM [vite] (client) [console.warn] skipping slow group: track=0.aac 1808 -> 1811
1:53:52 PM [vite] (client) [console.warn] skipping slow group: track=0.aac 1814 -> 1818
1:53:53 PM [vite] (client) [console.warn] skipping slow group: track=0.aac 1825 -> 1826
1:53:53 PM [vite] (client) [console.warn] skipping slow group: track=0.aac 1826 -> 1833
1:53:53 PM [vite] (client) [console.warn] skipping slow group: track=0.aac 1828 -> 1832
1:53:53 PM [vite] (client) [console.warn] skipping slow group: track=0.aac 1835 -> 1839
1:53:53 PM [vite] (client) [console.warn] skipping slow group: track=0.aac 1846 -> 1847
1:53:53 PM [vite] (client) [console.warn] skipping slow group: track=0.aac 1847 -> 1853
1:53:53 PM [vite] (client) [console.warn] skipping slow group: track=0.aac 1848 -> 1853
1:53:53 PM [vite] (client) [console.warn] skipping slow group: track=0.aac 1857 -> 1860
1:53:53 PM [vite] (client) [console.warn] skipping slow group: track=0.aac 1863 -> 1867
1:53:53 PM [vite] (client) [console.warn] skipping slow group: track=0.aac 1871 -> 1874
1:53:54 PM [vite] (client) [console.warn] skipping slow group: track=0.aac 1877 -> 1881
1:53:54 PM [vite] (client) [console.warn] skipping slow group: track=0.aac 1888 -> 1889
1:53:54 PM [vite] (client) [console.warn] skipping slow group: track=0.aac 1889 -> 1896
1:53:54 PM [vite] (client) [console.warn] skipping slow group: track=0.aac 1892 -> 1895
1:53:54 PM [vite] (client) [console.warn] skipping slow group: track=0.aac 1897 -> 1902
1:53:54 PM [vite] (client) [console.warn] skipping slow group: track=0.aac 1905 -> 1909
1:53:55 PM [vite] (client) [console.warn] skipping slow group: track=0.aac 1917 -> 1918
1:53:55 PM [vite] (client) [console.warn] skipping slow group: track=0.aac 1918 -> 1925
1:53:55 PM [vite] (client) [console.warn] skipping slow group: track=0.aac 1920 -> 1924
1:53:55 PM [vite] (client) [console.warn] skipping slow group: track=0.aac 1927 -> 1931
1:53:55 PM [vite] (client) [console.warn] skipping slow group: track=0.aac 1939 -> 1940
1:53:55 PM [vite] (client) [console.warn] skipping slow group: track=0.aac 1940 -> 1947
1:53:55 PM [vite] (client) [console.warn] skipping slow group: track=0.aac 1941 -> 1946
1:53:55 PM [vite] (client) [console.warn] skipping slow group: track=0.aac 1948 -> 1953
1:53:55 PM [vite] (client) [console.warn] skipping slow group: track=0.aac 1956 -> 1960
1:53:56 PM [vite] (client) [console.warn] skipping slow group: track=0.aac 1965 -> 1967
1:53:56 PM [vite] (client) [console.warn] skipping slow group: track=0.aac 1971 -> 1974
1:53:56 PM [vite] (client) [console.warn] skipping slow group: track=0.aac 1977 -> 1981
1:53:56 PM [vite] (client) [console.warn] skipping slow group: track=0.aac 1985 -> 1988
1:53:56 PM [vite] (client) [console.warn] skipping slow group: track=0.aac 1992 -> 1995
1:53:57 PM [vite] (client) [console.warn] skipping slow group: track=0.aac 2002 -> 2003
1:53:57 PM [vite] (client) [console.warn] skipping slow group: track=0.aac 2003 -> 2010
1:53:57 PM [vite] (client) [console.warn] skipping slow group: track=0.aac 2004 -> 2009
1:53:57 PM [vite] (client) [console.warn] skipping slow group: track=0.aac 2011 -> 2016
1:53:57 PM [vite] (client) [console.warn] skipping slow group: track=0.aac 2019 -> 2023
1:53:57 PM [vite] (client) [console.warn] skipping slow group: track=0.aac 2028 -> 2030
1:53:57 PM [vite] (client) [console.warn] skipping slow group: track=0.aac 2037 -> 2038
1:53:57 PM [vite] (client) [console.warn] skipping slow group: track=0.aac 2038 -> 2045
1:53:57 PM [vite] (client) [console.warn] skipping slow group: track=0.aac 2040 -> 2044
1:53:58 PM [vite] (client) [console.warn] skipping slow group: track=0.aac 2046 -> 2051
1:53:58 PM [vite] (client) [console.warn] skipping slow group: track=0.aac 2056 -> 2058
1:53:58 PM [vite] (client) [console.warn] skipping slow group: track=0.aac 2061 -> 2066
1:53:58 PM [vite] (client) [console.warn] skipping slow group: track=0.aac 2072 -> 2073
1:53:58 PM [vite] (client) [console.warn] skipping slow group: track=0.aac 2073 -> 2079
1:53:58 PM [vite] (client) [console.warn] skipping slow group: track=0.aac 2075 -> 2079
1:53:58 PM [vite] (client) [console.warn] skipping slow group: track=0.aac 2082 -> 2086
1:53:59 PM [vite] (client) [console.warn] skipping slow group: track=0.aac 2093 -> 2094
1:53:59 PM [vite] (client) [console.warn] skipping slow group: track=0.aac 2094 -> 2101
1:53:59 PM [vite] (client) [console.warn] skipping slow group: track=0.aac 2096 -> 2100
1:53:59 PM [vite] (client) [console.warn] skipping slow group: track=0.aac 2105 -> 2107
1:53:59 PM [vite] (client) [console.warn] skipping slow group: track=0.aac 2110 -> 2114
1:53:59 PM [vite] (client) [console.warn] skipping slow group: track=0.aac 2121 -> 2122
1:53:59 PM [vite] (client) [console.warn] skipping slow group: track=0.aac 2122 -> 2129
1:53:59 PM [vite] (client) [console.warn] skipping slow group: track=0.aac 2124 -> 2128
1:54:00 PM [vite] (client) [console.warn] skipping slow group: track=0.aac 2133 -> 2135
1:54:00 PM [vite] (client) [console.warn] skipping slow group: track=0.aac 2138 -> 2142
1:54:00 PM [vite] (client) [console.warn] skipping slow group: track=0.aac 2145 -> 2149
1:54:00 PM [vite] (client) [console.warn] skipping slow group: track=0.aac 2156 -> 2157
1:54:00 PM [vite] (client) [console.warn] skipping slow group: track=0.aac 2157 -> 2165
1:54:00 PM [vite] (client) [console.warn] skipping slow group: track=0.aac 2158 -> 2164
1:54:00 PM [vite] (client) [console.warn] skipping slow group: track=0.aac 2166 -> 2171
1:54:01 PM [vite] (client) [console.warn] skipping slow group: track=0.aac 2173 -> 2178
1:54:01 PM [vite] (client) [console.warn] skipping slow group: track=0.aac 2185 -> 2186
1:54:01 PM [vite] (client) [console.warn] skipping slow group: track=0.aac 2186 -> 2193
1:54:01 PM [vite] (client) [console.warn] skipping slow group: track=0.aac 2188 -> 2192
1:54:01 PM [vite] (client) [console.warn] skipping slow group: track=0.aac 2194 -> 2199
1:54:01 PM [vite] (client) [console.warn] skipping slow group: track=0.aac 2202 -> 2206
1:54:01 PM [vite] (client) [console.warn] skipping slow group: track=0.aac 2209 -> 2213
1:54:02 PM [vite] (client) [console.warn] skipping slow group: track=0.aac 2220 -> 2221
1:54:02 PM [vite] (client) [console.warn] skipping slow group: track=0.aac 2221 -> 2228
1:54:02 PM [vite] (client) [console.warn] skipping slow group: track=0.aac 2222 -> 2227
1:54:02 PM [vite] (client) [console.warn] skipping slow group: track=0.aac 2230 -> 2234
1:54:02 PM [vite] (client) [console.warn] skipping slow group: track=0.aac 2240 -> 2241
1:54:02 PM [vite] (client) [console.warn] skipping slow group: track=0.aac 2244 -> 2248
1:54:02 PM [vite] (client) [console.warn] skipping slow group: track=0.aac 2251 -> 2255
1:54:02 PM [vite] (client) [console.warn] skipping slow group: track=0.aac 2258 -> 2261
1:54:03 PM [vite] (client) [console.warn] skipping slow group: track=0.aac 2266 -> 2267
1:54:03 PM [vite] (client) [console.warn] skipping slow group: track=0.aac 2267 -> 2274
1:54:03 PM [vite] (client) [console.warn] skipping slow group: track=0.aac 2270 -> 2273
1:54:03 PM [vite] (client) [console.warn] skipping slow group: track=0.aac 2276 -> 2280
1:54:03 PM [vite] (client) [console.warn] skipping slow group: track=0.aac 2287 -> 2288
1:54:03 PM [vite] (client) [console.warn] [audio] SharedArrayBuffer unavailable, falling back to the higher latency postMessage audio buffer. Serve the page cross-origin isolated (Cross-Origin-Opener-Policy: same-origin, Cross-Origin-Embedder-Policy: require-corp) to avoid this.
1:54:03 PM [vite] (client) [console.warn] skipping slow group: track=0.aac 2291 -> 2295
1:54:03 PM [vite] (client) [console.warn] skipping slow group: track=0.aac 2298 -> 2302
1:54:04 PM [vite] (client) [console.warn] skipping slow group: track=0.aac 2309 -> 2310
1:54:04 PM [vite] (client) [console.warn] skipping slow group: track=0.aac 2310 -> 2317
1:54:04 PM [vite] (client) [console.warn] skipping slow group: track=0.aac 2311 -> 2316
1:54:04 PM [vite] (client) [console.warn] skipping slow group: track=0.aac 2319 -> 2323
1:54:04 PM [vite] (client) [console.warn] skipping slow group: track=0.aac 2330 -> 2331
1:54:04 PM [vite] (client) [console.warn] skipping slow group: track=0.aac 2331 -> 2338
1:54:04 PM [vite] (client) [console.warn] skipping slow group: track=0.aac 2333 -> 2337
1:54:05 PM [vite] (client) [console.warn] skipping slow group: track=0.aac 2344 -> 2345
1:54:05 PM [vite] (client) [console.warn] skipping slow group: track=0.aac 2345 -> 2352
1:54:05 PM [vite] (client) [console.warn] skipping slow group: track=0.aac 2347 -> 2351
1:54:05 PM [vite] (client) [console.warn] skipping slow group: track=0.aac 2354 -> 2358
1:54:05 PM [vite] (client) [console.warn] skipping slow group: track=0.aac 2365 -> 2366
1:54:05 PM [vite] (client) [console.warn] skipping slow group: track=0.aac 2366 -> 2373
1:54:05 PM [vite] (client) [console.warn] skipping slow group: track=0.aac 2369 -> 2372
1:54:05 PM [vite] (client) [console.warn] skipping slow group: track=0.aac 2380 -> 2381
1:54:05 PM [vite] (client) [console.warn] skipping slow group: track=0.aac 2381 -> 2388
1:54:05 PM [vite] (client) [console.warn] skipping slow group: track=0.aac 2382 -> 2387
1:54:06 PM [vite] (client) [console.warn] skipping slow group: track=0.aac 2390 -> 2394
1:54:06 PM [vite] (client) [console.warn] skipping slow group: track=0.aac 2397 -> 2401
1:54:06 PM [vite] (client) [console.warn] skipping slow group: track=0.aac 2404 -> 2408
1:54:06 PM [vite] (client) [console.warn] skipping slow group: track=0.aac 2415 -> 2416
1:54:06 PM [vite] (client) [console.warn] skipping slow group: track=0.aac 2416 -> 2423
1:54:06 PM [vite] (client) [console.warn] skipping slow group: track=0.aac 2417 -> 2422
1:54:06 PM [vite] (client) [console.warn] skipping slow group: track=0.aac 2426 -> 2429
1:54:07 PM [vite] (client) [console.warn] skipping slow group: track=0.aac 2433 -> 2436
1:54:07 PM [vite] (client) [console.warn] skipping slow group: track=0.aac 2441 -> 2443
1:54:07 PM [vite] (client) [console.warn] skipping slow group: track=0.aac 2446 -> 2450
1:54:07 PM [vite] (client) [console.warn] skipping slow group: track=0.aac 2457 -> 2458
1:54:07 PM [vite] (client) [console.warn] skipping slow group: track=0.aac 2458 -> 2465
1:54:07 PM [vite] (client) [console.warn] skipping slow group: track=0.aac 2460 -> 2464
1:54:07 PM [vite] (client) [console.warn] skipping slow group: track=0.aac 2470 -> 2471
1:54:08 PM [vite] (client) [console.warn] skipping slow group: track=0.aac 2474 -> 2478
1:54:08 PM [vite] (client) [console.warn] skipping slow group: track=0.aac 2485 -> 2486
1:54:08 PM [vite] (client) [console.warn] skipping slow group: track=0.aac 2486 -> 2493
1:54:08 PM [vite] (client) [console.warn] skipping slow group: track=0.aac 2487 -> 2492
1:54:08 PM [vite] (client) [console.warn] skipping slow group: track=0.aac 2495 -> 2499
1:54:08 PM [vite] (client) [console.warn] skipping slow group: track=0.aac 2504 -> 2506
1:54:08 PM [vite] (client) [console.warn] skipping slow group: track=0.aac 2510 -> 2513
1:54:09 PM [vite] (client) [console.warn] skipping slow group: track=0.aac 2516 -> 2521
1:54:09 PM [vite] (client) [console.warn] skipping slow group: track=0.aac 2524 -> 2528
1:54:09 PM [vite] (client) [console.warn] skipping slow group: track=0.aac 2531 -> 2535
1:54:09 PM [vite] (client) [console.warn] skipping slow group: track=0.aac 2538 -> 2542
1:54:09 PM [vite] (client) [console.warn] skipping slow group: track=0.aac 2545 -> 2549
1:54:09 PM [vite] (client) [console.warn] skipping slow group: track=0.aac 2552 -> 2556
1:54:09 PM [vite] (client) [console.warn] skipping slow group: track=0.aac 2559 -> 2563
1:54:10 PM [vite] (client) [console.warn] skipping slow group: track=0.aac 2566 -> 2570
1:54:10 PM [vite] (client) [console.warn] skipping slow group: track=0.aac 2573 -> 2577
1:54:10 PM [vite] (client) [console.warn] skipping slow group: track=0.aac 2580 -> 2584
1:54:10 PM [vite] (client) [console.warn] skipping slow group: track=0.aac 2587 -> 2591
1:54:10 PM [vite] (client) [console.warn] skipping slow group: track=0.aac 2596 -> 2598
1:54:10 PM [vite] (client) [console.warn] skipping slow group: track=0.aac 2601 -> 2605
1:54:11 PM [vite] (client) [console.warn] skipping slow group: track=0.aac 2608 -> 2612
1:54:11 PM [vite] (client) [console.warn] skipping slow group: track=0.aac 2617 -> 2619
1:54:11 PM [vite] (client) [console.warn] skipping slow group: track=0.aac 2622 -> 2626
1:54:11 PM [vite] (client) [console.warn] skipping slow group: track=0.aac 2629 -> 2633
1:54:11 PM [vite] (client) [console.warn] skipping slow group: track=0.aac 2640 -> 2641
1:54:11 PM [vite] (client) [console.warn] skipping slow group: track=0.aac 2641 -> 2648
1:54:11 PM [vite] (client) [console.warn] skipping slow group: track=0.aac 2644 -> 2647
1:54:12 PM [vite] (client) [console.warn] skipping slow group: track=0.aac 2650 -> 2654
1:54:12 PM [vite] (client) [console.warn] skipping slow group: track=0.aac 2657 -> 2661
1:54:12 PM [vite] (client) [console.warn] skipping slow group: track=0.aac 2664 -> 2668
1:54:12 PM [vite] (client) [console.warn] skipping slow group: track=0.aac 2672 -> 2675
1:54:12 PM [vite] (client) [console.warn] skipping slow group: track=0.aac 2678 -> 2682
1:54:13 PM [vite] (client) [console.warn] skipping slow group: track=0.aac 2689 -> 2690
1:54:13 PM [vite] (client) [console.warn] skipping slow group: track=0.aac 2690 -> 2697
1:54:13 PM [vite] (client) [console.warn] skipping slow group: track=0.aac 2692 -> 2696
1:54:13 PM [vite] (client) [console.warn] skipping slow group: track=0.aac 2703 -> 2704
1:54:13 PM [vite] (client) [console.warn] skipping slow group: track=0.aac 2704 -> 2711
1:54:13 PM [vite] (client) [console.warn] skipping slow group: track=0.aac 2705 -> 2710
1:54:13 PM [vite] (client) [console.warn] skipping slow group: track=0.aac 2714 -> 2717
1:54:13 PM [vite] (client) [console.warn] skipping slow group: track=0.aac 2721 -> 2724
1:54:14 PM [vite] (client) [console.warn] skipping slow group: track=0.aac 2731 -> 2732
1:54:14 PM [vite] (client) [console.warn] skipping slow group: track=0.aac 2732 -> 2739
1:54:14 PM [vite] (client) [console.warn] skipping slow group: track=0.aac 2734 -> 2738
1:54:14 PM [vite] (client) [console.warn] skipping slow group: track=0.aac 2741 -> 2745
1:54:14 PM [vite] (client) [console.warn] skipping slow group: track=0.aac 2752 -> 2753
1:54:14 PM [vite] (client) [console.warn] skipping slow group: track=0.aac 2753 -> 2760
1:54:14 PM [vite] (client) [console.warn] skipping slow group: track=0.aac 2754 -> 2759
1:54:14 PM [vite] (client) [console.warn] skipping slow group: track=0.aac 2766 -> 2767
1:54:14 PM [vite] (client) [console.warn] skipping slow group: track=0.aac 2767 -> 2774
1:54:14 PM [vite] (client) [console.warn] skipping slow group: track=0.aac 2770 -> 2773
1:54:15 PM [vite] (client) [console.warn] skipping slow group: track=0.aac 2780 -> 2781
1:54:15 PM [vite] (client) [console.warn] skipping slow group: track=0.aac 2781 -> 2788
1:54:15 PM [vite] (client) [console.warn] skipping slow group: track=0.aac 2782 -> 2787
1:54:15 PM [vite] (client) [console.warn] skipping slow group: track=0.aac 2793 -> 2794
1:54:15 PM [vite] (client) [console.warn] skipping slow group: track=0.aac 2797 -> 2801
1:54:15 PM [vite] (client) [console.warn] skipping slow group: track=0.aac 2808 -> 2809
1:54:15 PM [vite] (client) [console.warn] skipping slow group: track=0.aac 2809 -> 2816
1:54:15 PM [vite] (client) [console.warn] skipping slow group: track=0.aac 2811 -> 2815
1:54:16 PM [vite] (client) [console.warn] skipping slow group: track=0.aac 2818 -> 2822
1:54:16 PM [vite] (client) [console.warn] skipping slow group: track=0.aac 2830 -> 2831
1:54:16 PM [vite] (client) [console.warn] skipping slow group: track=0.aac 2831 -> 2838
1:54:16 PM [vite] (client) [console.warn] skipping slow group: track=0.aac 2833 -> 2837
1:54:16 PM [vite] (client) [console.warn] skipping slow group: track=0.aac 2839 -> 2844
1:54:16 PM [vite] (client) [console.warn] skipping slow group: track=0.aac 2847 -> 2851
1:54:16 PM [vite] (client) [console.warn] skipping slow group: track=0.aac 2856 -> 2858
1:54:17 PM [vite] (client) [console.warn] skipping slow group: track=0.aac 2861 -> 2865
1:54:17 PM [vite] (client) [console.warn] skipping slow group: track=0.aac 2868 -> 2872
1:54:17 PM [vite] (client) [console.warn] skipping slow group: track=0.aac 2876 -> 2879
1:54:17 PM [vite] (client) [console.warn] skipping slow group: track=0.aac 2882 -> 2887
1:54:17 PM [vite] (client) [console.warn] skipping slow group: track=0.aac 2890 -> 2894
1:54:20 PM [vite] (client) [console.warn] [audio] SharedArrayBuffer unavailable, falling back to the higher latency postMessage audio buffer. Serve the page cross-origin isolated (Cross-Origin-Opener-Policy: same-origin, Cross-Origin-Embedder-Policy: require-corp) to avoid this.
1:54:21 PM [vite] (client) [console.warn] skipping slow group: track=0.aac 3036 -> 3037
1:54:21 PM [vite] (client) [console.warn] skipping slow group: track=0.aac 3037 -> 3038
1:54:21 PM [vite] (client) [console.warn] skipping slow group: track=0.aac 3038 -> 3039
1:55:46 PM [vite] (client) [console.warn] [audio] SharedArrayBuffer unavailable, falling back to the higher latency postMessage audio buffer. Serve the page cross-origin isolated (Cross-Origin-Opener-Policy: same-origin, Cross-Origin-Embedder-Policy: require-corp) to avoid this.
1:55:46 PM [vite] (client) [console.warn] skipping slow group: track=0.aac 28552835 -> 28552836
1:55:46 PM [vite] (client) [console.warn] skipping slow group: track=0.aac 28552836 -> 28552839
1:55:46 PM [vite] (client) [console.warn] skipping slow group: track=0.aac 28552837 -> 28552839
1:55:46 PM [vite] (client) [console.warn] skipping slow group: track=0.aac 28552844 -> 28552845
1:55:46 PM [vite] (client) [console.warn] skipping slow group: track=0.aac 28552849 -> 28552850
1:55:46 PM [vite] (client) [console.warn] skipping slow group: track=0.aac 28552850 -> 28552851
1:55:46 PM [vite] (client) [console.warn] skipping slow group: track=0.aac 28552851 -> 28552852
1:55:46 PM [vite] (client) [console.warn] skipping slow group: track=0.aac 28552858 -> 28552859
1:55:46 PM [vite] (client) [console.warn] skipping slow group: track=0.aac 28552863 -> 28552864
1:55:47 PM [vite] (client) [console.warn] skipping slow group: track=0.aac 28552864 -> 28552865
1:55:47 PM [vite] (client) [console.warn] skipping slow group: track=0.aac 28552865 -> 28552866
1:55:47 PM [vite] (client) [console.warn] skipping slow group: track=0.aac 28552870 -> 28552871
1:55:47 PM [vite] (client) [console.warn] skipping slow group: track=0.aac 28552871 -> 28552872
1:55:47 PM [vite] (client) [console.warn] skipping slow group: track=0.aac 28552872 -> 28552873
1:55:47 PM [vite] (client) [console.warn] skipping slow group: track=0.aac 28552878 -> 28552879
1:55:47 PM [vite] (client) [console.warn] skipping slow group: track=0.aac 28552879 -> 28552880
1:55:47 PM [vite] (client) [console.warn] skipping slow group: track=0.aac 28552880 -> 28552881
1:55:47 PM [vite] (client) [console.warn] skipping slow group: track=0.aac 28552887 -> 28552888
1:55:47 PM [vite] (client) [console.warn] skipping slow group: track=0.aac 28552892 -> 28552893
1:55:47 PM [vite] (client) [console.warn] skipping slow group: track=0.aac 28552893 -> 28552894
1:55:47 PM [vite] (client) [console.warn] skipping slow group: track=0.aac 28552894 -> 28552895
1:55:47 PM [vite] (client) [console.warn] skipping slow group: track=0.aac 28552899 -> 28552900
1:55:47 PM [vite] (client) [console.warn] skipping slow group: track=0.aac 28552900 -> 28552901
1:55:47 PM [vite] (client) [console.warn] skipping slow group: track=0.aac 28552901 -> 28552902
1:55:48 PM [vite] (client) [console.warn] skipping slow group: track=0.aac 28552907 -> 28552908
1:55:48 PM [vite] (client) [console.warn] skipping slow group: track=0.aac 28552908 -> 28552909
1:55:48 PM [vite] (client) [console.warn] skipping slow group: track=0.aac 28552914 -> 28552915
1:55:48 PM [vite] (client) [console.warn] skipping slow group: track=0.aac 28552915 -> 28552916
1:55:48 PM [vite] (client) [console.warn] skipping slow group: track=0.aac 28552921 -> 28552922
1:55:48 PM [vite] (client) [console.warn] skipping slow group: track=0.aac 28552922 -> 28552923
1:55:48 PM [vite] (client) [console.warn] skipping slow group: track=0.aac 28552927 -> 28552928
1:55:48 PM [vite] (client) [console.warn] skipping slow group: track=0.aac 28552928 -> 28552929
1:55:48 PM [vite] (client) [console.warn] skipping slow group: track=0.aac 28552929 -> 28552930
1:55:48 PM [vite] (client) [console.warn] skipping slow group: track=0.aac 28552934 -> 28552935
1:55:48 PM [vite] (client) [console.warn] skipping slow group: track=0.aac 28552935 -> 28552936
1:55:48 PM [vite] (client) [console.warn] skipping slow group: track=0.aac 28552936 -> 28552937
1:55:48 PM [vite] (client) [console.warn] skipping slow group: track=0.aac 28552940 -> 28552941
1:55:48 PM [vite] (client) [console.warn] skipping slow group: track=0.aac 28552942 -> 28552943
1:55:48 PM [vite] (client) [console.warn] skipping slow group: track=0.aac 28552943 -> 28552944
1:55:48 PM [vite] (client) [console.warn] skipping slow group: track=0.aac 28552948 -> 28552949
1:55:48 PM [vite] (client) [console.warn] skipping slow group: track=0.aac 28552949 -> 28552950
1:55:48 PM [vite] (client) [console.warn] skipping slow group: track=0.aac 28552950 -> 28552951
1:55:49 PM [vite] (client) [console.warn] skipping slow group: track=0.aac 28552961 -> 28552962
1:55:49 PM [vite] (client) [console.warn] skipping slow group: track=0.aac 28552962 -> 28552963
1:55:49 PM [vite] (client) [console.warn] skipping slow group: track=0.aac 28552963 -> 28552964
1:55:49 PM [vite] (client) [console.warn] skipping slow group: track=0.aac 28552969 -> 28552970
1:55:49 PM [vite] (client) [console.warn] skipping slow group: track=0.aac 28552974 -> 28552975
1:55:49 PM [vite] (client) [console.warn] skipping slow group: track=0.aac 28552975 -> 28552976
1:55:49 PM [vite] (client) [console.warn] skipping slow group: track=0.aac 28552976 -> 28552977
1:55:49 PM [vite] (client) [console.warn] skipping slow group: track=0.aac 28552988 -> 28552989
1:55:50 PM [vite] (client) [console.warn] skipping slow group: track=0.aac 28552995 -> 28552996
1:55:50 PM [vite] (client) [console.warn] skipping slow group: track=0.aac 28552996 -> 28552997
1:55:50 PM [vite] (client) [console.warn] skipping slow group: track=0.aac 28552997 -> 28552998
1:55:50 PM [vite] (client) [console.warn] skipping slow group: track=0.aac 28553002 -> 28553003
1:55:50 PM [vite] (client) [console.warn] skipping slow group: track=0.aac 28553003 -> 28553005
1:55:50 PM [vite] (client) [console.warn] skipping slow group: track=0.aac 28553004 -> 28553005
1:55:50 PM [vite] (client) [console.warn] skipping slow group: track=0.aac 28553009 -> 28553010
1:55:50 PM [vite] (client) [console.warn] skipping slow group: track=0.aac 28553010 -> 28553011
1:55:50 PM [vite] (client) [console.warn] skipping slow group: track=0.aac 28553011 -> 28553012
1:55:50 PM [vite] (client) [console.warn] skipping slow group: track=0.aac 28553016 -> 28553017
1:55:50 PM [vite] (client) [console.warn] skipping slow group: track=0.aac 28553017 -> 28553018
1:55:50 PM [vite] (client) [console.warn] skipping slow group: track=0.aac 28553018 -> 28553019
1:55:50 PM [vite] (client) [console.warn] skipping slow group: track=0.aac 28553023 -> 28553024
1:55:50 PM [vite] (client) [console.warn] skipping slow group: track=0.aac 28553024 -> 28553028
1:55:50 PM [vite] (client) [console.warn] skipping slow group: track=0.aac 28553025 -> 28553028
1:55:50 PM [vite] (client) [console.warn] skipping slow group: track=0.aac 28553030 -> 28553031
1:55:50 PM [vite] (client) [console.warn] skipping slow group: track=0.aac 28553031 -> 28553032
1:55:50 PM [vite] (client) [console.warn] skipping slow group: track=0.aac 28553032 -> 28553033
1:55:51 PM [vite] (client) [console.warn] skipping slow group: track=0.aac 28553038 -> 28553039
1:55:51 PM [vite] (client) [console.warn] skipping slow group: track=0.aac 28553039 -> 28553040
1:55:51 PM [vite] (client) [console.warn] skipping slow group: track=0.aac 28553045 -> 28553046
1:55:51 PM [vite] (client) [console.warn] skipping slow group: track=0.aac 28553046 -> 28553049
1:55:51 PM [vite] (client) [console.warn] skipping slow group: track=0.aac 28553051 -> 28553052
1:55:51 PM [vite] (client) [console.warn] skipping slow group: track=0.aac 28553052 -> 28553054
1:55:51 PM [vite] (client) [console.warn] skipping slow group: track=0.aac 28553053 -> 28553054
1:55:51 PM [vite] (client) [console.warn] skipping slow group: track=0.aac 28553058 -> 28553059
1:55:51 PM [vite] (client) [console.warn] skipping slow group: track=0.aac 28553059 -> 28553060
1:55:51 PM [vite] (client) [console.warn] skipping slow group: track=0.aac 28553060 -> 28553061
1:55:51 PM [vite] (client) [console.warn] skipping slow group: track=0.aac 28553065 -> 28553066
1:55:51 PM [vite] (client) [console.warn] skipping slow group: track=0.aac 28553066 -> 28553067
1:55:51 PM [vite] (client) [console.warn] skipping slow group: track=0.aac 28553067 -> 28553068
1:55:51 PM [vite] (client) [console.warn] skipping slow group: track=0.aac 28553072 -> 28553073
1:55:51 PM [vite] (client) [console.warn] skipping slow group: track=0.aac 28553073 -> 28553074
1:55:51 PM [vite] (client) [console.warn] skipping slow group: track=0.aac 28553074 -> 28553075
1:55:51 PM [vite] (client) [console.warn] skipping slow group: track=0.aac 28553075 -> 28553076
1:55:52 PM [vite] (client) [console.warn] skipping slow group: track=0.aac 28553080 -> 28553081
1:55:52 PM [vite] (client) [console.warn] skipping slow group: track=0.aac 28553081 -> 28553082
1:55:52 PM [vite] (client) [console.warn] skipping slow group: track=0.aac 28553082 -> 28553083
1:55:52 PM [vite] (client) [console.warn] skipping slow group: track=0.aac 28553087 -> 28553088
1:55:52 PM [vite] (client) [console.warn] skipping slow group: track=0.aac 28553088 -> 28553089
1:55:52 PM [vite] (client) [console.warn] skipping slow group: track=0.aac 28553089 -> 28553090
1:55:52 PM [vite] (client) [console.warn] skipping slow group: track=0.aac 28553094 -> 28553095
1:55:52 PM [vite] (client) [console.warn] skipping slow group: track=0.aac 28553095 -> 28553096
1:55:52 PM [vite] (client) [console.warn] skipping slow group: track=0.aac 28553096 -> 28553097
1:55:52 PM [vite] (client) [console.warn] skipping slow group: track=0.aac 28553101 -> 28553102
1:55:52 PM [vite] (client) [console.warn] skipping slow group: track=0.aac 28553102 -> 28553103
1:55:52 PM [vite] (client) [console.warn] skipping slow group: track=0.aac 28553103 -> 28553104
1:55:52 PM [vite] (client) [console.warn] skipping slow group: track=0.aac 28553109 -> 28553110
1:55:52 PM [vite] (client) [console.warn] skipping slow group: track=0.aac 28553110 -> 28553113
1:55:52 PM [vite] (client) [console.warn] skipping slow group: track=0.aac 28553116 -> 28553117
1:55:52 PM [vite] (client) [console.warn] skipping slow group: track=0.aac 28553117 -> 28553118
1:55:53 PM [vite] (client) [console.warn] skipping slow group: track=0.aac 28553122 -> 28553123
1:55:53 PM [vite] (client) [console.warn] skipping slow group: track=0.aac 28553123 -> 28553127
1:55:53 PM [vite] (client) [console.warn] skipping slow group: track=0.aac 28553124 -> 28553127
1:55:53 PM [vite] (client) [console.warn] skipping slow group: track=0.aac 28553129 -> 28553130
1:55:53 PM [vite] (client) [console.warn] skipping slow group: track=0.aac 28553130 -> 28553131
1:55:53 PM [vite] (client) [console.warn] skipping slow group: track=0.aac 28553131 -> 28553132
1:55:53 PM [vite] (client) [console.warn] skipping slow group: track=0.aac 28553135 -> 28553136
1:55:53 PM [vite] (client) [console.warn] skipping slow group: track=0.aac 28553137 -> 28553138
1:55:53 PM [vite] (client) [console.warn] skipping slow group: track=0.aac 28553138 -> 28553139
1:55:53 PM [vite] (client) [console.warn] skipping slow group: track=0.aac 28553143 -> 28553144
1:55:53 PM [vite] (client) [console.warn] skipping slow group: track=0.aac 28553144 -> 28553145
1:55:53 PM [vite] (client) [console.warn] skipping slow group: track=0.aac 28553145 -> 28553146
1:55:53 PM [vite] (client) [console.warn] skipping slow group: track=0.aac 28553151 -> 28553152
1:55:53 PM [vite] (client) [console.warn] skipping slow group: track=0.aac 28553152 -> 28553153
1:55:53 PM [vite] (client) [console.warn] skipping slow group: track=0.aac 28553157 -> 28553158
1:55:53 PM [vite] (client) [console.warn] skipping slow group: track=0.aac 28553158 -> 28553159
1:55:53 PM [vite] (client) [console.warn] skipping slow group: track=0.aac 28553159 -> 28553160
1:55:53 PM [vite] (client) [console.warn] skipping slow group: track=0.aac 28553163 -> 28553164
1:55:53 PM [vite] (client) [console.warn] skipping slow group: track=0.aac 28553165 -> 28553166
1:55:54 PM [vite] (client) [console.warn] skipping slow group: track=0.aac 28553166 -> 28553167
1:55:54 PM [vite] (client) [console.warn] skipping slow group: track=0.aac 28553171 -> 28553172
1:55:54 PM [vite] (client) [console.warn] skipping slow group: track=0.aac 28553172 -> 28553173
1:55:54 PM [vite] (client) [console.warn] skipping slow group: track=0.aac 28553173 -> 28553174
1:55:54 PM [vite] (client) [console.warn] skipping slow group: track=0.aac 28553177 -> 28553178
1:55:54 PM [vite] (client) [console.warn] skipping slow group: track=0.aac 28553178 -> 28553179
1:55:54 PM [vite] (client) [console.warn] skipping slow group: track=0.aac 28553179 -> 28553180
1:55:54 PM [vite] (client) [console.warn] skipping slow group: track=0.aac 28553180 -> 28553181
1:55:54 PM [vite] (client) [console.warn] skipping slow group: track=0.aac 28553185 -> 28553186
1:55:54 PM [vite] (client) [console.warn] skipping slow group: track=0.aac 28553186 -> 28553187
1:55:54 PM [vite] (client) [console.warn] skipping slow group: track=0.aac 28553187 -> 28553188
1:55:54 PM [vite] (client) [console.warn] skipping slow group: track=0.aac 28553193 -> 28553194
1:55:54 PM [vite] (client) [console.warn] skipping slow group: track=0.aac 28553194 -> 28553195
1:55:54 PM [vite] (client) [console.warn] skipping slow group: track=0.aac 28553199 -> 28553200
1:55:54 PM [vite] (client) [console.warn] skipping slow group: track=0.aac 28553200 -> 28553201
1:55:54 PM [vite] (client) [console.warn] skipping slow group: track=0.aac 28553201 -> 28553202
1:55:54 PM [vite] (client) [console.warn] skipping slow group: track=0.aac 28553206 -> 28553207
1:55:54 PM [vite] (client) [console.warn] skipping slow group: track=0.aac 28553207 -> 28553211
1:55:54 PM [vite] (client) [console.warn] skipping slow group: track=0.aac 28553208 -> 28553211
1:55:55 PM [vite] (client) [console.warn] skipping slow group: track=0.aac 28553214 -> 28553215
1:55:55 PM [vite] (client) [console.warn] skipping slow group: track=0.aac 28553215 -> 28553216
1:55:55 PM [vite] (client) [console.warn] skipping slow group: track=0.aac 28553220 -> 28553221
1:55:55 PM [vite] (client) [console.warn] skipping slow group: track=0.aac 28553221 -> 28553222
1:55:55 PM [vite] (client) [console.warn] skipping slow group: track=0.aac 28553222 -> 28553223
1:55:55 PM [vite] (client) [console.warn] skipping slow group: track=0.aac 28553228 -> 28553229
1:55:55 PM [vite] (client) [console.warn] skipping slow group: track=0.aac 28553229 -> 28553230
1:55:55 PM [vite] (client) [console.warn] skipping slow group: track=0.aac 28553234 -> 28553235
1:55:55 PM [vite] (client) [console.warn] skipping slow group: track=0.aac 28553235 -> 28553236
1:55:55 PM [vite] (client) [console.warn] skipping slow group: track=0.aac 28553236 -> 28553237
1:55:55 PM [vite] (client) [console.warn] skipping slow group: track=0.aac 28553243 -> 28553244
1:55:55 PM [vite] (client) [console.warn] skipping slow group: track=0.aac 28553248 -> 28553249
1:55:55 PM [vite] (client) [console.warn] skipping slow group: track=0.aac 28553249 -> 28553250
1:55:55 PM [vite] (client) [console.warn] skipping slow group: track=0.aac 28553250 -> 28553251
1:55:56 PM [vite] (client) [console.warn] skipping slow group: track=0.aac 28553255 -> 28553256
1:55:56 PM [vite] (client) [console.warn] skipping slow group: track=0.aac 28553256 -> 28553257
1:55:56 PM [vite] (client) [console.warn] skipping slow group: track=0.aac 28553257 -> 28553258
1:55:56 PM [vite] (client) [console.warn] skipping slow group: track=0.aac 28553262 -> 28553263
1:55:56 PM [vite] (client) [console.warn] skipping slow group: track=0.aac 28553263 -> 28553264
1:55:56 PM [vite] (client) [console.warn] skipping slow group: track=0.aac 28553264 -> 28553265
1:55:56 PM [vite] (client) [console.warn] skipping slow group: track=0.aac 28553268 -> 28553269
1:55:56 PM [vite] (client) [console.warn] skipping slow group: track=0.aac 28553270 -> 28553271
1:55:56 PM [vite] (client) [console.warn] skipping slow group: track=0.aac 28553271 -> 28553272
1:55:56 PM [vite] (client) [console.warn] skipping slow group: track=0.aac 28553276 -> 28553277
1:55:56 PM [vite] (client) [console.warn] skipping slow group: track=0.aac 28553277 -> 28553278
1:55:56 PM [vite] (client) [console.warn] skipping slow group: track=0.aac 28553278 -> 28553279
1:55:56 PM [vite] (client) [console.warn] skipping slow group: track=0.aac 28553283 -> 28553284
1:55:56 PM [vite] (client) [console.warn] skipping slow group: track=0.aac 28553284 -> 28553285
1:55:56 PM [vite] (client) [console.warn] skipping slow group: track=0.aac 28553285 -> 28553286
1:55:56 PM [vite] (client) [console.warn] skipping slow group: track=0.aac 28553291 -> 28553292
1:55:56 PM [vite] (client) [console.warn] skipping slow group: track=0.aac 28553292 -> 28553293
1:55:57 PM [vite] (client) [console.warn] skipping slow group: track=0.aac 28553297 -> 28553298
1:55:57 PM [vite] (client) [console.warn] skipping slow group: track=0.aac 28553298 -> 28553299
1:55:57 PM [vite] (client) [console.warn] skipping slow group: track=0.aac 28553299 -> 28553300
1:55:57 PM [vite] (client) [console.warn] skipping slow group: track=0.aac 28553305 -> 28553306
1:55:57 PM [vite] (client) [console.warn] skipping slow group: track=0.aac 28553306 -> 28553307
1:55:57 PM [vite] (client) [console.warn] skipping slow group: track=0.aac 28553310 -> 28553311
1:55:57 PM [vite] (client) [console.warn] skipping slow group: track=0.aac 28553312 -> 28553313
1:55:57 PM [vite] (client) [console.warn] skipping slow group: track=0.aac 28553313 -> 28553314
1:55:57 PM [vite] (client) [console.warn] skipping slow group: track=0.aac 28553320 -> 28553321
1:55:57 PM [vite] (client) [console.warn] skipping slow group: track=0.aac 28553326 -> 28553327
1:55:57 PM [vite] (client) [console.warn] skipping slow group: track=0.aac 28553327 -> 28553328
1:55:57 PM [vite] (client) [console.warn] skipping slow group: track=0.aac 28553331 -> 28553332
1:55:57 PM [vite] (client) [console.warn] skipping slow group: track=0.aac 28553333 -> 28553334
1:55:57 PM [vite] (client) [console.warn] skipping slow group: track=0.aac 28553334 -> 28553335
1:55:58 PM [vite] (client) [console.warn] skipping slow group: track=0.aac 28553339 -> 28553340
1:55:58 PM [vite] (client) [console.warn] skipping slow group: track=0.aac 28553340 -> 28553341
1:55:58 PM [vite] (client) [console.warn] skipping slow group: track=0.aac 28553341 -> 28553342
1:55:58 PM [vite] (client) [console.warn] skipping slow group: track=0.aac 28553346 -> 28553347
1:55:58 PM [vite] (client) [console.warn] skipping slow group: track=0.aac 28553347 -> 28553348
1:55:58 PM [vite] (client) [console.warn] skipping slow group: track=0.aac 28553348 -> 28553349
1:55:58 PM [vite] (client) [console.warn] skipping slow group: track=0.aac 28553352 -> 28553353
1:55:58 PM [vite] (client) [console.warn] skipping slow group: track=0.aac 28553354 -> 28553355
1:55:58 PM [vite] (client) [console.warn] skipping slow group: track=0.aac 28553355 -> 28553356
1:55:58 PM [vite] (client) [console.warn] skipping slow group: track=0.aac 28553360 -> 28553361
1:55:58 PM [vite] (client) [console.warn] skipping slow group: track=0.aac 28553361 -> 28553362
1:55:58 PM [vite] (client) [console.warn] skipping slow group: track=0.aac 28553362 -> 28553363
1:55:58 PM [vite] (client) [console.warn] skipping slow group: track=0.aac 28553367 -> 28553368
1:55:58 PM [vite] (client) [console.warn] skipping slow group: track=0.aac 28553368 -> 28553369
1:55:58 PM [vite] (client) [console.warn] skipping slow group: track=0.aac 28553369 -> 28553370
1:55:58 PM [vite] (client) [console.warn] skipping slow group: track=0.aac 28553374 -> 28553375
1:55:58 PM [vite] (client) [console.warn] skipping slow group: track=0.aac 28553375 -> 28553376
1:55:58 PM [vite] (client) [console.warn] skipping slow group: track=0.aac 28553376 -> 28553377
1:55:59 PM [vite] (client) [console.warn] skipping slow group: track=0.aac 28553382 -> 28553383
1:55:59 PM [vite] (client) [console.warn] skipping slow group: track=0.aac 28553383 -> 28553384
1:55:59 PM [vite] (client) [console.warn] skipping slow group: track=0.aac 28553389 -> 28553390
1:55:59 PM [vite] (client) [console.warn] skipping slow group: track=0.aac 28553390 -> 28553391
1:55:59 PM [vite] (client) [console.warn] skipping slow group: track=0.aac 28553395 -> 28553396
1:55:59 PM [vite] (client) [console.warn] skipping slow group: track=0.aac 28553396 -> 28553397
1:55:59 PM [vite] (client) [console.warn] skipping slow group: track=0.aac 28553397 -> 28553398
1:55:59 PM [vite] (client) [console.warn] skipping slow group: track=0.aac 28553402 -> 28553403
1:55:59 PM [vite] (client) [console.warn] skipping slow group: track=0.aac 28553403 -> 28553404
1:55:59 PM [vite] (client) [console.warn] skipping slow group: track=0.aac 28553404 -> 28553405
1:55:59 PM [vite] (client) [console.warn] skipping slow group: track=0.aac 28553410 -> 28553411
1:55:59 PM [vite] (client) [console.warn] skipping slow group: track=0.aac 28553411 -> 28553412
1:55:59 PM [vite] (client) [console.warn] skipping slow group: track=0.aac 28553416 -> 28553417
1:55:59 PM [vite] (client) [console.warn] skipping slow group: track=0.aac 28553417 -> 28553418
1:55:59 PM [vite] (client) [console.warn] skipping slow group: track=0.aac 28553418 -> 28553419
1:55:59 PM [vite] (client) [console.warn] skipping slow group: track=0.aac 28553423 -> 28553424
1:55:59 PM [vite] (client) [console.warn] skipping slow group: track=0.aac 28553424 -> 28553425
1:56:00 PM [vite] (client) [console.warn] skipping slow group: track=0.aac 28553425 -> 28553426
1:56:00 PM [vite] (client) [console.warn] skipping slow group: track=0.aac 28553430 -> 28553431
1:56:00 PM [vite] (client) [console.warn] skipping slow group: track=0.aac 28553431 -> 28553432
1:56:00 PM [vite] (client) [console.warn] skipping slow group: track=0.aac 28553432 -> 28553433
1:56:00 PM [vite] (client) [console.warn] skipping slow group: track=0.aac 28553437 -> 28553438
1:56:00 PM [vite] (client) [console.warn] skipping slow group: track=0.aac 28553438 -> 28553439
1:56:00 PM [vite] (client) [console.warn] skipping slow group: track=0.aac 28553439 -> 28553440
1:56:00 PM [vite] (client) [console.warn] skipping slow group: track=0.aac 28553444 -> 28553445
1:56:00 PM [vite] (client) [console.warn] skipping slow group: track=0.aac 28553445 -> 28553446
1:56:00 PM [vite] (client) [console.warn] skipping slow group: track=0.aac 28553446 -> 28553447
1:56:00 PM [vite] (client) [console.warn] skipping slow group: track=0.aac 28553451 -> 28553452
1:56:00 PM [vite] (client) [console.warn] skipping slow group: track=0.aac 28553452 -> 28553453
1:56:00 PM [vite] (client) [console.warn] skipping slow group: track=0.aac 28553453 -> 28553454
1:56:00 PM [vite] (client) [console.warn] skipping slow group: track=0.aac 28553458 -> 28553459
1:56:00 PM [vite] (client) [console.warn] skipping slow group: track=0.aac 28553459 -> 28553460
1:56:00 PM [vite] (client) [console.warn] skipping slow group: track=0.aac 28553460 -> 28553461
1:56:00 PM [vite] (client) [console.warn] skipping slow group: track=0.aac 28553465 -> 28553466
1:56:00 PM [vite] (client) [console.warn] skipping slow group: track=0.aac 28553466 -> 28553467
1:56:00 PM [vite] (client) [console.warn] skipping slow group: track=0.aac 28553467 -> 28553468
1:56:01 PM [vite] (client) [console.warn] skipping slow group: track=0.aac 28553472 -> 28553473
1:56:01 PM [vite] (client) [console.warn] skipping slow group: track=0.aac 28553473 -> 28553474
1:56:01 PM [vite] (client) [console.warn] skipping slow group: track=0.aac 28553474 -> 28553475
1:56:01 PM [vite] (client) [console.warn] skipping slow group: track=0.aac 28553479 -> 28553480
1:56:01 PM [vite] (client) [console.warn] skipping slow group: track=0.aac 28553480 -> 28553481
1:56:01 PM [vite] (client) [console.warn] skipping slow group: track=0.aac 28553481 -> 28553482
1:56:01 PM [vite] (client) [console.warn] skipping slow group: track=0.aac 28553487 -> 28553488
1:56:01 PM [vite] (client) [console.warn] skipping slow group: track=0.aac 28553488 -> 28553489
1:56:01 PM [vite] (client) [console.warn] skipping slow group: track=0.aac 28553493 -> 28553494
1:56:01 PM [vite] (client) [console.warn] skipping slow group: track=0.aac 28553494 -> 28553495
1:56:01 PM [vite] (client) [console.warn] skipping slow group: track=0.aac 28553495 -> 28553496
1:56:01 PM [vite] (client) [console.warn] skipping slow group: track=0.aac 28553507 -> 28553508
1:56:01 PM [vite] (client) [console.warn] skipping slow group: track=0.aac 28553508 -> 28553509
1:56:01 PM [vite] (client) [console.warn] skipping slow group: track=0.aac 28553509 -> 28553510
1:56:02 PM [vite] (client) [console.warn] skipping slow group: track=0.aac 28553514 -> 28553515
1:56:02 PM [vite] (client) [console.warn] skipping slow group: track=0.aac 28553515 -> 28553516
1:56:02 PM [vite] (client) [console.warn] skipping slow group: track=0.aac 28553516 -> 28553517
1:56:02 PM [vite] (client) [console.warn] skipping slow group: track=0.aac 28553521 -> 28553522
1:56:02 PM [vite] (client) [console.warn] skipping slow group: track=0.aac 28553522 -> 28553523
1:56:02 PM [vite] (client) [console.warn] skipping slow group: track=0.aac 28553523 -> 28553524
1:56:02 PM [vite] (client) [console.warn] skipping slow group: track=0.aac 28553528 -> 28553529
1:56:02 PM [vite] (client) [console.warn] skipping slow group: track=0.aac 28553529 -> 28553533
1:56:02 PM [vite] (client) [console.warn] skipping slow group: track=0.aac 28553530 -> 28553533
1:56:02 PM [vite] (client) [console.warn] skipping slow group: track=0.aac 28553536 -> 28553537
1:56:02 PM [vite] (client) [console.warn] skipping slow group: track=0.aac 28553537 -> 28553538
1:56:02 PM [vite] (client) [console.warn] skipping slow group: track=0.aac 28553542 -> 28553543
1:56:02 PM [vite] (client) [console.warn] skipping slow group: track=0.aac 28553543 -> 28553544
1:56:02 PM [vite] (client) [console.warn] skipping slow group: track=0.aac 28553547 -> 28553548
1:56:02 PM [vite] (client) [console.warn] skipping slow group: track=0.aac 28553549 -> 28553550
1:56:02 PM [vite] (client) [console.warn] skipping slow group: track=0.aac 28553550 -> 28553551
1:56:03 PM [vite] (client) [console.warn] skipping slow group: track=0.aac 28553561 -> 28553562
1:56:03 PM [vite] (client) [console.warn] skipping slow group: track=0.aac 28553563 -> 28553564
1:56:03 PM [vite] (client) [console.warn] skipping slow group: track=0.aac 28553564 -> 28553565
1:56:03 PM [vite] (client) [console.warn] skipping slow group: track=0.aac 28553570 -> 28553571
1:56:03 PM [vite] (client) [console.warn] skipping slow group: track=0.aac 28553571 -> 28553572
1:56:03 PM [vite] (client) [console.warn] skipping slow group: track=0.aac 28553577 -> 28553578
1:56:03 PM [vite] (client) [console.warn] skipping slow group: track=0.aac 28553578 -> 28553579
1:56:03 PM [vite] (client) [console.warn] skipping slow group: track=0.aac 28553584 -> 28553585
1:56:03 PM [vite] (client) [console.warn] skipping slow group: track=0.aac 28553585 -> 28553586
1:56:03 PM [vite] (client) [console.warn] skipping slow group: track=0.aac 28553590 -> 28553591
1:56:03 PM [vite] (client) [console.warn] skipping slow group: track=0.aac 28553591 -> 28553592
1:56:03 PM [vite] (client) [console.warn] skipping slow group: track=0.aac 28553592 -> 28553593
1:56:04 PM [vite] (client) [console.warn] skipping slow group: track=0.aac 28553596 -> 28553597
1:56:04 PM [vite] (client) [console.warn] skipping slow group: track=0.aac 28553598 -> 28553599
1:56:04 PM [vite] (client) [console.warn] skipping slow group: track=0.aac 28553599 -> 28553600
1:56:04 PM [vite] (client) [console.warn] skipping slow group: track=0.aac 28553603 -> 28553604
1:56:04 PM [vite] (client) [console.warn] skipping slow group: track=0.aac 28553605 -> 28553606
1:56:04 PM [vite] (client) [console.warn] skipping slow group: track=0.aac 28553606 -> 28553607
1:56:04 PM [vite] (client) [console.warn] skipping slow group: track=0.aac 28553611 -> 28553612
1:56:04 PM [vite] (client) [console.warn] skipping slow group: track=0.aac 28553612 -> 28553613
1:56:04 PM [vite] (client) [console.warn] skipping slow group: track=0.aac 28553613 -> 28553614
1:56:04 PM [vite] (client) [console.warn] skipping slow group: track=0.aac 28553614 -> 28553615
1:56:04 PM [vite] (client) [console.warn] skipping slow group: track=0.aac 28553620 -> 28553621
1:56:04 PM [vite] (client) [console.warn] skipping slow group: track=0.aac 28553621 -> 28553622
1:56:04 PM [vite] (client) [console.warn] skipping slow group: track=0.aac 28553627 -> 28553628
1:56:04 PM [vite] (client) [console.warn] skipping slow group: track=0.aac 28553628 -> 28553629
1:56:04 PM [vite] (client) [console.warn] skipping slow group: track=0.aac 28553633 -> 28553637
1:56:04 PM [vite] (client) [console.warn] skipping slow group: track=0.aac 28553634 -> 28553637
1:56:04 PM [vite] (client) [console.warn] skipping slow group: track=0.aac 28553635 -> 28553637
1:56:05 PM [vite] (client) [console.warn] skipping slow group: track=0.aac 28553640 -> 28553641
1:56:05 PM [vite] (client) [console.warn] skipping slow group: track=0.aac 28553641 -> 28553642
1:56:05 PM [vite] (client) [console.warn] skipping slow group: track=0.aac 28553642 -> 28553643
1:56:05 PM [vite] (client) [console.warn] skipping slow group: track=0.aac 28553647 -> 28553648
1:56:05 PM [vite] (client) [console.warn] skipping slow group: track=0.aac 28553648 -> 28553649
1:56:05 PM [vite] (client) [console.warn] skipping slow group: track=0.aac 28553649 -> 28553650
1:56:05 PM [vite] (client) [console.warn] skipping slow group: track=0.aac 28553654 -> 28553655
1:56:05 PM [vite] (client) [console.warn] skipping slow group: track=0.aac 28553655 -> 28553656
1:56:05 PM [vite] (client) [console.warn] skipping slow group: track=0.aac 28553656 -> 28553657
1:56:05 PM [vite] (client) [console.warn] skipping slow group: track=0.aac 28553662 -> 28553663
1:56:05 PM [vite] (client) [console.warn] skipping slow group: track=0.aac 28553663 -> 28553664
1:56:05 PM [vite] (client) [console.warn] skipping slow group: track=0.aac 28553668 -> 28553669
1:56:05 PM [vite] (client) [console.warn] skipping slow group: track=0.aac 28553669 -> 28553670
1:56:05 PM [vite] (client) [console.warn] skipping slow group: track=0.aac 28553670 -> 28553671
1:56:05 PM [vite] (client) [console.warn] skipping slow group: track=0.aac 28553675 -> 28553676
1:56:05 PM [vite] (client) [console.warn] skipping slow group: track=0.aac 28553676 -> 28553677
1:56:05 PM [vite] (client) [console.warn] skipping slow group: track=0.aac 28553677 -> 28553678
1:56:06 PM [vite] (client) [console.warn] skipping slow group: track=0.aac 28553682 -> 28553683
1:56:06 PM [vite] (client) [console.warn] skipping slow group: track=0.aac 28553683 -> 28553684
1:56:06 PM [vite] (client) [console.warn] skipping slow group: track=0.aac 28553684 -> 28553685
1:56:06 PM [vite] (client) [console.warn] skipping slow group: track=0.aac 28553688 -> 28553689
1:56:06 PM [vite] (client) [console.warn] skipping slow group: track=0.aac 28553690 -> 28553691
1:56:06 PM [vite] (client) [console.warn] skipping slow group: track=0.aac 28553691 -> 28553692
1:56:06 PM [vite] (client) [console.warn] skipping slow group: track=0.aac 28553695 -> 28553696
1:56:06 PM [vite] (client) [console.warn] skipping slow group: track=0.aac 28553697 -> 28553698
1:56:06 PM [vite] (client) [console.warn] skipping slow group: track=0.aac 28553698 -> 28553699
1:56:06 PM [vite] (client) [console.warn] skipping slow group: track=0.aac 28553702 -> 28553703
1:56:06 PM [vite] (client) [console.warn] skipping slow group: track=0.aac 28553704 -> 28553705
1:56:06 PM [vite] (client) [console.warn] skipping slow group: track=0.aac 28553705 -> 28553706
1:56:06 PM [vite] (client) [console.warn] skipping slow group: track=0.aac 28553710 -> 28553711
1:56:06 PM [vite] (client) [console.warn] skipping slow group: track=0.aac 28553711 -> 28553712
1:56:06 PM [vite] (client) [console.warn] skipping slow group: track=0.aac 28553712 -> 28553713
1:56:06 PM [vite] (client) [console.warn] skipping slow group: track=0.aac 28553718 -> 28553719
1:56:06 PM [vite] (client) [console.warn] skipping slow group: track=0.aac 28553719 -> 28553720
1:56:07 PM [vite] (client) [console.warn] skipping slow group: track=0.aac 28553724 -> 28553725
1:56:07 PM [vite] (client) [console.warn] skipping slow group: track=0.aac 28553725 -> 28553726
1:56:07 PM [vite] (client) [console.warn] skipping slow group: track=0.aac 28553726 -> 28553727
1:56:07 PM [vite] (client) [console.warn] skipping slow group: track=0.aac 28553731 -> 28553732
1:56:07 PM [vite] (client) [console.warn] skipping slow group: track=0.aac 28553732 -> 28553733
1:56:07 PM [vite] (client) [console.warn] skipping slow group: track=0.aac 28553733 -> 28553734
1:56:07 PM [vite] (client) [console.warn] skipping slow group: track=0.aac 28553738 -> 28553739
1:56:07 PM [vite] (client) [console.warn] skipping slow group: track=0.aac 28553739 -> 28553740
1:56:07 PM [vite] (client) [console.warn] skipping slow group: track=0.aac 28553740 -> 28553741
1:56:07 PM [vite] (client) [console.warn] skipping slow group: track=0.aac 28553745 -> 28553746
1:56:07 PM [vite] (client) [console.warn] skipping slow group: track=0.aac 28553746 -> 28553747
1:56:07 PM [vite] (client) [console.warn] skipping slow group: track=0.aac 28553747 -> 28553748
1:56:07 PM [vite] (client) [console.warn] skipping slow group: track=0.aac 28553752 -> 28553753
1:56:07 PM [vite] (client) [console.warn] skipping slow group: track=0.aac 28553753 -> 28553754
1:56:07 PM [vite] (client) [console.warn] skipping slow group: track=0.aac 28553754 -> 28553755
1:56:07 PM [vite] (client) [console.warn] skipping slow group: track=0.aac 28553759 -> 28553760
1:56:07 PM [vite] (client) [console.warn] skipping slow group: track=0.aac 28553760 -> 28553761
1:56:07 PM [vite] (client) [console.warn] skipping slow group: track=0.aac 28553761 -> 28553762
1:56:07 PM [vite] (client) [console.warn] skipping slow group: track=0.aac 28553766 -> 28553767
1:56:07 PM [vite] (client) [console.warn] skipping slow group: track=0.aac 28553767 -> 28553768
1:56:07 PM [vite] (client) [console.warn] skipping slow group: track=0.aac 28553768 -> 28553769
1:56:07 PM [vite] (client) [console.warn] skipping slow group: track=0.aac 28553769 -> 28553770
1:56:08 PM [vite] (client) [console.warn] skipping slow group: track=0.aac 28553773 -> 28553774
1:56:08 PM [vite] (client) [console.warn] skipping slow group: track=0.aac 28553775 -> 28553776
1:56:08 PM [vite] (client) [console.warn] skipping slow group: track=0.aac 28553776 -> 28553777
1:56:08 PM [vite] (client) [console.warn] skipping slow group: track=0.aac 28553782 -> 28553783
1:56:08 PM [vite] (client) [console.warn] skipping slow group: track=0.aac 28553783 -> 28553784
1:56:08 PM [vite] (client) [console.warn] skipping slow group: track=0.aac 28553788 -> 28553789
1:56:08 PM [vite] (client) [console.warn] skipping slow group: track=0.aac 28553789 -> 28553790
1:56:08 PM [vite] (client) [console.warn] skipping slow group: track=0.aac 28553790 -> 28553791
1:56:08 PM [vite] (client) [console.warn] skipping slow group: track=0.aac 28553795 -> 28553796
1:56:08 PM [vite] (client) [console.warn] skipping slow group: track=0.aac 28553796 -> 28553797
1:56:08 PM [vite] (client) [console.warn] skipping slow group: track=0.aac 28553797 -> 28553798
1:56:08 PM [vite] (client) [console.warn] skipping slow group: track=0.aac 28553809 -> 28553810
1:56:08 PM [vite] (client) [console.warn] skipping slow group: track=0.aac 28553810 -> 28553811
1:56:08 PM [vite] (client) [console.warn] skipping slow group: track=0.aac 28553811 -> 28553812
1:56:09 PM [vite] (client) [console.warn] skipping slow group: track=0.aac 28553816 -> 28553817
1:56:09 PM [vite] (client) [console.warn] skipping slow group: track=0.aac 28553817 -> 28553818
1:56:09 PM [vite] (client) [console.warn] skipping slow group: track=0.aac 28553818 -> 28553819
1:56:09 PM [vite] (client) [console.warn] skipping slow group: track=0.aac 28553822 -> 28553823
1:56:09 PM [vite] (client) [console.warn] skipping slow group: track=0.aac 28553824 -> 28553825
1:56:09 PM [vite] (client) [console.warn] skipping slow group: track=0.aac 28553825 -> 28553826
1:56:09 PM [vite] (client) [console.warn] skipping slow group: track=0.aac 28553831 -> 28553832
1:56:09 PM [vite] (client) [console.warn] skipping slow group: track=0.aac 28553832 -> 28553833
1:56:09 PM [vite] (client) [console.warn] skipping slow group: track=0.aac 28553837 -> 28553838
1:56:09 PM [vite] (client) [console.warn] skipping slow group: track=0.aac 28553838 -> 28553839
1:56:09 PM [vite] (client) [console.warn] skipping slow group: track=0.aac 28553839 -> 28553840
1:56:09 PM [vite] (client) [console.warn] skipping slow group: track=0.aac 28553851 -> 28553852
1:56:09 PM [vite] (client) [console.warn] skipping slow group: track=0.aac 28553852 -> 28553853
1:56:09 PM [vite] (client) [console.warn] skipping slow group: track=0.aac 28553853 -> 28553854
1:56:10 PM [vite] (client) [console.warn] skipping slow group: track=0.aac 28553858 -> 28553859
1:56:10 PM [vite] (client) [console.warn] skipping slow group: track=0.aac 28553859 -> 28553860
1:56:10 PM [vite] (client) [console.warn] skipping slow group: track=0.aac 28553860 -> 28553861
1:56:10 PM [vite] (client) [console.warn] skipping slow group: track=0.aac 28553864 -> 28553865
1:56:10 PM [vite] (client) [console.warn] skipping slow group: track=0.aac 28553866 -> 28553867
1:56:10 PM [vite] (client) [console.warn] skipping slow group: track=0.aac 28553867 -> 28553868
1:56:10 PM [vite] (client) [console.warn] skipping slow group: track=0.aac 28553871 -> 28553872
1:56:10 PM [vite] (client) [console.warn] skipping slow group: track=0.aac 28553873 -> 28553874
1:56:10 PM [vite] (client) [console.warn] skipping slow group: track=0.aac 28553874 -> 28553875
1:56:10 PM [vite] (client) [console.warn] skipping slow group: track=0.aac 28553879 -> 28553880
1:56:10 PM [vite] (client) [console.warn] skipping slow group: track=0.aac 28553880 -> 28553881
1:56:10 PM [vite] (client) [console.warn] skipping slow group: track=0.aac 28553881 -> 28553882
1:56:10 PM [vite] (client) [console.warn] skipping slow group: track=0.aac 28553886 -> 28553887
1:56:10 PM [vite] (client) [console.warn] skipping slow group: track=0.aac 28553887 -> 28553888
1:56:10 PM [vite] (client) [console.warn] skipping slow group: track=0.aac 28553888 -> 28553889
1:56:10 PM [vite] (client) [console.warn] skipping slow group: track=0.aac 28553892 -> 28553893
1:56:10 PM [vite] (client) [console.warn] skipping slow group: track=0.aac 28553894 -> 28553895
1:56:10 PM [vite] (client) [console.warn] skipping slow group: track=0.aac 28553895 -> 28553896
1:56:11 PM [vite] (client) [console.warn] skipping slow group: track=0.aac 28553900 -> 28553901
1:56:11 PM [vite] (client) [console.warn] skipping slow group: track=0.aac 28553901 -> 28553905
1:56:11 PM [vite] (client) [console.warn] skipping slow group: track=0.aac 28553902 -> 28553905
1:56:11 PM [vite] (client) [console.warn] skipping slow group: track=0.aac 28553907 -> 28553908
1:56:11 PM [vite] (client) [console.warn] skipping slow group: track=0.aac 28553908 -> 28553912
1:56:11 PM [vite] (client) [console.warn] skipping slow group: track=0.aac 28553909 -> 28553912
1:56:11 PM [vite] (client) [console.warn] skipping slow group: track=0.aac 28553913 -> 28553914
1:56:11 PM [vite] (client) [console.warn] skipping slow group: track=0.aac 28553915 -> 28553916
1:56:11 PM [vite] (client) [console.warn] skipping slow group: track=0.aac 28553916 -> 28553917
1:56:11 PM [vite] (client) [console.warn] skipping slow group: track=0.aac 28553921 -> 28553922
1:56:11 PM [vite] (client) [console.warn] skipping slow group: track=0.aac 28553922 -> 28553923
1:56:11 PM [vite] (client) [console.warn] skipping slow group: track=0.aac 28553923 -> 28553924
1:56:11 PM [vite] (client) [console.warn] skipping slow group: track=0.aac 28553927 -> 28553928
1:56:11 PM [vite] (client) [console.warn] skipping slow group: track=0.aac 28553929 -> 28553930
1:56:11 PM [vite] (client) [console.warn] skipping slow group: track=0.aac 28553930 -> 28553931
1:56:11 PM [vite] (client) [console.warn] skipping slow group: track=0.aac 28553935 -> 28553936
1:56:11 PM [vite] (client) [console.warn] skipping slow group: track=0.aac 28553936 -> 28553937
1:56:11 PM [vite] (client) [console.warn] skipping slow group: track=0.aac 28553937 -> 28553938
1:56:12 PM [vite] (client) [console.warn] skipping slow group: track=0.aac 28553942 -> 28553943
1:56:12 PM [vite] (client) [console.warn] skipping slow group: track=0.aac 28553943 -> 28553944
1:56:12 PM [vite] (client) [console.warn] skipping slow group: track=0.aac 28553944 -> 28553945
1:56:12 PM [vite] (client) [console.warn] skipping slow group: track=0.aac 28553949 -> 28553950
1:56:12 PM [vite] (client) [console.warn] skipping slow group: track=0.aac 28553950 -> 28553951
1:56:12 PM [vite] (client) [console.warn] skipping slow group: track=0.aac 28553955 -> 28553956
1:56:12 PM [vite] (client) [console.warn] skipping slow group: track=0.aac 28553956 -> 28553957
1:56:12 PM [vite] (client) [console.warn] skipping slow group: track=0.aac 28553957 -> 28553958
1:56:12 PM [vite] (client) [console.warn] skipping slow group: track=0.aac 28553962 -> 28553963
1:56:12 PM [vite] (client) [console.warn] skipping slow group: track=0.aac 28553963 -> 28553964
1:56:12 PM [vite] (client) [console.warn] skipping slow group: track=0.aac 28553964 -> 28553965
1:56:12 PM [vite] (client) [console.warn] skipping slow group: track=0.aac 28553969 -> 28553970
1:56:12 PM [vite] (client) [console.warn] skipping slow group: track=0.aac 28553970 -> 28553971
1:56:12 PM [vite] (client) [console.warn] skipping slow group: track=0.aac 28553971 -> 28553972
1:56:12 PM [vite] (client) [console.warn] skipping slow group: track=0.aac 28553976 -> 28553977
1:56:12 PM [vite] (client) [console.warn] skipping slow group: track=0.aac 28553977 -> 28553978
1:56:12 PM [vite] (client) [console.warn] skipping slow group: track=0.aac 28553978 -> 28553979
1:56:13 PM [vite] (client) [console.warn] skipping slow group: track=0.aac 28553990 -> 28553991
1:56:13 PM [vite] (client) [console.warn] skipping slow group: track=0.aac 28553991 -> 28553992
1:56:13 PM [vite] (client) [console.warn] skipping slow group: track=0.aac 28553992 -> 28553993
1:56:13 PM [vite] (client) [console.warn] skipping slow group: track=0.aac 28553997 -> 28553998
1:56:13 PM [vite] (client) [console.warn] skipping slow group: track=0.aac 28553998 -> 28553999
1:56:13 PM [vite] (client) [console.warn] skipping slow group: track=0.aac 28553999 -> 28554000
1:56:13 PM [vite] (client) [console.warn] skipping slow group: track=0.aac 28554003 -> 28554004
1:56:13 PM [vite] (client) [console.warn] skipping slow group: track=0.aac 28554005 -> 28554006
1:56:13 PM [vite] (client) [console.warn] skipping slow group: track=0.aac 28554006 -> 28554007
1:56:13 PM [vite] (client) [console.warn] skipping slow group: track=0.aac 28554012 -> 28554013
1:56:13 PM [vite] (client) [console.warn] skipping slow group: track=0.aac 28554013 -> 28554014
1:56:13 PM [vite] (client) [console.warn] skipping slow group: track=0.aac 28554017 -> 28554018
1:56:13 PM [vite] (client) [console.warn] skipping slow group: track=0.aac 28554019 -> 28554020
1:56:13 PM [vite] (client) [console.warn] skipping slow group: track=0.aac 28554020 -> 28554021
1:56:13 PM [vite] (client) [console.warn] skipping slow group: track=0.aac 28554025 -> 28554026
1:56:13 PM [vite] (client) [console.warn] skipping slow group: track=0.aac 28554026 -> 28554027
1:56:13 PM [vite] (client) [console.warn] skipping slow group: track=0.aac 28554027 -> 28554028
1:56:14 PM [vite] (client) [console.warn] skipping slow group: track=0.aac 28554031 -> 28554032
1:56:14 PM [vite] (client) [console.warn] skipping slow group: track=0.aac 28554033 -> 28554034
1:56:14 PM [vite] (client) [console.warn] skipping slow group: track=0.aac 28554034 -> 28554035
1:56:14 PM [vite] (client) [console.warn] skipping slow group: track=0.aac 28554039 -> 28554040
1:56:14 PM [vite] (client) [console.warn] skipping slow group: track=0.aac 28554040 -> 28554041
1:56:14 PM [vite] (client) [console.warn] skipping slow group: track=0.aac 28554041 -> 28554042
1:56:14 PM [vite] (client) [console.warn] skipping slow group: track=0.aac 28554046 -> 28554047
1:56:14 PM [vite] (client) [console.warn] skipping slow group: track=0.aac 28554047 -> 28554048
1:56:14 PM [vite] (client) [console.warn] skipping slow group: track=0.aac 28554053 -> 28554054
1:56:14 PM [vite] (client) [console.warn] skipping slow group: track=0.aac 28554059 -> 28554060
1:56:14 PM [vite] (client) [console.warn] skipping slow group: track=0.aac 28554060 -> 28554061
1:56:14 PM [vite] (client) [console.warn] skipping slow group: track=0.aac 28554065 -> 28554066
1:56:14 PM [vite] (client) [console.warn] skipping slow group: track=0.aac 28554066 -> 28554067
1:56:14 PM [vite] (client) [console.warn] skipping slow group: track=0.aac 28554067 -> 28554068
1:56:15 PM [vite] (client) [console.warn] skipping slow group: track=0.aac 28554078 -> 28554079
1:56:15 PM [vite] (client) [console.warn] skipping slow group: track=0.aac 28554080 -> 28554081
1:56:15 PM [vite] (client) [console.warn] skipping slow group: track=0.aac 28554081 -> 28554082
1:56:15 PM [vite] (client) [console.warn] skipping slow group: track=0.aac 28554086 -> 28554087
1:56:15 PM [vite] (client) [console.warn] skipping slow group: track=0.aac 28554087 -> 28554088
1:56:15 PM [vite] (client) [console.warn] skipping slow group: track=0.aac 28554088 -> 28554089
1:56:15 PM [vite] (client) [console.warn] skipping slow group: track=0.aac 28554092 -> 28554093
1:56:15 PM [vite] (client) [console.warn] skipping slow group: track=0.aac 28554094 -> 28554095
1:56:15 PM [vite] (client) [console.warn] skipping slow group: track=0.aac 28554095 -> 28554096
1:56:15 PM [vite] (client) [console.warn] skipping slow group: track=0.aac 28554100 -> 28554101
1:56:15 PM [vite] (client) [console.warn] skipping slow group: track=0.aac 28554101 -> 28554102
1:56:15 PM [vite] (client) [console.warn] skipping slow group: track=0.aac 28554102 -> 28554103
1:56:15 PM [vite] (client) [console.warn] skipping slow group: track=0.aac 28554107 -> 28554108
1:56:15 PM [vite] (client) [console.warn] skipping slow group: track=0.aac 28554108 -> 28554109
1:56:15 PM [vite] (client) [console.warn] skipping slow group: track=0.aac 28554109 -> 28554110
1:56:15 PM [vite] (client) [console.warn] skipping slow group: track=0.aac 28554110 -> 28554111
1:56:16 PM [vite] (client) [console.warn] skipping slow group: track=0.aac 28554115 -> 28554116
1:56:16 PM [vite] (client) [console.warn] skipping slow group: track=0.aac 28554116 -> 28554117
1:56:16 PM [vite] (client) [console.warn] skipping slow group: track=0.aac 28554117 -> 28554118
1:56:16 PM [vite] (client) [console.warn] skipping slow group: track=0.aac 28554121 -> 28554122
1:56:16 PM [vite] (client) [console.warn] skipping slow group: track=0.aac 28554123 -> 28554124
1:56:16 PM [vite] (client) [console.warn] skipping slow group: track=0.aac 28554124 -> 28554125
1:56:16 PM [vite] (client) [console.warn] skipping slow group: track=0.aac 28554129 -> 28554130
1:56:16 PM [vite] (client) [console.warn] skipping slow group: track=0.aac 28554130 -> 28554131
1:56:16 PM [vite] (client) [console.warn] skipping slow group: track=0.aac 28554131 -> 28554132
1:56:16 PM [vite] (client) [console.warn] skipping slow group: track=0.aac 28554135 -> 28554136
1:56:16 PM [vite] (client) [console.warn] skipping slow group: track=0.aac 28554137 -> 28554138
1:56:16 PM [vite] (client) [console.warn] skipping slow group: track=0.aac 28554138 -> 28554139
1:56:16 PM [vite] (client) [console.warn] skipping slow group: track=0.aac 28554144 -> 28554145
1:56:16 PM [vite] (client) [console.warn] skipping slow group: track=0.aac 28554145 -> 28554146
1:56:16 PM [vite] (client) [console.warn] skipping slow group: track=0.aac 28554150 -> 28554151
1:56:16 PM [vite] (client) [console.warn] skipping slow group: track=0.aac 28554151 -> 28554152
1:56:16 PM [vite] (client) [console.warn] skipping slow group: track=0.aac 28554152 -> 28554153
1:56:17 PM [vite] (client) [console.warn] skipping slow group: track=0.aac 28554156 -> 28554157
1:56:17 PM [vite] (client) [console.warn] skipping slow group: track=0.aac 28554158 -> 28554159
1:56:17 PM [vite] (client) [console.warn] skipping slow group: track=0.aac 28554159 -> 28554160
1:56:17 PM [vite] (client) [console.warn] skipping slow group: track=0.aac 28554164 -> 28554165
1:56:17 PM [vite] (client) [console.warn] skipping slow group: track=0.aac 28554165 -> 28554166
1:56:17 PM [vite] (client) [console.warn] skipping slow group: track=0.aac 28554166 -> 28554167
1:56:17 PM [vite] (client) [console.warn] skipping slow group: track=0.aac 28554172 -> 28554173
1:56:17 PM [vite] (client) [console.warn] skipping slow group: track=0.aac 28554173 -> 28554174
1:56:17 PM [vite] (client) [console.warn] skipping slow group: track=0.aac 28554174 -> 28554175
1:56:17 PM [vite] (client) [console.warn] skipping slow group: track=0.aac 28554178 -> 28554179
1:56:17 PM [vite] (client) [console.warn] skipping slow group: track=0.aac 28554180 -> 28554181
1:56:17 PM [vite] (client) [console.warn] skipping slow group: track=0.aac 28554181 -> 28554182
1:56:17 PM [vite] (client) [console.warn] skipping slow group: track=0.aac 28554186 -> 28554187
1:56:17 PM [vite] (client) [console.warn] skipping slow group: track=0.aac 28554187 -> 28554188
1:56:17 PM [vite] (client) [console.warn] skipping slow group: track=0.aac 28554188 -> 28554189
1:56:18 PM [vite] (client) [console.warn] skipping slow group: track=0.aac 28554200 -> 28554201
1:56:18 PM [vite] (client) [console.warn] skipping slow group: track=0.aac 28554201 -> 28554202
1:56:18 PM [vite] (client) [console.warn] skipping slow group: track=0.aac 28554202 -> 28554203
1:56:18 PM [vite] (client) [console.warn] skipping slow group: track=0.aac 28554208 -> 28554209
1:56:18 PM [vite] (client) [console.warn] skipping slow group: track=0.aac 28554209 -> 28554210
1:56:18 PM [vite] (client) [console.warn] skipping slow group: track=0.aac 28554214 -> 28554215
1:56:18 PM [vite] (client) [console.warn] skipping slow group: track=0.aac 28554215 -> 28554216
1:56:18 PM [vite] (client) [console.warn] skipping slow group: track=0.aac 28554216 -> 28554217
1:56:18 PM [vite] (client) [console.warn] skipping slow group: track=0.aac 28554221 -> 28554222
1:56:18 PM [vite] (client) [console.warn] skipping slow group: track=0.aac 28554222 -> 28554223
1:56:18 PM [vite] (client) [console.warn] skipping slow group: track=0.aac 28554223 -> 28554224
1:56:18 PM [vite] (client) [console.warn] skipping slow group: track=0.aac 28554228 -> 28554229
1:56:18 PM [vite] (client) [console.warn] skipping slow group: track=0.aac 28554229 -> 28554230
1:56:18 PM [vite] (client) [console.warn] skipping slow group: track=0.aac 28554230 -> 28554231
1:56:18 PM [vite] (client) [console.warn] skipping slow group: track=0.aac 28554235 -> 28554236
1:56:18 PM [vite] (client) [console.warn] skipping slow group: track=0.aac 28554236 -> 28554237
1:56:18 PM [vite] (client) [console.warn] skipping slow group: track=0.aac 28554237 -> 28554238
1:56:19 PM [vite] (client) [console.warn] skipping slow group: track=0.aac 28554241 -> 28554242
1:56:19 PM [vite] (client) [console.warn] skipping slow group: track=0.aac 28554243 -> 28554244
1:56:19 PM [vite] (client) [console.warn] skipping slow group: track=0.aac 28554244 -> 28554245
1:56:19 PM [vite] (client) [console.warn] skipping slow group: track=0.aac 28554248 -> 28554249
1:56:19 PM [vite] (client) [console.warn] skipping slow group: track=0.aac 28554250 -> 28554251
1:56:19 PM [vite] (client) [console.warn] skipping slow group: track=0.aac 28554251 -> 28554252
1:56:19 PM [vite] (client) [console.warn] skipping slow group: track=0.aac 28554256 -> 28554257
1:56:19 PM [vite] (client) [console.warn] skipping slow group: track=0.aac 28554257 -> 28554258
1:56:19 PM [vite] (client) [console.warn] skipping slow group: track=0.aac 28554258 -> 28554259
1:56:19 PM [vite] (client) [console.warn] skipping slow group: track=0.aac 28554263 -> 28554264
1:56:19 PM [vite] (client) [console.warn] skipping slow group: track=0.aac 28554264 -> 28554265
1:56:19 PM [vite] (client) [console.warn] skipping slow group: track=0.aac 28554265 -> 28554266
1:56:19 PM [vite] (client) [console.warn] skipping slow group: track=0.aac 28554270 -> 28554271
1:56:19 PM [vite] (client) [console.warn] skipping slow group: track=0.aac 28554271 -> 28554275
1:56:19 PM [vite] (client) [console.warn] skipping slow group: track=0.aac 28554272 -> 28554275
1:56:19 PM [vite] (client) [console.warn] skipping slow group: track=0.aac 28554276 -> 28554277
1:56:19 PM [vite] (client) [console.warn] skipping slow group: track=0.aac 28554278 -> 28554279
1:56:19 PM [vite] (client) [console.warn] skipping slow group: track=0.aac 28554279 -> 28554280
1:56:20 PM [vite] (client) [console.warn] skipping slow group: track=0.aac 28554283 -> 28554284
1:56:20 PM [vite] (client) [console.warn] skipping slow group: track=0.aac 28554285 -> 28554286
1:56:20 PM [vite] (client) [console.warn] skipping slow group: track=0.aac 28554286 -> 28554287
1:56:20 PM [vite] (client) [console.warn] skipping slow group: track=0.aac 28554291 -> 28554292
1:56:20 PM [vite] (client) [console.warn] skipping slow group: track=0.aac 28554292 -> 28554293
1:56:20 PM [vite] (client) [console.warn] skipping slow group: track=0.aac 28554293 -> 28554294
1:56:20 PM [vite] (client) [console.warn] skipping slow group: track=0.aac 28554298 -> 28554299
1:56:20 PM [vite] (client) [console.warn] skipping slow group: track=0.aac 28554299 -> 28554300
1:56:20 PM [vite] (client) [console.warn] skipping slow group: track=0.aac 28554300 -> 28554301
1:56:20 PM [vite] (client) [console.warn] skipping slow group: track=0.aac 28554305 -> 28554308
1:56:20 PM [vite] (client) [console.warn] skipping slow group: track=0.aac 28554308 -> 28554309
1:56:20 PM [vite] (client) [console.warn] skipping slow group: track=0.aac 28554313 -> 28554314
1:56:20 PM [vite] (client) [console.warn] skipping slow group: track=0.aac 28554314 -> 28554315
1:56:20 PM [vite] (client) [console.warn] skipping slow group: track=0.aac 28554315 -> 28554316
1:56:20 PM [vite] (client) [console.warn] skipping slow group: track=0.aac 28554319 -> 28554320
1:56:20 PM [vite] (client) [console.warn] skipping slow group: track=0.aac 28554321 -> 28554322
1:56:20 PM [vite] (client) [console.warn] skipping slow group: track=0.aac 28554322 -> 28554323
1:56:21 PM [vite] (client) [console.warn] skipping slow group: track=0.aac 28554333 -> 28554334
1:56:21 PM [vite] (client) [console.warn] skipping slow group: track=0.aac 28554335 -> 28554336
1:56:21 PM [vite] (client) [console.warn] skipping slow group: track=0.aac 28554336 -> 28554337
1:56:21 PM [vite] (client) [console.warn] skipping slow group: track=0.aac 28554341 -> 28554342
1:56:21 PM [vite] (client) [console.warn] skipping slow group: track=0.aac 28554342 -> 28554343
1:56:21 PM [vite] (client) [console.warn] skipping slow group: track=0.aac 28554343 -> 28554344
1:56:21 PM [vite] (client) [console.warn] skipping slow group: track=0.aac 28554349 -> 28554350
1:56:21 PM [vite] (client) [console.warn] skipping slow group: track=0.aac 28554350 -> 28554351
1:56:21 PM [vite] (client) [console.warn] skipping slow group: track=0.aac 28554355 -> 28554356
1:56:21 PM [vite] (client) [console.warn] skipping slow group: track=0.aac 28554356 -> 28554360
1:56:21 PM [vite] (client) [console.warn] skipping slow group: track=0.aac 28554357 -> 28554360
1:56:21 PM [vite] (client) [console.warn] skipping slow group: track=0.aac 28554362 -> 28554363
1:56:21 PM [vite] (client) [console.warn] skipping slow group: track=0.aac 28554363 -> 28554364
1:56:21 PM [vite] (client) [console.warn] skipping slow group: track=0.aac 28554364 -> 28554365
1:56:21 PM [vite] (client) [console.warn] skipping slow group: track=0.aac 28554369 -> 28554370
1:56:21 PM [vite] (client) [console.warn] skipping slow group: track=0.aac 28554370 -> 28554371
1:56:22 PM [vite] (client) [console.warn] skipping slow group: track=0.aac 28554374 -> 28554375
1:56:22 PM [vite] (client) [console.warn] skipping slow group: track=0.aac 28554376 -> 28554377
1:56:22 PM [vite] (client) [console.warn] skipping slow group: track=0.aac 28554377 -> 28554378
1:56:22 PM [vite] (client) [console.warn] skipping slow group: track=0.aac 28554381 -> 28554382
1:56:22 PM [vite] (client) [console.warn] skipping slow group: track=0.aac 28554383 -> 28554384
1:56:22 PM [vite] (client) [console.warn] skipping slow group: track=0.aac 28554384 -> 28554385
1:56:22 PM [vite] (client) [console.warn] skipping slow group: track=0.aac 28554396 -> 28554397
1:56:22 PM [vite] (client) [console.warn] skipping slow group: track=0.aac 28554397 -> 28554398
1:56:22 PM [vite] (client) [console.warn] skipping slow group: track=0.aac 28554401 -> 28554402
1:56:22 PM [vite] (client) [console.warn] skipping slow group: track=0.aac 28554403 -> 28554404
1:56:22 PM [vite] (client) [console.warn] skipping slow group: track=0.aac 28554408 -> 28554409
1:56:22 PM [vite] (client) [console.warn] skipping slow group: track=0.aac 28554409 -> 28554411
1:56:22 PM [vite] (client) [console.warn] skipping slow group: track=0.aac 28554414 -> 28554415
1:56:23 PM [vite] (client) [console.warn] skipping slow group: track=0.aac 28554415 -> 28554416
1:56:23 PM [vite] (client) [console.warn] skipping slow group: track=0.aac 28554416 -> 28554417
1:56:23 PM [vite] (client) [console.warn] skipping slow group: track=0.aac 28554421 -> 28554422
1:56:23 PM [vite] (client) [console.warn] skipping slow group: track=0.aac 28554422 -> 28554423
1:56:23 PM [vite] (client) [console.warn] skipping slow group: track=0.aac 28554423 -> 28554424
1:56:23 PM [vite] (client) [console.warn] skipping slow group: track=0.aac 28554428 -> 28554429
1:56:23 PM [vite] (client) [console.warn] skipping slow group: track=0.aac 28554429 -> 28554430
1:56:23 PM [vite] (client) [console.warn] skipping slow group: track=0.aac 28554430 -> 28554431
1:56:23 PM [vite] (client) [console.warn] skipping slow group: track=0.aac 28554435 -> 28554436
1:56:23 PM [vite] (client) [console.warn] skipping slow group: track=0.aac 28554436 -> 28554437
1:56:23 PM [vite] (client) [console.warn] skipping slow group: track=0.aac 28554437 -> 28554438
1:56:23 PM [vite] (client) [console.warn] skipping slow group: track=0.aac 28554443 -> 28554444
1:56:23 PM [vite] (client) [console.warn] skipping slow group: track=0.aac 28554444 -> 28554447
1:56:23 PM [vite] (client) [console.warn] skipping slow group: track=0.aac 28554450 -> 28554451
1:56:23 PM [vite] (client) [console.warn] skipping slow group: track=0.aac 28554451 -> 28554452
1:56:24 PM [vite] (client) [console.warn] skipping slow group: track=0.aac 28554463 -> 28554464
1:56:24 PM [vite] (client) [console.warn] skipping slow group: track=0.aac 28554464 -> 28554465
1:56:24 PM [vite] (client) [console.warn] skipping slow group: track=0.aac 28554465 -> 28554466
1:56:24 PM [vite] (client) [console.warn] skipping slow group: track=0.aac 28554470 -> 28554471
1:56:24 PM [vite] (client) [console.warn] skipping slow group: track=0.aac 28554471 -> 28554472
1:56:24 PM [vite] (client) [console.warn] skipping slow group: track=0.aac 28554472 -> 28554473
1:56:24 PM [vite] (client) [console.warn] skipping slow group: track=0.aac 28554476 -> 28554478
1:56:24 PM [vite] (client) [console.warn] skipping slow group: track=0.aac 28554478 -> 28554479
1:56:24 PM [vite] (client) [console.warn] skipping slow group: track=0.aac 28554479 -> 28554480
1:56:24 PM [vite] (client) [console.warn] skipping slow group: track=0.aac 28554484 -> 28554485
1:56:24 PM [vite] (client) [console.warn] skipping slow group: track=0.aac 28554485 -> 28554486
1:56:24 PM [vite] (client) [console.warn] skipping slow group: track=0.aac 28554486 -> 28554487
1:56:24 PM [vite] (client) [console.warn] skipping slow group: track=0.aac 28554492 -> 28554493
1:56:24 PM [vite] (client) [console.warn] skipping slow group: track=0.aac 28554493 -> 28554495
1:56:24 PM [vite] (client) [console.warn] skipping slow group: track=0.aac 28554498 -> 28554499
1:56:24 PM [vite] (client) [console.warn] skipping slow group: track=0.aac 28554499 -> 28554500
1:56:24 PM [vite] (client) [console.warn] skipping slow group: track=0.aac 28554500 -> 28554501
1:56:25 PM [vite] (client) [console.warn] skipping slow group: track=0.aac 28554505 -> 28554506
1:56:25 PM [vite] (client) [console.warn] skipping slow group: track=0.aac 28554506 -> 28554510
1:56:25 PM [vite] (client) [console.warn] skipping slow group: track=0.aac 28554507 -> 28554510
1:56:25 PM [vite] (client) [console.warn] skipping slow group: track=0.aac 28554512 -> 28554513
1:56:25 PM [vite] (client) [console.warn] skipping slow group: track=0.aac 28554513 -> 28554514
1:56:25 PM [vite] (client) [console.warn] skipping slow group: track=0.aac 28554514 -> 28554515
1:56:25 PM [vite] (client) [console.warn] skipping slow group: track=0.aac 28554518 -> 28554519
1:56:25 PM [vite] (client) [console.warn] skipping slow group: track=0.aac 28554520 -> 28554521
1:56:25 PM [vite] (client) [console.warn] skipping slow group: track=0.aac 28554521 -> 28554522
1:56:25 PM [vite] (client) [console.warn] skipping slow group: track=0.aac 28554525 -> 28554526
1:56:25 PM [vite] (client) [console.warn] skipping slow group: track=0.aac 28554526 -> 28554527
1:56:25 PM [vite] (client) [console.warn] skipping slow group: track=0.aac 28554527 -> 28554528
1:56:25 PM [vite] (client) [console.warn] skipping slow group: track=0.aac 28554528 -> 28554529
1:56:25 PM [vite] (client) [console.warn] skipping slow group: track=0.aac 28554533 -> 28554534
1:56:25 PM [vite] (client) [console.warn] skipping slow group: track=0.aac 28554534 -> 28554535
1:56:25 PM [vite] (client) [console.warn] skipping slow group: track=0.aac 28554535 -> 28554536
1:56:25 PM [vite] (client) [console.warn] skipping slow group: track=0.aac 28554539 -> 28554540
1:56:25 PM [vite] (client) [console.warn] skipping slow group: track=0.aac 28554541 -> 28554542
1:56:25 PM [vite] (client) [console.warn] skipping slow group: track=0.aac 28554542 -> 28554543
1:56:26 PM [vite] (client) [console.warn] skipping slow group: track=0.aac 28554547 -> 28554548
1:56:26 PM [vite] (client) [console.warn] skipping slow group: track=0.aac 28554548 -> 28554549
1:56:26 PM [vite] (client) [console.warn] skipping slow group: track=0.aac 28554549 -> 28554550
1:56:26 PM [vite] (client) [console.warn] skipping slow group: track=0.aac 28554554 -> 28554555
1:56:26 PM [vite] (client) [console.warn] skipping slow group: track=0.aac 28554555 -> 28554556
1:56:26 PM [vite] (client) [console.warn] skipping slow group: track=0.aac 28554556 -> 28554557
1:56:26 PM [vite] (client) [console.warn] skipping slow group: track=0.aac 28554560 -> 28554561
1:56:26 PM [vite] (client) [console.warn] skipping slow group: track=0.aac 28554562 -> 28554563
1:56:26 PM [vite] (client) [console.warn] skipping slow group: track=0.aac 28554563 -> 28554564
1:56:26 PM [vite] (client) [console.warn] skipping slow group: track=0.aac 28554568 -> 28554569
1:56:26 PM [vite] (client) [console.warn] skipping slow group: track=0.aac 28554569 -> 28554570
1:56:26 PM [vite] (client) [console.warn] skipping slow group: track=0.aac 28554570 -> 28554571
1:56:26 PM [vite] (client) [console.warn] skipping slow group: track=0.aac 28554575 -> 28554576
1:56:26 PM [vite] (client) [console.warn] skipping slow group: track=0.aac 28554576 -> 28554577
1:56:26 PM [vite] (client) [console.warn] skipping slow group: track=0.aac 28554577 -> 28554578
1:56:26 PM [vite] (client) [console.warn] skipping slow group: track=0.aac 28554581 -> 28554582
1:56:26 PM [vite] (client) [console.warn] skipping slow group: track=0.aac 28554583 -> 28554584
1:56:26 PM [vite] (client) [console.warn] skipping slow group: track=0.aac 28554584 -> 28554585
1:56:27 PM [vite] (client) [console.warn] skipping slow group: track=0.aac 28554596 -> 28554597
1:56:27 PM [vite] (client) [console.warn] skipping slow group: track=0.aac 28554597 -> 28554598
1:56:27 PM [vite] (client) [console.warn] skipping slow group: track=0.aac 28554598 -> 28554599
1:56:27 PM [vite] (client) [console.warn] skipping slow group: track=0.aac 28554609 -> 28554610
1:56:27 PM [vite] (client) [console.warn] skipping slow group: track=0.aac 28554611 -> 28554612
1:56:27 PM [vite] (client) [console.warn] skipping slow group: track=0.aac 28554612 -> 28554613
1:56:27 PM [vite] (client) [console.warn] skipping slow group: track=0.aac 28554617 -> 28554618
1:56:27 PM [vite] (client) [console.warn] skipping slow group: track=0.aac 28554618 -> 28554619
1:56:27 PM [vite] (client) [console.warn] skipping slow group: track=0.aac 28554619 -> 28554620
1:56:27 PM [vite] (client) [console.warn] skipping slow group: track=0.aac 28554624 -> 28554625
1:56:27 PM [vite] (client) [console.warn] skipping slow group: track=0.aac 28554625 -> 28554626
1:56:27 PM [vite] (client) [console.warn] skipping slow group: track=0.aac 28554626 -> 28554627
1:56:28 PM [vite] (client) [console.warn] skipping slow group: track=0.aac 28554631 -> 28554632
1:56:28 PM [vite] (client) [console.warn] skipping slow group: track=0.aac 28554632 -> 28554633
1:56:28 PM [vite] (client) [console.warn] skipping slow group: track=0.aac 28554633 -> 28554634
1:56:28 PM [vite] (client) [console.warn] skipping slow group: track=0.aac 28554634 -> 28554635
1:56:28 PM [vite] (client) [console.warn] skipping slow group: track=0.aac 28554638 -> 28554639
1:56:28 PM [vite] (client) [console.warn] skipping slow group: track=0.aac 28554640 -> 28554641
1:56:28 PM [vite] (client) [console.warn] skipping slow group: track=0.aac 28554641 -> 28554642
1:56:28 PM [vite] (client) [console.warn] skipping slow group: track=0.aac 28554652 -> 28554653
1:56:28 PM [vite] (client) [console.warn] skipping slow group: track=0.aac 28554654 -> 28554655
1:56:28 PM [vite] (client) [console.warn] skipping slow group: track=0.aac 28554655 -> 28554656
1:56:28 PM [vite] (client) [console.warn] skipping slow group: track=0.aac 28554661 -> 28554662
1:56:28 PM [vite] (client) [console.warn] skipping slow group: track=0.aac 28554662 -> 28554663
1:56:28 PM [vite] (client) [console.warn] skipping slow group: track=0.aac 28554667 -> 28554668
1:56:28 PM [vite] (client) [console.warn] skipping slow group: track=0.aac 28554668 -> 28554669
1:56:28 PM [vite] (client) [console.warn] skipping slow group: track=0.aac 28554669 -> 28554670
1:56:29 PM [vite] (client) [console.warn] skipping slow group: track=0.aac 28554678 -> 28554679
1:56:29 PM [vite] (client) [console.warn] skipping slow group: track=0.aac 28554680 -> 28554681
1:56:29 PM [vite] (client) [console.warn] skipping slow group: track=0.aac 28554685 -> 28554686
1:56:29 PM [vite] (client) [console.warn] skipping slow group: track=0.aac 28554686 -> 28554687
1:56:29 PM [vite] (client) [console.warn] skipping slow group: track=0.aac 28554687 -> 28554688
1:56:29 PM [vite] (client) [console.warn] skipping slow group: track=0.aac 28554691 -> 28554692
1:56:29 PM [vite] (client) [console.warn] skipping slow group: track=0.aac 28554693 -> 28554694
1:56:29 PM [vite] (client) [console.warn] skipping slow group: track=0.aac 28554694 -> 28554695
1:56:29 PM [vite] (client) [console.warn] skipping slow group: track=0.aac 28554701 -> 28554702
1:56:29 PM [vite] (client) [console.warn] skipping slow group: track=0.aac 28554705 -> 28554706
1:56:29 PM [vite] (client) [console.warn] skipping slow group: track=0.aac 28554707 -> 28554708
1:56:29 PM [vite] (client) [console.warn] skipping slow group: track=0.aac 28554708 -> 28554709
1:56:29 PM [vite] (client) [console.warn] skipping slow group: track=0.aac 28554709 -> 28554710
1:56:29 PM [vite] (client) [console.warn] skipping slow group: track=0.aac 28554715 -> 28554716
1:56:29 PM [vite] (client) [console.warn] skipping slow group: track=0.aac 28554716 -> 28554717
1:56:30 PM [vite] (client) [console.warn] skipping slow group: track=0.aac 28554723 -> 28554724
1:56:30 PM [vite] (client) [console.warn] skipping slow group: track=0.aac 28554727 -> 28554728
1:56:30 PM [vite] (client) [console.warn] skipping slow group: track=0.aac 28554729 -> 28554730
1:56:30 PM [vite] (client) [console.warn] skipping slow group: track=0.aac 28554730 -> 28554731
1:56:30 PM [vite] (client) [console.warn] skipping slow group: track=0.aac 28554736 -> 28554737
1:56:30 PM [vite] (client) [console.warn] skipping slow group: track=0.aac 28554737 -> 28554738
1:56:30 PM [vite] (client) [console.warn] skipping slow group: track=0.aac 28554742 -> 28554743
1:56:30 PM [vite] (client) [console.warn] skipping slow group: track=0.aac 28554743 -> 28554744
1:56:30 PM [vite] (client) [console.warn] skipping slow group: track=0.aac 28554744 -> 28554745
1:56:30 PM [vite] (client) [console.warn] skipping slow group: track=0.aac 28554748 -> 28554749
1:56:30 PM [vite] (client) [console.warn] skipping slow group: track=0.aac 28554750 -> 28554751
1:56:30 PM [vite] (client) [console.warn] skipping slow group: track=0.aac 28554751 -> 28554752
1:56:30 PM [vite] (client) [console.warn] skipping slow group: track=0.aac 28554756 -> 28554757
1:56:31 PM [vite] (client) [console.warn] skipping slow group: track=0.aac 28554757 -> 28554760
1:56:31 PM [vite] (client) [console.warn] skipping slow group: track=0.aac 28554758 -> 28554759
1:56:31 PM [vite] (client) [console.warn] skipping slow group: track=0.aac 28554763 -> 28554764
1:56:31 PM [vite] (client) [console.warn] skipping slow group: track=0.aac 28554764 -> 28554765
1:56:31 PM [vite] (client) [console.warn] skipping slow group: track=0.aac 28554765 -> 28554766
1:56:31 PM [vite] (client) [console.warn] skipping slow group: track=0.aac 28554770 -> 28554775
1:56:31 PM [vite] (client) [console.warn] skipping slow group: track=0.aac 28554771 -> 28554775
1:56:31 PM [vite] (client) [console.warn] skipping slow group: track=0.aac 28554772 -> 28554775
1:56:31 PM [vite] (client) [console.warn] skipping slow group: track=0.aac 28554777 -> 28554778
1:56:31 PM [vite] (client) [console.warn] skipping slow group: track=0.aac 28554778 -> 28554779
1:56:31 PM [vite] (client) [console.warn] skipping slow group: track=0.aac 28554779 -> 28554780
1:56:31 PM [vite] (client) [console.warn] skipping slow group: track=0.aac 28554780 -> 28554781
1:56:31 PM [vite] (client) [console.warn] skipping slow group: track=0.aac 28554786 -> 28554787
1:56:31 PM [vite] (client) [console.warn] skipping slow group: track=0.aac 28554787 -> 28554788
1:56:31 PM [vite] (client) [console.warn] skipping slow group: track=0.aac 28554791 -> 28554792
1:56:31 PM [vite] (client) [console.warn] skipping slow group: track=0.aac 28554792 -> 28554793
1:56:31 PM [vite] (client) [console.warn] skipping slow group: track=0.aac 28554793 -> 28554794
1:56:31 PM [vite] (client) [console.warn] skipping slow group: track=0.aac 28554798 -> 28554799
1:56:31 PM [vite] (client) [console.warn] skipping slow group: track=0.aac 28554799 -> 28554800
1:56:32 PM [vite] (client) [console.warn] skipping slow group: track=0.aac 28554800 -> 28554801
1:56:32 PM [vite] (client) [console.warn] skipping slow group: track=0.aac 28554801 -> 28554802
1:56:32 PM [vite] (client) [console.warn] skipping slow group: track=0.aac 28554805 -> 28554806
1:56:32 PM [vite] (client) [console.warn] skipping slow group: track=0.aac 28554807 -> 28554808
1:56:32 PM [vite] (client) [console.warn] skipping slow group: track=0.aac 28554808 -> 28554809
1:56:32 PM [vite] (client) [console.warn] skipping slow group: track=0.aac 28554812 -> 28554813
1:56:32 PM [vite] (client) [console.warn] skipping slow group: track=0.aac 28554814 -> 28554815
1:56:32 PM [vite] (client) [console.warn] skipping slow group: track=0.aac 28554815 -> 28554816
1:56:32 PM [vite] (client) [console.warn] skipping slow group: track=0.aac 28554819 -> 28554820
1:56:32 PM [vite] (client) [console.warn] skipping slow group: track=0.aac 28554820 -> 28554821
1:56:32 PM [vite] (client) [console.warn] skipping slow group: track=0.aac 28554825 -> 28554826
1:56:32 PM [vite] (client) [console.warn] skipping slow group: track=0.aac 28554826 -> 28554827
1:56:32 PM [vite] (client) [console.warn] skipping slow group: track=0.aac 28554831 -> 28554832
1:56:32 PM [vite] (client) [console.warn] skipping slow group: track=0.aac 28554832 -> 28554833
1:56:32 PM [vite] (client) [console.warn] skipping slow group: track=0.aac 28554837 -> 28554838
1:56:32 PM [vite] (client) [console.warn] skipping slow group: track=0.aac 28554838 -> 28554839
1:56:32 PM [vite] (client) [console.warn] skipping slow group: track=0.aac 28554843 -> 28554844
1:56:32 PM [vite] (client) [console.warn] skipping slow group: track=0.aac 28554844 -> 28554845
1:56:33 PM [vite] (client) [console.warn] skipping slow group: track=0.aac 28554849 -> 28554850
1:56:33 PM [vite] (client) [console.warn] skipping slow group: track=0.aac 28554850 -> 28554851
1:56:33 PM [vite] (client) [console.warn] skipping slow group: track=0.aac 28554851 -> 28554852
1:56:33 PM [vite] (client) [console.warn] skipping slow group: track=0.aac 28554856 -> 28554857
1:56:33 PM [vite] (client) [console.warn] skipping slow group: track=0.aac 28554857 -> 28554858
1:56:33 PM [vite] (client) [console.warn] skipping slow group: track=0.aac 28554862 -> 28554863
1:56:33 PM [vite] (client) [console.warn] skipping slow group: track=0.aac 28554867 -> 28554868
1:56:33 PM [vite] (client) [console.warn] skipping slow group: track=0.aac 28554868 -> 28554869
1:56:33 PM [vite] (client) [console.warn] skipping slow group: track=0.aac 28554869 -> 28554870
1:56:33 PM [vite] (client) [console.warn] skipping slow group: track=0.aac 28554875 -> 28554876
1:56:33 PM [vite] (client) [console.warn] skipping slow group: track=0.aac 28554876 -> 28554877
1:56:33 PM [vite] (client) [console.warn] skipping slow group: track=0.aac 28554880 -> 28554881
1:56:33 PM [vite] (client) [console.warn] skipping slow group: track=0.aac 28554882 -> 28554883
1:56:33 PM [vite] (client) [console.warn] skipping slow group: track=0.aac 28554883 -> 28554884
1:56:34 PM [vite] (client) [console.warn] skipping slow group: track=0.aac 28554888 -> 28554889
1:56:34 PM [vite] (client) [console.warn] skipping slow group: track=0.aac 28554889 -> 28554890
1:56:34 PM [vite] (client) [console.warn] skipping slow group: track=0.aac 28554890 -> 28554891
1:56:34 PM [vite] (client) [console.warn] skipping slow group: track=0.aac 28554895 -> 28554896
1:56:34 PM [vite] (client) [console.warn] skipping slow group: track=0.aac 28554900 -> 28554901
1:56:34 PM [vite] (client) [console.warn] skipping slow group: track=0.aac 28554901 -> 28554902
1:56:34 PM [vite] (client) [console.warn] skipping slow group: track=0.aac 28554902 -> 28554903
1:56:34 PM [vite] (client) [console.warn] skipping slow group: track=0.aac 28554903 -> 28554904
1:56:34 PM [vite] (client) [console.warn] skipping slow group: track=0.aac 28554908 -> 28554909
1:56:34 PM [vite] (client) [console.warn] skipping slow group: track=0.aac 28554909 -> 28554910
1:56:34 PM [vite] (client) [console.warn] skipping slow group: track=0.aac 28554910 -> 28554911
1:56:34 PM [vite] (client) [console.warn] skipping slow group: track=0.aac 28554923 -> 28554924
1:56:34 PM [vite] (client) [console.warn] skipping slow group: track=0.aac 28554924 -> 28554925
1:56:34 PM [vite] (client) [console.warn] skipping slow group: track=0.aac 28554929 -> 28554930
1:56:34 PM [vite] (client) [console.warn] skipping slow group: track=0.aac 28554930 -> 28554931
1:56:34 PM [vite] (client) [console.warn] skipping slow group: track=0.aac 28554931 -> 28554932
1:56:35 PM [vite] (client) [console.warn] skipping slow group: track=0.aac 28554935 -> 28554936
1:56:35 PM [vite] (client) [console.warn] skipping slow group: track=0.aac 28554937 -> 28554938
1:56:35 PM [vite] (client) [console.warn] skipping slow group: track=0.aac 28554938 -> 28554939
1:56:35 PM [vite] (client) [console.warn] skipping slow group: track=0.aac 28554943 -> 28554944
1:56:35 PM [vite] (client) [console.warn] skipping slow group: track=0.aac 28554944 -> 28554945
1:56:35 PM [vite] (client) [console.warn] skipping slow group: track=0.aac 28554945 -> 28554946
1:56:35 PM [vite] (client) [console.warn] skipping slow group: track=0.aac 28554950 -> 28554951
1:56:35 PM [vite] (client) [console.warn] skipping slow group: track=0.aac 28554957 -> 28554958
1:56:35 PM [vite] (client) [console.warn] skipping slow group: track=0.aac 28554958 -> 28554959
1:56:35 PM [vite] (client) [console.warn] skipping slow group: track=0.aac 28554959 -> 28554960
1:56:35 PM [vite] (client) [console.warn] skipping slow group: track=0.aac 28554964 -> 28554965
1:56:35 PM [vite] (client) [console.warn] skipping slow group: track=0.aac 28554966 -> 28554967
1:56:35 PM [vite] (client) [console.warn] skipping slow group: track=0.aac 28554971 -> 28554972
1:56:35 PM [vite] (client) [console.warn] skipping slow group: track=0.aac 28554972 -> 28554976
1:56:35 PM [vite] (client) [console.warn] skipping slow group: track=0.aac 28554973 -> 28554976
1:56:36 PM [vite] (client) [console.warn] skipping slow group: track=0.aac 28554977 -> 28554978
1:56:36 PM [vite] (client) [console.warn] skipping slow group: track=0.aac 28554979 -> 28554980
1:56:36 PM [vite] (client) [console.warn] skipping slow group: track=0.aac 28554983 -> 28554984
1:56:36 PM [vite] (client) [console.warn] skipping slow group: track=0.aac 28554985 -> 28554986
1:56:36 PM [vite] (client) [console.warn] skipping slow group: track=0.aac 28554986 -> 28554987
1:56:36 PM [vite] (client) [console.warn] skipping slow group: track=0.aac 28554992 -> 28554993
1:56:36 PM [vite] (client) [console.warn] skipping slow group: track=0.aac 28554997 -> 28554998
1:56:36 PM [vite] (client) [console.warn] skipping slow group: track=0.aac 28554998 -> 28554999
1:56:36 PM [vite] (client) [console.warn] skipping slow group: track=0.aac 28555002 -> 28555003
1:56:36 PM [vite] (client) [console.warn] skipping slow group: track=0.aac 28555004 -> 28555005
1:56:36 PM [vite] (client) [console.warn] skipping slow group: track=0.aac 28555005 -> 28555006
1:56:36 PM [vite] (client) [console.warn] skipping slow group: track=0.aac 28555010 -> 28555011
1:56:36 PM [vite] (client) [console.warn] skipping slow group: track=0.aac 28555011 -> 28555012
1:56:36 PM [vite] (client) [console.warn] skipping slow group: track=0.aac 28555012 -> 28555013
1:56:37 PM [vite] (client) [console.warn] skipping slow group: track=0.aac 28555016 -> 28555017
1:56:37 PM [vite] (client) [console.warn] skipping slow group: track=0.aac 28555018 -> 28555019
1:56:37 PM [vite] (client) [console.warn] skipping slow group: track=0.aac 28555019 -> 28555020
1:56:37 PM [vite] (client) [console.warn] skipping slow group: track=0.aac 28555031 -> 28555032
1:56:37 PM [vite] (client) [console.warn] skipping slow group: track=0.aac 28555032 -> 28555033
1:56:37 PM [vite] (client) [console.warn] skipping slow group: track=0.aac 28555033 -> 28555034
1:56:37 PM [vite] (client) [console.warn] skipping slow group: track=0.aac 28555038 -> 28555039
1:56:37 PM [vite] (client) [console.warn] skipping slow group: track=0.aac 28555039 -> 28555040
1:56:37 PM [vite] (client) [console.warn] skipping slow group: track=0.aac 28555040 -> 28555041
1:56:37 PM [vite] (client) [console.warn] skipping slow group: track=0.aac 28555045 -> 28555046
1:56:37 PM [vite] (client) [console.warn] skipping slow group: track=0.aac 28555046 -> 28555047
1:56:37 PM [vite] (client) [console.warn] skipping slow group: track=0.aac 28555047 -> 28555048
1:56:37 PM [vite] (client) [console.warn] skipping slow group: track=0.aac 28555052 -> 28555053
1:56:37 PM [vite] (client) [console.warn] skipping slow group: track=0.aac 28555053 -> 28555054
1:56:37 PM [vite] (client) [console.warn] skipping slow group: track=0.aac 28555054 -> 28555055
1:56:37 PM [vite] (client) [console.warn] skipping slow group: track=0.aac 28555060 -> 28555061
1:56:38 PM [vite] (client) [console.warn] skipping slow group: track=0.aac 28555061 -> 28555062
1:56:38 PM [vite] (client) [console.warn] skipping slow group: track=0.aac 28555066 -> 28555067
1:56:38 PM [vite] (client) [console.warn] skipping slow group: track=0.aac 28555067 -> 28555068
1:56:38 PM [vite] (client) [console.warn] skipping slow group: track=0.aac 28555068 -> 28555069
1:56:38 PM [vite] (client) [console.warn] skipping slow group: track=0.aac 28555073 -> 28555074
1:56:38 PM [vite] (client) [console.warn] skipping slow group: track=0.aac 28555074 -> 28555078
1:56:38 PM [vite] (client) [console.warn] skipping slow group: track=0.aac 28555075 -> 28555078
1:56:38 PM [vite] (client) [console.warn] skipping slow group: track=0.aac 28555080 -> 28555081
1:56:38 PM [vite] (client) [console.warn] skipping slow group: track=0.aac 28555081 -> 28555082
1:56:38 PM [vite] (client) [console.warn] skipping slow group: track=0.aac 28555082 -> 28555083
1:56:38 PM [vite] (client) [console.warn] skipping slow group: track=0.aac 28555087 -> 28555088
1:56:38 PM [vite] (client) [console.warn] skipping slow group: track=0.aac 28555088 -> 28555091
1:56:38 PM [vite] (client) [console.warn] skipping slow group: track=0.aac 28555089 -> 28555091
1:56:38 PM [vite] (client) [console.warn] skipping slow group: track=0.aac 28555093 -> 28555094
1:56:38 PM [vite] (client) [console.warn] skipping slow group: track=0.aac 28555095 -> 28555096
1:56:38 PM [vite] (client) [console.warn] skipping slow group: track=0.aac 28555096 -> 28555097
1:56:38 PM [vite] (client) [console.warn] skipping slow group: track=0.aac 28555100 -> 28555101
1:56:38 PM [vite] (client) [console.warn] skipping slow group: track=0.aac 28555102 -> 28555103
1:56:38 PM [vite] (client) [console.warn] skipping slow group: track=0.aac 28555103 -> 28555104
1:56:39 PM [vite] (client) [console.warn] skipping slow group: track=0.aac 28555109 -> 28555110
1:56:39 PM [vite] (client) [console.warn] skipping slow group: track=0.aac 28555110 -> 28555111
1:56:39 PM [vite] (client) [console.warn] skipping slow group: track=0.aac 28555122 -> 28555123
1:56:39 PM [vite] (client) [console.warn] skipping slow group: track=0.aac 28555123 -> 28555124
1:56:39 PM [vite] (client) [console.warn] skipping slow group: track=0.aac 28555124 -> 28555125
1:56:39 PM [vite] (client) [console.warn] skipping slow group: track=0.aac 28555129 -> 28555130
1:56:39 PM [vite] (client) [console.warn] skipping slow group: track=0.aac 28555130 -> 28555134
1:56:39 PM [vite] (client) [console.warn] skipping slow group: track=0.aac 28555131 -> 28555134
1:56:39 PM [vite] (client) [console.warn] skipping slow group: track=0.aac 28555137 -> 28555138
1:56:39 PM [vite] (client) [console.warn] skipping slow group: track=0.aac 28555138 -> 28555139
1:56:39 PM [vite] (client) [console.warn] skipping slow group: track=0.aac 28555142 -> 28555143
1:56:39 PM [vite] (client) [console.warn] skipping slow group: track=0.aac 28555144 -> 28555145
1:56:39 PM [vite] (client) [console.warn] skipping slow group: track=0.aac 28555145 -> 28555146
1:56:40 PM [vite] (client) [console.warn] skipping slow group: track=0.aac 28555150 -> 28555151
1:56:40 PM [vite] (client) [console.warn] skipping slow group: track=0.aac 28555151 -> 28555154
1:56:40 PM [vite] (client) [console.warn] skipping slow group: track=0.aac 28555152 -> 28555153
1:56:40 PM [vite] (client) [console.warn] skipping slow group: track=0.aac 28555157 -> 28555158
1:56:40 PM [vite] (client) [console.warn] skipping slow group: track=0.aac 28555158 -> 28555159
1:56:40 PM [vite] (client) [console.warn] skipping slow group: track=0.aac 28555159 -> 28555160
1:56:40 PM [vite] (client) [console.warn] skipping slow group: track=0.aac 28555165 -> 28555166
1:56:40 PM [vite] (client) [console.warn] skipping slow group: track=0.aac 28555166 -> 28555167
1:56:40 PM [vite] (client) [console.warn] skipping slow group: track=0.aac 28555171 -> 28555172
1:56:40 PM [vite] (client) [console.warn] skipping slow group: track=0.aac 28555172 -> 28555173
1:56:40 PM [vite] (client) [console.warn] skipping slow group: track=0.aac 28555173 -> 28555174
1:56:40 PM [vite] (client) [console.warn] skipping slow group: track=0.aac 28555174 -> 28555175
1:56:40 PM [vite] (client) [console.warn] skipping slow group: track=0.aac 28555187 -> 28555188
1:56:41 PM [vite] (client) [console.warn] skipping slow group: track=0.aac 28555192 -> 28555193
1:56:41 PM [vite] (client) [console.warn] skipping slow group: track=0.aac 28555193 -> 28555194
1:56:41 PM [vite] (client) [console.warn] skipping slow group: track=0.aac 28555194 -> 28555195
1:56:41 PM [vite] (client) [console.warn] skipping slow group: track=0.aac 28555195 -> 28555196
1:56:41 PM [vite] (client) [console.warn] skipping slow group: track=0.aac 28555200 -> 28555201
1:56:41 PM [vite] (client) [console.warn] skipping slow group: track=0.aac 28555201 -> 28555202
1:56:41 PM [vite] (client) [console.warn] skipping slow group: track=0.aac 28555202 -> 28555203
1:56:41 PM [vite] (client) [console.warn] skipping slow group: track=0.aac 28555207 -> 28555208
1:56:41 PM [vite] (client) [console.warn] skipping slow group: track=0.aac 28555208 -> 28555209
1:56:41 PM [vite] (client) [console.warn] skipping slow group: track=0.aac 28555209 -> 28555210
1:56:41 PM [vite] (client) [console.warn] skipping slow group: track=0.aac 28555214 -> 28555215
1:56:41 PM [vite] (client) [console.warn] skipping slow group: track=0.aac 28555215 -> 28555216
1:56:41 PM [vite] (client) [console.warn] skipping slow group: track=0.aac 28555220 -> 28555221
1:56:41 PM [vite] (client) [console.warn] skipping slow group: track=0.aac 28555221 -> 28555223
1:56:41 PM [vite] (client) [console.warn] skipping slow group: track=0.aac 28555222 -> 28555223
1:56:41 PM [vite] (client) [console.warn] skipping slow group: track=0.aac 28555226 -> 28555227
1:56:41 PM [vite] (client) [console.warn] skipping slow group: track=0.aac 28555228 -> 28555229
1:56:41 PM [vite] (client) [console.warn] skipping slow group: track=0.aac 28555229 -> 28555230
1:56:41 PM [vite] (client) [console.warn] skipping slow group: track=0.aac 28555230 -> 28555231
1:56:42 PM [vite] (client) [console.warn] skipping slow group: track=0.aac 28555236 -> 28555237
1:56:42 PM [vite] (client) [console.warn] skipping slow group: track=0.aac 28555237 -> 28555240
1:56:42 PM [vite] (client) [console.warn] skipping slow group: track=0.aac 28555241 -> 28555242
1:56:42 PM [vite] (client) [console.warn] skipping slow group: track=0.aac 28555243 -> 28555244
1:56:42 PM [vite] (client) [console.warn] skipping slow group: track=0.aac 28555244 -> 28555245
1:56:42 PM [vite] (client) [console.warn] skipping slow group: track=0.aac 28555249 -> 28555250
1:56:42 PM [vite] (client) [console.warn] skipping slow group: track=0.aac 28555250 -> 28555251
1:56:42 PM [vite] (client) [console.warn] skipping slow group: track=0.aac 28555251 -> 28555252
1:56:42 PM [vite] (client) [console.warn] skipping slow group: track=0.aac 28555256 -> 28555257
1:56:42 PM [vite] (client) [console.warn] skipping slow group: track=0.aac 28555257 -> 28555260
1:56:42 PM [vite] (client) [console.warn] skipping slow group: track=0.aac 28555258 -> 28555260
1:56:42 PM [vite] (client) [console.warn] skipping slow group: track=0.aac 28555263 -> 28555264
1:56:42 PM [vite] (client) [console.warn] skipping slow group: track=0.aac 28555264 -> 28555265
1:56:42 PM [vite] (client) [console.warn] skipping slow group: track=0.aac 28555265 -> 28555266
1:56:42 PM [vite] (client) [console.warn] skipping slow group: track=0.aac 28555269 -> 28555270
1:56:42 PM [vite] (client) [console.warn] skipping slow group: track=0.aac 28555271 -> 28555272
1:56:42 PM [vite] (client) [console.warn] skipping slow group: track=0.aac 28555272 -> 28555273
1:56:43 PM [vite] (client) [console.warn] skipping slow group: track=0.aac 28555277 -> 28555278
1:56:43 PM [vite] (client) [console.warn] skipping slow group: track=0.aac 28555278 -> 28555279
1:56:43 PM [vite] (client) [console.warn] skipping slow group: track=0.aac 28555279 -> 28555280
1:56:43 PM [vite] (client) [console.warn] skipping slow group: track=0.aac 28555283 -> 28555284
1:56:43 PM [vite] (client) [console.warn] skipping slow group: track=0.aac 28555285 -> 28555286
1:56:43 PM [vite] (client) [console.warn] skipping slow group: track=0.aac 28555289 -> 28555290
1:56:43 PM [vite] (client) [console.warn] skipping slow group: track=0.aac 28555291 -> 28555292
1:56:43 PM [vite] (client) [console.warn] skipping slow group: track=0.aac 28555292 -> 28555293
1:56:43 PM [vite] (client) [console.warn] skipping slow group: track=0.aac 28555297 -> 28555298
1:56:43 PM [vite] (client) [console.warn] skipping slow group: track=0.aac 28555298 -> 28555299
1:56:43 PM [vite] (client) [console.warn] skipping slow group: track=0.aac 28555299 -> 28555300
1:56:43 PM [vite] (client) [console.warn] skipping slow group: track=0.aac 28555304 -> 28555305
1:56:43 PM [vite] (client) [console.warn] skipping slow group: track=0.aac 28555305 -> 28555306
1:56:43 PM [vite] (client) [console.warn] skipping slow group: track=0.aac 28555306 -> 28555307
1:56:43 PM [vite] (client) [console.warn] skipping slow group: track=0.aac 28555313 -> 28555314
1:56:44 PM [vite] (client) [console.warn] skipping slow group: track=0.aac 28555318 -> 28555319
1:56:44 PM [vite] (client) [console.warn] skipping slow group: track=0.aac 28555319 -> 28555320
1:56:44 PM [vite] (client) [console.warn] skipping slow group: track=0.aac 28555320 -> 28555321
1:56:44 PM [vite] (client) [console.warn] skipping slow group: track=0.aac 28555325 -> 28555326
1:56:44 PM [vite] (client) [console.warn] skipping slow group: track=0.aac 28555326 -> 28555327
1:56:44 PM [vite] (client) [console.warn] skipping slow group: track=0.aac 28555327 -> 28555328
1:56:44 PM [vite] (client) [console.warn] skipping slow group: track=0.aac 28555332 -> 28555333
1:56:44 PM [vite] (client) [console.warn] skipping slow group: track=0.aac 28555333 -> 28555334
1:56:44 PM [vite] (client) [console.warn] skipping slow group: track=0.aac 28555334 -> 28555335
1:56:44 PM [vite] (client) [console.warn] skipping slow group: track=0.aac 28555339 -> 28555340
1:56:44 PM [vite] (client) [console.warn] skipping slow group: track=0.aac 28555340 -> 28555341
1:56:44 PM [vite] (client) [console.warn] skipping slow group: track=0.aac 28555346 -> 28555347
1:56:44 PM [vite] (client) [console.warn] skipping slow group: track=0.aac 28555347 -> 28555348
1:56:44 PM [vite] (client) [console.warn] skipping slow group: track=0.aac 28555351 -> 28555352
1:56:44 PM [vite] (client) [console.warn] skipping slow group: track=0.aac 28555353 -> 28555354
1:56:44 PM [vite] (client) [console.warn] skipping slow group: track=0.aac 28555354 -> 28555355
1:56:44 PM [vite] (client) [console.warn] skipping slow group: track=0.aac 28555355 -> 28555356
1:56:44 PM [vite] (client) [console.warn] skipping slow group: track=0.aac 28555360 -> 28555361
1:56:45 PM [vite] (client) [console.warn] skipping slow group: track=0.aac 28555367 -> 28555368
1:56:45 PM [vite] (client) [console.warn] skipping slow group: track=0.aac 28555368 -> 28555371
1:56:45 PM [vite] (client) [console.warn] skipping slow group: track=0.aac 28555369 -> 28555371
1:56:45 PM [vite] (client) [console.warn] skipping slow group: track=0.aac 28555373 -> 28555374
1:56:45 PM [vite] (client) [console.warn] skipping slow group: track=0.aac 28555375 -> 28555376
1:56:45 PM [vite] (client) [console.warn] skipping slow group: track=0.aac 28555376 -> 28555377
1:56:45 PM [vite] (client) [console.warn] skipping slow group: track=0.aac 28555381 -> 28555382
1:56:45 PM [vite] (client) [console.warn] skipping slow group: track=0.aac 28555382 -> 28555384
1:56:45 PM [vite] (client) [console.warn] skipping slow group: track=0.aac 28555383 -> 28555384
1:56:45 PM [vite] (client) [console.warn] skipping slow group: track=0.aac 28555389 -> 28555390
1:56:45 PM [vite] (client) [console.warn] skipping slow group: track=0.aac 28555390 -> 28555391
1:56:45 PM [vite] (client) [console.warn] skipping slow group: track=0.aac 28555391 -> 28555392
1:56:45 PM [vite] (client) [console.warn] skipping slow group: track=0.aac 28555396 -> 28555397
1:56:45 PM [vite] (client) [console.warn] skipping slow group: track=0.aac 28555397 -> 28555398
1:56:45 PM [vite] (client) [console.warn] skipping slow group: track=0.aac 28555398 -> 28555399
1:56:46 PM [vite] (client) [console.warn] skipping slow group: track=0.aac 28555403 -> 28555404
1:56:46 PM [vite] (client) [console.warn] skipping slow group: track=0.aac 28555404 -> 28555405
1:56:46 PM [vite] (client) [console.warn] skipping slow group: track=0.aac 28555405 -> 28555406
1:56:46 PM [vite] (client) [console.warn] skipping slow group: track=0.aac 28555411 -> 28555412
1:56:46 PM [vite] (client) [console.warn] skipping slow group: track=0.aac 28555412 -> 28555413
1:56:46 PM [vite] (client) [console.warn] skipping slow group: track=0.aac 28555417 -> 28555418
1:56:46 PM [vite] (client) [console.warn] skipping slow group: track=0.aac 28555418 -> 28555419
1:56:46 PM [vite] (client) [console.warn] skipping slow group: track=0.aac 28555419 -> 28555420
1:56:46 PM [vite] (client) [console.warn] skipping slow group: track=0.aac 28555424 -> 28555425
1:56:46 PM [vite] (client) [console.warn] skipping slow group: track=0.aac 28555426 -> 28555427
1:56:50 PM [vite] (client) [console.warn] [audio] SharedArrayBuffer unavailable, falling back to the higher latency postMessage audio buffer. Serve the page cross-origin isolated (Cross-Origin-Opener-Policy: same-origin, Cross-Origin-Embedder-Policy: require-corp) to avoid this.
1:56:50 PM [vite] (client) [console.warn] skipping slow group: track=0.aac 28555590 -> 28555591
1:56:50 PM [vite] (client) [console.warn] skipping slow group: track=0.aac 28555592 -> 28555593
1:56:50 PM [vite] (client) [console.warn] skipping slow group: track=0.aac 28555606 -> 28555607
1:56:50 PM [vite] (client) [console.warn] skipping slow group: track=0.aac 28555612 -> 28555618
1:56:50 PM [vite] (client) [console.warn] skipping slow group: track=0.aac 28555613 -> 28555618
1:56:51 PM [vite] (client) [console.warn] skipping slow group: track=0.aac 28555621 -> 28555622
1:56:51 PM [vite] (client) [console.warn] skipping slow group: track=0.aac 28555635 -> 28555636
1:56:51 PM [vite] (client) [console.warn] skipping slow group: track=0.aac 28555647 -> 28555648
1:56:51 PM [vite] (client) [console.warn] skipping slow group: track=0.aac 28555648 -> 28555649
1:56:51 PM [vite] (client) [console.warn] skipping slow group: track=0.aac 28555655 -> 28555656
1:56:52 PM [vite] (client) [console.warn] skipping slow group: track=0.aac 28555673 -> 28555674
1:56:52 PM [vite] (client) [console.warn] skipping slow group: track=0.aac 28555674 -> 28555675
1:56:52 PM [vite] (client) [console.warn] skipping slow group: track=0.aac 28555681 -> 28555682
1:56:52 PM [vite] (client) [console.warn] skipping slow group: track=0.aac 28555705 -> 28555706
1:56:53 PM [vite] (client) [console.warn] skipping slow group: track=0.aac 28555712 -> 28555713
1:56:53 PM [vite] (client) [console.warn] skipping slow group: track=0.aac 28555719 -> 28555720
1:56:53 PM [vite] (client) [console.warn] skipping slow group: track=0.aac 28555726 -> 28555727
1:56:53 PM [vite] (client) [console.warn] skipping slow group: track=0.aac 28555733 -> 28555734
1:56:53 PM [vite] (client) [console.warn] skipping slow group: track=0.aac 28555740 -> 28555741
1:56:53 PM [vite] (client) [console.warn] skipping slow group: track=0.aac 28555747 -> 28555748
1:56:54 PM [vite] (client) [console.warn] skipping slow group: track=0.aac 28555761 -> 28555762
1:56:54 PM [vite] (client) [console.warn] skipping slow group: track=0.aac 28555762 -> 28555763
1:56:54 PM [vite] (client) [console.warn] skipping slow group: track=0.aac 28555769 -> 28555770
1:56:54 PM [vite] (client) [console.warn] skipping slow group: track=0.aac 28555775 -> 28555776
1:56:54 PM [vite] (client) [console.warn] skipping slow group: track=0.aac 28555783 -> 28555784
1:56:54 PM [vite] (client) [console.warn] skipping slow group: track=0.aac 28555790 -> 28555791
1:56:55 PM [vite] (client) [console.warn] skipping slow group: track=0.aac 28555797 -> 28555798
1:56:55 PM [vite] (client) [console.warn] skipping slow group: track=0.aac 28555798 -> 28555803
1:56:55 PM [vite] (client) [console.warn] skipping slow group: track=0.aac 28555812 -> 28555813
1:56:55 PM [vite] (client) [console.warn] skipping slow group: track=0.aac 28555819 -> 28555820
1:56:55 PM [vite] (client) [console.warn] skipping slow group: track=0.aac 28555826 -> 28555827
1:56:56 PM [vite] (client) [console.warn] skipping slow group: track=0.aac 28555847 -> 28555848
1:56:56 PM [vite] (client) [console.warn] skipping slow group: track=0.aac 28555868 -> 28555869
1:56:56 PM [vite] (client) [console.warn] skipping slow group: track=0.aac 28555875 -> 28555876
1:56:57 PM [vite] (client) [console.warn] skipping slow group: track=0.aac 28555882 -> 28555883
1:56:57 PM [vite] (client) [console.warn] skipping slow group: track=0.aac 28555896 -> 28555897
1:56:57 PM [vite] (client) [console.warn] skipping slow group: track=0.aac 28555903 -> 28555904
1:56:57 PM [vite] (client) [console.warn] skipping slow group: track=0.aac 28555910 -> 28555911
1:56:57 PM [vite] (client) [console.warn] skipping slow group: track=0.aac 28555917 -> 28555918
1:56:58 PM [vite] (client) [console.warn] skipping slow group: track=0.aac 28555924 -> 28555925
1:56:58 PM [vite] (client) [console.warn] skipping slow group: track=0.aac 28555930 -> 28555931
1:56:58 PM [vite] (client) [console.warn] skipping slow group: track=0.aac 28555938 -> 28555939
1:56:58 PM [vite] (client) [console.warn] skipping slow group: track=0.aac 28555945 -> 28555946
1:56:58 PM [vite] (client) [console.warn] skipping slow group: track=0.aac 28555959 -> 28555960
1:56:59 PM [vite] (client) [console.warn] skipping slow group: track=0.aac 28555965 -> 28555966
1:56:59 PM [vite] (client) [console.warn] skipping slow group: track=0.aac 28555980 -> 28555981
1:56:59 PM [vite] (client) [console.warn] skipping slow group: track=0.aac 28555987 -> 28555988
1:56:59 PM [vite] (client) [console.warn] skipping slow group: track=0.aac 28555993 -> 28555997
1:56:59 PM [vite] (client) [console.warn] skipping slow group: track=0.aac 28555994 -> 28555997
1:56:59 PM [vite] (client) [console.warn] skipping slow group: track=0.aac 28556001 -> 28556002
1:57:00 PM [vite] (client) [console.warn] skipping slow group: track=0.aac 28556008 -> 28556009
1:57:00 PM [vite] (client) [console.warn] skipping slow group: track=0.aac 28556015 -> 28556016
1:57:00 PM [vite] (client) [console.warn] skipping slow group: track=0.aac 28556029 -> 28556030
1:57:00 PM [vite] (client) [console.warn] skipping slow group: track=0.aac 28556036 -> 28556037
1:57:00 PM [vite] (client) [console.warn] skipping slow group: track=0.aac 28556049 -> 28556050
1:57:01 PM [vite] (client) [console.warn] skipping slow group: track=0.aac 28556064 -> 28556065
1:57:01 PM [vite] (client) [console.warn] skipping slow group: track=0.aac 28556071 -> 28556072
1:57:01 PM [vite] (client) [console.warn] skipping slow group: track=0.aac 28556078 -> 28556079
1:57:01 PM [vite] (client) [console.warn] skipping slow group: track=0.aac 28556085 -> 28556086
1:57:01 PM [vite] (client) [console.warn] skipping slow group: track=0.aac 28556091 -> 28556097
1:57:01 PM [vite] (client) [console.warn] skipping slow group: track=0.aac 28556092 -> 28556097
1:57:02 PM [vite] (client) [console.warn] skipping slow group: track=0.aac 28556098 -> 28556099
1:57:02 PM [vite] (client) [console.warn] skipping slow group: track=0.aac 28556113 -> 28556114
1:57:02 PM [vite] (client) [console.warn] skipping slow group: track=0.aac 28556120 -> 28556121
1:57:02 PM [vite] (client) [console.warn] skipping slow group: track=0.aac 28556127 -> 28556128
1:57:03 PM [vite] (client) [console.warn] skipping slow group: track=0.aac 28556141 -> 28556142
1:57:03 PM [vite] (client) [console.warn] skipping slow group: track=0.aac 28556148 -> 28556149
1:57:03 PM [vite] (client) [console.warn] skipping slow group: track=0.aac 28556162 -> 28556163
1:57:03 PM [vite] (client) [console.warn] skipping slow group: track=0.aac 28556169 -> 28556170
1:57:04 PM [vite] (client) [console.warn] skipping slow group: track=0.aac 28556183 -> 28556184
1:57:04 PM [vite] (client) [console.warn] skipping slow group: track=0.aac 28556190 -> 28556191
1:57:04 PM [vite] (client) [console.warn] skipping slow group: track=0.aac 28556197 -> 28556198
1:57:04 PM [vite] (client) [console.warn] skipping slow group: track=0.aac 28556211 -> 28556212
1:57:04 PM [vite] (client) [console.warn] skipping slow group: track=0.aac 28556217 -> 28556218
1:57:05 PM [vite] (client) [console.warn] skipping slow group: track=0.aac 28556232 -> 28556233
1:57:05 PM [vite] (client) [console.warn] skipping slow group: track=0.aac 28556239 -> 28556240
1:57:05 PM [vite] (client) [console.warn] skipping slow group: track=0.aac 28556246 -> 28556247
1:57:05 PM [vite] (client) [console.warn] skipping slow group: track=0.aac 28556252 -> 28556257
1:57:05 PM [vite] (client) [console.warn] skipping slow group: track=0.aac 28556253 -> 28556257
1:57:05 PM [vite] (client) [console.warn] skipping slow group: track=0.aac 28556260 -> 28556261
1:57:06 PM [vite] (client) [console.warn] skipping slow group: track=0.aac 28556274 -> 28556277
1:57:06 PM [vite] (client) [console.warn] skipping slow group: track=0.aac 28556281 -> 28556282
1:57:06 PM [vite] (client) [console.warn] skipping slow group: track=0.aac 28556288 -> 28556289
1:57:06 PM [vite] (client) [console.warn] skipping slow group: track=0.aac 28556302 -> 28556303
1:57:07 PM [vite] (client) [console.warn] skipping slow group: track=0.aac 28556316 -> 28556317
1:57:07 PM [vite] (client) [console.warn] skipping slow group: track=0.aac 28556351 -> 28556352
1:57:08 PM [vite] (client) [console.warn] skipping slow group: track=0.aac 28556365 -> 28556366
1:57:08 PM [vite] (client) [console.warn] skipping slow group: track=0.aac 28556372 -> 28556373
1:57:08 PM [vite] (client) [console.warn] skipping slow group: track=0.aac 28556379 -> 28556380
1:57:08 PM [vite] (client) [console.warn] skipping slow group: track=0.aac 28556385 -> 28556386
1:57:09 PM [vite] (client) [console.warn] skipping slow group: track=0.aac 28556400 -> 28556401
1:57:09 PM [vite] (client) [console.warn] skipping slow group: track=0.aac 28556407 -> 28556408
1:57:09 PM [vite] (client) [console.warn] skipping slow group: track=0.aac 28556414 -> 28556415
1:57:09 PM [vite] (client) [console.warn] skipping slow group: track=0.aac 28556421 -> 28556422
1:57:09 PM [vite] (client) [console.warn] skipping slow group: track=0.aac 28556428 -> 28556429
1:57:09 PM [vite] (client) [console.warn] skipping slow group: track=0.aac 28556435 -> 28556436
1:57:10 PM [vite] (client) [console.warn] skipping slow group: track=0.aac 28556449 -> 28556450
1:57:10 PM [vite] (client) [console.warn] skipping slow group: track=0.aac 28556456 -> 28556457
1:57:10 PM [vite] (client) [console.warn] skipping slow group: track=0.aac 28556462 -> 28556463
1:57:10 PM [vite] (client) [console.warn] skipping slow group: track=0.aac 28556477 -> 28556478
1:57:11 PM [vite] (client) [console.warn] skipping slow group: track=0.aac 28556483 -> 28556484
1:57:11 PM [vite] (client) [console.warn] skipping slow group: track=0.aac 28556491 -> 28556492
1:57:11 PM [vite] (client) [console.warn] skipping slow group: track=0.aac 28556497 -> 28556498
1:57:11 PM [vite] (client) [console.warn] skipping slow group: track=0.aac 28556505 -> 28556506
1:57:11 PM [vite] (client) [console.warn] skipping slow group: track=0.aac 28556512 -> 28556513
1:57:11 PM [vite] (client) [console.warn] skipping slow group: track=0.aac 28556519 -> 28556520
1:57:12 PM [vite] (client) [console.warn] skipping slow group: track=0.aac 28556526 -> 28556527
1:57:12 PM [vite] (client) [console.warn] skipping slow group: track=0.aac 28556539 -> 28556540
1:57:12 PM [vite] (client) [console.warn] skipping slow group: track=0.aac 28556546 -> 28556547
1:57:12 PM [vite] (client) [console.warn] skipping slow group: track=0.aac 28556547 -> 28556548
1:57:12 PM [vite] (client) [console.warn] skipping slow group: track=0.aac 28556554 -> 28556555
1:57:12 PM [vite] (client) [console.warn] skipping slow group: track=0.aac 28556555 -> 28556556
1:57:12 PM [vite] (client) [console.warn] skipping slow group: track=0.aac 28556562 -> 28556563
1:57:13 PM [vite] (client) [console.warn] skipping slow group: track=0.aac 28556569 -> 28556570
1:57:13 PM [vite] (client) [console.warn] skipping slow group: track=0.aac 28556589 -> 28556595
1:57:13 PM [vite] (client) [console.warn] skipping slow group: track=0.aac 28556590 -> 28556595
1:57:13 PM [vite] (client) [console.warn] skipping slow group: track=0.aac 28556597 -> 28556598
1:57:13 PM [vite] (client) [console.warn] skipping slow group: track=0.aac 28556604 -> 28556605
1:57:14 PM [vite] (client) [console.warn] skipping slow group: track=0.aac 28556611 -> 28556612
1:57:14 PM [vite] (client) [console.warn] skipping slow group: track=0.aac 28556618 -> 28556619
1:57:14 PM [vite] (client) [console.warn] skipping slow group: track=0.aac 28556625 -> 28556626
1:57:14 PM [vite] (client) [console.warn] skipping slow group: track=0.aac 28556632 -> 28556633
1:57:14 PM [vite] (client) [console.warn] skipping slow group: track=0.aac 28556645 -> 28556646
1:57:15 PM [vite] (client) [console.warn] skipping slow group: track=0.aac 28556653 -> 28556654
1:57:15 PM [vite] (client) [console.warn] skipping slow group: track=0.aac 28556659 -> 28556660
1:57:15 PM [vite] (client) [console.warn] skipping slow group: track=0.aac 28556661 -> 28556662
1:57:15 PM [vite] (client) [console.warn] skipping slow group: track=0.aac 28556668 -> 28556669
1:57:15 PM [vite] (client) [console.warn] skipping slow group: track=0.aac 28556675 -> 28556676
1:57:15 PM [vite] (client) [console.warn] skipping slow group: track=0.aac 28556682 -> 28556683
1:57:15 PM [vite] (client) [console.warn] skipping slow group: track=0.aac 28556688 -> 28556689
1:57:15 PM [vite] (client) [console.warn] skipping slow group: track=0.aac 28556695 -> 28556696
1:57:16 PM [vite] (client) [console.warn] skipping slow group: track=0.aac 28556703 -> 28556704
1:57:16 PM [vite] (client) [console.warn] skipping slow group: track=0.aac 28556704 -> 28556705
1:57:16 PM [vite] (client) [console.warn] skipping slow group: track=0.aac 28556711 -> 28556712
1:57:16 PM [vite] (client) [console.warn] skipping slow group: track=0.aac 28556718 -> 28556719
1:57:16 PM [vite] (client) [console.warn] skipping slow group: track=0.aac 28556732 -> 28556733
1:57:16 PM [vite] (client) [console.warn] skipping slow group: track=0.aac 28556739 -> 28556740
1:57:16 PM [vite] (client) [console.warn] skipping slow group: track=0.aac 28556740 -> 28556741
1:57:17 PM [vite] (client) [console.warn] skipping slow group: track=0.aac 28556747 -> 28556748
1:57:17 PM [vite] (client) [console.warn] skipping slow group: track=0.aac 28556754 -> 28556755
1:57:17 PM [vite] (client) [console.warn] skipping slow group: track=0.aac 28556774 -> 28556775
1:57:17 PM [vite] (client) [console.warn] skipping slow group: track=0.aac 28556782 -> 28556783
1:57:18 PM [vite] (client) [console.warn] skipping slow group: track=0.aac 28556789 -> 28556790
1:57:18 PM [vite] (client) [console.warn] skipping slow group: track=0.aac 28556796 -> 28556797
1:57:18 PM [vite] (client) [console.warn] skipping slow group: track=0.aac 28556803 -> 28556804
1:57:18 PM [vite] (client) [console.warn] skipping slow group: track=0.aac 28556809 -> 28556810
1:57:18 PM [vite] (client) [console.warn] skipping slow group: track=0.aac 28556817 -> 28556818
1:57:18 PM [vite] (client) [console.warn] skipping slow group: track=0.aac 28556823 -> 28556824
1:57:19 PM [vite] (client) [console.warn] skipping slow group: track=0.aac 28556831 -> 28556832
1:57:19 PM [vite] (client) [console.warn] skipping slow group: track=0.aac 28556838 -> 28556839
1:57:19 PM [vite] (client) [console.warn] skipping slow group: track=0.aac 28556845 -> 28556846
1:57:19 PM [vite] (client) [console.warn] skipping slow group: track=0.aac 28556859 -> 28556860
1:57:19 PM [vite] (client) [console.warn] skipping slow group: track=0.aac 28556865 -> 28556866
1:57:20 PM [vite] (client) [console.warn] skipping slow group: track=0.aac 28556873 -> 28556874
1:57:20 PM [vite] (client) [console.warn] skipping slow group: track=0.aac 28556880 -> 28556884
1:57:20 PM [vite] (client) [console.warn] skipping slow group: track=0.aac 28556886 -> 28556887
1:57:20 PM [vite] (client) [console.warn] skipping slow group: track=0.aac 28556893 -> 28556894
1:57:20 PM [vite] (client) [console.warn] skipping slow group: track=0.aac 28556906 -> 28556907
1:57:21 PM [vite] (client) [console.warn] skipping slow group: track=0.aac 28556912 -> 28556914
1:57:21 PM [vite] (client) [console.warn] skipping slow group: track=0.aac 28556913 -> 28556914
1:57:21 PM [vite] (client) [console.warn] skipping slow group: track=0.aac 28556920 -> 28556921
1:57:21 PM [vite] (client) [console.warn] skipping slow group: track=0.aac 28556927 -> 28556928
1:57:21 PM [vite] (client) [console.warn] skipping slow group: track=0.aac 28556934 -> 28556935
1:57:21 PM [vite] (client) [console.warn] skipping slow group: track=0.aac 28556935 -> 28556936
1:57:21 PM [vite] (client) [console.warn] skipping slow group: track=0.aac 28556942 -> 28556943
1:57:22 PM [vite] (client) [console.warn] skipping slow group: track=0.aac 28556955 -> 28556956
1:57:22 PM [vite] (client) [console.warn] skipping slow group: track=0.aac 28556963 -> 28556964
1:57:22 PM [vite] (client) [console.warn] skipping slow group: track=0.aac 28556969 -> 28556970
1:57:22 PM [vite] (client) [console.warn] skipping slow group: track=0.aac 28556984 -> 28556985
1:57:23 PM [vite] (client) [console.warn] skipping slow group: track=0.aac 28556998 -> 28556999
1:57:23 PM [vite] (client) [console.warn] skipping slow group: track=0.aac 28557005 -> 28557006
1:57:23 PM [vite] (client) [console.warn] skipping slow group: track=0.aac 28557012 -> 28557013
1:57:23 PM [vite] (client) [console.warn] skipping slow group: track=0.aac 28557026 -> 28557027
1:57:23 PM [vite] (client) [console.warn] skipping slow group: track=0.aac 28557032 -> 28557033
1:57:23 PM [vite] (client) [console.warn] skipping slow group: track=0.aac 28557040 -> 28557041
1:57:24 PM [vite] (client) [console.warn] skipping slow group: track=0.aac 28557047 -> 28557048
1:57:24 PM [vite] (client) [console.warn] skipping slow group: track=0.aac 28557054 -> 28557055
1:57:24 PM [vite] (client) [console.warn] skipping slow group: track=0.aac 28557061 -> 28557062
1:57:24 PM [vite] (client) [console.warn] skipping slow group: track=0.aac 28557068 -> 28557069
1:57:24 PM [vite] (client) [console.warn] skipping slow group: track=0.aac 28557074 -> 28557075
1:57:24 PM [vite] (client) [console.warn] skipping slow group: track=0.aac 28557076 -> 28557077
1:57:24 PM [vite] (client) [console.warn] skipping slow group: track=0.aac 28557083 -> 28557084
1:57:25 PM [vite] (client) [console.warn] skipping slow group: track=0.aac 28557090 -> 28557091
1:57:25 PM [vite] (client) [console.warn] skipping slow group: track=0.aac 28557097 -> 28557098
1:57:25 PM [vite] (client) [console.warn] skipping slow group: track=0.aac 28557109 -> 28557110
1:57:25 PM [vite] (client) [console.warn] skipping slow group: track=0.aac 28557111 -> 28557112
1:57:25 PM [vite] (client) [console.warn] skipping slow group: track=0.aac 28557125 -> 28557126
1:57:26 PM [vite] (client) [console.warn] skipping slow group: track=0.aac 28557132 -> 28557133
1:57:26 PM [vite] (client) [console.warn] skipping slow group: track=0.aac 28557138 -> 28557139
1:57:26 PM [vite] (client) [console.warn] skipping slow group: track=0.aac 28557145 -> 28557146
1:57:26 PM [vite] (client) [console.warn] skipping slow group: track=0.aac 28557153 -> 28557154
1:57:26 PM [vite] (client) [console.warn] skipping slow group: track=0.aac 28557160 -> 28557161
1:57:26 PM [vite] (client) [console.warn] skipping slow group: track=0.aac 28557167 -> 28557168
1:57:27 PM [vite] (client) [console.warn] skipping slow group: track=0.aac 28557174 -> 28557175
1:57:27 PM [vite] (client) [console.warn] skipping slow group: track=0.aac 28557181 -> 28557182
1:57:27 PM [vite] (client) [console.warn] skipping slow group: track=0.aac 28557195 -> 28557196
1:57:27 PM [vite] (client) [console.warn] skipping slow group: track=0.aac 28557202 -> 28557203
1:57:27 PM [vite] (client) [console.warn] skipping slow group: track=0.aac 28557209 -> 28557210
1:57:28 PM [vite] (client) [console.warn] skipping slow group: track=0.aac 28557216 -> 28557217
1:57:28 PM [vite] (client) [console.warn] skipping slow group: track=0.aac 28557223 -> 28557224
1:57:28 PM [vite] (client) [console.warn] skipping slow group: track=0.aac 28557230 -> 28557231
1:57:28 PM [vite] (client) [console.warn] skipping slow group: track=0.aac 28557237 -> 28557238
1:57:28 PM [vite] (client) [console.warn] skipping slow group: track=0.aac 28557244 -> 28557245
1:57:28 PM [vite] (client) [console.warn] skipping slow group: track=0.aac 28557251 -> 28557252
1:57:29 PM [vite] (client) [console.warn] skipping slow group: track=0.aac 28557257 -> 28557258
1:57:29 PM [vite] (client) [console.warn] skipping slow group: track=0.aac 28557275 -> 28557276
1:57:29 PM [vite] (client) [console.warn] skipping slow group: track=0.aac 28557295 -> 28557296
1:57:30 PM [vite] (client) [console.warn] skipping slow group: track=0.aac 28557303 -> 28557304
1:57:30 PM [vite] (client) [console.warn] skipping slow group: track=0.aac 28557310 -> 28557311
1:57:30 PM [vite] (client) [console.warn] skipping slow group: track=0.aac 28557317 -> 28557318
1:57:30 PM [vite] (client) [console.warn] skipping slow group: track=0.aac 28557336 -> 28557337
1:57:30 PM [vite] (client) [console.warn] skipping slow group: track=0.aac 28557337 -> 28557338
1:57:31 PM [vite] (client) [console.warn] skipping slow group: track=0.aac 28557343 -> 28557344
1:57:31 PM [vite] (client) [console.warn] skipping slow group: track=0.aac 28557351 -> 28557352
1:57:31 PM [vite] (client) [console.warn] skipping slow group: track=0.aac 28557358 -> 28557359
1:57:31 PM [vite] (client) [console.warn] skipping slow group: track=0.aac 28557364 -> 28557365
1:57:31 PM [vite] (client) [console.warn] skipping slow group: track=0.aac 28557371 -> 28557372
1:57:31 PM [vite] (client) [console.warn] skipping slow group: track=0.aac 28557379 -> 28557380
1:57:32 PM [vite] (client) [console.warn] skipping slow group: track=0.aac 28557386 -> 28557387
1:57:32 PM [vite] (client) [console.warn] skipping slow group: track=0.aac 28557392 -> 28557393
1:57:32 PM [vite] (client) [console.warn] skipping slow group: track=0.aac 28557400 -> 28557401
1:57:32 PM [vite] (client) [console.warn] skipping slow group: track=0.aac 28557407 -> 28557408
1:57:32 PM [vite] (client) [console.warn] skipping slow group: track=0.aac 28557414 -> 28557415
1:57:32 PM [vite] (client) [console.warn] skipping slow group: track=0.aac 28557421 -> 28557422
1:57:32 PM [vite] (client) [console.warn] skipping slow group: track=0.aac 28557427 -> 28557428
1:57:33 PM [vite] (client) [console.warn] skipping slow group: track=0.aac 28557449 -> 28557450
1:57:33 PM [vite] (client) [console.warn] skipping slow group: track=0.aac 28557456 -> 28557457
1:57:33 PM [vite] (client) [console.warn] skipping slow group: track=0.aac 28557463 -> 28557464
1:57:33 PM [vite] (client) [console.warn] skipping slow group: track=0.aac 28557470 -> 28557471
1:57:34 PM [vite] (client) [console.warn] skipping slow group: track=0.aac 28557477 -> 28557478
1:57:34 PM [vite] (client) [console.warn] skipping slow group: track=0.aac 28557484 -> 28557485
1:57:34 PM [vite] (client) [console.warn] skipping slow group: track=0.aac 28557498 -> 28557499
1:57:34 PM [vite] (client) [console.warn] skipping slow group: track=0.aac 28557505 -> 28557506
1:57:34 PM [vite] (client) [console.warn] skipping slow group: track=0.aac 28557511 -> 28557513
1:57:34 PM [vite] (client) [console.warn] skipping slow group: track=0.aac 28557512 -> 28557513
1:57:35 PM [vite] (client) [console.warn] skipping slow group: track=0.aac 28557518 -> 28557519
1:57:35 PM [vite] (client) [console.warn] skipping slow group: track=0.aac 28557526 -> 28557527
1:57:35 PM [vite] (client) [console.warn] skipping slow group: track=0.aac 28557532 -> 28557533
1:57:35 PM [vite] (client) [console.warn] skipping slow group: track=0.aac 28557540 -> 28557541
1:57:35 PM [vite] (client) [console.warn] skipping slow group: track=0.aac 28557547 -> 28557548
1:57:35 PM [vite] (client) [console.warn] skipping slow group: track=0.aac 28557553 -> 28557554
1:57:36 PM [vite] (client) [console.warn] skipping slow group: track=0.aac 28557568 -> 28557569
1:57:36 PM [vite] (client) [console.warn] skipping slow group: track=0.aac 28557575 -> 28557576
1:57:36 PM [vite] (client) [console.warn] skipping slow group: track=0.aac 28557582 -> 28557583
1:57:36 PM [vite] (client) [console.warn] skipping slow group: track=0.aac 28557589 -> 28557590
1:57:36 PM [vite] (client) [console.warn] skipping slow group: track=0.aac 28557596 -> 28557597
1:57:37 PM [vite] (client) [console.warn] skipping slow group: track=0.aac 28557603 -> 28557604
1:57:37 PM [vite] (client) [console.warn] skipping slow group: track=0.aac 28557609 -> 28557610
1:57:37 PM [vite] (client) [console.warn] skipping slow group: track=0.aac 28557616 -> 28557617
1:57:37 PM [vite] (client) [console.warn] skipping slow group: track=0.aac 28557624 -> 28557625
1:57:37 PM [vite] (client) [console.warn] skipping slow group: track=0.aac 28557631 -> 28557632
1:57:37 PM [vite] (client) [console.warn] skipping slow group: track=0.aac 28557632 -> 28557633
1:57:37 PM [vite] (client) [console.warn] skipping slow group: track=0.aac 28557638 -> 28557639
1:57:38 PM [vite] (client) [console.warn] skipping slow group: track=0.aac 28557646 -> 28557647
1:57:38 PM [vite] (client) [console.warn] skipping slow group: track=0.aac 28557653 -> 28557654
1:57:38 PM [vite] (client) [console.warn] skipping slow group: track=0.aac 28557660 -> 28557661
1:57:38 PM [vite] (client) [console.warn] skipping slow group: track=0.aac 28557667 -> 28557668
1:57:38 PM [vite] (client) [console.warn] skipping slow group: track=0.aac 28557674 -> 28557675
1:57:38 PM [vite] (client) [console.warn] skipping slow group: track=0.aac 28557680 -> 28557681
1:57:39 PM [vite] (client) [console.warn] skipping slow group: track=0.aac 28557688 -> 28557689
1:57:39 PM [vite] (client) [console.warn] skipping slow group: track=0.aac 28557695 -> 28557696
1:57:39 PM [vite] (client) [console.warn] skipping slow group: track=0.aac 28557702 -> 28557703
1:57:39 PM [vite] (client) [console.warn] skipping slow group: track=0.aac 28557708 -> 28557709
1:57:39 PM [vite] (client) [console.warn] skipping slow group: track=0.aac 28557723 -> 28557724
1:57:40 PM [vite] (client) [console.warn] skipping slow group: track=0.aac 28557730 -> 28557731
1:57:40 PM [vite] (client) [console.warn] skipping slow group: track=0.aac 28557737 -> 28557738
1:57:40 PM [vite] (client) [console.warn] skipping slow group: track=0.aac 28557743 -> 28557744
1:57:40 PM [vite] (client) [console.warn] skipping slow group: track=0.aac 28557750 -> 28557751
1:57:40 PM [vite] (client) [console.warn] skipping slow group: track=0.aac 28557757 -> 28557758
1:57:40 PM [vite] (client) [console.warn] skipping slow group: track=0.aac 28557764 -> 28557766
1:57:40 PM [vite] (client) [console.warn] skipping slow group: track=0.aac 28557765 -> 28557766
1:57:40 PM [vite] (client) [console.warn] skipping slow group: track=0.aac 28557772 -> 28557773
1:57:41 PM [vite] (client) [console.warn] skipping slow group: track=0.aac 28557779 -> 28557780
1:57:41 PM [vite] (client) [console.warn] skipping slow group: track=0.aac 28557786 -> 28557787
1:57:41 PM [vite] (client) [console.warn] skipping slow group: track=0.aac 28557792 -> 28557793
1:57:41 PM [vite] (client) [console.warn] skipping slow group: track=0.aac 28557799 -> 28557800
1:57:41 PM [vite] (client) [console.warn] skipping slow group: track=0.aac 28557807 -> 28557808
1:57:41 PM [vite] (client) [console.warn] skipping slow group: track=0.aac 28557814 -> 28557815
1:57:42 PM [vite] (client) [console.warn] skipping slow group: track=0.aac 28557821 -> 28557822
1:57:42 PM [vite] (client) [console.warn] skipping slow group: track=0.aac 28557828 -> 28557829
1:57:42 PM [vite] (client) [console.warn] skipping slow group: track=0.aac 28557835 -> 28557836
1:57:42 PM [vite] (client) [console.warn] skipping slow group: track=0.aac 28557841 -> 28557842
1:57:42 PM [vite] (client) [console.warn] skipping slow group: track=0.aac 28557848 -> 28557849
1:57:42 PM [vite] (client) [console.warn] skipping slow group: track=0.aac 28557856 -> 28557857
1:57:43 PM [vite] (client) [console.warn] skipping slow group: track=0.aac 28557862 -> 28557863
1:57:43 PM [vite] (client) [console.warn] skipping slow group: track=0.aac 28557869 -> 28557870
1:57:43 PM [vite] (client) [console.warn] skipping slow group: track=0.aac 28557877 -> 28557878
1:57:43 PM [vite] (client) [console.warn] skipping slow group: track=0.aac 28557883 -> 28557884
1:57:43 PM [vite] (client) [console.warn] skipping slow group: track=0.aac 28557890 -> 28557891
1:57:43 PM [vite] (client) [console.warn] skipping slow group: track=0.aac 28557898 -> 28557899
1:57:44 PM [vite] (client) [console.warn] skipping slow group: track=0.aac 28557904 -> 28557905
1:57:44 PM [vite] (client) [console.warn] skipping slow group: track=0.aac 28557919 -> 28557920
1:57:44 PM [vite] (client) [console.warn] skipping slow group: track=0.aac 28557926 -> 28557927
1:57:44 PM [vite] (client) [console.warn] skipping slow group: track=0.aac 28557933 -> 28557934
1:57:45 PM [vite] (client) [console.warn] skipping slow group: track=0.aac 28557947 -> 28557948
1:57:45 PM [vite] (client) [console.warn] skipping slow group: track=0.aac 28557954 -> 28557955
1:57:45 PM [vite] (client) [console.warn] skipping slow group: track=0.aac 28557967 -> 28557968
1:57:45 PM [vite] (client) [console.warn] skipping slow group: track=0.aac 28557974 -> 28557975
1:57:45 PM [vite] (client) [console.warn] skipping slow group: track=0.aac 28557981 -> 28557982
1:57:46 PM [vite] (client) [console.warn] skipping slow group: track=0.aac 28557988 -> 28557989
1:57:46 PM [vite] (client) [console.warn] skipping slow group: track=0.aac 28558003 -> 28558004
1:57:46 PM [vite] (client) [console.warn] skipping slow group: track=0.aac 28558010 -> 28558011
1:57:46 PM [vite] (client) [console.warn] skipping slow group: track=0.aac 28558016 -> 28558017
1:57:46 PM [vite] (client) [console.warn] skipping slow group: track=0.aac 28558024 -> 28558025
1:57:47 PM [vite] (client) [console.warn] skipping slow group: track=0.aac 28558038 -> 28558039
1:57:47 PM [vite] (client) [console.warn] skipping slow group: track=0.aac 28558045 -> 28558046
1:57:47 PM [vite] (client) [console.warn] skipping slow group: track=0.aac 28558051 -> 28558052
1:57:47 PM [vite] (client) [console.warn] skipping slow group: track=0.aac 28558059 -> 28558060
1:57:47 PM [vite] (client) [console.warn] skipping slow group: track=0.aac 28558066 -> 28558067
1:57:47 PM [vite] (client) [console.warn] skipping slow group: track=0.aac 28558073 -> 28558074
1:57:48 PM [vite] (client) [console.warn] skipping slow group: track=0.aac 28558080 -> 28558081
1:57:48 PM [vite] (client) [console.warn] skipping slow group: track=0.aac 28558087 -> 28558088
1:57:48 PM [vite] (client) [console.warn] skipping slow group: track=0.aac 28558094 -> 28558095
1:57:48 PM [vite] (client) [console.warn] skipping slow group: track=0.aac 28558101 -> 28558102
1:57:48 PM [vite] (client) [console.warn] skipping slow group: track=0.aac 28558107 -> 28558109
1:57:48 PM [vite] (client) [console.warn] skipping slow group: track=0.aac 28558108 -> 28558109
1:57:48 PM [vite] (client) [console.warn] skipping slow group: track=0.aac 28558115 -> 28558116
1:57:49 PM [vite] (client) [console.warn] skipping slow group: track=0.aac 28558136 -> 28558137
1:57:49 PM [vite] (client) [console.warn] skipping slow group: track=0.aac 28558156 -> 28558157
1:57:50 PM [vite] (client) [console.warn] skipping slow group: track=0.aac 28558170 -> 28558171
1:57:50 PM [vite] (client) [console.warn] skipping slow group: track=0.aac 28558177 -> 28558178
1:57:53 PM [vite] (client) [console.warn] [audio] SharedArrayBuffer unavailable, falling back to the higher latency postMessage audio buffer. Serve the page cross-origin isolated (Cross-Origin-Opener-Policy: same-origin, Cross-Origin-Embedder-Policy: require-corp) to avoid this.
1:57:54 PM [vite] (client) [console.warn] skipping slow group: track=0.aac 28558337 -> 28558338
1:58:40 PM [vite] (client) [console.warn] skipping slow group: track=0.aac 28560342 -> 28560343
1:58:40 PM [vite] (client) [console.warn] skipping slow group: track=0.aac 28560343 -> 28560344
1:58:40 PM [vite] (client) [console.warn] skipping slow group: track=0.aac 28560344 -> 28560345
1:58:40 PM [vite] (client) [console.warn] skipping slow group: track=0.aac 28560345 -> 28560346
1:58:41 PM [vite] (client) [console.warn] skipping slow group: track=0.aac 28560359 -> 28560360
1:58:41 PM [vite] (client) [console.warn] skipping slow group: track=0.aac 28560360 -> 28560361
1:58:41 PM [vite] (client) [console.warn] skipping slow group: track=0.aac 28560361 -> 28560362
1:58:57 PM [vite] (client) [console.warn] [audio] SharedArrayBuffer unavailable, falling back to the higher latency postMessage audio buffer. Serve the page cross-origin isolated (Cross-Origin-Opener-Policy: same-origin, Cross-Origin-Embedder-Policy: require-corp) to avoid this.
1:58:58 PM [vite] (client) [console.warn] skipping slow group: track=0.aac 28561087 -> 28561088
2:07:26 PM [vite] (client) [console.warn] [audio] SharedArrayBuffer unavailable, falling back to the higher latency postMessage audio buffer. Serve the page cross-origin isolated (Cross-Origin-Opener-Policy: same-origin, Cross-Origin-Embedder-Policy: require-corp) to avoid this.
2:07:45 PM [vite] (client) [console.warn] skipping covered group: 10 -> 11
2:08:30 PM [vite] (client) [console.warn] [audio] SharedArrayBuffer unavailable, falling back to the higher latency postMessage audio buffer. Serve the page cross-origin isolated (Cross-Origin-Opener-Policy: same-origin, Cross-Origin-Embedder-Policy: require-corp) to avoid this.
2:09:34 PM [vite] (client) [console.warn] [audio] SharedArrayBuffer unavailable, falling back to the higher latency postMessage audio buffer. Serve the page cross-origin isolated (Cross-Origin-Opener-Policy: same-origin, Cross-Origin-Embedder-Policy: require-corp) to avoid this.
2:09:34 PM [vite] (client) [console.warn] skipping covered group: 56 -> 57
2:09:39 PM [vite] (client) [console.warn] skipping covered group: 58 -> 59
2:10:17 PM [vite] (client) [console.warn] skipping covered group: 76 -> 77
2:10:37 PM [vite] (client) [console.warn] [audio] SharedArrayBuffer unavailable, falling back to the higher latency postMessage audio buffer. Serve the page cross-origin isolated (Cross-Origin-Opener-Policy: same-origin, Cross-Origin-Embedder-Policy: require-corp) to avoid this.
2:12:10 PM [vite] (client) [console.warn] [audio] SharedArrayBuffer unavailable, falling back to the higher latency postMessage audio buffer. Serve the page cross-origin isolated (Cross-Origin-Opener-Policy: same-origin, Cross-Origin-Embedder-Policy: require-corp) to avoid this.
2:12:10 PM [vite] (client) [console.warn] skipping slow group: track=0.aac 298 -> 302
2:12:10 PM [vite] (client) [console.warn] skipping slow group: track=0.aac 306 -> 309
2:12:10 PM [vite] (client) [console.warn] skipping slow group: track=0.aac 313 -> 316
2:12:11 PM [vite] (client) [console.warn] skipping slow group: track=0.aac 319 -> 323
2:12:11 PM [vite] (client) [console.warn] skipping slow group: track=0.aac 330 -> 331
2:12:11 PM [vite] (client) [console.warn] skipping slow group: track=0.aac 331 -> 338
2:12:11 PM [vite] (client) [console.warn] skipping slow group: track=0.aac 333 -> 337
2:12:11 PM [vite] (client) [console.warn] skipping slow group: track=0.aac 340 -> 344
2:12:11 PM [vite] (client) [console.warn] skipping slow group: track=0.aac 347 -> 351
2:12:11 PM [vite] (client) [console.warn] skipping slow group: track=0.aac 358 -> 359
2:12:11 PM [vite] (client) [console.warn] skipping slow group: track=0.aac 359 -> 366
2:12:11 PM [vite] (client) [console.warn] skipping slow group: track=0.aac 363 -> 365
2:12:12 PM [vite] (client) [console.warn] skipping slow group: track=0.aac 368 -> 372
2:12:12 PM [vite] (client) [console.warn] skipping slow group: track=0.aac 379 -> 380
2:12:12 PM [vite] (client) [console.warn] skipping slow group: track=0.aac 380 -> 387
2:12:12 PM [vite] (client) [console.warn] skipping slow group: track=0.aac 381 -> 386
2:12:12 PM [vite] (client) [console.warn] skipping slow group: track=0.aac 393 -> 394
2:12:12 PM [vite] (client) [console.warn] skipping slow group: track=0.aac 394 -> 401
2:12:12 PM [vite] (client) [console.warn] skipping slow group: track=0.aac 395 -> 400
2:12:12 PM [vite] (client) [console.warn] skipping slow group: track=0.aac 404 -> 407
2:12:13 PM [vite] (client) [console.warn] skipping slow group: track=0.aac 412 -> 414
2:12:13 PM [vite] (client) [console.warn] skipping slow group: track=0.aac 421 -> 422
2:12:13 PM [vite] (client) [console.warn] skipping slow group: track=0.aac 422 -> 429
2:12:13 PM [vite] (client) [console.warn] skipping slow group: track=0.aac 424 -> 428
2:12:13 PM [vite] (client) [console.warn] skipping slow group: track=0.aac 430 -> 435
2:12:13 PM [vite] (client) [console.warn] skipping slow group: track=0.aac 440 -> 443
2:12:13 PM [vite] (client) [console.warn] skipping slow group: track=0.aac 447 -> 450
2:12:14 PM [vite] (client) [console.warn] skipping slow group: track=0.aac 452 -> 456
2:12:14 PM [vite] (client) [console.warn] skipping slow group: track=0.aac 459 -> 463
2:12:14 PM [vite] (client) [console.warn] skipping slow group: track=0.aac 470 -> 471
2:12:14 PM [vite] (client) [console.warn] skipping slow group: track=0.aac 471 -> 478
2:12:14 PM [vite] (client) [console.warn] skipping slow group: track=0.aac 472 -> 478
2:12:14 PM [vite] (client) [console.warn] skipping slow group: track=0.aac 480 -> 484
2:12:14 PM [vite] (client) [console.warn] skipping slow group: track=0.aac 487 -> 492
2:12:15 PM [vite] (client) [console.warn] skipping slow group: track=0.aac 495 -> 499
2:12:15 PM [vite] (client) [console.warn] skipping slow group: track=0.aac 506 -> 507
2:12:15 PM [vite] (client) [console.warn] skipping slow group: track=0.aac 507 -> 514
2:12:15 PM [vite] (client) [console.warn] skipping slow group: track=0.aac 509 -> 513
2:12:15 PM [vite] (client) [console.warn] skipping slow group: track=0.aac 515 -> 520
2:12:15 PM [vite] (client) [console.warn] skipping slow group: track=0.aac 523 -> 527
2:12:15 PM [vite] (client) [console.warn] skipping slow group: track=0.aac 530 -> 534
2:12:16 PM [vite] (client) [console.warn] skipping slow group: track=0.aac 537 -> 541
2:12:16 PM [vite] (client) [console.warn] skipping slow group: track=0.aac 544 -> 548
2:12:16 PM [vite] (client) [console.warn] skipping slow group: track=0.aac 552 -> 555
2:12:16 PM [vite] (client) [console.warn] skipping slow group: track=0.aac 558 -> 562
2:12:16 PM [vite] (client) [console.warn] skipping slow group: track=0.aac 568 -> 569
2:12:17 PM [vite] (client) [console.warn] skipping slow group: track=0.aac 576 -> 577
2:12:17 PM [vite] (client) [console.warn] skipping slow group: track=0.aac 577 -> 584
2:12:17 PM [vite] (client) [console.warn] skipping slow group: track=0.aac 580 -> 583
2:12:17 PM [vite] (client) [console.warn] skipping slow group: track=0.aac 586 -> 590
2:12:17 PM [vite] (client) [console.warn] skipping slow group: track=0.aac 593 -> 597
2:12:17 PM [vite] (client) [console.warn] skipping slow group: track=0.aac 601 -> 604
2:12:17 PM [vite] (client) [console.warn] skipping slow group: track=0.aac 611 -> 612
2:12:17 PM [vite] (client) [console.warn] skipping slow group: track=0.aac 612 -> 618
2:12:17 PM [vite] (client) [console.warn] skipping slow group: track=0.aac 614 -> 618
2:12:18 PM [vite] (client) [console.warn] skipping slow group: track=0.aac 622 -> 625
2:12:18 PM [vite] (client) [console.warn] skipping slow group: track=0.aac 629 -> 632
2:12:18 PM [vite] (client) [console.warn] skipping slow group: track=0.aac 636 -> 639
2:12:18 PM [vite] (client) [console.warn] skipping slow group: track=0.aac 643 -> 646
2:12:18 PM [vite] (client) [console.warn] skipping slow group: track=0.aac 649 -> 653
2:12:19 PM [vite] (client) [console.warn] skipping slow group: track=0.aac 660 -> 661
2:12:19 PM [vite] (client) [console.warn] skipping slow group: track=0.aac 661 -> 668
2:12:19 PM [vite] (client) [console.warn] skipping slow group: track=0.aac 664 -> 667
2:12:19 PM [vite] (client) [console.warn] skipping slow group: track=0.aac 673 -> 674
2:12:19 PM [vite] (client) [console.warn] skipping slow group: track=0.aac 679 -> 681
2:12:19 PM [vite] (client) [console.warn] skipping slow group: track=0.aac 684 -> 688
2:12:19 PM [vite] (client) [console.warn] skipping slow group: track=0.aac 692 -> 695
2:12:19 PM [vite] (client) [console.warn] skipping slow group: track=0.aac 698 -> 702
2:12:19 PM [vite] (client) [console.warn] skipping slow group: track=0.aac 705 -> 709
2:12:20 PM [vite] (client) [console.warn] skipping slow group: track=0.aac 716 -> 717
2:12:20 PM [vite] (client) [console.warn] skipping slow group: track=0.aac 717 -> 724
2:12:20 PM [vite] (client) [console.warn] skipping slow group: track=0.aac 718 -> 723
2:12:20 PM [vite] (client) [console.warn] skipping slow group: track=0.aac 726 -> 730
2:12:20 PM [vite] (client) [console.warn] skipping slow group: track=0.aac 737 -> 738
2:12:20 PM [vite] (client) [console.warn] skipping slow group: track=0.aac 738 -> 745
2:12:20 PM [vite] (client) [console.warn] skipping slow group: track=0.aac 739 -> 744
2:12:21 PM [vite] (client) [console.warn] skipping slow group: track=0.aac 751 -> 752
2:12:21 PM [vite] (client) [console.warn] skipping slow group: track=0.aac 752 -> 759
2:12:21 PM [vite] (client) [console.warn] skipping slow group: track=0.aac 753 -> 758
2:12:21 PM [vite] (client) [console.warn] skipping slow group: track=0.aac 761 -> 765
2:12:21 PM [vite] (client) [console.warn] skipping slow group: track=0.aac 768 -> 772
2:12:21 PM [vite] (client) [console.warn] skipping slow group: track=0.aac 777 -> 779
2:12:21 PM [vite] (client) [console.warn] skipping slow group: track=0.aac 782 -> 787
2:12:21 PM [vite] (client) [console.warn] skipping slow group: track=0.aac 789 -> 795
2:12:22 PM [vite] (client) [console.warn] skipping slow group: track=0.aac 798 -> 801
2:12:22 PM [vite] (client) [console.warn] skipping slow group: track=0.aac 808 -> 809
2:12:22 PM [vite] (client) [console.warn] skipping slow group: track=0.aac 809 -> 816
2:12:22 PM [vite] (client) [console.warn] skipping slow group: track=0.aac 810 -> 815
2:12:22 PM [vite] (client) [console.warn] skipping slow group: track=0.aac 818 -> 822
2:12:22 PM [vite] (client) [console.warn] skipping slow group: track=0.aac 825 -> 829
2:12:22 PM [vite] (client) [console.warn] skipping slow group: track=0.aac 831 -> 836
2:12:23 PM [vite] (client) [console.warn] skipping slow group: track=0.aac 839 -> 843
2:12:23 PM [vite] (client) [console.warn] skipping slow group: track=0.aac 846 -> 850
2:12:23 PM [vite] (client) [console.warn] skipping slow group: track=0.aac 854 -> 857
2:12:23 PM [vite] (client) [console.warn] skipping slow group: track=0.aac 860 -> 865
2:12:23 PM [vite] (client) [console.warn] skipping slow group: track=0.aac 872 -> 873
2:12:23 PM [vite] (client) [console.warn] skipping slow group: track=0.aac 873 -> 880
2:12:23 PM [vite] (client) [console.warn] skipping slow group: track=0.aac 876 -> 879
2:12:24 PM [vite] (client) [console.warn] skipping slow group: track=0.aac 882 -> 886
2:12:24 PM [vite] (client) [console.warn] skipping slow group: track=0.aac 889 -> 893
2:12:24 PM [vite] (client) [console.warn] skipping slow group: track=0.aac 898 -> 900
2:12:24 PM [vite] (client) [console.warn] skipping slow group: track=0.aac 903 -> 908
2:12:24 PM [vite] (client) [console.warn] skipping slow group: track=0.aac 915 -> 916
2:12:24 PM [vite] (client) [console.warn] skipping slow group: track=0.aac 916 -> 923
2:12:24 PM [vite] (client) [console.warn] skipping slow group: track=0.aac 917 -> 922
2:12:25 PM [vite] (client) [console.warn] skipping slow group: track=0.aac 925 -> 929
2:12:25 PM [vite] (client) [console.warn] skipping slow group: track=0.aac 932 -> 936
2:12:25 PM [vite] (client) [console.warn] skipping slow group: track=0.aac 943 -> 944
2:12:25 PM [vite] (client) [console.warn] skipping slow group: track=0.aac 944 -> 951
2:12:25 PM [vite] (client) [console.warn] skipping slow group: track=0.aac 948 -> 950
2:12:25 PM [vite] (client) [console.warn] skipping slow group: track=0.aac 952 -> 957
2:12:25 PM [vite] (client) [console.warn] skipping slow group: track=0.aac 962 -> 964
2:12:26 PM [vite] (client) [console.warn] skipping slow group: track=0.aac 967 -> 971
2:12:26 PM [vite] (client) [console.warn] skipping slow group: track=0.aac 978 -> 979
2:12:26 PM [vite] (client) [console.warn] skipping slow group: track=0.aac 979 -> 986
2:12:26 PM [vite] (client) [console.warn] skipping slow group: track=0.aac 981 -> 985
2:12:26 PM [vite] (client) [console.warn] skipping slow group: track=0.aac 987 -> 992
2:12:26 PM [vite] (client) [console.warn] skipping slow group: track=0.aac 999 -> 1000
2:12:26 PM [vite] (client) [console.warn] skipping slow group: track=0.aac 1000 -> 1007
2:12:26 PM [vite] (client) [console.warn] skipping slow group: track=0.aac 1003 -> 1006
2:12:27 PM [vite] (client) [console.warn] skipping slow group: track=0.aac 1016 -> 1020
2:12:27 PM [vite] (client) [console.warn] skipping slow group: track=0.aac 1023 -> 1027
2:12:27 PM [vite] (client) [console.warn] skipping slow group: track=0.aac 1030 -> 1034
2:12:27 PM [vite] (client) [console.warn] skipping slow group: track=0.aac 1038 -> 1041
2:12:27 PM [vite] (client) [console.warn] skipping slow group: track=0.aac 1045 -> 1048
2:12:28 PM [vite] (client) [console.warn] skipping slow group: track=0.aac 1051 -> 1055
2:12:28 PM [vite] (client) [console.warn] skipping slow group: track=0.aac 1058 -> 1062
2:12:28 PM [vite] (client) [console.warn] skipping slow group: track=0.aac 1068 -> 1069
2:12:28 PM [vite] (client) [console.warn] skipping slow group: track=0.aac 1072 -> 1076
2:12:28 PM [vite] (client) [console.warn] skipping slow group: track=0.aac 1079 -> 1083
2:12:28 PM [vite] (client) [console.warn] skipping slow group: track=0.aac 1090 -> 1091
2:12:28 PM [vite] (client) [console.warn] skipping slow group: track=0.aac 1091 -> 1098
2:12:29 PM [vite] (client) [console.warn] skipping slow group: track=0.aac 1100 -> 1104
2:12:29 PM [vite] (client) [console.warn] skipping slow group: track=0.aac 1108 -> 1111
2:12:29 PM [vite] (client) [console.warn] skipping slow group: track=0.aac 1116 -> 1118
2:12:29 PM [vite] (client) [console.warn] skipping slow group: track=0.aac 1124 -> 1125
2:12:29 PM [vite] (client) [console.warn] skipping slow group: track=0.aac 1128 -> 1132
2:12:29 PM [vite] (client) [console.warn] skipping slow group: track=0.aac 1136 -> 1139
2:12:30 PM [vite] (client) [console.warn] skipping slow group: track=0.aac 1142 -> 1146
2:12:30 PM [vite] (client) [console.warn] skipping slow group: track=0.aac 1153 -> 1154
2:12:30 PM [vite] (client) [console.warn] skipping slow group: track=0.aac 1154 -> 1161
2:12:30 PM [vite] (client) [console.warn] skipping slow group: track=0.aac 1156 -> 1160
2:12:30 PM [vite] (client) [console.warn] skipping slow group: track=0.aac 1162 -> 1167
2:12:30 PM [vite] (client) [console.warn] skipping slow group: track=0.aac 1172 -> 1174
2:12:30 PM [vite] (client) [console.warn] skipping slow group: track=0.aac 1179 -> 1181
2:12:31 PM [vite] (client) [console.warn] skipping slow group: track=0.aac 1185 -> 1188
2:12:31 PM [vite] (client) [console.warn] skipping slow group: track=0.aac 1192 -> 1195
2:12:31 PM [vite] (client) [console.warn] skipping slow group: track=0.aac 1202 -> 1203
2:12:31 PM [vite] (client) [console.warn] skipping slow group: track=0.aac 1203 -> 1210
2:12:31 PM [vite] (client) [console.warn] skipping slow group: track=0.aac 1205 -> 1209
2:12:31 PM [vite] (client) [console.warn] skipping slow group: track=0.aac 1211 -> 1216
2:12:32 PM [vite] (client) [console.warn] skipping slow group: track=0.aac 1223 -> 1224
2:12:32 PM [vite] (client) [console.warn] skipping slow group: track=0.aac 1224 -> 1230
2:12:32 PM [vite] (client) [console.warn] skipping slow group: track=0.aac 1226 -> 1230
2:12:32 PM [vite] (client) [console.warn] skipping slow group: track=0.aac 1234 -> 1237
2:12:32 PM [vite] (client) [console.warn] skipping slow group: track=0.aac 1240 -> 1244
2:12:32 PM [vite] (client) [console.warn] skipping slow group: track=0.aac 1247 -> 1251
2:12:32 PM [vite] (client) [console.warn] skipping slow group: track=0.aac 1255 -> 1258
2:12:32 PM [vite] (client) [console.warn] skipping slow group: track=0.aac 1262 -> 1265
2:12:33 PM [vite] (client) [console.warn] skipping slow group: track=0.aac 1268 -> 1272
2:12:33 PM [vite] (client) [console.warn] skipping slow group: track=0.aac 1279 -> 1280
2:12:33 PM [vite] (client) [console.warn] skipping slow group: track=0.aac 1280 -> 1287
2:12:33 PM [vite] (client) [console.warn] skipping slow group: track=0.aac 1282 -> 1286
2:12:33 PM [vite] (client) [console.warn] skipping slow group: track=0.aac 1289 -> 1293
2:12:33 PM [vite] (client) [console.warn] skipping slow group: track=0.aac 1298 -> 1300
2:12:33 PM [vite] (client) [console.warn] skipping slow group: track=0.aac 1303 -> 1307
2:12:34 PM [vite] (client) [console.warn] skipping slow group: track=0.aac 1310 -> 1314
2:12:34 PM [vite] (client) [console.warn] skipping slow group: track=0.aac 1320 -> 1321
2:12:34 PM [vite] (client) [console.warn] skipping slow group: track=0.aac 1324 -> 1328
2:12:34 PM [vite] (client) [console.warn] skipping slow group: track=0.aac 1333 -> 1335
2:12:34 PM [vite] (client) [console.warn] skipping slow group: track=0.aac 1340 -> 1342
2:12:34 PM [vite] (client) [console.warn] skipping slow group: track=0.aac 1347 -> 1349
2:12:35 PM [vite] (client) [console.warn] skipping slow group: track=0.aac 1353 -> 1356
2:12:35 PM [vite] (client) [console.warn] skipping slow group: track=0.aac 1359 -> 1363
2:12:35 PM [vite] (client) [console.warn] skipping slow group: track=0.aac 1367 -> 1370
2:12:35 PM [vite] (client) [console.warn] skipping slow group: track=0.aac 1373 -> 1377
2:12:35 PM [vite] (client) [console.warn] skipping slow group: track=0.aac 1383 -> 1384
2:12:35 PM [vite] (client) [console.warn] skipping slow group: track=0.aac 1391 -> 1392
2:12:35 PM [vite] (client) [console.warn] skipping slow group: track=0.aac 1392 -> 1399
2:12:35 PM [vite] (client) [console.warn] skipping slow group: track=0.aac 1395 -> 1398
2:12:36 PM [vite] (client) [console.warn] skipping slow group: track=0.aac 1403 -> 1405
2:12:36 PM [vite] (client) [console.warn] skipping slow group: track=0.aac 1412 -> 1413
2:12:36 PM [vite] (client) [console.warn] skipping slow group: track=0.aac 1413 -> 1420
2:12:36 PM [vite] (client) [console.warn] skipping slow group: track=0.aac 1415 -> 1419
2:12:36 PM [vite] (client) [console.warn] skipping slow group: track=0.aac 1423 -> 1426
2:12:36 PM [vite] (client) [console.warn] skipping slow group: track=0.aac 1429 -> 1433
2:12:36 PM [vite] (client) [console.warn] skipping slow group: track=0.aac 1436 -> 1440
2:12:37 PM [vite] (client) [console.warn] skipping slow group: track=0.aac 1443 -> 1447
2:12:37 PM [vite] (client) [console.warn] skipping slow group: track=0.aac 1450 -> 1454
2:12:37 PM [vite] (client) [console.warn] skipping slow group: track=0.aac 1458 -> 1461
2:12:37 PM [vite] (client) [console.warn] skipping slow group: track=0.aac 1464 -> 1468
2:12:37 PM [vite] (client) [console.warn] skipping slow group: track=0.aac 1471 -> 1475
2:12:37 PM [vite] (client) [console.warn] skipping slow group: track=0.aac 1478 -> 1482
2:12:38 PM [vite] (client) [console.warn] skipping slow group: track=0.aac 1489 -> 1490
2:12:38 PM [vite] (client) [console.warn] skipping slow group: track=0.aac 1490 -> 1497
2:12:38 PM [vite] (client) [console.warn] skipping slow group: track=0.aac 1493 -> 1496
2:12:38 PM [vite] (client) [console.warn] skipping slow group: track=0.aac 1500 -> 1503
2:12:38 PM [vite] (client) [console.warn] skipping slow group: track=0.aac 1509 -> 1510
2:12:38 PM [vite] (client) [console.warn] skipping slow group: track=0.aac 1517 -> 1518
2:12:38 PM [vite] (client) [console.warn] skipping slow group: track=0.aac 1518 -> 1525
2:12:38 PM [vite] (client) [console.warn] skipping slow group: track=0.aac 1520 -> 1524
2:12:39 PM [vite] (client) [console.warn] skipping slow group: track=0.aac 1530 -> 1531
2:12:39 PM [vite] (client) [console.warn] skipping slow group: track=0.aac 1534 -> 1538
2:12:39 PM [vite] (client) [console.warn] skipping slow group: track=0.aac 1542 -> 1545
2:12:39 PM [vite] (client) [console.warn] skipping slow group: track=0.aac 1550 -> 1552
2:12:39 PM [vite] (client) [console.warn] skipping slow group: track=0.aac 1555 -> 1559
2:12:39 PM [vite] (client) [console.warn] skipping slow group: track=0.aac 1562 -> 1566
2:12:40 PM [vite] (client) [console.warn] skipping slow group: track=0.aac 1573 -> 1574
2:12:40 PM [vite] (client) [console.warn] skipping slow group: track=0.aac 1574 -> 1581
2:12:40 PM [vite] (client) [console.warn] skipping slow group: track=0.aac 1576 -> 1580
2:12:40 PM [vite] (client) [console.warn] skipping slow group: track=0.aac 1584 -> 1587
2:12:40 PM [vite] (client) [console.warn] skipping slow group: track=0.aac 1594 -> 1595
2:12:40 PM [vite] (client) [console.warn] skipping slow group: track=0.aac 1595 -> 1602
2:12:40 PM [vite] (client) [console.warn] skipping slow group: track=0.aac 1597 -> 1601
2:12:40 PM [vite] (client) [console.warn] skipping slow group: track=0.aac 1604 -> 1608
2:12:41 PM [vite] (client) [console.warn] skipping slow group: track=0.aac 1612 -> 1615
2:12:41 PM [vite] (client) [console.warn] skipping slow group: track=0.aac 1618 -> 1622
2:12:41 PM [vite] (client) [console.warn] skipping slow group: track=0.aac 1624 -> 1629
2:12:41 PM [vite] (client) [console.warn] skipping slow group: track=0.aac 1635 -> 1636
2:12:41 PM [vite] (client) [console.warn] skipping slow group: track=0.aac 1643 -> 1644
2:12:41 PM [vite] (client) [console.warn] skipping slow group: track=0.aac 1644 -> 1651
2:12:41 PM [vite] (client) [console.warn] skipping slow group: track=0.aac 1646 -> 1650
2:12:42 PM [vite] (client) [console.warn] skipping slow group: track=0.aac 1657 -> 1658
2:12:42 PM [vite] (client) [console.warn] skipping slow group: track=0.aac 1658 -> 1665
2:12:42 PM [vite] (client) [console.warn] skipping slow group: track=0.aac 1660 -> 1664
2:12:42 PM [vite] (client) [console.warn] skipping slow group: track=0.aac 1668 -> 1671
2:12:42 PM [vite] (client) [console.warn] skipping slow group: track=0.aac 1678 -> 1679
2:12:42 PM [vite] (client) [console.warn] skipping slow group: track=0.aac 1679 -> 1686
2:12:42 PM [vite] (client) [console.warn] skipping slow group: track=0.aac 1682 -> 1685
2:12:42 PM [vite] (client) [console.warn] skipping slow group: track=0.aac 1692 -> 1693
2:12:42 PM [vite] (client) [console.warn] skipping slow group: track=0.aac 1693 -> 1700
2:12:43 PM [vite] (client) [console.warn] skipping slow group: track=0.aac 1704 -> 1706
2:12:43 PM [vite] (client) [console.warn] skipping slow group: track=0.aac 1711 -> 1713
2:12:43 PM [vite] (client) [console.warn] skipping slow group: track=0.aac 1720 -> 1721
2:12:43 PM [vite] (client) [console.warn] skipping slow group: track=0.aac 1721 -> 1723
2:12:43 PM [vite] (client) [console.warn] skipping slow group: track=0.aac 1723 -> 1728
2:12:43 PM [vite] (client) [console.warn] skipping slow group: track=0.aac 1731 -> 1734
2:12:43 PM [vite] (client) [console.warn] skipping slow group: track=0.aac 1737 -> 1741
2:12:44 PM [vite] (client) [console.warn] skipping slow group: track=0.aac 1748 -> 1749
2:12:44 PM [vite] (client) [console.warn] skipping slow group: track=0.aac 1749 -> 1756
2:12:44 PM [vite] (client) [console.warn] skipping slow group: track=0.aac 1750 -> 1755
2:12:44 PM [vite] (client) [console.warn] skipping slow group: track=0.aac 1758 -> 1762
2:12:44 PM [vite] (client) [console.warn] skipping slow group: track=0.aac 1766 -> 1769
2:12:44 PM [vite] (client) [console.warn] skipping slow group: track=0.aac 1773 -> 1776
2:12:44 PM [vite] (client) [console.warn] skipping slow group: track=0.aac 1779 -> 1783
2:12:45 PM [vite] (client) [console.warn] skipping slow group: track=0.aac 1786 -> 1790
2:12:45 PM [vite] (client) [console.warn] skipping slow group: track=0.aac 1797 -> 1798
2:12:45 PM [vite] (client) [console.warn] skipping slow group: track=0.aac 1798 -> 1805
2:12:45 PM [vite] (client) [console.warn] skipping slow group: track=0.aac 1799 -> 1804
2:12:45 PM [vite] (client) [console.warn] skipping slow group: track=0.aac 1808 -> 1811
2:12:45 PM [vite] (client) [console.warn] skipping slow group: track=0.aac 1814 -> 1818
2:12:45 PM [vite] (client) [console.warn] skipping slow group: track=0.aac 1822 -> 1825
2:12:46 PM [vite] (client) [console.warn] skipping slow group: track=0.aac 1830 -> 1832
2:12:46 PM [vite] (client) [console.warn] skipping slow group: track=0.aac 1835 -> 1839
2:12:46 PM [vite] (client) [console.warn] skipping slow group: track=0.aac 1846 -> 1847
2:12:46 PM [vite] (client) [console.warn] skipping slow group: track=0.aac 1847 -> 1854
2:12:46 PM [vite] (client) [console.warn] skipping slow group: track=0.aac 1851 -> 1854
2:12:46 PM [vite] (client) [console.warn] skipping slow group: track=0.aac 1857 -> 1860
2:12:46 PM [vite] (client) [console.warn] skipping slow group: track=0.aac 1864 -> 1867
2:12:47 PM [vite] (client) [console.warn] skipping slow group: track=0.aac 1870 -> 1874
2:12:47 PM [vite] (client) [console.warn] skipping slow group: track=0.aac 1878 -> 1881
2:12:47 PM [vite] (client) [console.warn] skipping slow group: track=0.aac 1886 -> 1888
2:12:47 PM [vite] (client) [console.warn] skipping slow group: track=0.aac 1892 -> 1895
2:12:47 PM [vite] (client) [console.warn] skipping slow group: track=0.aac 1901 -> 1902
2:12:47 PM [vite] (client) [console.warn] skipping slow group: track=0.aac 1907 -> 1909
2:12:48 PM [vite] (client) [console.warn] skipping slow group: track=0.aac 1912 -> 1917
2:12:48 PM [vite] (client) [console.warn] skipping slow group: track=0.aac 1923 -> 1924
2:12:48 PM [vite] (client) [console.warn] skipping slow group: track=0.aac 1927 -> 1931
2:12:48 PM [vite] (client) [console.warn] skipping slow group: track=0.aac 1935 -> 1939
2:12:48 PM [vite] (client) [console.warn] skipping slow group: track=0.aac 1942 -> 1946
2:12:48 PM [vite] (client) [console.warn] skipping slow group: track=0.aac 1949 -> 1953
2:12:49 PM [vite] (client) [console.warn] skipping slow group: track=0.aac 1956 -> 1960
2:12:49 PM [vite] (client) [console.warn] skipping slow group: track=0.aac 1964 -> 1967
2:12:49 PM [vite] (client) [console.warn] skipping slow group: track=0.aac 1974 -> 1975
2:12:49 PM [vite] (client) [console.warn] skipping slow group: track=0.aac 1975 -> 1982
2:12:49 PM [vite] (client) [console.warn] skipping slow group: track=0.aac 1980 -> 1981
2:12:49 PM [vite] (client) [console.warn] skipping slow group: track=0.aac 1984 -> 1988
2:12:49 PM [vite] (client) [console.warn] skipping slow group: track=0.aac 1991 -> 1995
2:12:50 PM [vite] (client) [console.warn] skipping slow group: track=0.aac 1998 -> 2002
2:12:50 PM [vite] (client) [console.warn] skipping slow group: track=0.aac 2009 -> 2010
2:12:50 PM [vite] (client) [console.warn] skipping slow group: track=0.aac 2010 -> 2017
2:12:50 PM [vite] (client) [console.warn] skipping slow group: track=0.aac 2013 -> 2016
2:12:50 PM [vite] (client) [console.warn] skipping slow group: track=0.aac 2020 -> 2023
2:12:50 PM [vite] (client) [console.warn] skipping slow group: track=0.aac 2027 -> 2030
2:12:50 PM [vite] (client) [console.warn] skipping slow group: track=0.aac 2037 -> 2038
2:12:50 PM [vite] (client) [console.warn] skipping slow group: track=0.aac 2038 -> 2045
2:12:50 PM [vite] (client) [console.warn] skipping slow group: track=0.aac 2039 -> 2044
2:12:51 PM [vite] (client) [console.warn] skipping slow group: track=0.aac 2049 -> 2051
2:12:51 PM [vite] (client) [console.warn] skipping slow group: track=0.aac 2054 -> 2058
2:12:51 PM [vite] (client) [console.warn] skipping slow group: track=0.aac 2061 -> 2065
2:12:51 PM [vite] (client) [console.warn] skipping slow group: track=0.aac 2068 -> 2072
2:12:51 PM [vite] (client) [console.warn] skipping slow group: track=0.aac 2076 -> 2080
2:12:51 PM [vite] (client) [console.warn] skipping slow group: track=0.aac 2082 -> 2086
2:12:52 PM [vite] (client) [console.warn] skipping slow group: track=0.aac 2090 -> 2093
2:12:52 PM [vite] (client) [console.warn] skipping slow group: track=0.aac 2096 -> 2100
2:12:52 PM [vite] (client) [console.warn] skipping slow group: track=0.aac 2103 -> 2107
2:12:52 PM [vite] (client) [console.warn] skipping slow group: track=0.aac 2112 -> 2114
2:12:52 PM [vite] (client) [console.warn] skipping slow group: track=0.aac 2118 -> 2121
2:12:53 PM [vite] (client) [console.warn] skipping slow group: track=0.aac 2128 -> 2129
2:12:53 PM [vite] (client) [console.warn] skipping slow group: track=0.aac 2129 -> 2136
2:12:53 PM [vite] (client) [console.warn] skipping slow group: track=0.aac 2130 -> 2135
2:12:53 PM [vite] (client) [console.warn] skipping slow group: track=0.aac 2137 -> 2142
2:12:53 PM [vite] (client) [console.warn] skipping slow group: track=0.aac 2145 -> 2149
2:12:53 PM [vite] (client) [console.warn] skipping slow group: track=0.aac 2152 -> 2156
2:12:53 PM [vite] (client) [console.warn] skipping slow group: track=0.aac 2162 -> 2164
2:12:54 PM [vite] (client) [console.warn] skipping slow group: track=0.aac 2171 -> 2172
2:12:54 PM [vite] (client) [console.warn] skipping slow group: track=0.aac 2172 -> 2179
2:12:54 PM [vite] (client) [console.warn] skipping slow group: track=0.aac 2174 -> 2178
2:12:54 PM [vite] (client) [console.warn] skipping slow group: track=0.aac 2180 -> 2185
2:12:54 PM [vite] (client) [console.warn] skipping slow group: track=0.aac 2192 -> 2193
2:12:54 PM [vite] (client) [console.warn] skipping slow group: track=0.aac 2193 -> 2200
2:12:54 PM [vite] (client) [console.warn] skipping slow group: track=0.aac 2195 -> 2199
2:12:54 PM [vite] (client) [console.warn] skipping slow group: track=0.aac 2205 -> 2206
2:12:54 PM [vite] (client) [console.warn] skipping slow group: track=0.aac 2210 -> 2213
2:12:55 PM [vite] (client) [console.warn] skipping slow group: track=0.aac 2220 -> 2221
2:12:55 PM [vite] (client) [console.warn] skipping slow group: track=0.aac 2221 -> 2228
2:12:55 PM [vite] (client) [console.warn] skipping slow group: track=0.aac 2224 -> 2227
2:12:55 PM [vite] (client) [console.warn] skipping slow group: track=0.aac 2229 -> 2234
2:12:55 PM [vite] (client) [console.warn] skipping slow group: track=0.aac 2241 -> 2242
2:12:55 PM [vite] (client) [console.warn] skipping slow group: track=0.aac 2242 -> 2249
2:12:55 PM [vite] (client) [console.warn] skipping slow group: track=0.aac 2245 -> 2248
2:12:55 PM [vite] (client) [console.warn] skipping slow group: track=0.aac 2253 -> 2255
2:12:56 PM [vite] (client) [console.warn] skipping slow group: track=0.aac 2258 -> 2261
2:12:56 PM [vite] (client) [console.warn] skipping slow group: track=0.aac 2264 -> 2266
2:12:56 PM [vite] (client) [console.warn] skipping slow group: track=0.aac 2270 -> 2273
2:12:56 PM [vite] (client) [console.warn] skipping slow group: track=0.aac 2276 -> 2280
2:12:56 PM [vite] (client) [console.warn] skipping slow group: track=0.aac 2292 -> 2295
2:12:56 PM [vite] (client) [console.warn] skipping slow group: track=0.aac 2298 -> 2302
2:12:57 PM [vite] (client) [console.warn] skipping slow group: track=0.aac 2306 -> 2309
2:12:57 PM [vite] (client) [console.warn] skipping slow group: track=0.aac 2316 -> 2317
2:12:57 PM [vite] (client) [console.warn] skipping slow group: track=0.aac 2317 -> 2324
2:12:57 PM [vite] (client) [console.warn] skipping slow group: track=0.aac 2318 -> 2323
2:12:57 PM [vite] (client) [console.warn] skipping slow group: track=0.aac 2326 -> 2330
2:12:57 PM [vite] (client) [console.warn] skipping slow group: track=0.aac 2333 -> 2337
2:12:57 PM [vite] (client) [console.warn] skipping slow group: track=0.aac 2341 -> 2344
2:12:58 PM [vite] (client) [console.warn] skipping slow group: track=0.aac 2347 -> 2351
2:12:58 PM [vite] (client) [console.warn] skipping slow group: track=0.aac 2355 -> 2358
2:12:58 PM [vite] (client) [console.warn] skipping slow group: track=0.aac 2361 -> 2365
2:12:58 PM [vite] (client) [console.warn] skipping slow group: track=0.aac 2372 -> 2373
2:12:58 PM [vite] (client) [console.warn] skipping slow group: track=0.aac 2373 -> 2381
2:12:58 PM [vite] (client) [console.warn] skipping slow group: track=0.aac 2376 -> 2380
2:12:58 PM [vite] (client) [console.warn] skipping slow group: track=0.aac 2382 -> 2387
2:12:59 PM [vite] (client) [console.warn] skipping slow group: track=0.aac 2390 -> 2394
2:12:59 PM [vite] (client) [console.warn] skipping slow group: track=0.aac 2397 -> 2401
2:12:59 PM [vite] (client) [console.warn] skipping slow group: track=0.aac 2404 -> 2408
2:12:59 PM [vite] (client) [console.warn] skipping slow group: track=0.aac 2415 -> 2416
2:12:59 PM [vite] (client) [console.warn] skipping slow group: track=0.aac 2416 -> 2423
2:12:59 PM [vite] (client) [console.warn] skipping slow group: track=0.aac 2417 -> 2422
2:12:59 PM [vite] (client) [console.warn] skipping slow group: track=0.aac 2425 -> 2429
2:13:00 PM [vite] (client) [console.warn] skipping slow group: track=0.aac 2432 -> 2436
2:13:00 PM [vite] (client) [console.warn] skipping slow group: track=0.aac 2439 -> 2443
2:13:00 PM [vite] (client) [console.warn] skipping slow group: track=0.aac 2446 -> 2450
2:13:00 PM [vite] (client) [console.warn] skipping slow group: track=0.aac 2454 -> 2457
2:13:00 PM [vite] (client) [console.warn] skipping slow group: track=0.aac 2461 -> 2464
2:13:00 PM [vite] (client) [console.warn] skipping slow group: track=0.aac 2470 -> 2471
2:13:01 PM [vite] (client) [console.warn] skipping slow group: track=0.aac 2476 -> 2478
2:13:01 PM [vite] (client) [console.warn] skipping slow group: track=0.aac 2481 -> 2485
2:13:01 PM [vite] (client) [console.warn] skipping slow group: track=0.aac 2488 -> 2492
2:13:01 PM [vite] (client) [console.warn] skipping slow group: track=0.aac 2499 -> 2500
2:13:01 PM [vite] (client) [console.warn] skipping slow group: track=0.aac 2500 -> 2507
2:13:01 PM [vite] (client) [console.warn] skipping slow group: track=0.aac 2502 -> 2506
2:13:01 PM [vite] (client) [console.warn] skipping slow group: track=0.aac 2509 -> 2513
2:13:02 PM [vite] (client) [console.warn] skipping slow group: track=0.aac 2516 -> 2521
2:13:02 PM [vite] (client) [console.warn] skipping slow group: track=0.aac 2528 -> 2529
2:13:02 PM [vite] (client) [console.warn] skipping slow group: track=0.aac 2529 -> 2536
2:13:02 PM [vite] (client) [console.warn] skipping slow group: track=0.aac 2530 -> 2535
2:13:02 PM [vite] (client) [console.warn] skipping slow group: track=0.aac 2537 -> 2542
2:13:02 PM [vite] (client) [console.warn] skipping slow group: track=0.aac 2549 -> 2550
2:13:02 PM [vite] (client) [console.warn] skipping slow group: track=0.aac 2550 -> 2557
2:13:02 PM [vite] (client) [console.warn] skipping slow group: track=0.aac 2552 -> 2556
2:13:03 PM [vite] (client) [console.warn] skipping slow group: track=0.aac 2559 -> 2563
2:13:03 PM [vite] (client) [console.warn] skipping slow group: track=0.aac 2566 -> 2570
2:13:03 PM [vite] (client) [console.warn] skipping slow group: track=0.aac 2573 -> 2577
2:13:03 PM [vite] (client) [console.warn] skipping slow group: track=0.aac 2584 -> 2585
2:13:03 PM [vite] (client) [console.warn] skipping slow group: track=0.aac 2585 -> 2591
2:13:03 PM [vite] (client) [console.warn] skipping slow group: track=0.aac 2587 -> 2591
2:13:03 PM [vite] (client) [console.warn] skipping slow group: track=0.aac 2596 -> 2598
2:13:04 PM [vite] (client) [console.warn] skipping slow group: track=0.aac 2601 -> 2605
2:13:04 PM [vite] (client) [console.warn] skipping slow group: track=0.aac 2610 -> 2612
2:13:04 PM [vite] (client) [console.warn] skipping slow group: track=0.aac 2615 -> 2619
2:13:04 PM [vite] (client) [console.warn] skipping slow group: track=0.aac 2623 -> 2626
2:13:04 PM [vite] (client) [console.warn] skipping slow group: track=0.aac 2630 -> 2633
2:13:04 PM [vite] (client) [console.warn] skipping slow group: track=0.aac 2640 -> 2641
2:13:04 PM [vite] (client) [console.warn] skipping slow group: track=0.aac 2641 -> 2648
2:13:04 PM [vite] (client) [console.warn] skipping slow group: track=0.aac 2643 -> 2647
2:13:05 PM [vite] (client) [console.warn] skipping slow group: track=0.aac 2650 -> 2654
2:13:05 PM [vite] (client) [console.warn] skipping slow group: track=0.aac 2657 -> 2661
2:13:05 PM [vite] (client) [console.warn] skipping slow group: track=0.aac 2666 -> 2668
2:13:05 PM [vite] (client) [console.warn] skipping slow group: track=0.aac 2675 -> 2676
2:13:05 PM [vite] (client) [console.warn] skipping slow group: track=0.aac 2676 -> 2683
2:13:05 PM [vite] (client) [console.warn] skipping slow group: track=0.aac 2677 -> 2682
2:13:05 PM [vite] (client) [console.warn] skipping slow group: track=0.aac 2684 -> 2689
2:13:06 PM [vite] (client) [console.warn] skipping slow group: track=0.aac 2693 -> 2696
2:13:06 PM [vite] (client) [console.warn] skipping slow group: track=0.aac 2703 -> 2704
2:13:06 PM [vite] (client) [console.warn] skipping slow group: track=0.aac 2704 -> 2711
2:13:06 PM [vite] (client) [console.warn] skipping slow group: track=0.aac 2705 -> 2710
2:13:06 PM [vite] (client) [console.warn] skipping slow group: track=0.aac 2713 -> 2717
2:13:06 PM [vite] (client) [console.warn] skipping slow group: track=0.aac 2720 -> 2724
2:13:06 PM [vite] (client) [console.warn] skipping slow group: track=0.aac 2727 -> 2731
2:13:07 PM [vite] (client) [console.warn] skipping slow group: track=0.aac 2735 -> 2738
2:13:07 PM [vite] (client) [console.warn] skipping slow group: track=0.aac 2741 -> 2745
2:13:07 PM [vite] (client) [console.warn] skipping slow group: track=0.aac 2750 -> 2751
2:13:07 PM [vite] (client) [console.warn] skipping slow group: track=0.aac 2751 -> 2753
2:13:07 PM [vite] (client) [console.warn] skipping slow group: track=0.aac 2755 -> 2759
2:13:07 PM [vite] (client) [console.warn] skipping slow group: track=0.aac 2762 -> 2766
2:13:07 PM [vite] (client) [console.warn] skipping slow group: track=0.aac 2769 -> 2773
2:13:08 PM [vite] (client) [console.warn] skipping slow group: track=0.aac 2780 -> 2781
2:13:08 PM [vite] (client) [console.warn] skipping slow group: track=0.aac 2781 -> 2788
2:13:08 PM [vite] (client) [console.warn] skipping slow group: track=0.aac 2784 -> 2787
2:13:08 PM [vite] (client) [console.warn] skipping slow group: track=0.aac 2790 -> 2794
2:13:08 PM [vite] (client) [console.warn] skipping slow group: track=0.aac 2798 -> 2801
2:13:08 PM [vite] (client) [console.warn] skipping slow group: track=0.aac 2804 -> 2808
2:13:08 PM [vite] (client) [console.warn] skipping slow group: track=0.aac 2811 -> 2815
2:13:09 PM [vite] (client) [console.warn] skipping slow group: track=0.aac 2822 -> 2823
2:13:09 PM [vite] (client) [console.warn] skipping slow group: track=0.aac 2823 -> 2831
2:13:09 PM [vite] (client) [console.warn] skipping slow group: track=0.aac 2825 -> 2830
2:13:09 PM [vite] (client) [console.warn] skipping slow group: track=0.aac 2833 -> 2837
2:13:09 PM [vite] (client) [console.warn] skipping slow group: track=0.aac 2840 -> 2844
2:13:09 PM [vite] (client) [console.warn] skipping slow group: track=0.aac 2847 -> 2851
2:13:09 PM [vite] (client) [console.warn] skipping slow group: track=0.aac 2855 -> 2858
2:13:10 PM [vite] (client) [console.warn] skipping slow group: track=0.aac 2865 -> 2866
2:13:10 PM [vite] (client) [console.warn] skipping slow group: track=0.aac 2866 -> 2873
2:13:10 PM [vite] (client) [console.warn] skipping slow group: track=0.aac 2870 -> 2872
2:13:10 PM [vite] (client) [console.warn] skipping slow group: track=0.aac 2879 -> 2880
2:13:10 PM [vite] (client) [console.warn] skipping slow group: track=0.aac 2880 -> 2888
2:13:10 PM [vite] (client) [console.warn] skipping slow group: track=0.aac 2883 -> 2887
2:13:10 PM [vite] (client) [console.warn] skipping slow group: track=0.aac 2890 -> 2894
2:13:14 PM [vite] (client) [console.warn] [audio] SharedArrayBuffer unavailable, falling back to the higher latency postMessage audio buffer. Serve the page cross-origin isolated (Cross-Origin-Opener-Policy: same-origin, Cross-Origin-Embedder-Policy: require-corp) to avoid this.
2:13:14 PM [vite] (client) [console.warn] skipping slow group: track=0.aac 3036 -> 3037
2:13:14 PM [vite] (client) [console.warn] skipping slow group: track=0.aac 3037 -> 3038
2:13:14 PM [vite] (client) [console.warn] skipping slow group: track=0.aac 3038 -> 3039
2:13:14 PM [vite] (client) [console.warn] skipping slow group: track=0.aac 3039 -> 3040
2:14:38 PM [vite] (client) [console.warn] [audio] SharedArrayBuffer unavailable, falling back to the higher latency postMessage audio buffer. Serve the page cross-origin isolated (Cross-Origin-Opener-Policy: same-origin, Cross-Origin-Embedder-Policy: require-corp) to avoid this.
2:14:39 PM [vite] (client) [console.warn] skipping slow group: track=0.aac 28601623 -> 28601624
2:14:39 PM [vite] (client) [console.warn] skipping slow group: track=0.aac 28601624 -> 28601625
2:14:39 PM [vite] (client) [console.warn] skipping slow group: track=0.aac 28601636 -> 28601637
2:14:39 PM [vite] (client) [console.warn] skipping slow group: track=0.aac 28601637 -> 28601638
2:14:39 PM [vite] (client) [console.warn] skipping slow group: track=0.aac 28601644 -> 28601645
2:14:39 PM [vite] (client) [console.warn] skipping slow group: track=0.aac 28601650 -> 28601651
2:14:39 PM [vite] (client) [console.warn] skipping slow group: track=0.aac 28601651 -> 28601652
2:14:40 PM [vite] (client) [console.warn] skipping slow group: track=0.aac 28601657 -> 28601658
2:14:40 PM [vite] (client) [console.warn] skipping slow group: track=0.aac 28601658 -> 28601659
2:14:40 PM [vite] (client) [console.warn] skipping slow group: track=0.aac 28601665 -> 28601666
2:14:40 PM [vite] (client) [console.warn] skipping slow group: track=0.aac 28601672 -> 28601673
2:14:40 PM [vite] (client) [console.warn] skipping slow group: track=0.aac 28601678 -> 28601679
2:14:40 PM [vite] (client) [console.warn] skipping slow group: track=0.aac 28601679 -> 28601680
2:14:40 PM [vite] (client) [console.warn] skipping slow group: track=0.aac 28601684 -> 28601685
2:14:40 PM [vite] (client) [console.warn] skipping slow group: track=0.aac 28601686 -> 28601687
2:14:40 PM [vite] (client) [console.warn] skipping slow group: track=0.aac 28601693 -> 28601694
2:14:40 PM [vite] (client) [console.warn] skipping slow group: track=0.aac 28601699 -> 28601700
2:14:40 PM [vite] (client) [console.warn] skipping slow group: track=0.aac 28601700 -> 28601701
2:14:41 PM [vite] (client) [console.warn] skipping slow group: track=0.aac 28601706 -> 28601707
2:14:41 PM [vite] (client) [console.warn] skipping slow group: track=0.aac 28601707 -> 28601708
2:14:41 PM [vite] (client) [console.warn] skipping slow group: track=0.aac 28601713 -> 28601714
2:14:41 PM [vite] (client) [console.warn] skipping slow group: track=0.aac 28601714 -> 28601715
2:14:41 PM [vite] (client) [console.warn] skipping slow group: track=0.aac 28601719 -> 28601720
2:14:41 PM [vite] (client) [console.warn] skipping slow group: track=0.aac 28601721 -> 28601722
2:14:41 PM [vite] (client) [console.warn] skipping slow group: track=0.aac 28601727 -> 28601728
2:14:41 PM [vite] (client) [console.warn] skipping slow group: track=0.aac 28601728 -> 28601729
2:14:41 PM [vite] (client) [console.warn] skipping slow group: track=0.aac 28601741 -> 28601742
2:14:41 PM [vite] (client) [console.warn] skipping slow group: track=0.aac 28601742 -> 28601743
2:14:42 PM [vite] (client) [console.warn] skipping slow group: track=0.aac 28601748 -> 28601749
2:14:42 PM [vite] (client) [console.warn] skipping slow group: track=0.aac 28601749 -> 28601750
2:14:42 PM [vite] (client) [console.warn] skipping slow group: track=0.aac 28601763 -> 28601764
2:14:42 PM [vite] (client) [console.warn] skipping slow group: track=0.aac 28601769 -> 28601770
2:14:42 PM [vite] (client) [console.warn] skipping slow group: track=0.aac 28601770 -> 28601771
2:14:42 PM [vite] (client) [console.warn] skipping slow group: track=0.aac 28601777 -> 28601778
2:14:42 PM [vite] (client) [console.warn] skipping slow group: track=0.aac 28601783 -> 28601784
2:14:42 PM [vite] (client) [console.warn] skipping slow group: track=0.aac 28601784 -> 28601786
2:14:43 PM [vite] (client) [console.warn] skipping slow group: track=0.aac 28601791 -> 28601792
2:14:43 PM [vite] (client) [console.warn] skipping slow group: track=0.aac 28601798 -> 28601799
2:14:43 PM [vite] (client) [console.warn] skipping slow group: track=0.aac 28601804 -> 28601805
2:14:43 PM [vite] (client) [console.warn] skipping slow group: track=0.aac 28601805 -> 28601806
2:14:43 PM [vite] (client) [console.warn] skipping slow group: track=0.aac 28601811 -> 28601812
2:14:43 PM [vite] (client) [console.warn] skipping slow group: track=0.aac 28601812 -> 28601813
2:14:43 PM [vite] (client) [console.warn] skipping slow group: track=0.aac 28601818 -> 28601819
2:14:43 PM [vite] (client) [console.warn] skipping slow group: track=0.aac 28601819 -> 28601820
2:14:43 PM [vite] (client) [console.warn] skipping slow group: track=0.aac 28601826 -> 28601827
2:14:44 PM [vite] (client) [console.warn] skipping slow group: track=0.aac 28601832 -> 28601833
2:14:44 PM [vite] (client) [console.warn] skipping slow group: track=0.aac 28601833 -> 28601835
2:14:44 PM [vite] (client) [console.warn] skipping slow group: track=0.aac 28601846 -> 28601847
2:14:44 PM [vite] (client) [console.warn] skipping slow group: track=0.aac 28601847 -> 28601848
2:14:44 PM [vite] (client) [console.warn] skipping slow group: track=0.aac 28601854 -> 28601855
2:14:44 PM [vite] (client) [console.warn] skipping slow group: track=0.aac 28601860 -> 28601861
2:14:44 PM [vite] (client) [console.warn] skipping slow group: track=0.aac 28601861 -> 28601862
2:14:44 PM [vite] (client) [console.warn] skipping slow group: track=0.aac 28601866 -> 28601867
2:14:45 PM [vite] (client) [console.warn] skipping slow group: track=0.aac 28601874 -> 28601875
2:14:45 PM [vite] (client) [console.warn] skipping slow group: track=0.aac 28601875 -> 28601876
2:14:45 PM [vite] (client) [console.warn] skipping slow group: track=0.aac 28601881 -> 28601882
2:14:45 PM [vite] (client) [console.warn] skipping slow group: track=0.aac 28601882 -> 28601883
2:14:45 PM [vite] (client) [console.warn] skipping slow group: track=0.aac 28601888 -> 28601889
2:14:45 PM [vite] (client) [console.warn] skipping slow group: track=0.aac 28601889 -> 28601890
2:14:45 PM [vite] (client) [console.warn] skipping slow group: track=0.aac 28601896 -> 28601897
2:14:45 PM [vite] (client) [console.warn] skipping slow group: track=0.aac 28601902 -> 28601903
2:14:45 PM [vite] (client) [console.warn] skipping slow group: track=0.aac 28601903 -> 28601904
2:14:45 PM [vite] (client) [console.warn] skipping slow group: track=0.aac 28601909 -> 28601910
2:14:45 PM [vite] (client) [console.warn] skipping slow group: track=0.aac 28601910 -> 28601911
2:14:46 PM [vite] (client) [console.warn] skipping slow group: track=0.aac 28601917 -> 28601918
2:14:46 PM [vite] (client) [console.warn] skipping slow group: track=0.aac 28601930 -> 28601931
2:14:46 PM [vite] (client) [console.warn] skipping slow group: track=0.aac 28601931 -> 28601932
2:14:46 PM [vite] (client) [console.warn] skipping slow group: track=0.aac 28601938 -> 28601939
2:14:46 PM [vite] (client) [console.warn] skipping slow group: track=0.aac 28601944 -> 28601945
2:14:46 PM [vite] (client) [console.warn] skipping slow group: track=0.aac 28601945 -> 28601946
2:14:46 PM [vite] (client) [console.warn] skipping slow group: track=0.aac 28601952 -> 28601953
2:14:46 PM [vite] (client) [console.warn] skipping slow group: track=0.aac 28601958 -> 28601959
2:14:46 PM [vite] (client) [console.warn] skipping slow group: track=0.aac 28601959 -> 28601963
2:14:47 PM [vite] (client) [console.warn] skipping slow group: track=0.aac 28601964 -> 28601965
2:14:47 PM [vite] (client) [console.warn] skipping slow group: track=0.aac 28601965 -> 28601966
2:14:47 PM [vite] (client) [console.warn] skipping slow group: track=0.aac 28601966 -> 28601967
2:14:47 PM [vite] (client) [console.warn] skipping slow group: track=0.aac 28601971 -> 28601972
2:14:47 PM [vite] (client) [console.warn] skipping slow group: track=0.aac 28601973 -> 28601974
2:14:47 PM [vite] (client) [console.warn] skipping slow group: track=0.aac 28601979 -> 28601980
2:14:47 PM [vite] (client) [console.warn] skipping slow group: track=0.aac 28601980 -> 28601981
2:14:47 PM [vite] (client) [console.warn] skipping slow group: track=0.aac 28601986 -> 28601987
2:14:47 PM [vite] (client) [console.warn] skipping slow group: track=0.aac 28601987 -> 28601988
2:14:47 PM [vite] (client) [console.warn] skipping slow group: track=0.aac 28601993 -> 28601994
2:14:47 PM [vite] (client) [console.warn] skipping slow group: track=0.aac 28601994 -> 28601995
2:14:47 PM [vite] (client) [console.warn] skipping slow group: track=0.aac 28602000 -> 28602001
2:14:47 PM [vite] (client) [console.warn] skipping slow group: track=0.aac 28602001 -> 28602002
2:14:48 PM [vite] (client) [console.warn] skipping slow group: track=0.aac 28602007 -> 28602008
2:14:48 PM [vite] (client) [console.warn] skipping slow group: track=0.aac 28602008 -> 28602009
2:14:48 PM [vite] (client) [console.warn] skipping slow group: track=0.aac 28602014 -> 28602015
2:14:48 PM [vite] (client) [console.warn] skipping slow group: track=0.aac 28602015 -> 28602016
2:14:48 PM [vite] (client) [console.warn] skipping slow group: track=0.aac 28602021 -> 28602022
2:14:48 PM [vite] (client) [console.warn] skipping slow group: track=0.aac 28602022 -> 28602026
2:14:48 PM [vite] (client) [console.warn] skipping slow group: track=0.aac 28602028 -> 28602029
2:14:48 PM [vite] (client) [console.warn] skipping slow group: track=0.aac 28602029 -> 28602030
2:14:48 PM [vite] (client) [console.warn] skipping slow group: track=0.aac 28602035 -> 28602036
2:14:48 PM [vite] (client) [console.warn] skipping slow group: track=0.aac 28602036 -> 28602037
2:14:48 PM [vite] (client) [console.warn] skipping slow group: track=0.aac 28602042 -> 28602043
2:14:48 PM [vite] (client) [console.warn] skipping slow group: track=0.aac 28602043 -> 28602044
2:14:49 PM [vite] (client) [console.warn] skipping slow group: track=0.aac 28602049 -> 28602050
2:14:49 PM [vite] (client) [console.warn] skipping slow group: track=0.aac 28602050 -> 28602051
2:14:49 PM [vite] (client) [console.warn] skipping slow group: track=0.aac 28602056 -> 28602057
2:14:49 PM [vite] (client) [console.warn] skipping slow group: track=0.aac 28602057 -> 28602058
2:14:49 PM [vite] (client) [console.warn] skipping slow group: track=0.aac 28602064 -> 28602065
2:14:49 PM [vite] (client) [console.warn] skipping slow group: track=0.aac 28602077 -> 28602078
2:14:49 PM [vite] (client) [console.warn] skipping slow group: track=0.aac 28602078 -> 28602079
2:14:49 PM [vite] (client) [console.warn] skipping slow group: track=0.aac 28602084 -> 28602085
2:14:49 PM [vite] (client) [console.warn] skipping slow group: track=0.aac 28602085 -> 28602086
2:14:50 PM [vite] (client) [console.warn] skipping slow group: track=0.aac 28602091 -> 28602092
2:14:50 PM [vite] (client) [console.warn] skipping slow group: track=0.aac 28602092 -> 28602093
2:14:50 PM [vite] (client) [console.warn] skipping slow group: track=0.aac 28602099 -> 28602100
2:14:50 PM [vite] (client) [console.warn] skipping slow group: track=0.aac 28602105 -> 28602106
2:14:50 PM [vite] (client) [console.warn] skipping slow group: track=0.aac 28602106 -> 28602107
2:14:50 PM [vite] (client) [console.warn] skipping slow group: track=0.aac 28602112 -> 28602114
2:14:50 PM [vite] (client) [console.warn] skipping slow group: track=0.aac 28602113 -> 28602114
2:14:50 PM [vite] (client) [console.warn] skipping slow group: track=0.aac 28602120 -> 28602121
2:14:50 PM [vite] (client) [console.warn] skipping slow group: track=0.aac 28602125 -> 28602126
2:14:50 PM [vite] (client) [console.warn] skipping slow group: track=0.aac 28602127 -> 28602128
2:14:51 PM [vite] (client) [console.warn] skipping slow group: track=0.aac 28602133 -> 28602134
2:14:51 PM [vite] (client) [console.warn] skipping slow group: track=0.aac 28602134 -> 28602137
2:14:51 PM [vite] (client) [console.warn] skipping slow group: track=0.aac 28602139 -> 28602140
2:14:51 PM [vite] (client) [console.warn] skipping slow group: track=0.aac 28602141 -> 28602142
2:14:51 PM [vite] (client) [console.warn] skipping slow group: track=0.aac 28602147 -> 28602148
2:14:51 PM [vite] (client) [console.warn] skipping slow group: track=0.aac 28602148 -> 28602149
2:14:51 PM [vite] (client) [console.warn] skipping slow group: track=0.aac 28602154 -> 28602155
2:14:51 PM [vite] (client) [console.warn] skipping slow group: track=0.aac 28602155 -> 28602156
2:14:51 PM [vite] (client) [console.warn] skipping slow group: track=0.aac 28602161 -> 28602162
2:14:51 PM [vite] (client) [console.warn] skipping slow group: track=0.aac 28602162 -> 28602163
2:14:51 PM [vite] (client) [console.warn] skipping slow group: track=0.aac 28602169 -> 28602170
2:14:52 PM [vite] (client) [console.warn] skipping slow group: track=0.aac 28602182 -> 28602183
2:14:52 PM [vite] (client) [console.warn] skipping slow group: track=0.aac 28602183 -> 28602184
2:14:52 PM [vite] (client) [console.warn] skipping slow group: track=0.aac 28602189 -> 28602190
2:14:52 PM [vite] (client) [console.warn] skipping slow group: track=0.aac 28602190 -> 28602192
2:14:52 PM [vite] (client) [console.warn] skipping slow group: track=0.aac 28602197 -> 28602198
2:14:52 PM [vite] (client) [console.warn] skipping slow group: track=0.aac 28602204 -> 28602205
2:14:52 PM [vite] (client) [console.warn] skipping slow group: track=0.aac 28602210 -> 28602211
2:14:52 PM [vite] (client) [console.warn] skipping slow group: track=0.aac 28602211 -> 28602212
2:14:52 PM [vite] (client) [console.warn] skipping slow group: track=0.aac 28602217 -> 28602218
2:14:52 PM [vite] (client) [console.warn] skipping slow group: track=0.aac 28602218 -> 28602222
2:14:53 PM [vite] (client) [console.warn] skipping slow group: track=0.aac 28602224 -> 28602225
2:14:53 PM [vite] (client) [console.warn] skipping slow group: track=0.aac 28602225 -> 28602226
2:14:53 PM [vite] (client) [console.warn] skipping slow group: track=0.aac 28602231 -> 28602232
2:14:53 PM [vite] (client) [console.warn] skipping slow group: track=0.aac 28602232 -> 28602233
2:14:53 PM [vite] (client) [console.warn] skipping slow group: track=0.aac 28602238 -> 28602239
2:14:53 PM [vite] (client) [console.warn] skipping slow group: track=0.aac 28602239 -> 28602240
2:14:53 PM [vite] (client) [console.warn] skipping slow group: track=0.aac 28602246 -> 28602247
2:14:53 PM [vite] (client) [console.warn] skipping slow group: track=0.aac 28602253 -> 28602254
2:14:53 PM [vite] (client) [console.warn] skipping slow group: track=0.aac 28602260 -> 28602261
2:14:54 PM [vite] (client) [console.warn] skipping slow group: track=0.aac 28602266 -> 28602267
2:14:54 PM [vite] (client) [console.warn] skipping slow group: track=0.aac 28602267 -> 28602268
2:14:54 PM [vite] (client) [console.warn] skipping slow group: track=0.aac 28602288 -> 28602289
2:14:54 PM [vite] (client) [console.warn] skipping slow group: track=0.avc3 296163 -> 296164
2:14:54 PM [vite] (client) [console.warn] skipping slow group: track=0.aac 28602294 -> 28602295
2:14:54 PM [vite] (client) [console.warn] skipping slow group: track=0.aac 28602295 -> 28602296
2:14:54 PM [vite] (client) [console.warn] skipping slow group: track=0.aac 28602302 -> 28602303
2:14:54 PM [vite] (client) [console.warn] skipping slow group: track=0.aac 28602303 -> 28602304
2:14:55 PM [vite] (client) [console.warn] skipping slow group: track=0.aac 28602309 -> 28602310
2:14:55 PM [vite] (client) [console.warn] skipping slow group: track=0.aac 28602310 -> 28602311
2:14:55 PM [vite] (client) [console.warn] skipping slow group: track=0.aac 28602317 -> 28602318
2:14:55 PM [vite] (client) [console.warn] skipping slow group: track=0.aac 28602324 -> 28602325
2:14:55 PM [vite] (client) [console.warn] skipping slow group: track=0.aac 28602330 -> 28602331
2:14:55 PM [vite] (client) [console.warn] skipping slow group: track=0.aac 28602331 -> 28602332
2:14:55 PM [vite] (client) [console.warn] skipping slow group: track=0.aac 28602337 -> 28602338
2:14:55 PM [vite] (client) [console.warn] skipping slow group: track=0.aac 28602338 -> 28602339
2:14:55 PM [vite] (client) [console.warn] skipping slow group: track=0.aac 28602344 -> 28602345
2:14:55 PM [vite] (client) [console.warn] skipping slow group: track=0.aac 28602345 -> 28602346
2:14:56 PM [vite] (client) [console.warn] skipping slow group: track=0.aac 28602350 -> 28602351
2:14:56 PM [vite] (client) [console.warn] skipping slow group: track=0.aac 28602351 -> 28602352
2:14:56 PM [vite] (client) [console.warn] skipping slow group: track=0.aac 28602359 -> 28602360
2:14:56 PM [vite] (client) [console.warn] skipping slow group: track=0.aac 28602366 -> 28602367
2:14:56 PM [vite] (client) [console.warn] skipping slow group: track=0.aac 28602373 -> 28602374
2:14:56 PM [vite] (client) [console.warn] skipping slow group: track=0.aac 28602380 -> 28602381
2:14:56 PM [vite] (client) [console.warn] skipping slow group: track=0.aac 28602386 -> 28602387
2:14:56 PM [vite] (client) [console.warn] skipping slow group: track=0.aac 28602387 -> 28602391
2:14:57 PM [vite] (client) [console.warn] skipping slow group: track=0.aac 28602393 -> 28602394
2:14:57 PM [vite] (client) [console.warn] skipping slow group: track=0.aac 28602394 -> 28602395
2:14:57 PM [vite] (client) [console.warn] skipping slow group: track=0.aac 28602401 -> 28602402
2:14:57 PM [vite] (client) [console.warn] skipping slow group: track=0.aac 28602414 -> 28602415
2:14:57 PM [vite] (client) [console.warn] skipping slow group: track=0.aac 28602415 -> 28602416
2:14:57 PM [vite] (client) [console.warn] skipping slow group: track=0.aac 28602421 -> 28602422
2:14:57 PM [vite] (client) [console.warn] skipping slow group: track=0.aac 28602422 -> 28602423
2:14:57 PM [vite] (client) [console.warn] skipping slow group: track=0.aac 28602428 -> 28602429
2:14:57 PM [vite] (client) [console.warn] skipping slow group: track=0.aac 28602429 -> 28602430
2:14:58 PM [vite] (client) [console.warn] skipping slow group: track=0.aac 28602435 -> 28602436
2:14:58 PM [vite] (client) [console.warn] skipping slow group: track=0.aac 28602436 -> 28602439
2:14:58 PM [vite] (client) [console.warn] skipping slow group: track=0.aac 28602442 -> 28602443
2:14:58 PM [vite] (client) [console.warn] skipping slow group: track=0.aac 28602443 -> 28602444
2:14:58 PM [vite] (client) [console.warn] skipping slow group: track=0.aac 28602449 -> 28602450
2:14:58 PM [vite] (client) [console.warn] skipping slow group: track=0.aac 28602450 -> 28602451
2:14:58 PM [vite] (client) [console.warn] skipping slow group: track=0.aac 28602456 -> 28602457
2:14:58 PM [vite] (client) [console.warn] skipping slow group: track=0.aac 28602457 -> 28602458
2:14:58 PM [vite] (client) [console.warn] skipping slow group: track=0.aac 28602463 -> 28602464
2:14:58 PM [vite] (client) [console.warn] skipping slow group: track=0.aac 28602464 -> 28602465
2:14:58 PM [vite] (client) [console.warn] skipping slow group: track=0.aac 28602470 -> 28602471
2:14:58 PM [vite] (client) [console.warn] skipping slow group: track=0.aac 28602471 -> 28602472
2:14:59 PM [vite] (client) [console.warn] skipping slow group: track=0.aac 28602484 -> 28602485
2:14:59 PM [vite] (client) [console.warn] skipping slow group: track=0.aac 28602485 -> 28602486
2:14:59 PM [vite] (client) [console.warn] skipping slow group: track=0.aac 28602491 -> 28602492
2:14:59 PM [vite] (client) [console.warn] skipping slow group: track=0.aac 28602492 -> 28602493
2:14:59 PM [vite] (client) [console.warn] skipping slow group: track=0.aac 28602498 -> 28602499
2:14:59 PM [vite] (client) [console.warn] skipping slow group: track=0.aac 28602499 -> 28602500
2:14:59 PM [vite] (client) [console.warn] skipping slow group: track=0.aac 28602506 -> 28602507
2:14:59 PM [vite] (client) [console.warn] skipping slow group: track=0.aac 28602512 -> 28602513
2:14:59 PM [vite] (client) [console.warn] skipping slow group: track=0.aac 28602513 -> 28602517
2:14:59 PM [vite] (client) [console.warn] skipping slow group: track=0.aac 28602519 -> 28602520
2:14:59 PM [vite] (client) [console.warn] skipping slow group: track=0.aac 28602520 -> 28602521
2:15:00 PM [vite] (client) [console.warn] skipping slow group: track=0.aac 28602526 -> 28602527
2:15:00 PM [vite] (client) [console.warn] skipping slow group: track=0.aac 28602527 -> 28602528
2:15:00 PM [vite] (client) [console.warn] skipping slow group: track=0.aac 28602533 -> 28602534
2:15:00 PM [vite] (client) [console.warn] skipping slow group: track=0.aac 28602534 -> 28602535
2:15:00 PM [vite] (client) [console.warn] skipping slow group: track=0.aac 28602554 -> 28602555
2:15:00 PM [vite] (client) [console.warn] skipping slow group: track=0.aac 28602555 -> 28602556
2:15:00 PM [vite] (client) [console.warn] skipping slow group: track=0.aac 28602561 -> 28602562
2:15:00 PM [vite] (client) [console.warn] skipping slow group: track=0.aac 28602562 -> 28602563
2:15:01 PM [vite] (client) [console.warn] skipping slow group: track=0.aac 28602568 -> 28602569
2:15:01 PM [vite] (client) [console.warn] skipping slow group: track=0.aac 28602569 -> 28602571
2:15:01 PM [vite] (client) [console.warn] skipping slow group: track=0.aac 28602575 -> 28602576
2:15:01 PM [vite] (client) [console.warn] skipping slow group: track=0.aac 28602576 -> 28602577
2:15:01 PM [vite] (client) [console.warn] skipping slow group: track=0.aac 28602582 -> 28602583
2:15:01 PM [vite] (client) [console.warn] skipping slow group: track=0.aac 28602583 -> 28602584
2:15:01 PM [vite] (client) [console.warn] skipping slow group: track=0.aac 28602589 -> 28602590
2:15:01 PM [vite] (client) [console.warn] skipping slow group: track=0.aac 28602590 -> 28602591
2:15:01 PM [vite] (client) [console.warn] skipping slow group: track=0.aac 28602603 -> 28602604
2:15:02 PM [vite] (client) [console.warn] skipping slow group: track=0.aac 28602609 -> 28602610
2:15:02 PM [vite] (client) [console.warn] skipping slow group: track=0.aac 28602611 -> 28602612
2:15:02 PM [vite] (client) [console.warn] skipping slow group: track=0.aac 28602624 -> 28602625
2:15:02 PM [vite] (client) [console.warn] skipping slow group: track=0.aac 28602625 -> 28602626
2:15:02 PM [vite] (client) [console.warn] skipping slow group: track=0.aac 28602632 -> 28602633
2:15:02 PM [vite] (client) [console.warn] skipping slow group: track=0.aac 28602638 -> 28602639
2:15:02 PM [vite] (client) [console.warn] skipping slow group: track=0.aac 28602639 -> 28602640
2:15:02 PM [vite] (client) [console.warn] skipping slow group: track=0.aac 28602646 -> 28602647
2:15:03 PM [vite] (client) [console.warn] skipping slow group: track=0.aac 28602652 -> 28602653
2:15:03 PM [vite] (client) [console.warn] skipping slow group: track=0.aac 28602653 -> 28602657
2:15:03 PM [vite] (client) [console.warn] skipping slow group: track=0.aac 28602659 -> 28602660
2:15:03 PM [vite] (client) [console.warn] skipping slow group: track=0.aac 28602660 -> 28602661
2:15:03 PM [vite] (client) [console.warn] skipping slow group: track=0.aac 28602666 -> 28602667
2:15:03 PM [vite] (client) [console.warn] skipping slow group: track=0.aac 28602667 -> 28602668
2:15:03 PM [vite] (client) [console.warn] skipping slow group: track=0.aac 28602673 -> 28602674
2:15:03 PM [vite] (client) [console.warn] skipping slow group: track=0.aac 28602674 -> 28602675
2:15:03 PM [vite] (client) [console.warn] skipping slow group: track=0.aac 28602679 -> 28602680
2:15:03 PM [vite] (client) [console.warn] skipping slow group: track=0.aac 28602681 -> 28602682
2:15:04 PM [vite] (client) [console.warn] skipping slow group: track=0.aac 28602693 -> 28602694
2:15:04 PM [vite] (client) [console.warn] skipping slow group: track=0.aac 28602695 -> 28602696
2:15:04 PM [vite] (client) [console.warn] skipping slow group: track=0.aac 28602701 -> 28602702
2:15:04 PM [vite] (client) [console.warn] skipping slow group: track=0.aac 28602702 -> 28602703
2:15:04 PM [vite] (client) [console.warn] skipping slow group: track=0.aac 28602708 -> 28602709
2:15:04 PM [vite] (client) [console.warn] skipping slow group: track=0.aac 28602709 -> 28602710
2:15:04 PM [vite] (client) [console.warn] skipping slow group: track=0.aac 28602715 -> 28602716
2:15:04 PM [vite] (client) [console.warn] skipping slow group: track=0.aac 28602716 -> 28602717
2:15:04 PM [vite] (client) [console.warn] skipping slow group: track=0.aac 28602721 -> 28602722
2:15:04 PM [vite] (client) [console.warn] skipping slow group: track=0.aac 28602723 -> 28602724
2:15:04 PM [vite] (client) [console.warn] skipping slow group: track=0.aac 28602730 -> 28602731
2:15:05 PM [vite] (client) [console.warn] skipping slow group: track=0.aac 28602736 -> 28602737
2:15:05 PM [vite] (client) [console.warn] skipping slow group: track=0.aac 28602737 -> 28602741
2:15:05 PM [vite] (client) [console.warn] skipping slow group: track=0.aac 28602744 -> 28602745
2:15:05 PM [vite] (client) [console.warn] skipping slow group: track=0.aac 28602750 -> 28602751
2:15:05 PM [vite] (client) [console.warn] skipping slow group: track=0.aac 28602751 -> 28602755
2:15:05 PM [vite] (client) [console.warn] skipping slow group: track=0.aac 28602757 -> 28602758
2:15:05 PM [vite] (client) [console.warn] skipping slow group: track=0.aac 28602758 -> 28602759
2:15:05 PM [vite] (client) [console.warn] skipping slow group: track=0.aac 28602764 -> 28602765
2:15:05 PM [vite] (client) [console.warn] skipping slow group: track=0.aac 28602765 -> 28602766
2:15:05 PM [vite] (client) [console.warn] skipping slow group: track=0.aac 28602772 -> 28602773
2:15:06 PM [vite] (client) [console.warn] skipping slow group: track=0.aac 28602777 -> 28602778
2:15:06 PM [vite] (client) [console.warn] skipping slow group: track=0.aac 28602785 -> 28602786
2:15:06 PM [vite] (client) [console.warn] skipping slow group: track=0.aac 28602786 -> 28602787
2:15:06 PM [vite] (client) [console.warn] skipping slow group: track=0.aac 28602793 -> 28602794
2:15:06 PM [vite] (client) [console.warn] skipping slow group: track=0.aac 28602800 -> 28602801
2:15:06 PM [vite] (client) [console.warn] skipping slow group: track=0.aac 28602806 -> 28602807
2:15:06 PM [vite] (client) [console.warn] skipping slow group: track=0.aac 28602807 -> 28602808
2:15:06 PM [vite] (client) [console.warn] skipping slow group: track=0.aac 28602813 -> 28602814
2:15:06 PM [vite] (client) [console.warn] skipping slow group: track=0.aac 28602814 -> 28602815
2:15:06 PM [vite] (client) [console.warn] skipping slow group: track=0.aac 28602820 -> 28602821
2:15:06 PM [vite] (client) [console.warn] skipping slow group: track=0.aac 28602821 -> 28602822
2:15:07 PM [vite] (client) [console.warn] skipping slow group: track=0.aac 28602833 -> 28602834
2:15:07 PM [vite] (client) [console.warn] skipping slow group: track=0.aac 28602835 -> 28602836
2:15:07 PM [vite] (client) [console.warn] skipping slow group: track=0.aac 28602840 -> 28602841
2:15:07 PM [vite] (client) [console.warn] skipping slow group: track=0.aac 28602842 -> 28602843
2:15:07 PM [vite] (client) [console.warn] skipping slow group: track=0.aac 28602847 -> 28602848
2:15:07 PM [vite] (client) [console.warn] skipping slow group: track=0.aac 28602849 -> 28602850
2:15:07 PM [vite] (client) [console.warn] skipping slow group: track=0.aac 28602862 -> 28602863
2:15:07 PM [vite] (client) [console.warn] skipping slow group: track=0.aac 28602863 -> 28602864
2:15:08 PM [vite] (client) [console.warn] skipping slow group: track=0.aac 28602869 -> 28602870
2:15:08 PM [vite] (client) [console.warn] skipping slow group: track=0.aac 28602870 -> 28602871
2:15:08 PM [vite] (client) [console.warn] skipping slow group: track=0.aac 28602875 -> 28602876
2:15:08 PM [vite] (client) [console.warn] skipping slow group: track=0.aac 28602877 -> 28602878
2:15:08 PM [vite] (client) [console.warn] skipping slow group: track=0.aac 28602884 -> 28602885
2:15:08 PM [vite] (client) [console.warn] skipping slow group: track=0.aac 28602890 -> 28602891
2:15:08 PM [vite] (client) [console.warn] skipping slow group: track=0.aac 28602891 -> 28602892
2:15:08 PM [vite] (client) [console.warn] skipping slow group: track=0.aac 28602897 -> 28602898
2:15:08 PM [vite] (client) [console.warn] skipping slow group: track=0.aac 28602898 -> 28602899
2:15:08 PM [vite] (client) [console.warn] skipping slow group: track=0.aac 28602899 -> 28602900
2:15:08 PM [vite] (client) [console.warn] skipping slow group: track=0.aac 28602905 -> 28602906
2:15:09 PM [vite] (client) [console.warn] skipping slow group: track=0.aac 28602906 -> 28602907
2:15:09 PM [vite] (client) [console.warn] skipping slow group: track=0.aac 28602912 -> 28602913
2:15:09 PM [vite] (client) [console.warn] skipping slow group: track=0.aac 28602913 -> 28602914
2:15:09 PM [vite] (client) [console.warn] skipping slow group: track=0.aac 28602919 -> 28602920
2:15:09 PM [vite] (client) [console.warn] skipping slow group: track=0.aac 28602920 -> 28602921
2:15:09 PM [vite] (client) [console.warn] skipping slow group: track=0.aac 28602926 -> 28602927
2:15:09 PM [vite] (client) [console.warn] skipping slow group: track=0.aac 28602927 -> 28602928
2:15:09 PM [vite] (client) [console.warn] skipping slow group: track=0.aac 28602933 -> 28602934
2:15:09 PM [vite] (client) [console.warn] skipping slow group: track=0.aac 28602934 -> 28602935
2:15:09 PM [vite] (client) [console.warn] skipping slow group: track=0.aac 28602940 -> 28602941
2:15:09 PM [vite] (client) [console.warn] skipping slow group: track=0.aac 28602941 -> 28602942
2:15:09 PM [vite] (client) [console.warn] skipping slow group: track=0.aac 28602947 -> 28602948
2:15:09 PM [vite] (client) [console.warn] skipping slow group: track=0.aac 28602948 -> 28602949
2:15:10 PM [vite] (client) [console.warn] skipping slow group: track=0.aac 28602953 -> 28602954
2:15:10 PM [vite] (client) [console.warn] skipping slow group: track=0.aac 28602955 -> 28602956
2:15:10 PM [vite] (client) [console.warn] skipping slow group: track=0.aac 28602961 -> 28602962
2:15:10 PM [vite] (client) [console.warn] skipping slow group: track=0.aac 28602962 -> 28602963
2:15:10 PM [vite] (client) [console.warn] skipping slow group: track=0.aac 28602968 -> 28602969
2:15:10 PM [vite] (client) [console.warn] skipping slow group: track=0.aac 28602969 -> 28602972
2:15:10 PM [vite] (client) [console.warn] skipping slow group: track=0.aac 28602982 -> 28602983
2:15:10 PM [vite] (client) [console.warn] skipping slow group: track=0.aac 28602983 -> 28602984
2:15:10 PM [vite] (client) [console.warn] skipping slow group: track=0.aac 28602988 -> 28602989
2:15:10 PM [vite] (client) [console.warn] skipping slow group: track=0.aac 28602990 -> 28602991
2:15:11 PM [vite] (client) [console.warn] skipping slow group: track=0.aac 28602995 -> 28602996
2:15:11 PM [vite] (client) [console.warn] skipping slow group: track=0.aac 28602997 -> 28602998
2:15:11 PM [vite] (client) [console.warn] skipping slow group: track=0.aac 28603003 -> 28603004
2:15:11 PM [vite] (client) [console.warn] skipping slow group: track=0.aac 28603004 -> 28603005
2:15:11 PM [vite] (client) [console.warn] skipping slow group: track=0.aac 28603017 -> 28603018
2:15:11 PM [vite] (client) [console.warn] skipping slow group: track=0.aac 28603018 -> 28603019
2:15:11 PM [vite] (client) [console.warn] skipping slow group: track=0.aac 28603024 -> 28603025
2:15:11 PM [vite] (client) [console.warn] skipping slow group: track=0.aac 28603025 -> 28603026
2:15:11 PM [vite] (client) [console.warn] skipping slow group: track=0.aac 28603026 -> 28603027
2:15:11 PM [vite] (client) [console.warn] skipping slow group: track=0.aac 28603031 -> 28603032
2:15:11 PM [vite] (client) [console.warn] skipping slow group: track=0.aac 28603033 -> 28603034
2:15:12 PM [vite] (client) [console.warn] skipping slow group: track=0.aac 28603040 -> 28603041
2:15:12 PM [vite] (client) [console.warn] skipping slow group: track=0.aac 28603046 -> 28603047
2:15:12 PM [vite] (client) [console.warn] skipping slow group: track=0.aac 28603047 -> 28603048
2:15:12 PM [vite] (client) [console.warn] skipping slow group: track=0.aac 28603053 -> 28603054
2:15:12 PM [vite] (client) [console.warn] skipping slow group: track=0.aac 28603054 -> 28603055
2:15:12 PM [vite] (client) [console.warn] skipping slow group: track=0.aac 28603060 -> 28603061
2:15:12 PM [vite] (client) [console.warn] skipping slow group: track=0.aac 28603061 -> 28603062
2:15:12 PM [vite] (client) [console.warn] skipping slow group: track=0.aac 28603067 -> 28603068
2:15:12 PM [vite] (client) [console.warn] skipping slow group: track=0.aac 28603068 -> 28603069
2:15:13 PM [vite] (client) [console.warn] skipping slow group: track=0.aac 28603081 -> 28603082
2:15:13 PM [vite] (client) [console.warn] skipping slow group: track=0.aac 28603082 -> 28603083
2:15:13 PM [vite] (client) [console.warn] skipping slow group: track=0.aac 28603088 -> 28603089
2:15:13 PM [vite] (client) [console.warn] skipping slow group: track=0.aac 28603089 -> 28603090
2:15:13 PM [vite] (client) [console.warn] skipping slow group: track=0.aac 28603094 -> 28603095
2:15:13 PM [vite] (client) [console.warn] skipping slow group: track=0.aac 28603096 -> 28603097
2:15:13 PM [vite] (client) [console.warn] skipping slow group: track=0.aac 28603102 -> 28603103
2:15:13 PM [vite] (client) [console.warn] skipping slow group: track=0.aac 28603103 -> 28603104
2:15:13 PM [vite] (client) [console.warn] skipping slow group: track=0.aac 28603109 -> 28603110
2:15:13 PM [vite] (client) [console.warn] skipping slow group: track=0.aac 28603110 -> 28603111
2:15:13 PM [vite] (client) [console.warn] skipping slow group: track=0.aac 28603116 -> 28603117
2:15:13 PM [vite] (client) [console.warn] skipping slow group: track=0.aac 28603117 -> 28603118
2:15:14 PM [vite] (client) [console.warn] skipping slow group: track=0.aac 28603122 -> 28603123
2:15:14 PM [vite] (client) [console.warn] skipping slow group: track=0.aac 28603124 -> 28603125
2:15:14 PM [vite] (client) [console.warn] skipping slow group: track=0.aac 28603130 -> 28603131
2:15:14 PM [vite] (client) [console.warn] skipping slow group: track=0.aac 28603131 -> 28603132
2:15:14 PM [vite] (client) [console.warn] skipping slow group: track=0.aac 28603137 -> 28603138
2:15:14 PM [vite] (client) [console.warn] skipping slow group: track=0.aac 28603138 -> 28603139
2:15:14 PM [vite] (client) [console.warn] skipping slow group: track=0.aac 28603139 -> 28603140
2:15:14 PM [vite] (client) [console.warn] skipping slow group: track=0.aac 28603144 -> 28603145
2:15:14 PM [vite] (client) [console.warn] skipping slow group: track=0.aac 28603146 -> 28603147
2:15:14 PM [vite] (client) [console.warn] skipping slow group: track=0.aac 28603152 -> 28603153
2:15:14 PM [vite] (client) [console.warn] skipping slow group: track=0.aac 28603153 -> 28603154
2:15:14 PM [vite] (client) [console.warn] skipping slow group: track=0.aac 28603158 -> 28603159
2:15:14 PM [vite] (client) [console.warn] skipping slow group: track=0.aac 28603160 -> 28603161
2:15:15 PM [vite] (client) [console.warn] skipping slow group: track=0.aac 28603173 -> 28603174
2:15:15 PM [vite] (client) [console.warn] skipping slow group: track=0.aac 28603174 -> 28603175
2:15:15 PM [vite] (client) [console.warn] skipping slow group: track=0.aac 28603181 -> 28603182
2:15:15 PM [vite] (client) [console.warn] skipping slow group: track=0.aac 28603187 -> 28603188
2:15:15 PM [vite] (client) [console.warn] skipping slow group: track=0.aac 28603188 -> 28603189
2:15:15 PM [vite] (client) [console.warn] skipping slow group: track=0.aac 28603195 -> 28603196
2:15:15 PM [vite] (client) [console.warn] skipping slow group: track=0.aac 28603201 -> 28603202
2:15:15 PM [vite] (client) [console.warn] skipping slow group: track=0.aac 28603202 -> 28603203
2:15:15 PM [vite] (client) [console.warn] skipping slow group: track=0.aac 28603207 -> 28603208
2:15:15 PM [vite] (client) [console.warn] skipping slow group: track=0.aac 28603209 -> 28603210
2:15:16 PM [vite] (client) [console.warn] skipping slow group: track=0.aac 28603215 -> 28603216
2:15:16 PM [vite] (client) [console.warn] skipping slow group: track=0.aac 28603216 -> 28603217
2:15:16 PM [vite] (client) [console.warn] skipping slow group: track=0.aac 28603222 -> 28603223
2:15:16 PM [vite] (client) [console.warn] skipping slow group: track=0.aac 28603223 -> 28603224
2:15:16 PM [vite] (client) [console.warn] skipping slow group: track=0.aac 28603229 -> 28603230
2:15:16 PM [vite] (client) [console.warn] skipping slow group: track=0.aac 28603230 -> 28603232
2:15:16 PM [vite] (client) [console.warn] skipping slow group: track=0.aac 28603243 -> 28603244
2:15:16 PM [vite] (client) [console.warn] skipping slow group: track=0.aac 28603244 -> 28603245
2:15:16 PM [vite] (client) [console.warn] skipping slow group: track=0.aac 28603249 -> 28603250
2:15:16 PM [vite] (client) [console.warn] skipping slow group: track=0.aac 28603251 -> 28603252
2:15:17 PM [vite] (client) [console.warn] skipping slow group: track=0.aac 28603257 -> 28603258
2:15:17 PM [vite] (client) [console.warn] skipping slow group: track=0.aac 28603258 -> 28603259
2:15:17 PM [vite] (client) [console.warn] skipping slow group: track=0.aac 28603264 -> 28603265
2:15:17 PM [vite] (client) [console.warn] skipping slow group: track=0.aac 28603265 -> 28603266
2:15:17 PM [vite] (client) [console.warn] skipping slow group: track=0.aac 28603271 -> 28603272
2:15:17 PM [vite] (client) [console.warn] skipping slow group: track=0.aac 28603272 -> 28603273
2:15:17 PM [vite] (client) [console.warn] skipping slow group: track=0.aac 28603278 -> 28603279
2:15:17 PM [vite] (client) [console.warn] skipping slow group: track=0.aac 28603279 -> 28603280
2:15:17 PM [vite] (client) [console.warn] skipping slow group: track=0.aac 28603284 -> 28603285
2:15:17 PM [vite] (client) [console.warn] skipping slow group: track=0.aac 28603286 -> 28603287
2:15:17 PM [vite] (client) [console.warn] skipping slow group: track=0.aac 28603292 -> 28603293
2:15:17 PM [vite] (client) [console.warn] skipping slow group: track=0.aac 28603293 -> 28603294
2:15:18 PM [vite] (client) [console.warn] skipping slow group: track=0.aac 28603300 -> 28603301
2:15:18 PM [vite] (client) [console.warn] skipping slow group: track=0.aac 28603306 -> 28603307
2:15:18 PM [vite] (client) [console.warn] skipping slow group: track=0.aac 28603307 -> 28603308
2:15:18 PM [vite] (client) [console.warn] skipping slow group: track=0.aac 28603313 -> 28603314
2:15:18 PM [vite] (client) [console.warn] skipping slow group: track=0.aac 28603314 -> 28603315
2:15:18 PM [vite] (client) [console.warn] skipping slow group: track=0.aac 28603320 -> 28603321
2:15:18 PM [vite] (client) [console.warn] skipping slow group: track=0.aac 28603321 -> 28603322
2:15:18 PM [vite] (client) [console.warn] skipping slow group: track=0.aac 28603322 -> 28603323
2:15:18 PM [vite] (client) [console.warn] skipping slow group: track=0.aac 28603335 -> 28603336
2:15:18 PM [vite] (client) [console.warn] skipping slow group: track=0.aac 28603336 -> 28603337
2:15:19 PM [vite] (client) [console.warn] skipping slow group: track=0.aac 28603342 -> 28603343
2:15:19 PM [vite] (client) [console.warn] skipping slow group: track=0.aac 28603343 -> 28603344
2:15:19 PM [vite] (client) [console.warn] skipping slow group: track=0.aac 28603349 -> 28603350
2:15:19 PM [vite] (client) [console.warn] skipping slow group: track=0.aac 28603350 -> 28603352
2:15:19 PM [vite] (client) [console.warn] skipping slow group: track=0.aac 28603356 -> 28603357
2:15:19 PM [vite] (client) [console.warn] skipping slow group: track=0.aac 28603357 -> 28603359
2:15:19 PM [vite] (client) [console.warn] skipping slow group: track=0.aac 28603370 -> 28603371
2:15:19 PM [vite] (client) [console.warn] skipping slow group: track=0.aac 28603371 -> 28603372
2:15:19 PM [vite] (client) [console.warn] skipping slow group: track=0.aac 28603377 -> 28603378
2:15:19 PM [vite] (client) [console.warn] skipping slow group: track=0.aac 28603378 -> 28603382
2:15:20 PM [vite] (client) [console.warn] skipping slow group: track=0.aac 28603383 -> 28603384
2:15:20 PM [vite] (client) [console.warn] skipping slow group: track=0.aac 28603385 -> 28603386
2:15:20 PM [vite] (client) [console.warn] skipping slow group: track=0.aac 28603391 -> 28603392
2:15:20 PM [vite] (client) [console.warn] skipping slow group: track=0.aac 28603392 -> 28603393
2:15:20 PM [vite] (client) [console.warn] skipping slow group: track=0.aac 28603398 -> 28603399
2:15:20 PM [vite] (client) [console.warn] skipping slow group: track=0.aac 28603404 -> 28603405
2:15:20 PM [vite] (client) [console.warn] skipping slow group: track=0.aac 28603405 -> 28603406
2:15:20 PM [vite] (client) [console.warn] skipping slow group: track=0.aac 28603410 -> 28603411
2:15:20 PM [vite] (client) [console.warn] skipping slow group: track=0.aac 28603412 -> 28603413
2:15:20 PM [vite] (client) [console.warn] skipping slow group: track=0.aac 28603418 -> 28603419
2:15:20 PM [vite] (client) [console.warn] skipping slow group: track=0.aac 28603419 -> 28603420
2:15:21 PM [vite] (client) [console.warn] skipping slow group: track=0.aac 28603424 -> 28603425
2:15:21 PM [vite] (client) [console.warn] skipping slow group: track=0.aac 28603426 -> 28603427
2:15:21 PM [vite] (client) [console.warn] skipping slow group: track=0.aac 28603438 -> 28603439
2:15:21 PM [vite] (client) [console.warn] skipping slow group: track=0.aac 28603440 -> 28603441
2:15:21 PM [vite] (client) [console.warn] skipping slow group: track=0.aac 28603446 -> 28603447
2:15:21 PM [vite] (client) [console.warn] skipping slow group: track=0.aac 28603447 -> 28603448
2:15:21 PM [vite] (client) [console.warn] skipping slow group: track=0.aac 28603452 -> 28603453
2:15:21 PM [vite] (client) [console.warn] skipping slow group: track=0.aac 28603454 -> 28603455
2:15:21 PM [vite] (client) [console.warn] skipping slow group: track=0.aac 28603461 -> 28603462
2:15:22 PM [vite] (client) [console.warn] skipping slow group: track=0.aac 28603466 -> 28603467
2:15:22 PM [vite] (client) [console.warn] skipping slow group: track=0.aac 28603468 -> 28603469
2:15:22 PM [vite] (client) [console.warn] skipping slow group: track=0.aac 28603474 -> 28603475
2:15:22 PM [vite] (client) [console.warn] skipping slow group: track=0.aac 28603475 -> 28603476
2:15:22 PM [vite] (client) [console.warn] skipping slow group: track=0.aac 28603481 -> 28603482
2:15:22 PM [vite] (client) [console.warn] skipping slow group: track=0.aac 28603482 -> 28603483
2:15:22 PM [vite] (client) [console.warn] skipping slow group: track=0.aac 28603488 -> 28603489
2:15:22 PM [vite] (client) [console.warn] skipping slow group: track=0.aac 28603489 -> 28603490
2:15:22 PM [vite] (client) [console.warn] skipping slow group: track=0.aac 28603495 -> 28603496
2:15:22 PM [vite] (client) [console.warn] skipping slow group: track=0.aac 28603496 -> 28603497
2:15:23 PM [vite] (client) [console.warn] skipping slow group: track=0.aac 28603516 -> 28603517
2:15:23 PM [vite] (client) [console.warn] skipping slow group: track=0.aac 28603517 -> 28603518
2:15:23 PM [vite] (client) [console.warn] skipping slow group: track=0.aac 28603522 -> 28603523
2:15:23 PM [vite] (client) [console.warn] skipping slow group: track=0.aac 28603524 -> 28603525
2:15:23 PM [vite] (client) [console.warn] skipping slow group: track=0.aac 28603529 -> 28603530
2:15:23 PM [vite] (client) [console.warn] skipping slow group: track=0.aac 28603531 -> 28603532
2:15:23 PM [vite] (client) [console.warn] skipping slow group: track=0.aac 28603537 -> 28603538
2:15:23 PM [vite] (client) [console.warn] skipping slow group: track=0.aac 28603538 -> 28603539
2:15:23 PM [vite] (client) [console.warn] skipping slow group: track=0.aac 28603544 -> 28603545
2:15:23 PM [vite] (client) [console.warn] skipping slow group: track=0.aac 28603545 -> 28603549
2:15:23 PM [vite] (client) [console.warn] skipping slow group: track=0.aac 28603550 -> 28603551
2:15:24 PM [vite] (client) [console.warn] skipping slow group: track=0.aac 28603552 -> 28603553
2:15:24 PM [vite] (client) [console.warn] skipping slow group: track=0.aac 28603557 -> 28603558
2:15:24 PM [vite] (client) [console.warn] skipping slow group: track=0.aac 28603572 -> 28603573
2:15:24 PM [vite] (client) [console.warn] skipping slow group: track=0.aac 28603573 -> 28603574
2:15:24 PM [vite] (client) [console.warn] skipping slow group: track=0.aac 28603580 -> 28603581
2:15:24 PM [vite] (client) [console.warn] skipping slow group: track=0.aac 28603594 -> 28603595
2:15:25 PM [vite] (client) [console.warn] skipping slow group: track=0.aac 28603607 -> 28603608
2:15:25 PM [vite] (client) [console.warn] skipping slow group: track=0.aac 28603608 -> 28603609
2:15:25 PM [vite] (client) [console.warn] skipping slow group: track=0.aac 28603614 -> 28603615
2:15:25 PM [vite] (client) [console.warn] skipping slow group: track=0.aac 28603615 -> 28603616
2:15:25 PM [vite] (client) [console.warn] skipping slow group: track=0.aac 28603627 -> 28603628
2:15:25 PM [vite] (client) [console.warn] skipping slow group: track=0.aac 28603629 -> 28603630
2:15:26 PM [vite] (client) [console.warn] skipping slow group: track=0.aac 28603650 -> 28603651
2:15:26 PM [vite] (client) [console.warn] skipping slow group: track=0.aac 28603651 -> 28603652
2:15:26 PM [vite] (client) [console.warn] skipping slow group: track=0.aac 28603657 -> 28603658
2:15:26 PM [vite] (client) [console.warn] skipping slow group: track=0.aac 28603658 -> 28603662
2:15:26 PM [vite] (client) [console.warn] skipping slow group: track=0.aac 28603663 -> 28603664
2:15:26 PM [vite] (client) [console.warn] skipping slow group: track=0.aac 28603665 -> 28603666
2:15:26 PM [vite] (client) [console.warn] skipping slow group: track=0.aac 28603670 -> 28603671
2:15:26 PM [vite] (client) [console.warn] skipping slow group: track=0.aac 28603672 -> 28603673
2:15:26 PM [vite] (client) [console.warn] skipping slow group: track=0.aac 28603677 -> 28603678
2:15:26 PM [vite] (client) [console.warn] skipping slow group: track=0.aac 28603679 -> 28603680
2:15:27 PM [vite] (client) [console.warn] skipping slow group: track=0.aac 28603692 -> 28603693
2:15:27 PM [vite] (client) [console.warn] skipping slow group: track=0.aac 28603693 -> 28603694
2:15:27 PM [vite] (client) [console.warn] skipping slow group: track=0.aac 28603699 -> 28603700
2:15:27 PM [vite] (client) [console.warn] skipping slow group: track=0.aac 28603700 -> 28603701
2:15:27 PM [vite] (client) [console.warn] skipping slow group: track=0.aac 28603705 -> 28603706
2:15:27 PM [vite] (client) [console.warn] skipping slow group: track=0.aac 28603707 -> 28603708
2:15:27 PM [vite] (client) [console.warn] skipping slow group: track=0.aac 28603713 -> 28603714
2:15:27 PM [vite] (client) [console.warn] skipping slow group: track=0.aac 28603714 -> 28603715
2:15:27 PM [vite] (client) [console.warn] skipping slow group: track=0.aac 28603720 -> 28603721
2:15:27 PM [vite] (client) [console.warn] skipping slow group: track=0.aac 28603721 -> 28603722
2:15:28 PM [vite] (client) [console.warn] skipping slow group: track=0.aac 28603727 -> 28603728
2:15:28 PM [vite] (client) [console.warn] skipping slow group: track=0.aac 28603728 -> 28603732
2:15:28 PM [vite] (client) [console.warn] skipping slow group: track=0.aac 28603734 -> 28603735
2:15:28 PM [vite] (client) [console.warn] skipping slow group: track=0.aac 28603735 -> 28603736
2:15:28 PM [vite] (client) [console.warn] skipping slow group: track=0.aac 28603741 -> 28603742
2:15:28 PM [vite] (client) [console.warn] skipping slow group: track=0.aac 28603742 -> 28603744
2:15:28 PM [vite] (client) [console.warn] skipping slow group: track=0.aac 28603754 -> 28603755
2:15:28 PM [vite] (client) [console.warn] skipping slow group: track=0.aac 28603755 -> 28603756
2:15:28 PM [vite] (client) [console.warn] skipping slow group: track=0.aac 28603762 -> 28603763
2:15:28 PM [vite] (client) [console.warn] skipping slow group: track=0.aac 28603763 -> 28603764
2:15:28 PM [vite] (client) [console.warn] skipping slow group: track=0.aac 28603764 -> 28603765
2:15:29 PM [vite] (client) [console.warn] skipping slow group: track=0.aac 28603770 -> 28603771
2:15:29 PM [vite] (client) [console.warn] skipping slow group: track=0.aac 28603771 -> 28603772
2:15:29 PM [vite] (client) [console.warn] skipping slow group: track=0.aac 28603777 -> 28603778
2:15:29 PM [vite] (client) [console.warn] skipping slow group: track=0.aac 28603778 -> 28603779
2:15:29 PM [vite] (client) [console.warn] skipping slow group: track=0.aac 28603784 -> 28603785
2:15:29 PM [vite] (client) [console.warn] skipping slow group: track=0.aac 28603785 -> 28603786
2:15:29 PM [vite] (client) [console.warn] skipping slow group: track=0.aac 28603790 -> 28603791
2:15:29 PM [vite] (client) [console.warn] skipping slow group: track=0.aac 28603792 -> 28603793
2:15:29 PM [vite] (client) [console.warn] skipping slow group: track=0.aac 28603798 -> 28603799
2:15:29 PM [vite] (client) [console.warn] skipping slow group: track=0.aac 28603799 -> 28603803
2:15:29 PM [vite] (client) [console.warn] skipping slow group: track=0.aac 28603805 -> 28603806
2:15:29 PM [vite] (client) [console.warn] skipping slow group: track=0.aac 28603806 -> 28603807
2:15:30 PM [vite] (client) [console.warn] skipping slow group: track=0.aac 28603812 -> 28603813
2:15:30 PM [vite] (client) [console.warn] skipping slow group: track=0.aac 28603813 -> 28603814
2:15:30 PM [vite] (client) [console.warn] skipping slow group: track=0.aac 28603819 -> 28603820
2:15:30 PM [vite] (client) [console.warn] skipping slow group: track=0.aac 28603820 -> 28603821
2:15:30 PM [vite] (client) [console.warn] skipping slow group: track=0.aac 28603825 -> 28603826
2:15:30 PM [vite] (client) [console.warn] skipping slow group: track=0.aac 28603827 -> 28603828
2:15:30 PM [vite] (client) [console.warn] skipping slow group: track=0.aac 28603833 -> 28603834
2:15:30 PM [vite] (client) [console.warn] skipping slow group: track=0.aac 28603834 -> 28603835
2:15:30 PM [vite] (client) [console.warn] skipping slow group: track=0.aac 28603846 -> 28603847
2:15:30 PM [vite] (client) [console.warn] skipping slow group: track=0.aac 28603848 -> 28603849
2:15:30 PM [vite] (client) [console.warn] skipping slow group: track=0.aac 28603854 -> 28603855
2:15:30 PM [vite] (client) [console.warn] skipping slow group: track=0.aac 28603855 -> 28603859
2:15:31 PM [vite] (client) [console.warn] skipping slow group: track=0.aac 28603861 -> 28603862
2:15:31 PM [vite] (client) [console.warn] skipping slow group: track=0.aac 28603862 -> 28603863
2:15:31 PM [vite] (client) [console.warn] skipping slow group: track=0.aac 28603867 -> 28603868
2:15:31 PM [vite] (client) [console.warn] skipping slow group: track=0.aac 28603869 -> 28603870
2:15:31 PM [vite] (client) [console.warn] skipping slow group: track=0.aac 28603874 -> 28603875
2:15:31 PM [vite] (client) [console.warn] skipping slow group: track=0.aac 28603876 -> 28603877
2:15:31 PM [vite] (client) [console.warn] skipping slow group: track=0.aac 28603889 -> 28603890
2:15:31 PM [vite] (client) [console.warn] skipping slow group: track=0.aac 28603890 -> 28603891
2:15:31 PM [vite] (client) [console.warn] skipping slow group: track=0.aac 28603895 -> 28603896
2:15:31 PM [vite] (client) [console.warn] skipping slow group: track=0.aac 28603897 -> 28603898
2:15:32 PM [vite] (client) [console.warn] skipping slow group: track=0.aac 28603902 -> 28603903
2:15:32 PM [vite] (client) [console.warn] skipping slow group: track=0.aac 28603904 -> 28603905
2:15:32 PM [vite] (client) [console.warn] skipping slow group: track=0.aac 28603910 -> 28603911
2:15:32 PM [vite] (client) [console.warn] skipping slow group: track=0.aac 28603911 -> 28603912
2:15:32 PM [vite] (client) [console.warn] skipping slow group: track=0.aac 28603917 -> 28603918
2:15:32 PM [vite] (client) [console.warn] skipping slow group: track=0.aac 28603918 -> 28603919
2:15:32 PM [vite] (client) [console.warn] skipping slow group: track=0.aac 28603924 -> 28603925
2:15:32 PM [vite] (client) [console.warn] skipping slow group: track=0.aac 28603925 -> 28603926
2:15:32 PM [vite] (client) [console.warn] skipping slow group: track=0.aac 28603930 -> 28603931
2:15:32 PM [vite] (client) [console.warn] skipping slow group: track=0.aac 28603932 -> 28603933
2:15:32 PM [vite] (client) [console.warn] skipping slow group: track=0.aac 28603938 -> 28603939
2:15:32 PM [vite] (client) [console.warn] skipping slow group: track=0.aac 28603939 -> 28603940
2:15:33 PM [vite] (client) [console.warn] skipping slow group: track=0.aac 28603945 -> 28603946
2:15:33 PM [vite] (client) [console.warn] skipping slow group: track=0.aac 28603946 -> 28603947
2:15:33 PM [vite] (client) [console.warn] skipping slow group: track=0.aac 28603947 -> 28603948
2:15:33 PM [vite] (client) [console.warn] skipping slow group: track=0.aac 28603959 -> 28603960
2:15:33 PM [vite] (client) [console.warn] skipping slow group: track=0.aac 28603961 -> 28603962
2:15:33 PM [vite] (client) [console.warn] skipping slow group: track=0.aac 28603967 -> 28603968
2:15:33 PM [vite] (client) [console.warn] skipping slow group: track=0.aac 28603968 -> 28603969
2:15:33 PM [vite] (client) [console.warn] skipping slow group: track=0.aac 28603974 -> 28603975
2:15:33 PM [vite] (client) [console.warn] skipping slow group: track=0.aac 28603975 -> 28603976
2:15:33 PM [vite] (client) [console.warn] skipping slow group: track=0.aac 28603980 -> 28603984
2:15:33 PM [vite] (client) [console.warn] skipping slow group: track=0.aac 28603981 -> 28603984
2:15:33 PM [vite] (client) [console.warn] skipping slow group: track=0.aac 28603982 -> 28603984
2:15:34 PM [vite] (client) [console.warn] skipping slow group: track=0.aac 28603988 -> 28603989
2:15:34 PM [vite] (client) [console.warn] skipping slow group: track=0.aac 28603989 -> 28603990
2:15:34 PM [vite] (client) [console.warn] skipping slow group: track=0.aac 28603995 -> 28603996
2:15:34 PM [vite] (client) [console.warn] skipping slow group: track=0.aac 28603996 -> 28603997
2:15:34 PM [vite] (client) [console.warn] skipping slow group: track=0.aac 28604002 -> 28604003
2:15:34 PM [vite] (client) [console.warn] skipping slow group: track=0.aac 28604003 -> 28604004
2:15:34 PM [vite] (client) [console.warn] skipping slow group: track=0.aac 28604009 -> 28604010
2:15:34 PM [vite] (client) [console.warn] skipping slow group: track=0.aac 28604010 -> 28604011
2:15:34 PM [vite] (client) [console.warn] skipping slow group: track=0.aac 28604016 -> 28604017
2:15:34 PM [vite] (client) [console.warn] skipping slow group: track=0.aac 28604017 -> 28604018
2:15:34 PM [vite] (client) [console.warn] skipping slow group: track=0.aac 28604024 -> 28604025
2:15:34 PM [vite] (client) [console.warn] skipping slow group: track=0.aac 28604025 -> 28604026
2:15:35 PM [vite] (client) [console.warn] skipping slow group: track=0.aac 28604031 -> 28604032
2:15:35 PM [vite] (client) [console.warn] skipping slow group: track=0.aac 28604032 -> 28604033
2:15:35 PM [vite] (client) [console.warn] skipping slow group: track=0.aac 28604037 -> 28604038
2:15:35 PM [vite] (client) [console.warn] skipping slow group: track=0.aac 28604039 -> 28604040
2:15:35 PM [vite] (client) [console.warn] skipping slow group: track=0.aac 28604045 -> 28604046
2:15:35 PM [vite] (client) [console.warn] skipping slow group: track=0.aac 28604046 -> 28604047
2:15:35 PM [vite] (client) [console.warn] skipping slow group: track=0.aac 28604053 -> 28604054
2:15:35 PM [vite] (client) [console.warn] skipping slow group: track=0.aac 28604058 -> 28604059
2:15:35 PM [vite] (client) [console.warn] skipping slow group: track=0.aac 28604060 -> 28604061
2:15:35 PM [vite] (client) [console.warn] skipping slow group: track=0.aac 28604065 -> 28604066
2:15:35 PM [vite] (client) [console.warn] skipping slow group: track=0.aac 28604067 -> 28604068
2:15:36 PM [vite] (client) [console.warn] skipping slow group: track=0.aac 28604073 -> 28604074
2:15:36 PM [vite] (client) [console.warn] skipping slow group: track=0.aac 28604074 -> 28604075
2:15:36 PM [vite] (client) [console.warn] skipping slow group: track=0.aac 28604080 -> 28604081
2:15:36 PM [vite] (client) [console.warn] skipping slow group: track=0.aac 28604081 -> 28604082
2:15:36 PM [vite] (client) [console.warn] skipping slow group: track=0.aac 28604087 -> 28604088
2:15:36 PM [vite] (client) [console.warn] skipping slow group: track=0.aac 28604088 -> 28604089
2:15:36 PM [vite] (client) [console.warn] skipping slow group: track=0.aac 28604094 -> 28604095
2:15:36 PM [vite] (client) [console.warn] skipping slow group: track=0.aac 28604095 -> 28604096
2:15:36 PM [vite] (client) [console.warn] skipping slow group: track=0.aac 28604101 -> 28604102
2:15:36 PM [vite] (client) [console.warn] skipping slow group: track=0.aac 28604102 -> 28604103
2:15:36 PM [vite] (client) [console.warn] skipping slow group: track=0.aac 28604108 -> 28604109
2:15:36 PM [vite] (client) [console.warn] skipping slow group: track=0.aac 28604109 -> 28604110
2:15:37 PM [vite] (client) [console.warn] skipping slow group: track=0.aac 28604115 -> 28604116
2:15:37 PM [vite] (client) [console.warn] skipping slow group: track=0.aac 28604116 -> 28604117
2:15:37 PM [vite] (client) [console.warn] skipping slow group: track=0.aac 28604122 -> 28604123
2:15:37 PM [vite] (client) [console.warn] skipping slow group: track=0.aac 28604123 -> 28604124
2:15:37 PM [vite] (client) [console.warn] skipping slow group: track=0.aac 28604129 -> 28604130
2:15:37 PM [vite] (client) [console.warn] skipping slow group: track=0.aac 28604130 -> 28604131
2:15:37 PM [vite] (client) [console.warn] skipping slow group: track=0.aac 28604135 -> 28604136
2:15:37 PM [vite] (client) [console.warn] skipping slow group: track=0.aac 28604137 -> 28604138
2:15:37 PM [vite] (client) [console.warn] skipping slow group: track=0.aac 28604144 -> 28604145
2:15:38 PM [vite] (client) [console.warn] skipping slow group: track=0.aac 28604163 -> 28604164
2:15:38 PM [vite] (client) [console.warn] skipping slow group: track=0.aac 28604165 -> 28604166
2:15:38 PM [vite] (client) [console.warn] skipping slow group: track=0.aac 28604171 -> 28604172
2:15:38 PM [vite] (client) [console.warn] skipping slow group: track=0.aac 28604172 -> 28604173
2:15:38 PM [vite] (client) [console.warn] skipping slow group: track=0.aac 28604177 -> 28604178
2:15:38 PM [vite] (client) [console.warn] skipping slow group: track=0.aac 28604179 -> 28604180
2:15:38 PM [vite] (client) [console.warn] skipping slow group: track=0.aac 28604185 -> 28604186
2:15:38 PM [vite] (client) [console.warn] skipping slow group: track=0.aac 28604186 -> 28604187
2:15:38 PM [vite] (client) [console.warn] skipping slow group: track=0.aac 28604192 -> 28604193
2:15:38 PM [vite] (client) [console.warn] skipping slow group: track=0.aac 28604193 -> 28604194
2:15:38 PM [vite] (client) [console.warn] skipping slow group: track=0.aac 28604199 -> 28604200
2:15:38 PM [vite] (client) [console.warn] skipping slow group: track=0.aac 28604200 -> 28604201
2:15:39 PM [vite] (client) [console.warn] skipping slow group: track=0.aac 28604206 -> 28604207
2:15:39 PM [vite] (client) [console.warn] skipping slow group: track=0.aac 28604207 -> 28604208
2:15:39 PM [vite] (client) [console.warn] skipping slow group: track=0.aac 28604212 -> 28604213
2:15:39 PM [vite] (client) [console.warn] skipping slow group: track=0.aac 28604214 -> 28604215
2:15:42 PM [vite] (client) [console.warn] [audio] SharedArrayBuffer unavailable, falling back to the higher latency postMessage audio buffer. Serve the page cross-origin isolated (Cross-Origin-Opener-Policy: same-origin, Cross-Origin-Embedder-Policy: require-corp) to avoid this.
2:15:43 PM [vite] (client) [console.warn] skipping slow group: track=0.aac 28604371 -> 28604377
2:15:43 PM [vite] (client) [console.warn] skipping slow group: track=0.aac 28604372 -> 28604377
2:15:46 PM [vite] (client) [console.warn] skipping slow group: track=0.aac 28604534 -> 28604535
2:15:47 PM [vite] (client) [console.warn] skipping slow group: track=0.aac 28604562 -> 28604563
2:15:49 PM [vite] (client) [console.warn] skipping slow group: track=0.aac 28604660 -> 28604661
2:15:52 PM [vite] (client) [console.warn] skipping slow group: track=0.aac 28604779 -> 28604780
2:15:53 PM [vite] (client) [console.warn] skipping slow group: track=0.aac 28604807 -> 28604808
2:15:53 PM [vite] (client) [console.warn] skipping slow group: track=0.aac 28604821 -> 28604822
2:15:55 PM [vite] (client) [console.warn] skipping slow group: track=0.aac 28604912 -> 28604913
2:15:56 PM [vite] (client) [console.warn] skipping slow group: track=0.aac 28604939 -> 28604940
2:15:57 PM [vite] (client) [console.warn] skipping slow group: track=0.aac 28604974 -> 28604975
2:15:57 PM [vite] (client) [console.warn] skipping slow group: track=0.aac 28604981 -> 28604982
2:15:58 PM [vite] (client) [console.warn] skipping slow group: track=0.aac 28605031 -> 28605034
2:15:59 PM [vite] (client) [console.warn] skipping slow group: track=0.aac 28605059 -> 28605060
2:15:59 PM [vite] (client) [console.warn] skipping slow group: track=0.aac 28605066 -> 28605067
2:16:00 PM [vite] (client) [console.warn] skipping slow group: track=0.aac 28605108 -> 28605109
2:16:01 PM [vite] (client) [console.warn] skipping slow group: track=0.aac 28605179 -> 28605180
2:16:01 PM [vite] (client) [console.warn] skipping slow group: track=0.aac 28605186 -> 28605187
2:16:05 PM [vite] (client) [console.warn] skipping slow group: track=0.aac 28605332 -> 28605333
2:16:05 PM [vite] (client) [console.warn] skipping slow group: track=0.aac 28605346 -> 28605347
2:16:08 PM [vite] (client) [console.warn] skipping slow group: track=0.aac 28605449 -> 28605450
2:16:08 PM [vite] (client) [console.warn] skipping slow group: track=0.aac 28605456 -> 28605457
2:16:08 PM [vite] (client) [console.warn] skipping slow group: track=0.aac 28605477 -> 28605483
2:16:08 PM [vite] (client) [console.warn] skipping slow group: track=0.aac 28605484 -> 28605485
2:16:09 PM [vite] (client) [console.warn] skipping slow group: track=0.aac 28605506 -> 28605507
2:16:10 PM [vite] (client) [console.warn] skipping slow group: track=0.aac 28605549 -> 28605550
2:16:10 PM [vite] (client) [console.warn] skipping slow group: track=0.aac 28605563 -> 28605564
2:16:10 PM [vite] (client) [console.warn] skipping slow group: track=0.aac 28605570 -> 28605571
2:16:12 PM [vite] (client) [console.warn] skipping slow group: track=0.aac 28605654 -> 28605655
2:16:13 PM [vite] (client) [console.warn] skipping slow group: track=0.aac 28605668 -> 28605669
2:16:13 PM [vite] (client) [console.warn] skipping slow group: track=0.aac 28605683 -> 28605684
2:16:14 PM [vite] (client) [console.warn] skipping slow group: track=0.aac 28605718 -> 28605719
2:16:14 PM [vite] (client) [console.warn] skipping slow group: track=0.aac 28605725 -> 28605726
2:16:17 PM [vite] (client) [console.warn] skipping slow group: track=0.aac 28605847 -> 28605848
2:16:17 PM [vite] (client) [console.warn] skipping slow group: track=0.aac 28605854 -> 28605855
2:16:17 PM [vite] (client) [console.warn] skipping slow group: track=0.aac 28605861 -> 28605862
2:16:17 PM [vite] (client) [console.warn] skipping slow group: track=0.aac 28605868 -> 28605869
2:16:19 PM [vite] (client) [console.warn] skipping slow group: track=0.aac 28605924 -> 28605925
2:16:20 PM [vite] (client) [console.warn] skipping slow group: track=0.aac 28605973 -> 28605974
2:16:21 PM [vite] (client) [console.warn] skipping slow group: track=0.aac 28606009 -> 28606010
2:16:22 PM [vite] (client) [console.warn] skipping slow group: track=0.aac 28606076 -> 28606077
2:16:22 PM [vite] (client) [console.warn] skipping slow group: track=0.aac 28606084 -> 28606085
2:16:22 PM [vite] (client) [console.warn] skipping slow group: track=0.aac 28606091 -> 28606092
2:16:23 PM [vite] (client) [console.warn] skipping slow group: track=0.aac 28606133 -> 28606134
2:16:24 PM [vite] (client) [console.warn] skipping slow group: track=0.aac 28606155 -> 28606156
2:16:24 PM [vite] (client) [console.warn] skipping slow group: track=0.aac 28606176 -> 28606177
2:16:27 PM [vite] (client) [console.warn] skipping slow group: track=0.aac 28606278 -> 28606279
2:16:27 PM [vite] (client) [console.warn] skipping slow group: track=0.aac 28606292 -> 28606293
2:16:28 PM [vite] (client) [console.warn] skipping slow group: track=0.aac 28606327 -> 28606328
2:16:28 PM [vite] (client) [console.warn] skipping slow group: track=0.aac 28606334 -> 28606335
2:16:28 PM [vite] (client) [console.warn] skipping slow group: track=0.aac 28606348 -> 28606349
2:16:29 PM [vite] (client) [console.warn] skipping slow group: track=0.aac 28606361 -> 28606362
2:16:29 PM [vite] (client) [console.warn] skipping slow group: track=0.aac 28606380 -> 28606381
2:16:30 PM [vite] (client) [console.warn] skipping slow group: track=0.aac 28606394 -> 28606395
2:16:30 PM [vite] (client) [console.warn] skipping slow group: track=0.aac 28606408 -> 28606409
2:16:30 PM [vite] (client) [console.warn] skipping slow group: track=0.aac 28606422 -> 28606423
2:16:31 PM [vite] (client) [console.warn] skipping slow group: track=0.aac 28606450 -> 28606451
2:16:31 PM [vite] (client) [console.warn] skipping slow group: track=0.aac 28606471 -> 28606472
2:16:31 PM [vite] (client) [console.warn] skipping slow group: track=0.aac 28606478 -> 28606479
2:16:32 PM [vite] (client) [console.warn] skipping slow group: track=0.aac 28606492 -> 28606493
2:16:32 PM [vite] (client) [console.warn] skipping slow group: track=0.aac 28606499 -> 28606500
2:16:33 PM [vite] (client) [console.warn] skipping slow group: track=0.aac 28606548 -> 28606549
2:16:34 PM [vite] (client) [console.warn] skipping slow group: track=0.aac 28606570 -> 28606571
2:16:34 PM [vite] (client) [console.warn] skipping slow group: track=0.aac 28606577 -> 28606578
2:16:34 PM [vite] (client) [console.warn] skipping slow group: track=0.aac 28606604 -> 28606605
2:16:35 PM [vite] (client) [console.warn] skipping slow group: track=0.aac 28606619 -> 28606620
2:16:35 PM [vite] (client) [console.warn] skipping slow group: track=0.aac 28606640 -> 28606641
2:16:36 PM [vite] (client) [console.warn] skipping slow group: track=0.aac 28606674 -> 28606675
2:16:36 PM [vite] (client) [console.warn] skipping slow group: track=0.aac 28606681 -> 28606682
2:16:36 PM [vite] (client) [console.warn] skipping slow group: track=0.aac 28606688 -> 28606689
2:16:37 PM [vite] (client) [console.warn] skipping slow group: track=0.aac 28606702 -> 28606703
2:16:37 PM [vite] (client) [console.warn] skipping slow group: track=0.aac 28606729 -> 28606730
2:16:38 PM [vite] (client) [console.warn] skipping slow group: track=0.aac 28606766 -> 28606767
2:16:38 PM [vite] (client) [console.warn] skipping slow group: track=0.aac 28606780 -> 28606781
2:16:39 PM [vite] (client) [console.warn] skipping slow group: track=0.aac 28606822 -> 28606823
2:16:40 PM [vite] (client) [console.warn] skipping slow group: track=0.aac 28606857 -> 28606858
2:16:41 PM [vite] (client) [console.warn] skipping slow group: track=0.aac 28606892 -> 28606893
2:16:46 PM [vite] (client) [console.warn] [audio] SharedArrayBuffer unavailable, falling back to the higher latency postMessage audio buffer. Serve the page cross-origin isolated (Cross-Origin-Opener-Policy: same-origin, Cross-Origin-Embedder-Policy: require-corp) to avoid this.
2:16:47 PM [vite] (client) [console.warn] skipping slow group: track=0.aac 28607123 -> 28607124
2:17:50 PM [vite] (client) [console.warn] [audio] SharedArrayBuffer unavailable, falling back to the higher latency postMessage audio buffer. Serve the page cross-origin isolated (Cross-Origin-Opener-Policy: same-origin, Cross-Origin-Embedder-Policy: require-corp) to avoid this.
2:17:51 PM [vite] (client) [console.warn] skipping slow group: track=0.aac 28609874 -> 28609875
2:26:19 PM [vite] (client) [console.warn] [audio] SharedArrayBuffer unavailable, falling back to the higher latency postMessage audio buffer. Serve the page cross-origin isolated (Cross-Origin-Opener-Policy: same-origin, Cross-Origin-Embedder-Policy: require-corp) to avoid this.
2:26:38 PM [vite] (client) [console.warn] skipping covered group: 10 -> 11
2:26:55 PM [vite] (client) [console.warn] skipping covered group: 17 -> 18
2:27:05 PM [vite] (client) [console.warn] skipping covered group: 21 -> 22
2:27:23 PM [vite] (client) [console.warn] [audio] SharedArrayBuffer unavailable, falling back to the higher latency postMessage audio buffer. Serve the page cross-origin isolated (Cross-Origin-Opener-Policy: same-origin, Cross-Origin-Embedder-Policy: require-corp) to avoid this.
2:27:37 PM [vite] (client) [console.warn] skipping covered group: 35 -> 36
2:28:01 PM [vite] (client) [console.warn] skipping covered group: 45 -> 46
2:28:05 PM [vite] (client) [console.warn] skipping covered group: 47 -> 48
2:28:07 PM [vite] (client) [console.warn] skipping covered group: 48 -> 49
2:28:26 PM [vite] (client) [console.warn] [audio] SharedArrayBuffer unavailable, falling back to the higher latency postMessage audio buffer. Serve the page cross-origin isolated (Cross-Origin-Opener-Policy: same-origin, Cross-Origin-Embedder-Policy: require-corp) to avoid this.
2:29:04 PM [vite] (client) [console.warn] skipping covered group: 73 -> 74
2:29:30 PM [vite] (client) [console.warn] [audio] SharedArrayBuffer unavailable, falling back to the higher latency postMessage audio buffer. Serve the page cross-origin isolated (Cross-Origin-Opener-Policy: same-origin, Cross-Origin-Embedder-Policy: require-corp) to avoid this.
2:29:32 PM [vite] (client) [console.warn] skipping covered group: 86 -> 87
2:29:53 PM [vite] (client) [console.warn] skipping covered group: 96 -> 97
2:31:03 PM [vite] (client) [console.warn] [audio] SharedArrayBuffer unavailable, falling back to the higher latency postMessage audio buffer. Serve the page cross-origin isolated (Cross-Origin-Opener-Policy: same-origin, Cross-Origin-Embedder-Policy: require-corp) to avoid this.
2:31:03 PM [vite] (client) [console.warn] skipping slow group: track=0.aac 298 -> 302
2:31:03 PM [vite] (client) [console.warn] skipping slow group: track=0.aac 306 -> 309
2:31:03 PM [vite] (client) [console.warn] skipping slow group: track=0.aac 312 -> 316
2:31:03 PM [vite] (client) [console.warn] skipping slow group: track=0.aac 319 -> 323
2:31:04 PM [vite] (client) [console.warn] skipping slow group: track=0.aac 330 -> 331
2:31:04 PM [vite] (client) [console.warn] skipping slow group: track=0.aac 331 -> 338
2:31:04 PM [vite] (client) [console.warn] skipping slow group: track=0.aac 344 -> 345
2:31:04 PM [vite] (client) [console.warn] skipping slow group: track=0.aac 345 -> 351
2:31:04 PM [vite] (client) [console.warn] skipping slow group: track=0.aac 346 -> 351
2:31:04 PM [vite] (client) [console.warn] skipping slow group: track=0.aac 354 -> 358
2:31:04 PM [vite] (client) [console.warn] skipping slow group: track=0.aac 362 -> 365
2:31:05 PM [vite] (client) [console.warn] skipping slow group: track=0.aac 372 -> 373
2:31:05 PM [vite] (client) [console.warn] skipping slow group: track=0.aac 373 -> 380
2:31:05 PM [vite] (client) [console.warn] skipping slow group: track=0.aac 386 -> 387
2:32:06 PM [vite] (client) [console.warn] [audio] SharedArrayBuffer unavailable, falling back to the higher latency postMessage audio buffer. Serve the page cross-origin isolated (Cross-Origin-Opener-Policy: same-origin, Cross-Origin-Embedder-Policy: require-corp) to avoid this.
2:32:07 PM [vite] (client) [console.warn] skipping slow group: track=0.aac 3036 -> 3037
2:32:07 PM [vite] (client) [console.warn] skipping slow group: track=0.aac 3037 -> 3038
2:32:07 PM [vite] (client) [console.warn] skipping slow group: track=0.aac 3038 -> 3039
2:32:07 PM [vite] (client) [console.warn] skipping slow group: track=0.aac 3039 -> 3040
2:32:07 PM [vite] (client) [console.warn] skipping slow group: track=0.aac 3040 -> 3041
2:33:31 PM [vite] (client) [console.warn] [audio] SharedArrayBuffer unavailable, falling back to the higher latency postMessage audio buffer. Serve the page cross-origin isolated (Cross-Origin-Opener-Policy: same-origin, Cross-Origin-Embedder-Policy: require-corp) to avoid this.
2:33:31 PM [vite] (client) [console.warn] skipping slow group: track=0.aac 28650404 -> 28650405
2:33:32 PM [vite] (client) [console.warn] skipping slow group: track=0.aac 28650411 -> 28650412
2:33:32 PM [vite] (client) [console.warn] skipping slow group: track=0.aac 28650417 -> 28650418
2:33:32 PM [vite] (client) [console.warn] skipping slow group: track=0.aac 28650418 -> 28650421
2:34:35 PM [vite] (client) [console.warn] [audio] SharedArrayBuffer unavailable, falling back to the higher latency postMessage audio buffer. Serve the page cross-origin isolated (Cross-Origin-Opener-Policy: same-origin, Cross-Origin-Embedder-Policy: require-corp) to avoid this.
2:34:35 PM [vite] (client) [console.warn] skipping slow group: track=0.aac 28653152 -> 28653153
2:34:37 PM [vite] (client) [console.warn] skipping slow group: track=0.aac 28653223 -> 28653224
2:34:40 PM [vite] (client) [console.warn] skipping slow group: track=0.aac 28653349 -> 28653350
2:34:42 PM [vite] (client) [console.warn] skipping slow group: track=0.aac 28653440 -> 28653441
2:34:43 PM [vite] (client) [console.warn] skipping slow group: track=0.aac 28653503 -> 28653504
2:34:47 PM [vite] (client) [console.warn] skipping slow group: track=0.aac 28653657 -> 28653658
2:34:48 PM [vite] (client) [console.warn] skipping slow group: track=0.aac 28653693 -> 28653694
2:34:48 PM [vite] (client) [console.warn] skipping slow group: track=0.aac 28653707 -> 28653708
2:34:53 PM [vite] (client) [console.warn] skipping slow group: track=0.aac 28653918 -> 28653919
2:34:54 PM [vite] (client) [console.warn] skipping slow group: track=0.aac 28653959 -> 28653960
2:34:55 PM [vite] (client) [console.warn] skipping slow group: track=0.aac 28654008 -> 28654010
2:34:55 PM [vite] (client) [console.warn] skipping slow group: track=0.aac 28654015 -> 28654016
2:34:56 PM [vite] (client) [console.warn] skipping slow group: track=0.aac 28654036 -> 28654037
2:34:56 PM [vite] (client) [console.warn] skipping slow group: track=0.aac 28654043 -> 28654044
2:34:57 PM [vite] (client) [console.warn] skipping slow group: track=0.aac 28654071 -> 28654072
2:34:57 PM [vite] (client) [console.warn] skipping slow group: track=0.aac 28654078 -> 28654079
2:34:57 PM [vite] (client) [console.warn] skipping slow group: track=0.aac 28654085 -> 28654086
2:34:57 PM [vite] (client) [console.warn] skipping slow group: track=0.aac 28654106 -> 28654107
2:34:58 PM [vite] (client) [console.warn] skipping slow group: track=0.aac 28654134 -> 28654135
2:35:01 PM [vite] (client) [console.warn] skipping slow group: track=0.aac 28654275 -> 28654276
2:35:02 PM [vite] (client) [console.warn] skipping slow group: track=0.aac 28654289 -> 28654290
2:35:02 PM [vite] (client) [console.warn] skipping slow group: track=0.aac 28654317 -> 28654318
2:35:04 PM [vite] (client) [console.warn] skipping slow group: track=0.aac 28654380 -> 28654381
2:35:04 PM [vite] (client) [console.warn] skipping slow group: track=0.aac 28654401 -> 28654402
2:35:05 PM [vite] (client) [console.warn] skipping slow group: track=0.aac 28654423 -> 28654424
2:35:06 PM [vite] (client) [console.warn] skipping slow group: track=0.aac 28654458 -> 28654459
2:35:06 PM [vite] (client) [console.warn] skipping slow group: track=0.aac 28654486 -> 28654487
2:35:07 PM [vite] (client) [console.warn] skipping slow group: track=0.aac 28654514 -> 28654515
2:35:08 PM [vite] (client) [console.warn] skipping slow group: track=0.aac 28654557 -> 28654558
2:35:08 PM [vite] (client) [console.warn] skipping slow group: track=0.aac 28654564 -> 28654565
2:35:08 PM [vite] (client) [console.warn] skipping slow group: track=0.aac 28654578 -> 28654579
2:35:09 PM [vite] (client) [console.warn] skipping slow group: track=0.aac 28654613 -> 28654614
2:35:11 PM [vite] (client) [console.warn] skipping slow group: track=0.aac 28654683 -> 28654684
2:35:11 PM [vite] (client) [console.warn] skipping slow group: track=0.aac 28654698 -> 28654699
2:35:12 PM [vite] (client) [console.warn] skipping slow group: track=0.aac 28654726 -> 28654727
2:35:12 PM [vite] (client) [console.warn] skipping slow group: track=0.aac 28654747 -> 28654748
2:35:13 PM [vite] (client) [console.warn] skipping slow group: track=0.aac 28654788 -> 28654789
2:35:14 PM [vite] (client) [console.warn] skipping slow group: track=0.aac 28654816 -> 28654817
2:35:14 PM [vite] (client) [console.warn] skipping slow group: track=0.aac 28654823 -> 28654824
2:35:17 PM [vite] (client) [console.warn] skipping slow group: track=0.aac 28654963 -> 28654964
2:35:18 PM [vite] (client) [console.warn] skipping slow group: track=0.aac 28654998 -> 28654999
2:35:19 PM [vite] (client) [console.warn] skipping slow group: track=0.aac 28655019 -> 28655020
2:35:20 PM [vite] (client) [console.warn] skipping slow group: track=0.aac 28655069 -> 28655070
2:35:21 PM [vite] (client) [console.warn] skipping slow group: track=0.aac 28655125 -> 28655126
2:35:21 PM [vite] (client) [console.warn] skipping slow group: track=0.aac 28655140 -> 28655141
2:35:22 PM [vite] (client) [console.warn] skipping slow group: track=0.aac 28655154 -> 28655155
2:35:23 PM [vite] (client) [console.warn] skipping slow group: track=0.aac 28655196 -> 28655197
2:35:23 PM [vite] (client) [console.warn] skipping slow group: track=0.aac 28655203 -> 28655204
2:35:24 PM [vite] (client) [console.warn] skipping slow group: track=0.aac 28655266 -> 28655267
2:35:26 PM [vite] (client) [console.warn] skipping slow group: track=0.aac 28655322 -> 28655323
2:35:27 PM [vite] (client) [console.warn] skipping slow group: track=0.aac 28655400 -> 28655401
2:35:28 PM [vite] (client) [console.warn] skipping slow group: track=0.aac 28655443 -> 28655444
2:35:29 PM [vite] (client) [console.warn] skipping slow group: track=0.aac 28655485 -> 28655486
2:35:30 PM [vite] (client) [console.warn] skipping slow group: track=0.aac 28655506 -> 28655507
2:35:31 PM [vite] (client) [console.warn] skipping slow group: track=0.aac 28655555 -> 28655556
2:35:32 PM [vite] (client) [console.warn] skipping slow group: track=0.aac 28655611 -> 28655612
2:35:33 PM [vite] (client) [console.warn] skipping slow group: track=0.aac 28655633 -> 28655634
2:35:33 PM [vite] (client) [console.warn] skipping slow group: track=0.aac 28655654 -> 28655655
2:35:35 PM [vite] (client) [console.warn] skipping slow group: track=0.aac 28655743 -> 28655744
2:35:39 PM [vite] (client) [console.warn] [audio] SharedArrayBuffer unavailable, falling back to the higher latency postMessage audio buffer. Serve the page cross-origin isolated (Cross-Origin-Opener-Policy: same-origin, Cross-Origin-Embedder-Policy: require-corp) to avoid this.
2:35:39 PM [vite] (client) [console.warn] skipping slow group: track=0.aac 28655904 -> 28655905
2:35:39 PM [vite] (client) [console.warn] skipping slow group: track=0.aac 28655905 -> 28655906
2:36:43 PM [vite] (client) [console.warn] [audio] SharedArrayBuffer unavailable, falling back to the higher latency postMessage audio buffer. Serve the page cross-origin isolated (Cross-Origin-Opener-Policy: same-origin, Cross-Origin-Embedder-Policy: require-corp) to avoid this.
2:36:44 PM [vite] (client) [console.warn] skipping slow group: track=0.aac 28658657 -> 28658658
2:36:44 PM [vite] (client) [console.warn] skipping slow group: track=0.aac 28658658 -> 28658659
2:36:44 PM [vite] (client) [console.warn] skipping slow group: track=0.aac 28658659 -> 28658660
2:36:44 PM [vite] (client) [console.warn] skipping slow group: track=0.aac 28658660 -> 28658661
error: Failed to run "vite" due to signal SIGTERM
